account_id,account_number,customer_id,product_id,branch_id,open_date,close_date,account_status,currency,current_balance,account_type
AC00001,70154600000001,CU04151,PR006,BR007,2019-03-30,,ACTIVE,INR,121607.63,CURRENT
AC00002,97228100000002,CU04451,PR007,BR003,2022-05-14,,DORMANT,INR,118130.50,FIXED_DEPOSIT
AC00003,97022800000003,CU00850,PR005,BR005,2018-01-04,,ACTIVE,INR,180814.03,CURRENT
AC00004,39691700000004,CU01893,PR001,BR003,2022-03-24,,ACTIVE,INR,3139.65,SAVINGS
AC00005,87740400000005,CU02988,PR001,BR008,2019-12-02,2024-10-25,CLOSED,INR,178838.04,SAVINGS
AC00006,31433800000006,CU03176,PR009,BR007,2019-05-02,,ACTIVE,INR,142643.66,FIXED_DEPOSIT
AC00007,64847700000007,CU04538,PR005,BR003,2024-06-20,2026-08-23,CLOSED,INR,109274.74,CURRENT
AC00008,14778900000008,CU04103,PR007,BR005,2023-04-02,,ACTIVE,INR,44692.62,FIXED_DEPOSIT
AC00009,66192300000009,CU00816,PR003,BR003,2019-10-28,2024-04-15,CLOSED,INR,52889.18,SAVINGS
AC00010,95415500000010,CU01649,PR009,BR004,2020-07-26,,ACTIVE,INR,173642.32,FIXED_DEPOSIT
AC00011,67544100000011,CU01217,PR003,BR002,2018-10-16,2023-04-11,CLOSED,INR,50456.34,SAVINGS
AC00012,60193900000012,CU00598,PR001,BR003,2021-09-07,2025-01-19,CLOSED,INR,240308.07,SAVINGS
AC00013,35412000000013,CU04664,PR009,BR010,2019-06-27,,ACTIVE,INR,44779.66,FIXED_DEPOSIT
AC00014,21324600000014,CU03611,PR004,BR002,2019-08-30,2021-04-12,CLOSED,INR,148976.68,CURRENT
AC00015,25826200000015,CU02347,PR006,BR005,2025-10-17,2026-08-26,CLOSED,INR,47708.04,CURRENT
AC00016,30649000000016,CU03177,PR002,BR008,2019-05-12,2022-03-18,CLOSED,INR,65520.89,SAVINGS
AC00017,83760400000017,CU01356,PR008,BR001,2021-01-25,,DORMANT,INR,174078.45,FIXED_DEPOSIT
AC00018,77556200000018,CU00457,PR008,BR004,2024-11-27,2025-11-24,CLOSED,INR,63481.69,FIXED_DEPOSIT
AC00019,66317800000019,CU00743,PR003,BR002,2025-11-16,,ACTIVE,INR,101512.98,SAVINGS
AC00020,25884100000020,CU04356,PR008,BR003,2023-11-21,,DORMANT,INR,155944.42,FIXED_DEPOSIT
AC00021,65434500000021,CU03762,PR004,BR003,2025-04-20,2026-08-25,CLOSED,INR,137780.07,CURRENT
AC00022,91374000000022,CU01465,PR004,BR003,2023-06-13,2026-08-28,CLOSED,INR,246294.57,CURRENT
AC00023,59534700000023,CU03502,PR009,BR008,2021-07-12,2026-08-23,CLOSED,INR,113968.08,FIXED_DEPOSIT
AC00024,92639800000024,CU04727,PR008,BR007,2021-01-01,2022-02-18,CLOSED,INR,124888.65,FIXED_DEPOSIT
AC00025,98232200000025,CU03080,PR009,BR008,2023-12-23,,DORMANT,INR,84776.61,FIXED_DEPOSIT
AC00026,14609200000026,CU04730,PR008,BR004,2025-06-08,,DORMANT,INR,65721.39,FIXED_DEPOSIT
AC00027,92831700000027,CU01353,PR005,BR009,2023-02-13,,ACTIVE,INR,20933.79,CURRENT
AC00028,95913700000028,CU02724,PR005,BR006,2025-09-09,,DORMANT,INR,48251.34,CURRENT
AC00029,18900900000029,CU01080,PR005,BR006,2021-11-15,,ACTIVE,INR,82052.94,CURRENT
AC00030,79470300000030,CU02268,PR006,BR008,2020-05-10,2023-07-24,CLOSED,INR,128447.18,CURRENT
AC00031,14440500000031,CU02206,PR004,BR004,2018-11-11,,DORMANT,INR,103073.24,CURRENT
AC00032,57096800000032,CU03661,PR003,BR005,2019-10-06,,ACTIVE,INR,170437.67,SAVINGS
AC00033,37430800000033,CU02990,PR009,BR010,2021-04-29,2026-01-27,CLOSED,INR,33116.43,FIXED_DEPOSIT
AC00034,79341700000034,CU00254,PR006,BR002,2025-10-15,,ACTIVE,INR,74901.38,CURRENT
AC00035,26538300000035,CU03775,PR006,BR009,2020-06-30,2022-12-06,CLOSED,INR,77361.11,CURRENT
AC00036,45963100000036,CU03798,PR007,BR009,2020-04-14,,ACTIVE,INR,58807.08,FIXED_DEPOSIT
AC00037,59467600000037,CU02937,PR002,BR010,2018-04-14,,ACTIVE,INR,114334.57,SAVINGS
AC00038,91573600000038,CU02113,PR007,BR009,2019-12-14,,DORMANT,INR,161369.60,FIXED_DEPOSIT
AC00039,75558300000039,CU01286,PR007,BR008,2022-06-25,,ACTIVE,INR,2058.26,FIXED_DEPOSIT
AC00040,91315300000040,CU00397,PR001,BR005,2022-01-31,,ACTIVE,INR,160382.65,SAVINGS
AC00041,63285100000041,CU01641,PR006,BR001,2022-11-22,,ACTIVE,INR,43748.75,CURRENT
AC00042,49832200000042,CU04878,PR004,BR007,2023-11-05,,ACTIVE,INR,253172.49,CURRENT
AC00043,25767000000043,CU02386,PR006,BR001,2019-02-08,,ACTIVE,INR,0.00,CURRENT
AC00044,92743600000044,CU04324,PR005,BR001,2025-11-19,2026-08-22,CLOSED,INR,170685.83,CURRENT
AC00045,86129500000045,CU02456,PR001,BR010,2022-05-18,,ACTIVE,INR,69246.13,SAVINGS
AC00046,29845100000046,CU03021,PR007,BR009,2025-02-19,,DORMANT,INR,151568.53,FIXED_DEPOSIT
AC00047,66564600000047,CU02544,PR009,BR007,2025-01-28,,ACTIVE,INR,274910.34,FIXED_DEPOSIT
AC00048,10816900000048,CU02529,PR003,BR006,2025-07-08,,DORMANT,INR,234429.53,SAVINGS
AC00049,28485500000049,CU04268,PR001,BR004,2022-02-19,,DORMANT,INR,147895.70,SAVINGS
AC00050,38959600000050,CU00262,PR008,BR010,2020-05-10,,ACTIVE,INR,13356.16,FIXED_DEPOSIT
AC00051,15612700000051,CU03100,PR007,BR006,2021-09-01,,DORMANT,INR,59485.07,FIXED_DEPOSIT
AC00052,69573000000052,CU02175,PR001,BR006,2021-03-25,,DORMANT,INR,181231.47,SAVINGS
AC00053,28554700000053,CU02008,PR007,BR005,2025-04-09,,DORMANT,INR,141074.68,FIXED_DEPOSIT
AC00054,55268100000054,CU04832,PR003,BR009,2023-08-15,,DORMANT,INR,104492.96,SAVINGS
AC00055,13106600000055,CU01922,PR006,BR003,2023-10-31,,DORMANT,INR,229052.15,CURRENT
AC00056,57614800000056,CU01246,PR004,BR007,2023-05-29,2025-05-02,CLOSED,INR,106705.97,CURRENT
AC00057,65829600000057,CU01909,PR001,BR004,2025-08-13,,ACTIVE,INR,103327.21,SAVINGS
AC00058,86853100000058,CU03598,PR001,BR010,2020-11-20,2023-08-05,CLOSED,INR,217876.84,SAVINGS
AC00059,19238800000059,CU04877,PR006,BR007,2020-03-04,,ACTIVE,INR,67592.43,CURRENT
AC00060,27184800000060,CU04106,PR002,BR006,2019-09-05,,DORMANT,INR,135089.68,SAVINGS
AC00061,14396300000061,CU01012,PR004,BR007,2025-04-18,,ACTIVE,INR,114798.57,CURRENT
AC00062,19410600000062,CU01874,PR003,BR009,2018-12-30,,ACTIVE,INR,164689.77,SAVINGS
AC00063,67590800000063,CU01980,PR004,BR002,2024-10-19,2026-08-28,CLOSED,INR,133928.64,CURRENT
AC00064,24381600000064,CU02722,PR001,BR002,2021-02-24,2022-01-10,CLOSED,INR,24247.63,SAVINGS
AC00065,38182600000065,CU00609,PR001,BR008,2019-05-13,,DORMANT,INR,22976.81,SAVINGS
AC00066,62444200000066,CU03981,PR008,BR008,2024-08-29,,ACTIVE,INR,96742.40,FIXED_DEPOSIT
AC00067,59002300000067,CU03150,PR006,BR004,2022-02-20,2026-08-29,CLOSED,INR,238241.22,CURRENT
AC00068,60957600000068,CU02048,PR001,BR010,2022-03-13,,DORMANT,INR,242936.12,SAVINGS
AC00069,26488900000069,CU03722,PR008,BR008,2025-01-02,,ACTIVE,INR,93371.46,FIXED_DEPOSIT
AC00070,97973400000070,CU00985,PR001,BR009,2025-02-08,,ACTIVE,INR,5424.59,SAVINGS
AC00071,22241700000071,CU02304,PR007,BR008,2020-10-02,2024-10-25,CLOSED,INR,8709.37,FIXED_DEPOSIT
AC00072,50303400000072,CU00583,PR004,BR002,2021-02-18,,ACTIVE,INR,29794.74,CURRENT
AC00073,96242400000073,CU03322,PR007,BR005,2023-06-21,2026-08-24,CLOSED,INR,53742.35,FIXED_DEPOSIT
AC00074,32224600000074,CU00667,PR007,BR008,2020-07-19,,DORMANT,INR,186816.45,FIXED_DEPOSIT
AC00075,92473200000075,CU02532,PR003,BR003,2020-06-30,,DORMANT,INR,123355.18,SAVINGS
AC00076,26917500000076,CU02738,PR002,BR010,2024-03-03,2026-08-23,CLOSED,INR,96850.24,SAVINGS
AC00077,73430800000077,CU03731,PR008,BR001,2018-05-16,2019-03-31,CLOSED,INR,35196.49,FIXED_DEPOSIT
AC00078,28458200000078,CU02650,PR005,BR006,2023-04-26,2026-08-26,CLOSED,INR,53027.26,CURRENT
AC00079,97962900000079,CU02627,PR006,BR005,2018-03-27,,DORMANT,INR,224422.02,CURRENT
AC00080,64299200000080,CU02973,PR007,BR005,2021-03-09,,ACTIVE,INR,83125.93,FIXED_DEPOSIT
AC00081,50333800000081,CU01775,PR006,BR007,2020-04-05,,ACTIVE,INR,7691.69,CURRENT
AC00082,84421900000082,CU04744,PR008,BR007,2020-01-18,2023-11-08,CLOSED,INR,56608.70,FIXED_DEPOSIT
AC00083,96342800000083,CU00169,PR004,BR003,2024-03-29,,ACTIVE,INR,25328.21,CURRENT
AC00084,34784300000084,CU02558,PR009,BR001,2018-07-24,,DORMANT,INR,84084.18,FIXED_DEPOSIT
AC00085,60510800000085,CU03004,PR006,BR006,2025-12-26,,DORMANT,INR,182562.64,CURRENT
AC00086,14653900000086,CU03221,PR001,BR010,2020-05-29,,ACTIVE,INR,157389.29,SAVINGS
AC00087,10889800000087,CU04674,PR009,BR003,2021-12-14,,ACTIVE,INR,71180.31,FIXED_DEPOSIT
AC00088,59887900000088,CU00322,PR004,BR008,2021-02-17,,ACTIVE,INR,47282.19,CURRENT
AC00089,24273700000089,CU03804,PR006,BR010,2023-08-10,,DORMANT,INR,2646.87,CURRENT
AC00090,87266600000090,CU04085,PR003,BR004,2023-07-07,,DORMANT,INR,4040.28,SAVINGS
AC00091,34570400000091,CU00896,PR007,BR003,2024-01-27,,DORMANT,INR,58337.75,FIXED_DEPOSIT
AC00092,86128600000092,CU04059,PR008,BR006,2023-08-12,2026-03-03,CLOSED,INR,117390.78,FIXED_DEPOSIT
AC00093,47573200000093,CU02637,PR008,BR008,2019-08-12,,ACTIVE,INR,123303.42,FIXED_DEPOSIT
AC00094,52212200000094,CU01839,PR006,BR010,2022-04-29,2026-08-25,CLOSED,INR,108945.69,CURRENT
AC00095,19479600000095,CU00230,PR009,BR007,2024-10-11,2025-05-21,CLOSED,INR,207226.05,FIXED_DEPOSIT
AC00096,15487700000096,CU03539,PR008,BR003,2018-03-24,2019-11-09,CLOSED,INR,184880.44,FIXED_DEPOSIT
AC00097,40559800000097,CU04359,PR004,BR007,2022-05-13,,ACTIVE,INR,81803.00,CURRENT
AC00098,12468400000098,CU01449,PR002,BR004,2025-12-26,,ACTIVE,INR,82641.99,SAVINGS
AC00099,64585200000099,CU02209,PR002,BR006,2025-04-23,2026-08-25,CLOSED,INR,73722.57,SAVINGS
AC00100,77144800000100,CU04239,PR008,BR009,2024-09-01,2026-08-25,CLOSED,INR,190965.20,FIXED_DEPOSIT
AC00101,29058000000101,CU04788,PR001,BR007,2021-07-27,,ACTIVE,INR,1507.91,SAVINGS
AC00102,43508900000102,CU01139,PR001,BR004,2020-07-05,,ACTIVE,INR,71397.40,SAVINGS
AC00103,91385800000103,CU03864,PR006,BR001,2018-09-21,,ACTIVE,INR,172970.14,CURRENT
AC00104,10690700000104,CU03555,PR005,BR002,2025-06-03,2026-08-24,CLOSED,INR,60595.30,CURRENT
AC00105,64320000000105,CU04300,PR009,BR009,2022-02-12,,DORMANT,INR,39907.37,FIXED_DEPOSIT
AC00106,41820100000106,CU00437,PR005,BR005,2023-11-10,2026-07-22,CLOSED,INR,4597.29,CURRENT
AC00107,66916500000107,CU00572,PR002,BR001,2021-04-14,,ACTIVE,INR,396.57,SAVINGS
AC00108,42858800000108,CU00948,PR006,BR009,2024-02-29,2025-01-04,CLOSED,INR,110592.30,CURRENT
AC00109,22996700000109,CU03964,PR002,BR010,2019-05-09,,ACTIVE,INR,20.26,SAVINGS
AC00110,66399200000110,CU03969,PR009,BR009,2020-10-19,,ACTIVE,INR,335755.68,FIXED_DEPOSIT
AC00111,25239200000111,CU01687,PR003,BR006,2023-03-28,2026-08-27,CLOSED,INR,53487.84,SAVINGS
AC00112,99910800000112,CU03351,PR004,BR005,2025-10-26,,ACTIVE,INR,63454.02,CURRENT
AC00113,92009700000113,CU04128,PR004,BR008,2021-08-13,2023-03-16,CLOSED,INR,249002.72,CURRENT
AC00114,85643500000114,CU02336,PR005,BR010,2022-09-14,,DORMANT,INR,99151.93,CURRENT
AC00115,13191300000115,CU00752,PR006,BR004,2023-06-30,2026-08-26,CLOSED,INR,76958.20,CURRENT
AC00116,39408800000116,CU00167,PR001,BR003,2025-06-10,,ACTIVE,INR,79832.02,SAVINGS
AC00117,99378800000117,CU00008,PR005,BR003,2022-07-13,,DORMANT,INR,244509.28,CURRENT
AC00118,69781500000118,CU04552,PR001,BR003,2019-02-28,,ACTIVE,INR,23209.21,SAVINGS
AC00119,72843200000119,CU02470,PR002,BR010,2022-03-24,,ACTIVE,INR,294820.64,SAVINGS
AC00120,45420300000120,CU01347,PR006,BR003,2019-03-05,,DORMANT,INR,45149.38,CURRENT
AC00121,39248300000121,CU03447,PR009,BR002,2023-04-08,2024-02-09,CLOSED,INR,48566.15,FIXED_DEPOSIT
AC00122,63929100000122,CU02267,PR002,BR005,2021-06-10,,DORMANT,INR,159356.83,SAVINGS
AC00123,61469500000123,CU01651,PR007,BR004,2023-07-31,,ACTIVE,INR,12289.49,FIXED_DEPOSIT
AC00124,27867900000124,CU01841,PR007,BR002,2018-09-09,,ACTIVE,INR,11031.86,FIXED_DEPOSIT
AC00125,69636800000125,CU03965,PR007,BR007,2021-12-02,,ACTIVE,INR,49700.41,FIXED_DEPOSIT
AC00126,47899900000126,CU00339,PR008,BR003,2019-12-17,2021-03-07,CLOSED,INR,231537.95,FIXED_DEPOSIT
AC00127,41194000000127,CU03880,PR007,BR006,2020-02-02,,DORMANT,INR,40004.75,FIXED_DEPOSIT
AC00128,42434200000128,CU04843,PR009,BR005,2023-02-20,,DORMANT,INR,182324.11,FIXED_DEPOSIT
AC00129,55516900000129,CU03754,PR008,BR010,2021-11-26,2024-07-26,CLOSED,INR,161492.30,FIXED_DEPOSIT
AC00130,18650500000130,CU02309,PR009,BR002,2019-02-26,2021-12-09,CLOSED,INR,193528.01,FIXED_DEPOSIT
AC00131,94324800000131,CU00427,PR001,BR005,2021-06-27,,DORMANT,INR,81283.88,SAVINGS
AC00132,19285900000132,CU03778,PR004,BR007,2025-07-12,2026-08-28,CLOSED,INR,177327.22,CURRENT
AC00133,88024900000133,CU02231,PR006,BR007,2023-11-21,2026-08-28,CLOSED,INR,225923.54,CURRENT
AC00134,26723100000134,CU01915,PR007,BR008,2019-06-20,2021-09-23,CLOSED,INR,230546.07,FIXED_DEPOSIT
AC00135,81720300000135,CU00091,PR001,BR003,2021-01-23,,ACTIVE,INR,4029.48,SAVINGS
AC00136,25524000000136,CU00446,PR006,BR007,2024-02-07,2026-08-24,CLOSED,INR,25061.06,CURRENT
AC00137,77595000000137,CU01882,PR005,BR008,2024-07-28,2026-08-22,CLOSED,INR,34536.03,CURRENT
AC00138,25817900000138,CU00642,PR007,BR002,2020-04-06,,DORMANT,INR,203294.29,FIXED_DEPOSIT
AC00139,69942500000139,CU04336,PR007,BR002,2018-12-08,,DORMANT,INR,120164.62,FIXED_DEPOSIT
AC00140,44163500000140,CU00160,PR002,BR008,2025-11-14,,ACTIVE,INR,86.51,SAVINGS
AC00141,59079100000141,CU02985,PR002,BR005,2025-12-25,2026-08-27,CLOSED,INR,202772.99,SAVINGS
AC00142,67963000000142,CU03250,PR002,BR004,2019-03-05,2023-11-27,CLOSED,INR,136941.69,SAVINGS
AC00143,17062200000143,CU03811,PR004,BR005,2020-11-29,,ACTIVE,INR,986.95,CURRENT
AC00144,60383500000144,CU01681,PR006,BR009,2019-11-18,,DORMANT,INR,146737.83,CURRENT
AC00145,80553100000145,CU03334,PR005,BR006,2021-10-21,2026-01-26,CLOSED,INR,13803.33,CURRENT
AC00146,35713600000146,CU00692,PR008,BR003,2025-10-12,2026-08-21,CLOSED,INR,215745.46,FIXED_DEPOSIT
AC00147,68681500000147,CU04094,PR007,BR006,2020-05-17,,ACTIVE,INR,353.78,FIXED_DEPOSIT
AC00148,59251300000148,CU02041,PR002,BR008,2018-06-11,,DORMANT,INR,228043.57,SAVINGS
AC00149,29833200000149,CU00644,PR009,BR005,2018-01-02,2023-05-29,CLOSED,INR,31561.80,FIXED_DEPOSIT
AC00150,41914500000150,CU03203,PR006,BR010,2021-06-01,,DORMANT,INR,92270.83,CURRENT
AC00151,58400200000151,CU01852,PR006,BR006,2018-05-31,,ACTIVE,INR,20469.44,CURRENT
AC00152,36169800000152,CU03484,PR006,BR007,2023-03-04,,DORMANT,INR,133288.08,CURRENT
AC00153,20814800000153,CU01098,PR009,BR003,2025-01-30,2026-08-22,CLOSED,INR,175300.01,FIXED_DEPOSIT
AC00154,57307900000154,CU01795,PR001,BR005,2020-06-11,,DORMANT,INR,106834.84,SAVINGS
AC00155,13553000000155,CU00766,PR007,BR001,2023-03-03,,DORMANT,INR,61869.46,FIXED_DEPOSIT
AC00156,37041600000156,CU04306,PR008,BR003,2024-10-22,2026-06-19,CLOSED,INR,110211.15,FIXED_DEPOSIT
AC00157,71461900000157,CU03694,PR008,BR005,2025-05-04,2026-08-27,CLOSED,INR,89105.07,FIXED_DEPOSIT
AC00158,81263100000158,CU01728,PR007,BR010,2022-11-23,,DORMANT,INR,6194.82,FIXED_DEPOSIT
AC00159,64516900000159,CU01088,PR007,BR010,2022-07-19,2026-06-24,CLOSED,INR,138608.15,FIXED_DEPOSIT
AC00160,67014300000160,CU04337,PR009,BR010,2018-04-11,,DORMANT,INR,77265.97,FIXED_DEPOSIT
AC00161,56734800000161,CU02879,PR002,BR005,2022-01-11,2023-09-22,CLOSED,INR,237354.55,SAVINGS
AC00162,76326400000162,CU01480,PR005,BR006,2018-02-09,,ACTIVE,INR,63169.36,CURRENT
AC00163,39897400000163,CU03700,PR006,BR004,2024-04-16,,ACTIVE,INR,1253.14,CURRENT
AC00164,32653900000164,CU02429,PR007,BR001,2025-08-16,,DORMANT,INR,208746.34,FIXED_DEPOSIT
AC00165,69123400000165,CU00541,PR002,BR004,2019-08-17,,ACTIVE,INR,87809.93,SAVINGS
AC00166,79811100000166,CU02103,PR008,BR009,2022-08-22,,DORMANT,INR,69135.55,FIXED_DEPOSIT
AC00167,28475000000167,CU04892,PR002,BR007,2023-10-31,,DORMANT,INR,80379.35,SAVINGS
AC00168,46824700000168,CU01047,PR005,BR009,2019-04-01,2020-03-31,CLOSED,INR,230574.69,CURRENT
AC00169,84357700000169,CU02172,PR009,BR008,2018-10-07,,DORMANT,INR,27601.51,FIXED_DEPOSIT
AC00170,66278500000170,CU01581,PR003,BR006,2021-05-20,,ACTIVE,INR,89295.08,SAVINGS
AC00171,49298200000171,CU01270,PR005,BR002,2021-07-03,,DORMANT,INR,133469.16,CURRENT
AC00172,51952900000172,CU03692,PR009,BR010,2022-10-03,,DORMANT,INR,51639.39,FIXED_DEPOSIT
AC00173,28146900000173,CU00641,PR001,BR009,2020-07-15,2024-07-18,CLOSED,INR,40390.70,SAVINGS
AC00174,35647100000174,CU03652,PR009,BR007,2019-05-28,,ACTIVE,INR,55136.59,FIXED_DEPOSIT
AC00175,97663500000175,CU02085,PR004,BR010,2025-07-20,,DORMANT,INR,164818.81,CURRENT
AC00176,99183000000176,CU00377,PR002,BR001,2021-05-20,,ACTIVE,INR,1042.33,SAVINGS
AC00177,97614900000177,CU03241,PR008,BR003,2021-04-04,,DORMANT,INR,130527.06,FIXED_DEPOSIT
AC00178,15653000000178,CU03025,PR002,BR004,2022-04-04,,ACTIVE,INR,83965.27,SAVINGS
AC00179,70164800000179,CU02959,PR003,BR002,2025-06-24,2026-08-26,CLOSED,INR,144599.03,SAVINGS
AC00180,63011200000180,CU01919,PR006,BR007,2022-03-01,,DORMANT,INR,183610.63,CURRENT
AC00181,79210100000181,CU00349,PR005,BR005,2018-12-03,,ACTIVE,INR,265085.50,CURRENT
AC00182,21058000000182,CU00418,PR002,BR009,2022-11-01,,DORMANT,INR,104029.52,SAVINGS
AC00183,99147100000183,CU01358,PR009,BR006,2025-04-06,2026-08-23,CLOSED,INR,175978.77,FIXED_DEPOSIT
AC00184,69178600000184,CU04003,PR004,BR001,2023-04-28,,ACTIVE,INR,38901.91,CURRENT
AC00185,55652900000185,CU02097,PR005,BR002,2024-12-27,2026-08-24,CLOSED,INR,140437.55,CURRENT
AC00186,40197700000186,CU03118,PR009,BR005,2023-12-04,,DORMANT,INR,113498.51,FIXED_DEPOSIT
AC00187,72801200000187,CU03071,PR006,BR003,2020-12-27,,ACTIVE,INR,103885.47,CURRENT
AC00188,36536500000188,CU01435,PR009,BR009,2025-03-09,2025-10-24,CLOSED,INR,219291.97,FIXED_DEPOSIT
AC00189,44697300000189,CU04333,PR004,BR010,2019-09-22,2024-02-11,CLOSED,INR,166213.73,CURRENT
AC00190,51464500000190,CU02106,PR009,BR010,2019-11-27,,DORMANT,INR,126743.78,FIXED_DEPOSIT
AC00191,79380900000191,CU03871,PR009,BR009,2018-01-07,2020-02-01,CLOSED,INR,61329.31,FIXED_DEPOSIT
AC00192,22616700000192,CU03258,PR002,BR004,2021-09-12,,ACTIVE,INR,333.44,SAVINGS
AC00193,27266200000193,CU02410,PR002,BR009,2025-12-04,,ACTIVE,INR,44573.18,SAVINGS
AC00194,25553400000194,CU03428,PR008,BR002,2025-02-02,,DORMANT,INR,134399.40,FIXED_DEPOSIT
AC00195,47033400000195,CU04594,PR006,BR002,2018-12-01,,ACTIVE,INR,94866.90,CURRENT
AC00196,86666500000196,CU04577,PR003,BR004,2023-12-11,,ACTIVE,INR,62260.68,SAVINGS
AC00197,94764800000197,CU00621,PR006,BR007,2023-07-26,,DORMANT,INR,192564.32,CURRENT
AC00198,58915400000198,CU02164,PR003,BR001,2021-04-24,,DORMANT,INR,198951.50,SAVINGS
AC00199,54904900000199,CU03058,PR006,BR007,2025-05-09,,ACTIVE,INR,16349.99,CURRENT
AC00200,41465100000200,CU03461,PR002,BR003,2023-07-14,,ACTIVE,INR,378.07,SAVINGS
AC00201,42821600000201,CU01578,PR004,BR009,2024-05-05,2025-01-24,CLOSED,INR,45030.15,CURRENT
AC00202,30938100000202,CU00051,PR009,BR009,2018-02-19,2020-11-23,CLOSED,INR,219173.47,FIXED_DEPOSIT
AC00203,96917900000203,CU00887,PR003,BR005,2022-09-20,2025-01-13,CLOSED,INR,79683.56,SAVINGS
AC00204,63023800000204,CU04724,PR003,BR003,2020-08-09,,DORMANT,INR,224053.86,SAVINGS
AC00205,75395900000205,CU01512,PR002,BR008,2020-09-16,2023-01-31,CLOSED,INR,217162.51,SAVINGS
AC00206,65118700000206,CU01056,PR001,BR006,2021-04-09,,DORMANT,INR,74207.47,SAVINGS
AC00207,72711100000207,CU04126,PR009,BR006,2025-12-05,2026-08-20,CLOSED,INR,90242.76,FIXED_DEPOSIT
AC00208,46660500000208,CU03318,PR003,BR010,2019-08-09,,DORMANT,INR,96248.13,SAVINGS
AC00209,98983100000209,CU02409,PR009,BR006,2018-06-20,,DORMANT,INR,118875.74,FIXED_DEPOSIT
AC00210,80247300000210,CU03721,PR008,BR006,2019-07-14,2022-06-19,CLOSED,INR,127929.40,FIXED_DEPOSIT
AC00211,41986300000211,CU04340,PR009,BR004,2021-06-19,,ACTIVE,INR,39305.10,FIXED_DEPOSIT
AC00212,52054800000212,CU01191,PR005,BR001,2022-12-09,,ACTIVE,INR,69481.53,CURRENT
AC00213,77132100000213,CU03359,PR009,BR010,2025-07-13,,ACTIVE,INR,118235.06,FIXED_DEPOSIT
AC00214,56313600000214,CU01897,PR001,BR009,2019-03-09,,ACTIVE,INR,70558.54,SAVINGS
AC00215,99032000000215,CU00883,PR008,BR005,2023-01-21,,DORMANT,INR,156887.91,FIXED_DEPOSIT
AC00216,95055700000216,CU04256,PR007,BR010,2019-04-13,,ACTIVE,INR,51942.69,FIXED_DEPOSIT
AC00217,13420300000217,CU03391,PR006,BR001,2023-01-01,,ACTIVE,INR,5352.45,CURRENT
AC00218,76557100000218,CU00292,PR003,BR009,2019-06-12,,DORMANT,INR,233108.61,SAVINGS
AC00219,12079400000219,CU01415,PR008,BR002,2024-12-24,,DORMANT,INR,178763.09,FIXED_DEPOSIT
AC00220,60414700000220,CU01389,PR004,BR010,2025-10-22,,ACTIVE,INR,1264.22,CURRENT
AC00221,40594100000221,CU02383,PR002,BR005,2024-05-31,,DORMANT,INR,22363.94,SAVINGS
AC00222,81770300000222,CU03849,PR006,BR005,2022-07-19,,ACTIVE,INR,233379.59,CURRENT
AC00223,55781700000223,CU04579,PR008,BR001,2021-11-28,,ACTIVE,INR,142927.99,FIXED_DEPOSIT
AC00224,62569300000224,CU01809,PR001,BR003,2023-11-01,,DORMANT,INR,115914.29,SAVINGS
AC00225,61048400000225,CU04185,PR006,BR001,2022-08-26,,ACTIVE,INR,34755.39,CURRENT
AC00226,61326100000226,CU04497,PR008,BR007,2024-07-26,,ACTIVE,INR,34140.71,FIXED_DEPOSIT
AC00227,95170800000227,CU04735,PR005,BR005,2025-06-04,2026-08-23,CLOSED,INR,33467.15,CURRENT
AC00228,78902800000228,CU02785,PR006,BR008,2025-09-24,,DORMANT,INR,196592.12,CURRENT
AC00229,67647600000229,CU00810,PR004,BR001,2025-09-03,,DORMANT,INR,153021.94,CURRENT
AC00230,77577900000230,CU02160,PR001,BR010,2021-09-20,,ACTIVE,INR,133329.16,SAVINGS
AC00231,41482600000231,CU01519,PR009,BR009,2021-06-23,,ACTIVE,INR,53741.01,FIXED_DEPOSIT
AC00232,66423800000232,CU00612,PR008,BR004,2025-02-28,2026-08-27,CLOSED,INR,189212.15,FIXED_DEPOSIT
AC00233,42710600000233,CU04822,PR009,BR001,2023-04-08,,ACTIVE,INR,145600.21,FIXED_DEPOSIT
AC00234,87749100000234,CU01586,PR007,BR010,2019-10-02,,DORMANT,INR,105992.10,FIXED_DEPOSIT
AC00235,82407600000235,CU00997,PR007,BR009,2018-12-23,2022-06-22,CLOSED,INR,182382.82,FIXED_DEPOSIT
AC00236,93370300000236,CU03733,PR007,BR008,2021-03-09,,ACTIVE,INR,142132.67,FIXED_DEPOSIT
AC00237,33557600000237,CU03903,PR001,BR008,2021-11-10,2026-08-27,CLOSED,INR,55213.46,SAVINGS
AC00238,36114400000238,CU01684,PR004,BR005,2022-03-22,2024-09-09,CLOSED,INR,115640.33,CURRENT
AC00239,34037700000239,CU01832,PR008,BR008,2019-03-23,2024-08-26,CLOSED,INR,102530.32,FIXED_DEPOSIT
AC00240,14570400000240,CU00347,PR003,BR007,2025-02-16,,DORMANT,INR,223141.64,SAVINGS
AC00241,10662600000241,CU03551,PR008,BR001,2023-02-06,,ACTIVE,INR,126796.61,FIXED_DEPOSIT
AC00242,17713000000242,CU03536,PR006,BR009,2020-01-26,,ACTIVE,INR,57486.75,CURRENT
AC00243,81510900000243,CU04404,PR009,BR009,2025-06-15,,DORMANT,INR,63657.36,FIXED_DEPOSIT
AC00244,50363800000244,CU00933,PR003,BR006,2023-01-18,2026-08-24,CLOSED,INR,57490.58,SAVINGS
AC00245,37599800000245,CU02979,PR006,BR004,2021-01-28,2023-10-22,CLOSED,INR,3259.35,CURRENT
AC00246,32268000000246,CU00651,PR005,BR004,2020-03-06,,ACTIVE,INR,53007.73,CURRENT
AC00247,94392500000247,CU01774,PR003,BR007,2020-11-10,,DORMANT,INR,92390.78,SAVINGS
AC00248,10725200000248,CU00438,PR005,BR010,2024-07-17,2026-08-27,CLOSED,INR,34528.41,CURRENT
AC00249,81067500000249,CU03518,PR007,BR008,2019-03-20,2021-03-04,CLOSED,INR,167901.42,FIXED_DEPOSIT
AC00250,83427400000250,CU01766,PR002,BR010,2022-01-28,,ACTIVE,INR,7655.93,SAVINGS
AC00251,55777700000251,CU01077,PR001,BR006,2020-08-02,,DORMANT,INR,241885.65,SAVINGS
AC00252,23160200000252,CU03305,PR006,BR002,2020-11-19,,DORMANT,INR,225110.33,CURRENT
AC00253,13353500000253,CU01890,PR008,BR001,2021-02-02,2025-07-14,CLOSED,INR,11883.92,FIXED_DEPOSIT
AC00254,38665400000254,CU03117,PR005,BR001,2025-01-09,2026-08-27,CLOSED,INR,159872.68,CURRENT
AC00255,81747700000255,CU03601,PR004,BR004,2024-11-10,,ACTIVE,INR,36080.25,CURRENT
AC00256,79081100000256,CU00072,PR009,BR010,2023-07-02,,DORMANT,INR,118288.77,FIXED_DEPOSIT
AC00257,28068700000257,CU04648,PR004,BR006,2024-07-25,,ACTIVE,INR,84932.21,CURRENT
AC00258,33617000000258,CU04039,PR009,BR004,2020-10-11,,DORMANT,INR,245282.76,FIXED_DEPOSIT
AC00259,97356800000259,CU02512,PR002,BR007,2021-08-01,2024-08-28,CLOSED,INR,56150.45,SAVINGS
AC00260,20691300000260,CU02047,PR008,BR005,2024-04-15,2026-08-23,CLOSED,INR,199675.44,FIXED_DEPOSIT
AC00261,20864100000261,CU04626,PR001,BR010,2018-03-27,,DORMANT,INR,133482.78,SAVINGS
AC00262,27014700000262,CU04774,PR006,BR009,2022-06-12,,ACTIVE,INR,15952.33,CURRENT
AC00263,26073900000263,CU03857,PR006,BR010,2021-08-31,2022-07-08,CLOSED,INR,27356.82,CURRENT
AC00264,90378200000264,CU04488,PR007,BR007,2024-08-10,,DORMANT,INR,15890.92,FIXED_DEPOSIT
AC00265,57163500000265,CU03160,PR007,BR002,2023-03-13,,ACTIVE,INR,7595.68,FIXED_DEPOSIT
AC00266,81569100000266,CU00186,PR008,BR002,2022-02-16,2024-09-14,CLOSED,INR,98783.19,FIXED_DEPOSIT
AC00267,61662100000267,CU00892,PR008,BR001,2022-12-20,,DORMANT,INR,7882.24,FIXED_DEPOSIT
AC00268,15891200000268,CU03850,PR004,BR009,2024-03-03,,ACTIVE,INR,24012.94,CURRENT
AC00269,96198200000269,CU01815,PR001,BR001,2023-02-15,,ACTIVE,INR,215920.98,SAVINGS
AC00270,39464600000270,CU00799,PR003,BR005,2021-11-15,,ACTIVE,INR,153877.34,SAVINGS
AC00271,74795100000271,CU03994,PR005,BR009,2023-06-12,,DORMANT,INR,223294.80,CURRENT
AC00272,54818200000272,CU02034,PR009,BR005,2025-11-19,,ACTIVE,INR,72158.89,FIXED_DEPOSIT
AC00273,12232700000273,CU04041,PR003,BR005,2021-11-02,2022-05-23,CLOSED,INR,160995.82,SAVINGS
AC00274,10085700000274,CU03475,PR007,BR010,2025-07-15,,ACTIVE,INR,31589.64,FIXED_DEPOSIT
AC00275,32002600000275,CU00152,PR001,BR005,2020-12-24,2023-08-16,CLOSED,INR,115691.29,SAVINGS
AC00276,11544300000276,CU00490,PR002,BR010,2025-07-18,2026-08-24,CLOSED,INR,84693.36,SAVINGS
AC00277,51723900000277,CU02807,PR005,BR004,2019-02-12,2020-04-15,CLOSED,INR,220815.82,CURRENT
AC00278,32943600000278,CU04923,PR005,BR003,2018-12-25,,ACTIVE,INR,166352.03,CURRENT
AC00279,19308400000279,CU01385,PR009,BR008,2024-01-02,,ACTIVE,INR,89350.52,FIXED_DEPOSIT
AC00280,79210400000280,CU01605,PR001,BR006,2021-03-07,2023-12-10,CLOSED,INR,220656.63,SAVINGS
AC00281,13179000000281,CU02699,PR009,BR008,2019-12-26,,ACTIVE,INR,77377.41,FIXED_DEPOSIT
AC00282,57398900000282,CU02916,PR006,BR009,2019-08-20,,ACTIVE,INR,50047.89,CURRENT
AC00283,69443000000283,CU03820,PR001,BR010,2019-05-07,,ACTIVE,INR,56697.59,SAVINGS
AC00284,83768700000284,CU00536,PR009,BR002,2024-07-24,2026-08-21,CLOSED,INR,130659.52,FIXED_DEPOSIT
AC00285,13117200000285,CU01991,PR003,BR007,2018-11-04,,ACTIVE,INR,106155.48,SAVINGS
AC00286,71064900000286,CU02142,PR008,BR008,2020-03-05,2025-03-28,CLOSED,INR,239670.11,FIXED_DEPOSIT
AC00287,43338900000287,CU04192,PR001,BR005,2024-10-09,,ACTIVE,INR,62327.40,SAVINGS
AC00288,64619700000288,CU02970,PR002,BR004,2024-01-06,,ACTIVE,INR,49487.31,SAVINGS
AC00289,83678600000289,CU00126,PR004,BR003,2022-12-25,,ACTIVE,INR,18.33,CURRENT
AC00290,63996900000290,CU02598,PR006,BR007,2025-05-11,,ACTIVE,INR,202.65,CURRENT
AC00291,41347100000291,CU02077,PR004,BR008,2022-08-18,2025-10-12,CLOSED,INR,248648.32,CURRENT
AC00292,52715200000292,CU01010,PR002,BR002,2023-01-14,,ACTIVE,INR,2209.60,SAVINGS
AC00293,65268900000293,CU00664,PR006,BR004,2021-09-27,,ACTIVE,INR,46546.92,CURRENT
AC00294,32912500000294,CU00845,PR005,BR002,2025-09-17,2026-08-21,CLOSED,INR,139491.46,CURRENT
AC00295,53139700000295,CU00798,PR001,BR006,2021-07-13,,DORMANT,INR,74987.26,SAVINGS
AC00296,61464700000296,CU00854,PR001,BR005,2020-01-23,,DORMANT,INR,187184.62,SAVINGS
AC00297,98511100000297,CU03931,PR008,BR003,2023-02-08,,DORMANT,INR,176269.48,FIXED_DEPOSIT
AC00298,75221700000298,CU03064,PR001,BR005,2019-01-01,,DORMANT,INR,42642.26,SAVINGS
AC00299,50808000000299,CU02101,PR008,BR002,2022-04-09,,ACTIVE,INR,2325.23,FIXED_DEPOSIT
AC00300,39486000000300,CU02236,PR005,BR003,2022-10-20,,ACTIVE,INR,24869.84,CURRENT
AC00301,86487800000301,CU04883,PR004,BR005,2023-11-12,2025-05-27,CLOSED,INR,86055.30,CURRENT
AC00302,87139000000302,CU02659,PR007,BR009,2022-01-03,,ACTIVE,INR,50.68,FIXED_DEPOSIT
AC00303,85658300000303,CU03389,PR001,BR004,2023-03-23,,DORMANT,INR,28844.05,SAVINGS
AC00304,84138400000304,CU02139,PR003,BR006,2024-02-09,2026-08-22,CLOSED,INR,92030.90,SAVINGS
AC00305,93587300000305,CU03162,PR007,BR006,2024-09-09,,ACTIVE,INR,113595.80,FIXED_DEPOSIT
AC00306,39120500000306,CU03471,PR005,BR008,2022-10-13,2023-06-30,CLOSED,INR,84313.26,CURRENT
AC00307,53856900000307,CU04148,PR001,BR002,2024-11-26,,DORMANT,INR,167829.21,SAVINGS
AC00308,87088100000308,CU00403,PR007,BR005,2022-09-28,,ACTIVE,INR,10483.66,FIXED_DEPOSIT
AC00309,64482500000309,CU04109,PR007,BR006,2025-12-22,,DORMANT,INR,98777.91,FIXED_DEPOSIT
AC00310,62926400000310,CU01999,PR002,BR008,2024-03-29,2026-08-26,CLOSED,INR,28345.88,SAVINGS
AC00311,11626800000311,CU04116,PR008,BR010,2020-07-19,,DORMANT,INR,31268.82,FIXED_DEPOSIT
AC00312,34949600000312,CU02593,PR009,BR004,2022-06-26,,ACTIVE,INR,53247.07,FIXED_DEPOSIT
AC00313,59841400000313,CU04697,PR005,BR002,2021-01-04,,ACTIVE,INR,140.09,CURRENT
AC00314,99886000000314,CU01271,PR003,BR010,2022-05-05,,DORMANT,INR,130650.88,SAVINGS
AC00315,28048900000315,CU02978,PR007,BR002,2023-01-18,,DORMANT,INR,42732.88,FIXED_DEPOSIT
AC00316,81253900000316,CU03802,PR007,BR005,2021-07-16,,ACTIVE,INR,84948.97,FIXED_DEPOSIT
AC00317,67759100000317,CU03343,PR009,BR009,2023-12-26,2026-08-23,CLOSED,INR,179642.16,FIXED_DEPOSIT
AC00318,19285300000318,CU04852,PR007,BR007,2019-08-20,2024-04-04,CLOSED,INR,45487.48,FIXED_DEPOSIT
AC00319,37098600000319,CU03869,PR004,BR005,2021-06-04,,ACTIVE,INR,23627.37,CURRENT
AC00320,61637600000320,CU03617,PR005,BR005,2021-11-29,2024-05-19,CLOSED,INR,22097.94,CURRENT
AC00321,35141700000321,CU02594,PR001,BR004,2023-11-15,,DORMANT,INR,197539.01,SAVINGS
AC00322,30226900000322,CU03248,PR009,BR008,2021-03-02,,DORMANT,INR,237174.43,FIXED_DEPOSIT
AC00323,68236300000323,CU01277,PR008,BR004,2019-05-29,,ACTIVE,INR,40586.00,FIXED_DEPOSIT
AC00324,36174300000324,CU04334,PR002,BR008,2022-07-09,2026-04-13,CLOSED,INR,81580.54,SAVINGS
AC00325,19396200000325,CU04704,PR001,BR010,2019-12-08,2024-09-17,CLOSED,INR,240898.34,SAVINGS
AC00326,85052400000326,CU04037,PR008,BR007,2022-10-19,,ACTIVE,INR,1258.99,FIXED_DEPOSIT
AC00327,25007300000327,CU02352,PR001,BR010,2025-05-18,,DORMANT,INR,105253.11,SAVINGS
AC00328,13740400000328,CU04790,PR009,BR010,2019-10-04,,DORMANT,INR,88107.02,FIXED_DEPOSIT
AC00329,55189900000329,CU00790,PR003,BR005,2018-01-28,,DORMANT,INR,38702.47,SAVINGS
AC00330,66289600000330,CU03927,PR003,BR003,2019-04-06,2024-03-11,CLOSED,INR,216444.34,SAVINGS
AC00331,75791000000331,CU04839,PR002,BR007,2018-07-15,,ACTIVE,INR,6023.32,SAVINGS
AC00332,81964800000332,CU00441,PR004,BR002,2019-10-23,,DORMANT,INR,123747.58,CURRENT
AC00333,62711300000333,CU02056,PR006,BR005,2020-05-27,,ACTIVE,INR,40609.84,CURRENT
AC00334,44862000000334,CU01536,PR007,BR010,2023-11-17,,DORMANT,INR,203964.97,FIXED_DEPOSIT
AC00335,82306300000335,CU00932,PR008,BR005,2018-11-15,,DORMANT,INR,89045.34,FIXED_DEPOSIT
AC00336,85042100000336,CU03278,PR009,BR006,2018-11-04,,DORMANT,INR,249522.48,FIXED_DEPOSIT
AC00337,26754500000337,CU01300,PR004,BR003,2021-07-19,2026-08-07,CLOSED,INR,138249.08,CURRENT
AC00338,16978000000338,CU02224,PR009,BR007,2018-11-13,,DORMANT,INR,190463.33,FIXED_DEPOSIT
AC00339,48424100000339,CU03153,PR003,BR008,2021-09-23,,ACTIVE,INR,2622.36,SAVINGS
AC00340,99301900000340,CU04804,PR003,BR004,2021-01-03,2022-06-05,CLOSED,INR,195265.18,SAVINGS
AC00341,87509500000341,CU02345,PR005,BR010,2022-12-01,,DORMANT,INR,170531.49,CURRENT
AC00342,91716900000342,CU03006,PR003,BR001,2022-02-11,2025-12-19,CLOSED,INR,207641.47,SAVINGS
AC00343,94141500000343,CU03793,PR003,BR001,2022-10-02,,DORMANT,INR,166157.49,SAVINGS
AC00344,10592600000344,CU03074,PR008,BR005,2018-01-10,,ACTIVE,INR,10067.79,FIXED_DEPOSIT
AC00345,27055800000345,CU01475,PR001,BR002,2021-03-26,,DORMANT,INR,219034.51,SAVINGS
AC00346,93300800000346,CU01134,PR004,BR004,2025-02-05,,DORMANT,INR,2965.57,CURRENT
AC00347,25512200000347,CU03840,PR004,BR003,2021-11-08,,DORMANT,INR,175258.35,CURRENT
AC00348,30167300000348,CU01782,PR004,BR004,2022-01-17,2024-07-22,CLOSED,INR,227221.27,CURRENT
AC00349,90827800000349,CU01941,PR007,BR007,2023-03-22,2026-08-27,CLOSED,INR,169949.77,FIXED_DEPOSIT
AC00350,64457900000350,CU02169,PR004,BR005,2024-12-01,2026-08-21,CLOSED,INR,62831.83,CURRENT
AC00351,49712300000351,CU01044,PR006,BR001,2022-07-10,,DORMANT,INR,29707.52,CURRENT
AC00352,90200000000352,CU03005,PR005,BR002,2018-07-25,,DORMANT,INR,219474.40,CURRENT
AC00353,27951600000353,CU04974,PR002,BR002,2023-02-24,,DORMANT,INR,86097.30,SAVINGS
AC00354,72440700000354,CU04295,PR002,BR009,2019-12-22,2025-06-07,CLOSED,INR,170372.44,SAVINGS
AC00355,75982200000355,CU03983,PR002,BR006,2020-08-15,2025-01-18,CLOSED,INR,13413.23,SAVINGS
AC00356,64627100000356,CU04331,PR008,BR007,2021-03-29,,ACTIVE,INR,880.69,FIXED_DEPOSIT
AC00357,18930100000357,CU04364,PR009,BR002,2025-06-23,,ACTIVE,INR,98243.35,FIXED_DEPOSIT
AC00358,90554200000358,CU00142,PR004,BR006,2019-10-14,2024-05-02,CLOSED,INR,221887.90,CURRENT
AC00359,93092700000359,CU01127,PR002,BR005,2024-11-01,2026-08-25,CLOSED,INR,212948.54,SAVINGS
AC00360,56375000000360,CU03532,PR003,BR007,2025-08-14,,ACTIVE,INR,4187.67,SAVINGS
AC00361,76616400000361,CU04946,PR006,BR007,2024-06-08,,DORMANT,INR,76318.25,CURRENT
AC00362,76279700000362,CU04750,PR001,BR005,2025-03-30,2026-08-28,CLOSED,INR,174579.41,SAVINGS
AC00363,52897300000363,CU02380,PR007,BR005,2024-01-31,2024-12-10,CLOSED,INR,41974.19,FIXED_DEPOSIT
AC00364,46907300000364,CU02931,PR007,BR006,2020-06-05,,DORMANT,INR,94820.27,FIXED_DEPOSIT
AC00365,55186800000365,CU04110,PR002,BR005,2025-11-04,,DORMANT,INR,23706.82,SAVINGS
AC00366,56755300000366,CU02356,PR009,BR010,2024-05-21,,ACTIVE,INR,8471.01,FIXED_DEPOSIT
AC00367,71056200000367,CU03814,PR003,BR002,2019-03-19,,ACTIVE,INR,159467.39,SAVINGS
AC00368,88806400000368,CU00450,PR002,BR001,2022-01-19,,DORMANT,INR,170008.85,SAVINGS
AC00369,90802600000369,CU00736,PR005,BR003,2021-02-13,,ACTIVE,INR,8593.54,CURRENT
AC00370,74100600000370,CU01152,PR003,BR006,2018-12-27,,DORMANT,INR,202322.54,SAVINGS
AC00371,79623300000371,CU00180,PR007,BR007,2023-05-26,,DORMANT,INR,96420.43,FIXED_DEPOSIT
AC00372,23103800000372,CU04800,PR009,BR005,2022-05-28,,ACTIVE,INR,11767.39,FIXED_DEPOSIT
AC00373,62492900000373,CU03831,PR001,BR006,2021-01-04,,ACTIVE,INR,41142.32,SAVINGS
AC00374,85931400000374,CU03304,PR002,BR010,2020-04-04,2022-10-07,CLOSED,INR,70690.58,SAVINGS
AC00375,34067000000375,CU04346,PR005,BR006,2025-11-10,,ACTIVE,INR,106049.73,CURRENT
AC00376,27855400000376,CU01853,PR002,BR007,2025-03-15,2026-08-26,CLOSED,INR,71913.38,SAVINGS
AC00377,43826000000377,CU03967,PR001,BR006,2023-05-13,,ACTIVE,INR,66750.95,SAVINGS
AC00378,36365000000378,CU00138,PR009,BR008,2021-02-11,,ACTIVE,INR,98419.03,FIXED_DEPOSIT
AC00379,79823300000379,CU02531,PR006,BR003,2020-03-20,,ACTIVE,INR,68911.22,CURRENT
AC00380,97081500000380,CU04102,PR009,BR007,2020-03-20,,ACTIVE,INR,27312.61,FIXED_DEPOSIT
AC00381,89312000000381,CU00618,PR002,BR006,2022-03-14,2026-01-04,CLOSED,INR,234650.96,SAVINGS
AC00382,53734500000382,CU01964,PR001,BR007,2020-04-28,,DORMANT,INR,18521.46,SAVINGS
AC00383,94246300000383,CU00486,PR009,BR008,2019-12-20,2024-09-01,CLOSED,INR,55913.33,FIXED_DEPOSIT
AC00384,22518800000384,CU00247,PR007,BR008,2019-04-30,2023-06-05,CLOSED,INR,209324.07,FIXED_DEPOSIT
AC00385,20123700000385,CU03818,PR001,BR005,2021-11-21,2022-09-25,CLOSED,INR,113629.65,SAVINGS
AC00386,19470400000386,CU00071,PR003,BR004,2020-08-21,,DORMANT,INR,69097.61,SAVINGS
AC00387,15277300000387,CU04051,PR009,BR010,2025-04-19,,DORMANT,INR,206033.87,FIXED_DEPOSIT
AC00388,62144000000388,CU02322,PR002,BR003,2022-03-10,,DORMANT,INR,65889.31,SAVINGS
AC00389,70433100000389,CU03247,PR005,BR005,2019-04-15,2022-02-24,CLOSED,INR,18220.90,CURRENT
AC00390,10425200000390,CU02691,PR002,BR010,2022-08-23,2026-08-25,CLOSED,INR,112857.35,SAVINGS
AC00391,36800200000391,CU00615,PR007,BR004,2018-10-07,2021-01-03,CLOSED,INR,150378.14,FIXED_DEPOSIT
AC00392,30144200000392,CU02696,PR004,BR005,2020-07-25,,ACTIVE,INR,18625.67,CURRENT
AC00393,89681400000393,CU03183,PR004,BR002,2019-07-03,,DORMANT,INR,23494.71,CURRENT
AC00394,28739400000394,CU02895,PR006,BR001,2019-04-18,2021-09-26,CLOSED,INR,71440.90,CURRENT
AC00395,17080500000395,CU01876,PR001,BR008,2023-02-27,,ACTIVE,INR,10019.47,SAVINGS
AC00396,91390900000396,CU04136,PR003,BR004,2023-02-14,2023-09-01,CLOSED,INR,246547.57,SAVINGS
AC00397,11154500000397,CU02375,PR006,BR002,2020-12-22,,DORMANT,INR,13321.64,CURRENT
AC00398,93247800000398,CU03060,PR006,BR008,2025-09-26,2026-08-28,CLOSED,INR,41611.20,CURRENT
AC00399,81675700000399,CU02434,PR003,BR004,2022-02-05,,ACTIVE,INR,169196.30,SAVINGS
AC00400,44886600000400,CU00737,PR005,BR002,2022-07-08,,ACTIVE,INR,17222.86,CURRENT
AC00401,48343700000401,CU03142,PR003,BR001,2024-07-02,2026-08-27,CLOSED,INR,132737.12,SAVINGS
AC00402,62939900000402,CU00953,PR009,BR008,2021-09-07,2024-08-18,CLOSED,INR,45600.71,FIXED_DEPOSIT
AC00403,20162000000403,CU04010,PR009,BR010,2024-05-20,2025-08-08,CLOSED,INR,202067.48,FIXED_DEPOSIT
AC00404,11726800000404,CU04198,PR006,BR006,2024-01-20,,DORMANT,INR,37383.11,CURRENT
AC00405,15235900000405,CU04835,PR004,BR009,2024-11-13,2026-08-20,CLOSED,INR,15134.50,CURRENT
AC00406,50058200000406,CU02055,PR009,BR010,2023-01-19,,DORMANT,INR,85764.00,FIXED_DEPOSIT
AC00407,86422600000407,CU01658,PR001,BR003,2020-03-18,2024-10-11,CLOSED,INR,112518.88,SAVINGS
AC00408,17210900000408,CU02348,PR006,BR006,2021-07-15,,DORMANT,INR,166993.14,CURRENT
AC00409,96447200000409,CU00023,PR008,BR007,2025-03-18,,ACTIVE,INR,201269.46,FIXED_DEPOSIT
AC00410,83558900000410,CU03813,PR004,BR008,2018-04-17,,ACTIVE,INR,6321.60,CURRENT
AC00411,20571900000411,CU01424,PR001,BR006,2020-03-08,2023-02-02,CLOSED,INR,219518.60,SAVINGS
AC00412,75057100000412,CU03220,PR008,BR007,2023-12-30,,ACTIVE,INR,25246.53,FIXED_DEPOSIT
AC00413,50564900000413,CU00103,PR005,BR001,2022-05-26,2024-05-29,CLOSED,INR,166954.42,CURRENT
AC00414,22481700000414,CU02540,PR008,BR006,2024-11-04,,DORMANT,INR,187850.10,FIXED_DEPOSIT
AC00415,18847500000415,CU04437,PR009,BR008,2018-03-16,,ACTIVE,INR,164.10,FIXED_DEPOSIT
AC00416,36306900000416,CU00434,PR009,BR006,2025-04-26,,ACTIVE,INR,49963.32,FIXED_DEPOSIT
AC00417,11233300000417,CU00963,PR003,BR007,2022-03-20,,DORMANT,INR,241898.93,SAVINGS
AC00418,88537100000418,CU04218,PR008,BR010,2023-11-10,,ACTIVE,INR,34942.11,FIXED_DEPOSIT
AC00419,90445900000419,CU04319,PR006,BR004,2025-08-27,2026-08-29,CLOSED,INR,126268.69,CURRENT
AC00420,34982100000420,CU01236,PR002,BR004,2023-08-06,,DORMANT,INR,41255.58,SAVINGS
AC00421,64647000000421,CU03251,PR008,BR008,2022-06-23,,ACTIVE,INR,20468.64,FIXED_DEPOSIT
AC00422,92948100000422,CU04709,PR005,BR005,2024-09-04,2026-08-28,CLOSED,INR,195446.67,CURRENT
AC00423,14589000000423,CU03936,PR002,BR001,2025-11-02,,DORMANT,INR,174094.44,SAVINGS
AC00424,85913700000424,CU02904,PR007,BR002,2020-10-22,2021-09-27,CLOSED,INR,163761.52,FIXED_DEPOSIT
AC00425,79198300000425,CU01114,PR004,BR001,2018-03-03,2021-05-16,CLOSED,INR,244355.64,CURRENT
AC00426,53762600000426,CU02293,PR008,BR004,2018-02-17,2021-01-25,CLOSED,INR,243202.16,FIXED_DEPOSIT
AC00427,34776100000427,CU00350,PR006,BR006,2023-10-26,,ACTIVE,INR,166.62,CURRENT
AC00428,56227700000428,CU00049,PR004,BR004,2018-06-15,,ACTIVE,INR,11.28,CURRENT
AC00429,24092500000429,CU01059,PR006,BR001,2020-06-13,2022-11-16,CLOSED,INR,82668.30,CURRENT
AC00430,72479300000430,CU03771,PR008,BR001,2021-11-09,,ACTIVE,INR,172652.34,FIXED_DEPOSIT
AC00431,75329000000431,CU03134,PR003,BR010,2022-04-16,,DORMANT,INR,169932.52,SAVINGS
AC00432,95418300000432,CU03935,PR005,BR006,2018-02-09,,DORMANT,INR,192017.17,CURRENT
AC00433,47389200000433,CU00730,PR009,BR002,2019-03-02,,ACTIVE,INR,1742.38,FIXED_DEPOSIT
AC00434,34567700000434,CU04296,PR002,BR007,2021-05-21,,DORMANT,INR,58973.43,SAVINGS
AC00435,16684700000435,CU01478,PR009,BR004,2020-09-30,,ACTIVE,INR,21966.88,FIXED_DEPOSIT
AC00436,61608300000436,CU04461,PR002,BR001,2021-09-02,,DORMANT,INR,31279.04,SAVINGS
AC00437,10494400000437,CU04899,PR004,BR007,2018-06-10,,ACTIVE,INR,18852.46,CURRENT
AC00438,15677900000438,CU03047,PR001,BR004,2019-05-21,,DORMANT,INR,231741.29,SAVINGS
AC00439,24898900000439,CU01710,PR007,BR007,2021-01-31,,DORMANT,INR,82916.60,FIXED_DEPOSIT
AC00440,43853900000440,CU03022,PR009,BR009,2025-02-16,,ACTIVE,INR,19214.14,FIXED_DEPOSIT
AC00441,99737600000441,CU04610,PR002,BR009,2019-06-24,,ACTIVE,INR,24870.21,SAVINGS
AC00442,13016700000442,CU03193,PR009,BR008,2019-03-27,,DORMANT,INR,243144.55,FIXED_DEPOSIT
AC00443,28579700000443,CU00637,PR008,BR008,2022-12-02,2023-09-12,CLOSED,INR,127863.01,FIXED_DEPOSIT
AC00444,79209300000444,CU01847,PR001,BR010,2022-02-28,2026-08-24,CLOSED,INR,193910.91,SAVINGS
AC00445,79368400000445,CU01225,PR001,BR002,2024-07-12,,ACTIVE,INR,529.98,SAVINGS
AC00446,33090700000446,CU02714,PR007,BR008,2019-07-16,,ACTIVE,INR,13109.44,FIXED_DEPOSIT
AC00447,52448800000447,CU01845,PR005,BR005,2022-10-13,2025-07-18,CLOSED,INR,166675.02,CURRENT
AC00448,51255600000448,CU02290,PR008,BR001,2021-05-20,,DORMANT,INR,242905.05,FIXED_DEPOSIT
AC00449,91111300000449,CU01093,PR002,BR009,2021-12-23,2022-08-19,CLOSED,INR,214596.24,SAVINGS
AC00450,60035600000450,CU04772,PR008,BR003,2019-05-28,,ACTIVE,INR,172108.96,FIXED_DEPOSIT
AC00451,28818300000451,CU01448,PR006,BR010,2020-05-01,,ACTIVE,INR,113952.34,CURRENT
AC00452,31078000000452,CU00586,PR009,BR007,2018-03-31,,DORMANT,INR,50648.53,FIXED_DEPOSIT
AC00453,35727600000453,CU04862,PR009,BR005,2025-02-17,,ACTIVE,INR,5740.85,FIXED_DEPOSIT
AC00454,88325700000454,CU00162,PR004,BR009,2023-11-13,,DORMANT,INR,152690.68,CURRENT
AC00455,59307000000455,CU02953,PR004,BR003,2018-11-21,2023-10-23,CLOSED,INR,166776.56,CURRENT
AC00456,74054300000456,CU02621,PR002,BR004,2020-08-27,2025-06-18,CLOSED,INR,192378.98,SAVINGS
AC00457,83439200000457,CU02306,PR009,BR006,2019-05-01,,ACTIVE,INR,0.00,FIXED_DEPOSIT
AC00458,81914500000458,CU03683,PR005,BR008,2019-10-30,,ACTIVE,INR,224120.09,CURRENT
AC00459,53423800000459,CU01073,PR009,BR009,2020-12-24,,DORMANT,INR,2438.38,FIXED_DEPOSIT
AC00460,52920500000460,CU03868,PR002,BR002,2019-06-10,2020-05-01,CLOSED,INR,12741.81,SAVINGS
AC00461,36341100000461,CU04591,PR001,BR004,2020-06-13,,ACTIVE,INR,18971.73,SAVINGS
AC00462,87438100000462,CU02561,PR009,BR009,2023-04-11,2024-11-26,CLOSED,INR,199048.99,FIXED_DEPOSIT
AC00463,59316400000463,CU01053,PR002,BR003,2023-10-09,,ACTIVE,INR,93670.26,SAVINGS
AC00464,48250900000464,CU00387,PR007,BR009,2023-03-14,,ACTIVE,INR,4522.41,FIXED_DEPOSIT
AC00465,18486000000465,CU01628,PR005,BR006,2025-07-29,,DORMANT,INR,76460.44,CURRENT
AC00466,20622600000466,CU00878,PR002,BR001,2018-01-01,,ACTIVE,INR,15679.51,SAVINGS
AC00467,76097300000467,CU02611,PR009,BR004,2019-02-25,2023-12-22,CLOSED,INR,129042.51,FIXED_DEPOSIT
AC00468,62531200000468,CU02737,PR003,BR003,2024-08-03,,DORMANT,INR,8630.15,SAVINGS
AC00469,84813300000469,CU01662,PR005,BR002,2019-05-30,,DORMANT,INR,245202.90,CURRENT
AC00470,84100400000470,CU00410,PR006,BR004,2022-03-23,,ACTIVE,INR,109184.57,CURRENT
AC00471,81941800000471,CU00509,PR009,BR007,2019-04-13,,DORMANT,INR,46216.02,FIXED_DEPOSIT
AC00472,81645600000472,CU03143,PR007,BR009,2019-08-02,2021-05-08,CLOSED,INR,75418.89,FIXED_DEPOSIT
AC00473,88711900000473,CU04792,PR001,BR002,2021-02-12,2024-09-24,CLOSED,INR,60319.15,SAVINGS
AC00474,21235500000474,CU02559,PR005,BR009,2022-08-27,,DORMANT,INR,17840.76,CURRENT
AC00475,44655000000475,CU02299,PR003,BR010,2025-07-09,2026-08-20,CLOSED,INR,98961.42,SAVINGS
AC00476,96329300000476,CU01733,PR006,BR001,2020-07-18,,DORMANT,INR,249233.29,CURRENT
AC00477,21243200000477,CU01452,PR002,BR002,2024-08-23,,DORMANT,INR,32621.10,SAVINGS
AC00478,93169100000478,CU03575,PR001,BR002,2024-04-06,,ACTIVE,INR,87538.37,SAVINGS
AC00479,37078500000479,CU01822,PR001,BR006,2020-04-18,2023-04-03,CLOSED,INR,219471.88,SAVINGS
AC00480,76774900000480,CU00852,PR007,BR004,2021-03-12,,DORMANT,INR,224169.16,FIXED_DEPOSIT
AC00481,47412700000481,CU03320,PR001,BR009,2020-10-14,2021-08-05,CLOSED,INR,242046.28,SAVINGS
AC00482,37640300000482,CU03416,PR008,BR005,2020-09-12,,DORMANT,INR,135267.96,FIXED_DEPOSIT
AC00483,80188700000483,CU00086,PR001,BR004,2020-03-02,,DORMANT,INR,45034.70,SAVINGS
AC00484,48288300000484,CU01081,PR007,BR007,2019-07-16,,ACTIVE,INR,2642.57,FIXED_DEPOSIT
AC00485,13148600000485,CU04766,PR008,BR005,2021-07-30,,DORMANT,INR,50157.24,FIXED_DEPOSIT
AC00486,36564100000486,CU02857,PR004,BR008,2018-04-30,,ACTIVE,INR,181600.15,CURRENT
AC00487,78311900000487,CU03759,PR002,BR008,2018-03-08,,DORMANT,INR,143753.60,SAVINGS
AC00488,60111900000488,CU01745,PR003,BR001,2023-04-14,2026-08-21,CLOSED,INR,179604.40,SAVINGS
AC00489,52843000000489,CU04840,PR001,BR004,2025-06-19,2026-08-24,CLOSED,INR,243831.27,SAVINGS
AC00490,41462900000490,CU00903,PR001,BR005,2022-07-11,,DORMANT,INR,238134.95,SAVINGS
AC00491,19711500000491,CU02830,PR007,BR009,2022-07-02,2024-02-22,CLOSED,INR,213317.36,FIXED_DEPOSIT
AC00492,18561200000492,CU01362,PR009,BR010,2019-05-12,,DORMANT,INR,211800.64,FIXED_DEPOSIT
AC00493,10747300000493,CU01717,PR007,BR008,2020-01-06,,ACTIVE,INR,468542.91,FIXED_DEPOSIT
AC00494,31324900000494,CU01868,PR006,BR001,2019-09-08,2022-02-18,CLOSED,INR,245735.23,CURRENT
AC00495,74895500000495,CU01023,PR005,BR003,2021-01-09,2022-02-25,CLOSED,INR,11620.62,CURRENT
AC00496,46611300000496,CU03126,PR009,BR006,2025-04-26,2026-08-23,CLOSED,INR,112308.12,FIXED_DEPOSIT
AC00497,68990600000497,CU00372,PR004,BR001,2020-10-03,,ACTIVE,INR,9323.13,CURRENT
AC00498,20996600000498,CU02947,PR007,BR008,2024-08-30,,ACTIVE,INR,963.09,FIXED_DEPOSIT
AC00499,12477900000499,CU02831,PR005,BR007,2020-10-10,,DORMANT,INR,249509.71,CURRENT
AC00500,94418000000500,CU03485,PR007,BR010,2019-01-25,,ACTIVE,INR,48789.60,FIXED_DEPOSIT
AC00501,12431000000501,CU01318,PR005,BR009,2022-12-24,,ACTIVE,INR,1644.58,CURRENT
AC00502,87966100000502,CU02012,PR006,BR006,2021-06-05,,DORMANT,INR,45002.53,CURRENT
AC00503,90874500000503,CU01970,PR004,BR007,2018-02-12,,ACTIVE,INR,20448.49,CURRENT
AC00504,93947200000504,CU00838,PR008,BR002,2025-09-06,2026-08-26,CLOSED,INR,45107.93,FIXED_DEPOSIT
AC00505,19891800000505,CU03217,PR008,BR003,2021-10-30,,ACTIVE,INR,38637.95,FIXED_DEPOSIT
AC00506,16653600000506,CU01904,PR002,BR010,2023-03-18,,DORMANT,INR,87716.91,SAVINGS
AC00507,64303000000507,CU03925,PR008,BR010,2019-02-24,2024-03-21,CLOSED,INR,219745.75,FIXED_DEPOSIT
AC00508,59813300000508,CU00834,PR008,BR006,2021-03-13,,ACTIVE,INR,67386.80,FIXED_DEPOSIT
AC00509,87176800000509,CU04158,PR007,BR009,2021-10-11,2022-10-31,CLOSED,INR,13487.10,FIXED_DEPOSIT
AC00510,43038100000510,CU03999,PR009,BR007,2022-06-04,,DORMANT,INR,73388.92,FIXED_DEPOSIT
AC00511,78054100000511,CU01998,PR002,BR002,2021-11-26,,ACTIVE,INR,67746.90,SAVINGS
AC00512,69024400000512,CU02052,PR006,BR005,2019-09-08,2021-08-24,CLOSED,INR,213972.59,CURRENT
AC00513,17123700000513,CU02729,PR004,BR002,2019-01-13,2021-09-03,CLOSED,INR,121856.50,CURRENT
AC00514,79541300000514,CU02651,PR005,BR006,2018-09-25,2022-09-01,CLOSED,INR,155563.39,CURRENT
AC00515,16787900000515,CU03768,PR005,BR006,2022-08-14,2026-08-22,CLOSED,INR,35947.05,CURRENT
AC00516,35926800000516,CU02461,PR003,BR006,2020-05-08,,DORMANT,INR,106448.98,SAVINGS
AC00517,19288900000517,CU02187,PR007,BR004,2019-12-25,,ACTIVE,INR,398.43,FIXED_DEPOSIT
AC00518,73797500000518,CU01902,PR002,BR002,2023-12-14,,ACTIVE,INR,165793.81,SAVINGS
AC00519,45114800000519,CU02222,PR004,BR002,2025-02-09,,ACTIVE,INR,5679.64,CURRENT
AC00520,61745300000520,CU02338,PR007,BR004,2023-08-12,,DORMANT,INR,103980.50,FIXED_DEPOSIT
AC00521,23898100000521,CU01312,PR008,BR007,2020-10-28,,DORMANT,INR,21033.17,FIXED_DEPOSIT
AC00522,40944500000522,CU04508,PR009,BR008,2020-08-08,,ACTIVE,INR,242264.89,FIXED_DEPOSIT
AC00523,55271700000523,CU02124,PR002,BR008,2023-03-24,,DORMANT,INR,39526.70,SAVINGS
AC00524,81778800000524,CU01412,PR007,BR003,2022-03-26,,ACTIVE,INR,239091.71,FIXED_DEPOSIT
AC00525,91872900000525,CU00188,PR003,BR010,2022-04-30,,DORMANT,INR,209724.78,SAVINGS
AC00526,84863000000526,CU01692,PR002,BR006,2020-03-10,2023-01-18,CLOSED,INR,115862.57,SAVINGS
AC00527,30345900000527,CU03424,PR002,BR006,2025-07-06,2026-08-20,CLOSED,INR,175780.82,SAVINGS
AC00528,45738200000528,CU03738,PR005,BR010,2025-03-17,,DORMANT,INR,10158.27,CURRENT
AC00529,55757000000529,CU03411,PR008,BR009,2022-01-23,2025-01-30,CLOSED,INR,140831.75,FIXED_DEPOSIT
AC00530,68035700000530,CU04563,PR001,BR004,2019-02-26,2024-03-21,CLOSED,INR,74086.76,SAVINGS
AC00531,21095000000531,CU02870,PR003,BR002,2019-04-12,2022-03-11,CLOSED,INR,32897.49,SAVINGS
AC00532,53000900000532,CU04687,PR003,BR003,2020-05-19,,ACTIVE,INR,27481.64,SAVINGS
AC00533,25940900000533,CU01944,PR008,BR007,2024-03-26,2026-08-27,CLOSED,INR,245275.05,FIXED_DEPOSIT
AC00534,31478500000534,CU04517,PR007,BR008,2019-05-07,2020-03-11,CLOSED,INR,238085.52,FIXED_DEPOSIT
AC00535,27232900000535,CU04325,PR002,BR003,2022-09-25,2024-04-06,CLOSED,INR,9187.43,SAVINGS
AC00536,61420800000536,CU04679,PR007,BR001,2024-12-08,,ACTIVE,INR,38893.33,FIXED_DEPOSIT
AC00537,14858900000537,CU01629,PR001,BR001,2022-11-16,,ACTIVE,INR,60640.14,SAVINGS
AC00538,53176200000538,CU00978,PR001,BR002,2023-07-08,,DORMANT,INR,57382.93,SAVINGS
AC00539,66236600000539,CU00369,PR006,BR001,2024-04-08,,ACTIVE,INR,191220.75,CURRENT
AC00540,40937300000540,CU00340,PR004,BR009,2020-02-10,,ACTIVE,INR,13459.26,CURRENT
AC00541,39938300000541,CU04276,PR009,BR010,2022-12-20,2023-07-23,CLOSED,INR,54513.15,FIXED_DEPOSIT
AC00542,22562500000542,CU04228,PR008,BR004,2019-04-18,2019-10-21,CLOSED,INR,117978.06,FIXED_DEPOSIT
AC00543,13698700000543,CU02636,PR002,BR002,2018-05-06,2020-01-13,CLOSED,INR,68883.80,SAVINGS
AC00544,93397300000544,CU03829,PR002,BR004,2025-12-23,2026-08-20,CLOSED,INR,33813.95,SAVINGS
AC00545,81484200000545,CU03463,PR003,BR002,2020-11-11,2025-05-01,CLOSED,INR,4611.04,SAVINGS
AC00546,28245900000546,CU01184,PR007,BR010,2025-02-06,2026-08-28,CLOSED,INR,34638.73,FIXED_DEPOSIT
AC00547,12673400000547,CU04912,PR005,BR009,2024-03-12,2026-04-03,CLOSED,INR,152651.21,CURRENT
AC00548,59612300000548,CU01518,PR005,BR007,2019-06-29,2020-06-10,CLOSED,INR,71648.71,CURRENT
AC00549,53762800000549,CU04969,PR003,BR004,2018-08-08,2021-09-21,CLOSED,INR,49300.57,SAVINGS
AC00550,67136100000550,CU03789,PR006,BR008,2021-08-19,2023-04-04,CLOSED,INR,112389.30,CURRENT
AC00551,22197400000551,CU00721,PR005,BR004,2019-06-17,,DORMANT,INR,120309.91,CURRENT
AC00552,98844100000552,CU00549,PR006,BR007,2018-08-31,,ACTIVE,INR,125805.42,CURRENT
AC00553,54031600000553,CU02772,PR007,BR010,2024-01-19,,DORMANT,INR,202251.61,FIXED_DEPOSIT
AC00554,76934100000554,CU00993,PR008,BR008,2019-06-27,,DORMANT,INR,172688.62,FIXED_DEPOSIT
AC00555,10138100000555,CU00547,PR005,BR004,2024-09-12,,DORMANT,INR,100060.24,CURRENT
AC00556,61670700000556,CU00635,PR004,BR003,2024-11-09,,ACTIVE,INR,20246.52,CURRENT
AC00557,42197800000557,CU04694,PR005,BR006,2022-01-24,2026-03-14,CLOSED,INR,193494.88,CURRENT
AC00558,35640300000558,CU01730,PR003,BR003,2018-12-05,,ACTIVE,INR,156572.82,SAVINGS
AC00559,66982400000559,CU02002,PR008,BR010,2018-03-05,,DORMANT,INR,179797.21,FIXED_DEPOSIT
AC00560,30474000000560,CU02007,PR009,BR010,2023-02-20,,ACTIVE,INR,19656.27,FIXED_DEPOSIT
AC00561,31771200000561,CU03912,PR005,BR004,2023-11-18,,DORMANT,INR,119013.93,CURRENT
AC00562,44684500000562,CU00552,PR002,BR008,2024-12-01,2026-08-20,CLOSED,INR,155074.94,SAVINGS
AC00563,23448500000563,CU01109,PR002,BR002,2020-02-13,,DORMANT,INR,244908.92,SAVINGS
AC00564,73336300000564,CU01253,PR008,BR001,2020-09-10,,ACTIVE,INR,28181.43,FIXED_DEPOSIT
AC00565,78513100000565,CU01589,PR007,BR005,2018-11-03,,ACTIVE,INR,411.42,FIXED_DEPOSIT
AC00566,84136800000566,CU00999,PR005,BR002,2023-04-23,,DORMANT,INR,147124.62,CURRENT
AC00567,37018900000567,CU00104,PR006,BR001,2024-09-05,2026-08-20,CLOSED,INR,8997.66,CURRENT
AC00568,18809100000568,CU04929,PR005,BR006,2019-04-18,,DORMANT,INR,5149.76,CURRENT
AC00569,12009100000569,CU01341,PR008,BR002,2018-01-04,,DORMANT,INR,28148.64,FIXED_DEPOSIT
AC00570,59929000000570,CU04542,PR002,BR002,2020-01-19,2020-11-06,CLOSED,INR,51136.42,SAVINGS
AC00571,87547500000571,CU01817,PR005,BR010,2020-11-29,,DORMANT,INR,61111.28,CURRENT
AC00572,44515100000572,CU01055,PR003,BR006,2018-12-04,,ACTIVE,INR,60580.41,SAVINGS
AC00573,68494400000573,CU00936,PR007,BR005,2023-10-24,2026-08-26,CLOSED,INR,230629.01,FIXED_DEPOSIT
AC00574,72481800000574,CU03758,PR006,BR009,2024-10-12,,ACTIVE,INR,23486.71,CURRENT
AC00575,19020400000575,CU03234,PR006,BR006,2024-04-22,,DORMANT,INR,109268.80,CURRENT
AC00576,56557900000576,CU04195,PR007,BR004,2020-03-18,2020-09-30,CLOSED,INR,115183.67,FIXED_DEPOSIT
AC00577,81596100000577,CU02993,PR008,BR007,2020-07-11,,DORMANT,INR,71302.29,FIXED_DEPOSIT
AC00578,21190400000578,CU02138,PR003,BR010,2025-05-17,,ACTIVE,INR,158.87,SAVINGS
AC00579,93095400000579,CU00617,PR007,BR007,2025-10-07,,DORMANT,INR,208077.53,FIXED_DEPOSIT
AC00580,76724900000580,CU00207,PR001,BR009,2021-04-06,2023-03-09,CLOSED,INR,195185.21,SAVINGS
AC00581,89960600000581,CU02240,PR005,BR005,2020-12-06,,ACTIVE,INR,80986.85,CURRENT
AC00582,77658900000582,CU00342,PR009,BR002,2021-12-22,2025-03-02,CLOSED,INR,159989.50,FIXED_DEPOSIT
AC00583,43860400000583,CU00673,PR003,BR007,2022-07-18,,ACTIVE,INR,14892.28,SAVINGS
AC00584,80988900000584,CU03764,PR002,BR007,2022-04-22,,ACTIVE,INR,20327.63,SAVINGS
AC00585,48066100000585,CU03717,PR008,BR006,2020-08-29,,DORMANT,INR,101409.84,FIXED_DEPOSIT
AC00586,94775700000586,CU00528,PR001,BR005,2022-07-21,,DORMANT,INR,89093.77,SAVINGS
AC00587,63730900000587,CU02888,PR008,BR002,2019-11-23,,DORMANT,INR,126990.80,FIXED_DEPOSIT
AC00588,67890800000588,CU02131,PR006,BR007,2024-09-08,2026-08-26,CLOSED,INR,104299.00,CURRENT
AC00589,97882900000589,CU04982,PR004,BR007,2020-11-26,2025-04-17,CLOSED,INR,69986.11,CURRENT
AC00590,16814700000590,CU01979,PR003,BR003,2022-12-28,,ACTIVE,INR,40839.12,SAVINGS
AC00591,10814400000591,CU04417,PR003,BR004,2023-06-09,2024-01-25,CLOSED,INR,56169.73,SAVINGS
AC00592,18493500000592,CU02749,PR009,BR008,2018-07-07,,ACTIVE,INR,8967.92,FIXED_DEPOSIT
AC00593,30626400000593,CU00697,PR003,BR002,2019-06-28,2024-03-02,CLOSED,INR,196273.29,SAVINGS
AC00594,48055500000594,CU04769,PR004,BR004,2018-06-04,,ACTIVE,INR,64849.53,CURRENT
AC00595,90109400000595,CU03915,PR008,BR006,2024-06-17,,DORMANT,INR,75492.40,FIXED_DEPOSIT
AC00596,97860000000596,CU02082,PR005,BR001,2025-09-04,,ACTIVE,INR,34432.61,CURRENT
AC00597,63134300000597,CU02534,PR003,BR007,2021-08-05,,DORMANT,INR,112247.64,SAVINGS
AC00598,43188800000598,CU02984,PR003,BR010,2019-07-02,2024-09-08,CLOSED,INR,66101.48,SAVINGS
AC00599,66833900000599,CU00574,PR009,BR001,2022-11-25,,ACTIVE,INR,130182.68,FIXED_DEPOSIT
AC00600,42818900000600,CU00116,PR003,BR005,2021-10-26,,ACTIVE,INR,20342.51,SAVINGS
AC00601,25605200000601,CU00336,PR009,BR008,2018-03-13,2023-06-13,CLOSED,INR,48226.59,FIXED_DEPOSIT
AC00602,33424800000602,CU04628,PR009,BR008,2021-04-20,,DORMANT,INR,27775.04,FIXED_DEPOSIT
AC00603,53435000000603,CU00678,PR004,BR003,2020-01-16,,ACTIVE,INR,4452.76,CURRENT
AC00604,57204900000604,CU00524,PR001,BR002,2023-09-16,,ACTIVE,INR,142.98,SAVINGS
AC00605,18608800000605,CU04908,PR007,BR001,2025-12-29,,DORMANT,INR,211736.47,FIXED_DEPOSIT
AC00606,91724100000606,CU04731,PR006,BR006,2019-02-13,,DORMANT,INR,6982.02,CURRENT
AC00607,63002700000607,CU03253,PR004,BR006,2018-05-17,2021-08-04,CLOSED,INR,154813.70,CURRENT
AC00608,22566600000608,CU00161,PR001,BR002,2021-12-09,2022-08-08,CLOSED,INR,32758.14,SAVINGS
AC00609,63194100000609,CU03044,PR008,BR008,2018-01-08,,DORMANT,INR,17641.13,FIXED_DEPOSIT
AC00610,89442400000610,CU03286,PR007,BR002,2020-11-26,,ACTIVE,INR,36.38,FIXED_DEPOSIT
AC00611,43368800000611,CU00361,PR003,BR008,2018-07-22,,DORMANT,INR,29424.31,SAVINGS
AC00612,19650800000612,CU00132,PR001,BR009,2022-12-12,,ACTIVE,INR,209277.26,SAVINGS
AC00613,86808900000613,CU04057,PR001,BR010,2020-01-06,,DORMANT,INR,60891.28,SAVINGS
AC00614,11087400000614,CU04138,PR008,BR005,2019-01-10,,ACTIVE,INR,1926.27,FIXED_DEPOSIT
AC00615,26453900000615,CU00431,PR009,BR002,2023-05-14,,ACTIVE,INR,14045.52,FIXED_DEPOSIT
AC00616,73430000000616,CU03810,PR008,BR006,2020-02-02,,DORMANT,INR,230844.24,FIXED_DEPOSIT
AC00617,46753200000617,CU04396,PR009,BR009,2023-04-09,,ACTIVE,INR,51874.46,FIXED_DEPOSIT
AC00618,31593200000618,CU01862,PR008,BR009,2023-04-09,2026-04-25,CLOSED,INR,122705.66,FIXED_DEPOSIT
AC00619,24036600000619,CU03834,PR002,BR001,2021-06-03,,DORMANT,INR,248280.86,SAVINGS
AC00620,89823900000620,CU01164,PR003,BR006,2023-04-25,,ACTIVE,INR,106143.77,SAVINGS
AC00621,90247300000621,CU00996,PR003,BR003,2020-09-29,,DORMANT,INR,232348.10,SAVINGS
AC00622,86251800000622,CU00529,PR007,BR008,2025-03-22,,ACTIVE,INR,72526.78,FIXED_DEPOSIT
AC00623,78080700000623,CU03180,PR009,BR004,2020-03-13,,DORMANT,INR,97093.67,FIXED_DEPOSIT
AC00624,11267500000624,CU01750,PR005,BR009,2019-10-27,,DORMANT,INR,239613.61,CURRENT
AC00625,86597400000625,CU00460,PR009,BR005,2025-09-26,,ACTIVE,INR,7463.75,FIXED_DEPOSIT
AC00626,38492700000626,CU03632,PR008,BR004,2023-10-07,2024-05-07,CLOSED,INR,90529.17,FIXED_DEPOSIT
AC00627,11383500000627,CU02204,PR004,BR009,2021-09-01,,ACTIVE,INR,51986.85,CURRENT
AC00628,92692300000628,CU03743,PR004,BR001,2019-11-18,2021-05-19,CLOSED,INR,227871.32,CURRENT
AC00629,58664700000629,CU00158,PR006,BR007,2024-01-08,,ACTIVE,INR,2455.32,CURRENT
AC00630,35507800000630,CU02554,PR008,BR006,2021-05-21,2023-11-25,CLOSED,INR,131214.21,FIXED_DEPOSIT
AC00631,10142300000631,CU03350,PR004,BR007,2020-09-22,,DORMANT,INR,140140.00,CURRENT
AC00632,91680200000632,CU04054,PR009,BR001,2023-07-31,,DORMANT,INR,157715.92,FIXED_DEPOSIT
AC00633,29505900000633,CU03933,PR004,BR008,2019-04-14,2020-06-12,CLOSED,INR,197914.71,CURRENT
AC00634,39755400000634,CU04740,PR005,BR008,2024-09-04,,ACTIVE,INR,6986.47,CURRENT
AC00635,82619300000635,CU03434,PR005,BR006,2024-10-27,2026-08-26,CLOSED,INR,184649.68,CURRENT
AC00636,66084700000636,CU00183,PR001,BR007,2023-01-14,2026-08-29,CLOSED,INR,243395.28,SAVINGS
AC00637,73117100000637,CU02508,PR008,BR004,2019-05-26,2021-12-11,CLOSED,INR,196417.33,FIXED_DEPOSIT
AC00638,32897700000638,CU01436,PR005,BR010,2020-07-31,,DORMANT,INR,132321.58,CURRENT
AC00639,53039800000639,CU03698,PR001,BR006,2018-08-09,,DORMANT,INR,19102.59,SAVINGS
AC00640,44151900000640,CU03618,PR006,BR006,2018-10-12,2020-11-25,CLOSED,INR,33407.20,CURRENT
AC00641,76300400000641,CU00064,PR009,BR009,2020-03-02,2023-11-03,CLOSED,INR,4145.14,FIXED_DEPOSIT
AC00642,90092300000642,CU00665,PR009,BR001,2023-06-14,,DORMANT,INR,164314.19,FIXED_DEPOSIT
AC00643,81008700000643,CU03640,PR009,BR003,2022-02-17,,DORMANT,INR,13632.88,FIXED_DEPOSIT
AC00644,73241400000644,CU04243,PR002,BR007,2019-04-30,,ACTIVE,INR,108907.78,SAVINGS
AC00645,23916800000645,CU00740,PR004,BR009,2024-11-10,,ACTIVE,INR,260.41,CURRENT
AC00646,37844900000646,CU04848,PR005,BR008,2022-06-17,,ACTIVE,INR,18202.63,CURRENT
AC00647,80397000000647,CU00136,PR001,BR010,2025-11-07,,ACTIVE,INR,176196.27,SAVINGS
AC00648,31330100000648,CU01502,PR005,BR004,2020-04-23,2025-08-21,CLOSED,INR,211052.20,CURRENT
AC00649,67990800000649,CU01322,PR003,BR001,2021-07-27,,ACTIVE,INR,68397.00,SAVINGS
AC00650,72729700000650,CU01417,PR005,BR008,2025-06-12,,DORMANT,INR,217082.85,CURRENT
AC00651,40074700000651,CU02944,PR003,BR010,2020-03-05,2021-10-15,CLOSED,INR,209844.28,SAVINGS
AC00652,27772400000652,CU00876,PR003,BR005,2023-05-28,2026-03-07,CLOSED,INR,120755.55,SAVINGS
AC00653,75703500000653,CU03905,PR008,BR001,2022-04-26,2025-06-15,CLOSED,INR,75131.59,FIXED_DEPOSIT
AC00654,22435600000654,CU04495,PR007,BR002,2023-10-13,2026-08-22,CLOSED,INR,64760.62,FIXED_DEPOSIT
AC00655,33165100000655,CU04044,PR009,BR005,2023-03-07,,ACTIVE,INR,123615.63,FIXED_DEPOSIT
AC00656,25248300000656,CU03043,PR009,BR002,2024-02-09,2025-06-07,CLOSED,INR,69667.87,FIXED_DEPOSIT
AC00657,79020800000657,CU04153,PR002,BR006,2021-06-14,,ACTIVE,INR,198848.41,SAVINGS
AC00658,33305900000658,CU01706,PR002,BR006,2020-07-27,2023-02-01,CLOSED,INR,185593.40,SAVINGS
AC00659,72676900000659,CU01678,PR009,BR003,2023-08-11,,DORMANT,INR,141712.16,FIXED_DEPOSIT
AC00660,56381900000660,CU03522,PR001,BR001,2020-12-28,,DORMANT,INR,206584.20,SAVINGS
AC00661,57535000000661,CU02821,PR004,BR007,2025-05-09,,ACTIVE,INR,206594.10,CURRENT
AC00662,57556200000662,CU03938,PR008,BR001,2020-12-24,,DORMANT,INR,106838.01,FIXED_DEPOSIT
AC00663,46271000000663,CU02936,PR003,BR006,2023-03-20,,ACTIVE,INR,56338.97,SAVINGS
AC00664,67638000000664,CU03195,PR008,BR001,2019-01-12,,DORMANT,INR,204079.44,FIXED_DEPOSIT
AC00665,72434800000665,CU02692,PR001,BR006,2025-03-16,,DORMANT,INR,79418.63,SAVINGS
AC00666,13152700000666,CU04423,PR006,BR009,2022-11-04,,DORMANT,INR,159210.69,CURRENT
AC00667,51684600000667,CU03238,PR003,BR006,2020-11-23,2024-03-25,CLOSED,INR,236309.38,SAVINGS
AC00668,46577100000668,CU01379,PR002,BR005,2025-11-23,2026-08-23,CLOSED,INR,186348.73,SAVINGS
AC00669,18023700000669,CU01804,PR003,BR004,2019-05-02,,ACTIVE,INR,79382.04,SAVINGS
AC00670,90027600000670,CU04565,PR009,BR005,2019-05-04,,DORMANT,INR,109300.80,FIXED_DEPOSIT
AC00671,56062400000671,CU00502,PR009,BR001,2021-10-05,,DORMANT,INR,54578.82,FIXED_DEPOSIT
AC00672,55469900000672,CU01734,PR005,BR001,2019-08-25,2023-04-08,CLOSED,INR,145692.49,CURRENT
AC00673,50409200000673,CU04169,PR002,BR002,2025-06-28,2026-08-26,CLOSED,INR,213061.42,SAVINGS
AC00674,50750800000674,CU01814,PR006,BR004,2025-01-13,,ACTIVE,INR,117985.32,CURRENT
AC00675,57948800000675,CU03825,PR004,BR002,2020-09-26,2022-08-21,CLOSED,INR,35548.54,CURRENT
AC00676,33641400000676,CU03899,PR004,BR008,2019-03-16,2021-09-02,CLOSED,INR,124410.31,CURRENT
AC00677,66183500000677,CU04496,PR004,BR004,2025-05-02,,ACTIVE,INR,32472.36,CURRENT
AC00678,84384900000678,CU02820,PR007,BR001,2022-02-23,,DORMANT,INR,156916.73,FIXED_DEPOSIT
AC00679,52698900000679,CU02605,PR007,BR002,2021-06-16,2026-02-28,CLOSED,INR,11268.01,FIXED_DEPOSIT
AC00680,26403400000680,CU04273,PR001,BR002,2018-09-21,2023-02-22,CLOSED,INR,96852.29,SAVINGS
AC00681,40192500000681,CU04821,PR007,BR001,2021-10-18,,ACTIVE,INR,4315.68,FIXED_DEPOSIT
AC00682,97579100000682,CU01997,PR009,BR009,2021-07-19,,ACTIVE,INR,10414.96,FIXED_DEPOSIT
AC00683,73527900000683,CU01315,PR004,BR008,2021-03-17,,DORMANT,INR,247014.70,CURRENT
AC00684,36445800000684,CU03951,PR006,BR004,2019-03-11,2019-11-17,CLOSED,INR,70814.08,CURRENT
AC00685,25601300000685,CU04193,PR009,BR007,2023-10-23,2024-08-14,CLOSED,INR,3727.05,FIXED_DEPOSIT
AC00686,16683300000686,CU02899,PR007,BR006,2018-02-23,,ACTIVE,INR,60721.44,FIXED_DEPOSIT
AC00687,36911800000687,CU04959,PR002,BR009,2020-06-18,,DORMANT,INR,91017.81,SAVINGS
AC00688,49568600000688,CU01311,PR008,BR006,2020-06-18,,ACTIVE,INR,7771.27,FIXED_DEPOSIT
AC00689,12935800000689,CU00928,PR005,BR001,2018-01-09,,DORMANT,INR,148827.81,CURRENT
AC00690,69213400000690,CU02764,PR007,BR009,2025-02-15,,DORMANT,INR,179206.07,FIXED_DEPOSIT
AC00691,43609500000691,CU01856,PR006,BR005,2023-08-31,2026-08-29,CLOSED,INR,96285.02,CURRENT
AC00692,63840700000692,CU02412,PR006,BR001,2022-09-18,2023-12-07,CLOSED,INR,104381.40,CURRENT
AC00693,10632100000693,CU03265,PR001,BR008,2018-02-22,2023-03-20,CLOSED,INR,137112.44,SAVINGS
AC00694,66585900000694,CU01391,PR007,BR003,2021-03-02,2023-01-19,CLOSED,INR,193439.28,FIXED_DEPOSIT
AC00695,99713700000695,CU04360,PR009,BR005,2018-09-16,,DORMANT,INR,22333.68,FIXED_DEPOSIT
AC00696,68357600000696,CU02701,PR003,BR003,2022-05-25,,ACTIVE,INR,48234.68,SAVINGS
AC00697,51141000000697,CU01930,PR008,BR001,2021-11-25,,ACTIVE,INR,188699.66,FIXED_DEPOSIT
AC00698,58343200000698,CU02272,PR003,BR009,2024-07-31,,DORMANT,INR,110734.27,SAVINGS
AC00699,63816700000699,CU01230,PR007,BR008,2022-12-07,,DORMANT,INR,203691.23,FIXED_DEPOSIT
AC00700,25895900000700,CU02917,PR002,BR008,2025-08-11,,DORMANT,INR,235350.42,SAVINGS
AC00701,29596200000701,CU00943,PR007,BR009,2018-08-03,,ACTIVE,INR,13.11,FIXED_DEPOSIT
AC00702,73236500000702,CU02964,PR007,BR009,2018-11-19,,ACTIVE,INR,119344.10,FIXED_DEPOSIT
AC00703,80966500000703,CU04207,PR002,BR010,2019-09-17,,ACTIVE,INR,104438.35,SAVINGS
AC00704,76466100000704,CU02548,PR005,BR004,2020-01-03,,DORMANT,INR,29561.74,CURRENT
AC00705,61231200000705,CU03028,PR002,BR005,2019-03-25,2021-04-12,CLOSED,INR,60803.24,SAVINGS
AC00706,32877800000706,CU01349,PR009,BR009,2021-04-24,,DORMANT,INR,217068.01,FIXED_DEPOSIT
AC00707,32689000000707,CU00153,PR003,BR005,2022-11-12,,DORMANT,INR,159712.21,SAVINGS
AC00708,40656700000708,CU03050,PR004,BR003,2018-10-26,2019-09-11,CLOSED,INR,157071.53,CURRENT
AC00709,64191400000709,CU02073,PR001,BR010,2022-07-31,2026-04-10,CLOSED,INR,67618.74,SAVINGS
AC00710,40082900000710,CU01427,PR002,BR004,2022-11-19,,ACTIVE,INR,109954.21,SAVINGS
AC00711,81332600000711,CU04455,PR005,BR001,2018-03-22,2023-05-24,CLOSED,INR,194624.16,CURRENT
AC00712,63136300000712,CU00773,PR008,BR005,2025-04-12,2026-08-22,CLOSED,INR,45010.84,FIXED_DEPOSIT
AC00713,17496700000713,CU00382,PR003,BR010,2018-03-07,,ACTIVE,INR,62495.71,SAVINGS
AC00714,74252400000714,CU02837,PR001,BR004,2025-07-22,,ACTIVE,INR,62409.87,SAVINGS
AC00715,14218400000715,CU02193,PR003,BR007,2023-02-18,2024-01-31,CLOSED,INR,106553.11,SAVINGS
AC00716,96647000000716,CU01888,PR008,BR007,2020-10-28,,DORMANT,INR,136962.54,FIXED_DEPOSIT
AC00717,86715300000717,CU01791,PR006,BR005,2022-05-04,2024-05-13,CLOSED,INR,178215.69,CURRENT
AC00718,37822300000718,CU00409,PR001,BR010,2020-05-03,2025-02-05,CLOSED,INR,162294.75,SAVINGS
AC00719,74238200000719,CU04751,PR009,BR003,2019-10-21,2023-09-15,CLOSED,INR,81507.06,FIXED_DEPOSIT
AC00720,59427300000720,CU02822,PR008,BR004,2019-08-06,,ACTIVE,INR,1385.35,FIXED_DEPOSIT
AC00721,20130200000721,CU02081,PR004,BR005,2019-07-02,2024-09-07,CLOSED,INR,133999.97,CURRENT
AC00722,40255200000722,CU01243,PR004,BR003,2022-07-12,,ACTIVE,INR,85011.36,CURRENT
AC00723,21396800000723,CU00861,PR005,BR007,2021-09-27,2024-05-20,CLOSED,INR,130087.78,CURRENT
AC00724,69642900000724,CU04227,PR003,BR004,2018-04-08,2018-10-26,CLOSED,INR,171628.99,SAVINGS
AC00725,49457500000725,CU01676,PR001,BR006,2023-08-07,2026-08-21,CLOSED,INR,183807.62,SAVINGS
AC00726,78596600000726,CU01110,PR008,BR010,2018-08-13,,ACTIVE,INR,13782.15,FIXED_DEPOSIT
AC00727,18109100000727,CU00544,PR008,BR001,2025-02-13,,ACTIVE,INR,197357.50,FIXED_DEPOSIT
AC00728,12867500000728,CU03878,PR007,BR008,2018-05-27,,DORMANT,INR,110297.02,FIXED_DEPOSIT
AC00729,96017900000729,CU03222,PR002,BR004,2018-07-27,,DORMANT,INR,76439.64,SAVINGS
AC00730,91346700000730,CU04145,PR006,BR007,2023-05-30,,DORMANT,INR,154184.96,CURRENT
AC00731,85001900000731,CU01610,PR005,BR010,2018-07-07,2020-08-30,CLOSED,INR,222016.91,CURRENT
AC00732,47894900000732,CU00995,PR007,BR008,2023-07-08,,DORMANT,INR,186687.03,FIXED_DEPOSIT
AC00733,94214900000733,CU02804,PR009,BR005,2023-05-02,,DORMANT,INR,179410.32,FIXED_DEPOSIT
AC00734,92182600000734,CU00794,PR004,BR010,2022-07-20,2026-08-29,CLOSED,INR,144271.14,CURRENT
AC00735,74919700000735,CU01749,PR002,BR001,2020-10-23,,DORMANT,INR,56834.96,SAVINGS
AC00736,67491200000736,CU00472,PR009,BR008,2020-06-17,,DORMANT,INR,50610.42,FIXED_DEPOSIT
AC00737,57904100000737,CU04149,PR005,BR010,2024-11-16,2026-07-24,CLOSED,INR,102848.75,CURRENT
AC00738,23795000000738,CU04447,PR009,BR007,2020-02-02,,DORMANT,INR,168591.63,FIXED_DEPOSIT
AC00739,60439400000739,CU02026,PR007,BR003,2022-09-24,2026-08-23,CLOSED,INR,212909.09,FIXED_DEPOSIT
AC00740,93307200000740,CU02480,PR008,BR009,2025-06-26,2026-08-27,CLOSED,INR,217847.88,FIXED_DEPOSIT
AC00741,25574200000741,CU01130,PR003,BR005,2023-12-20,2025-09-03,CLOSED,INR,83636.46,SAVINGS
AC00742,69376300000742,CU02763,PR002,BR007,2020-02-15,,DORMANT,INR,72824.24,SAVINGS
AC00743,56595600000743,CU02758,PR001,BR010,2019-02-23,,ACTIVE,INR,75.18,SAVINGS
AC00744,56497300000744,CU00592,PR001,BR004,2021-07-17,,ACTIVE,INR,1330.45,SAVINGS
AC00745,99578800000745,CU04104,PR001,BR006,2018-11-08,,DORMANT,INR,129940.99,SAVINGS
AC00746,75751000000746,CU00236,PR003,BR010,2023-03-08,,DORMANT,INR,85616.31,SAVINGS
AC00747,57893300000747,CU03197,PR001,BR001,2024-01-01,2026-08-20,CLOSED,INR,134656.38,SAVINGS
AC00748,27310100000748,CU01245,PR003,BR009,2024-10-12,2025-10-03,CLOSED,INR,4419.27,SAVINGS
AC00749,86287100000749,CU00219,PR001,BR009,2019-12-12,,DORMANT,INR,156916.15,SAVINGS
AC00750,67228700000750,CU03184,PR004,BR009,2020-05-01,2024-12-11,CLOSED,INR,2675.26,CURRENT
AC00751,63078200000751,CU03293,PR008,BR008,2022-12-20,2025-06-29,CLOSED,INR,121459.40,FIXED_DEPOSIT
AC00752,24725900000752,CU04976,PR002,BR010,2025-02-13,,ACTIVE,INR,0.00,SAVINGS
AC00753,55968100000753,CU00735,PR005,BR008,2023-03-10,,DORMANT,INR,231001.73,CURRENT
AC00754,80067900000754,CU04712,PR007,BR004,2022-11-22,2025-08-02,CLOSED,INR,195215.03,FIXED_DEPOSIT
AC00755,93364900000755,CU01570,PR004,BR009,2020-01-16,,DORMANT,INR,87770.24,CURRENT
AC00756,23721900000756,CU02329,PR005,BR009,2018-06-08,2021-12-27,CLOSED,INR,219814.04,CURRENT
AC00757,92402800000757,CU03019,PR009,BR002,2020-04-18,,ACTIVE,INR,7412.59,FIXED_DEPOSIT
AC00758,60596000000758,CU01292,PR002,BR001,2021-12-22,,ACTIVE,INR,78014.43,SAVINGS
AC00759,36112900000759,CU02001,PR003,BR003,2020-12-22,2024-06-18,CLOSED,INR,126639.50,SAVINGS
AC00760,36600800000760,CU02116,PR003,BR009,2023-06-14,,DORMANT,INR,144955.61,SAVINGS
AC00761,13094300000761,CU02408,PR002,BR010,2020-11-15,,ACTIVE,INR,1175.17,SAVINGS
AC00762,69718100000762,CU01982,PR005,BR003,2024-05-14,,ACTIVE,INR,2603.97,CURRENT
AC00763,17881000000763,CU03529,PR003,BR001,2018-11-10,2021-04-25,CLOSED,INR,128542.42,SAVINGS
AC00764,23383600000764,CU04445,PR001,BR004,2025-03-13,,DORMANT,INR,142419.76,SAVINGS
AC00765,65301100000765,CU04012,PR006,BR005,2022-10-19,2024-01-31,CLOSED,INR,48118.11,CURRENT
AC00766,53995300000766,CU03841,PR005,BR004,2018-05-22,,ACTIVE,INR,92720.38,CURRENT
AC00767,73659200000767,CU00194,PR008,BR006,2025-10-19,,DORMANT,INR,206084.00,FIXED_DEPOSIT
AC00768,90074500000768,CU03307,PR001,BR001,2022-05-27,2025-10-08,CLOSED,INR,11769.68,SAVINGS
AC00769,37864800000769,CU04449,PR003,BR008,2021-03-02,,ACTIVE,INR,5226.51,SAVINGS
AC00770,83401800000770,CU03608,PR001,BR009,2020-09-13,,DORMANT,INR,100227.36,SAVINGS
AC00771,59751300000771,CU00046,PR007,BR005,2023-02-27,,DORMANT,INR,224433.56,FIXED_DEPOSIT
AC00772,11596300000772,CU01237,PR001,BR010,2019-04-07,2023-03-17,CLOSED,INR,199017.66,SAVINGS
AC00773,81334100000773,CU00687,PR009,BR009,2021-08-05,2026-08-23,CLOSED,INR,135107.03,FIXED_DEPOSIT
AC00774,29543200000774,CU01074,PR007,BR002,2023-02-20,,ACTIVE,INR,98281.92,FIXED_DEPOSIT
AC00775,62279900000775,CU03104,PR008,BR008,2024-05-01,,ACTIVE,INR,3.01,FIXED_DEPOSIT
AC00776,61931900000776,CU02600,PR005,BR008,2020-07-23,,DORMANT,INR,218084.73,CURRENT
AC00777,95488900000777,CU02766,PR007,BR008,2019-11-16,,ACTIVE,INR,46959.33,FIXED_DEPOSIT
AC00778,17307100000778,CU04380,PR005,BR010,2023-01-14,,ACTIVE,INR,5287.54,CURRENT
AC00779,35853800000779,CU04691,PR004,BR009,2025-05-22,,DORMANT,INR,160194.23,CURRENT
AC00780,12857000000780,CU03045,PR003,BR005,2021-04-03,,ACTIVE,INR,40822.62,SAVINGS
AC00781,25012000000781,CU03140,PR009,BR002,2022-09-17,,DORMANT,INR,36081.87,FIXED_DEPOSIT
AC00782,49634200000782,CU03208,PR007,BR010,2023-05-19,,ACTIVE,INR,11.54,FIXED_DEPOSIT
AC00783,61390600000783,CU00002,PR001,BR001,2020-06-17,2023-11-14,CLOSED,INR,129522.93,SAVINGS
AC00784,47212700000784,CU04134,PR007,BR007,2018-05-03,,DORMANT,INR,231852.56,FIXED_DEPOSIT
AC00785,29126300000785,CU01721,PR008,BR010,2020-05-09,,DORMANT,INR,36493.79,FIXED_DEPOSIT
AC00786,81735600000786,CU02283,PR009,BR002,2021-05-23,,ACTIVE,INR,6458.13,FIXED_DEPOSIT
AC00787,74148700000787,CU00912,PR003,BR010,2024-01-29,2026-08-20,CLOSED,INR,210028.94,SAVINGS
AC00788,89327800000788,CU00465,PR004,BR004,2024-07-31,2026-08-29,CLOSED,INR,31062.25,CURRENT
AC00789,26934500000789,CU02523,PR003,BR001,2023-03-01,,DORMANT,INR,4768.75,SAVINGS
AC00790,28217600000790,CU04511,PR006,BR004,2021-05-15,2022-02-26,CLOSED,INR,47793.77,CURRENT
AC00791,31231300000791,CU02382,PR002,BR006,2021-01-10,2024-02-27,CLOSED,INR,82540.66,SAVINGS
AC00792,43504300000792,CU04879,PR006,BR003,2023-03-02,,ACTIVE,INR,2785.96,CURRENT
AC00793,24896300000793,CU02563,PR006,BR003,2021-07-14,,DORMANT,INR,169579.65,CURRENT
AC00794,15932700000794,CU01682,PR002,BR008,2019-08-31,,DORMANT,INR,220380.23,SAVINGS
AC00795,93752800000795,CU03530,PR004,BR005,2018-02-19,2019-07-03,CLOSED,INR,32857.95,CURRENT
AC00796,25244500000796,CU03605,PR001,BR004,2025-07-17,2026-08-20,CLOSED,INR,42522.59,SAVINGS
AC00797,13984000000797,CU01308,PR004,BR009,2019-04-24,,DORMANT,INR,225689.95,CURRENT
AC00798,45993500000798,CU00473,PR004,BR008,2022-02-16,2024-07-28,CLOSED,INR,29461.99,CURRENT
AC00799,52485200000799,CU02212,PR004,BR003,2018-05-29,,ACTIVE,INR,47635.33,CURRENT
AC00800,18826700000800,CU03459,PR002,BR008,2023-10-09,,ACTIVE,INR,53256.02,SAVINGS
AC00801,65735900000801,CU00074,PR004,BR002,2023-11-06,,DORMANT,INR,43845.39,CURRENT
AC00802,95903300000802,CU01830,PR009,BR007,2019-11-17,,ACTIVE,INR,14772.74,FIXED_DEPOSIT
AC00803,31212500000803,CU04639,PR008,BR008,2021-08-27,,DORMANT,INR,55069.09,FIXED_DEPOSIT
AC00804,80825600000804,CU04504,PR004,BR010,2018-12-27,,ACTIVE,INR,311.16,CURRENT
AC00805,35232600000805,CU01885,PR007,BR010,2019-06-24,,DORMANT,INR,99187.92,FIXED_DEPOSIT
AC00806,99438600000806,CU02715,PR003,BR003,2021-01-02,2024-12-23,CLOSED,INR,127415.46,SAVINGS
AC00807,58485200000807,CU00626,PR002,BR003,2018-03-15,,ACTIVE,INR,16791.48,SAVINGS
AC00808,54974800000808,CU00195,PR005,BR009,2025-07-11,,ACTIVE,INR,71403.73,CURRENT
AC00809,47387600000809,CU02166,PR005,BR009,2023-02-07,,DORMANT,INR,235842.78,CURRENT
AC00810,28755300000810,CU00774,PR007,BR010,2019-03-09,,DORMANT,INR,112210.11,FIXED_DEPOSIT
AC00811,23164900000811,CU04381,PR009,BR004,2025-01-11,2026-08-26,CLOSED,INR,156100.42,FIXED_DEPOSIT
AC00812,68574000000812,CU01482,PR009,BR001,2024-02-12,2026-08-20,CLOSED,INR,70686.60,FIXED_DEPOSIT
AC00813,83213900000813,CU01855,PR006,BR002,2025-05-31,,ACTIVE,INR,9036.23,CURRENT
AC00814,13073600000814,CU04463,PR003,BR004,2025-10-16,,DORMANT,INR,81281.67,SAVINGS
AC00815,83268200000815,CU02104,PR009,BR010,2018-03-01,,DORMANT,INR,128090.05,FIXED_DEPOSIT
AC00816,15453700000816,CU01117,PR001,BR001,2022-05-20,2023-03-13,CLOSED,INR,196830.74,SAVINGS
AC00817,32147800000817,CU00901,PR001,BR006,2024-04-28,2024-11-19,CLOSED,INR,23303.91,SAVINGS
AC00818,17006500000818,CU03299,PR009,BR006,2024-06-14,,DORMANT,INR,3913.55,FIXED_DEPOSIT
AC00819,89502700000819,CU01665,PR007,BR008,2020-06-30,,DORMANT,INR,71967.32,FIXED_DEPOSIT
AC00820,36627400000820,CU00775,PR009,BR006,2025-11-20,,ACTIVE,INR,83103.03,FIXED_DEPOSIT
AC00821,45878600000821,CU01711,PR005,BR001,2025-12-06,,ACTIVE,INR,30.34,CURRENT
AC00822,80902600000822,CU01531,PR004,BR004,2019-08-22,2024-05-08,CLOSED,INR,93200.57,CURRENT
AC00823,79569900000823,CU01049,PR007,BR007,2025-05-23,,DORMANT,INR,232171.30,FIXED_DEPOSIT
AC00824,56006100000824,CU00231,PR005,BR003,2021-06-18,,ACTIVE,INR,10381.54,CURRENT
AC00825,65530200000825,CU01538,PR009,BR006,2021-04-09,2024-07-22,CLOSED,INR,239105.02,FIXED_DEPOSIT
AC00826,62191900000826,CU01285,PR002,BR009,2025-06-21,,ACTIVE,INR,60959.63,SAVINGS
AC00827,83218100000827,CU03663,PR003,BR008,2018-04-18,,ACTIVE,INR,0.00,SAVINGS
AC00828,22908600000828,CU02592,PR009,BR005,2020-01-31,,ACTIVE,INR,126346.19,FIXED_DEPOSIT
AC00829,97865200000829,CU04341,PR007,BR009,2018-09-09,,DORMANT,INR,174780.33,FIXED_DEPOSIT
AC00830,13025900000830,CU00353,PR005,BR005,2023-04-09,,DORMANT,INR,216395.24,CURRENT
AC00831,42500000000831,CU03418,PR007,BR001,2020-08-02,2024-03-19,CLOSED,INR,24306.82,FIXED_DEPOSIT
AC00832,19057000000832,CU01560,PR002,BR004,2024-08-23,,DORMANT,INR,166033.89,SAVINGS
AC00833,68324000000833,CU04624,PR006,BR003,2018-02-06,2020-10-12,CLOSED,INR,227270.38,CURRENT
AC00834,90424200000834,CU02402,PR009,BR009,2020-06-10,,DORMANT,INR,124078.22,FIXED_DEPOSIT
AC00835,41577900000835,CU01388,PR006,BR010,2025-02-02,,ACTIVE,INR,972.75,CURRENT
AC00836,94445000000836,CU00053,PR004,BR010,2022-04-10,,ACTIVE,INR,89964.40,CURRENT
AC00837,44091400000837,CU00433,PR002,BR006,2023-09-02,,ACTIVE,INR,22577.75,SAVINGS
AC00838,72419400000838,CU01718,PR005,BR006,2024-12-26,2026-08-21,CLOSED,INR,124088.71,CURRENT
AC00839,86193200000839,CU02458,PR002,BR010,2022-07-21,2025-07-03,CLOSED,INR,38594.51,SAVINGS
AC00840,22984100000840,CU01701,PR004,BR001,2025-04-27,,ACTIVE,INR,2275.85,CURRENT
AC00841,58370900000841,CU02257,PR004,BR006,2022-10-23,2026-03-11,CLOSED,INR,111514.74,CURRENT
AC00842,76608600000842,CU01602,PR005,BR001,2022-09-04,2024-07-06,CLOSED,INR,232411.84,CURRENT
AC00843,81488700000843,CU03735,PR006,BR003,2022-05-20,,ACTIVE,INR,59152.15,CURRENT
AC00844,23041400000844,CU03138,PR006,BR006,2023-12-20,,ACTIVE,INR,6293.50,CURRENT
AC00845,20409300000845,CU00302,PR004,BR009,2020-10-23,,DORMANT,INR,140561.42,CURRENT
AC00846,46173700000846,CU02284,PR002,BR006,2022-04-03,,ACTIVE,INR,100785.35,SAVINGS
AC00847,11164900000847,CU01898,PR004,BR007,2018-05-18,,DORMANT,INR,202009.59,CURRENT
AC00848,33730600000848,CU00655,PR008,BR010,2021-06-22,,DORMANT,INR,207690.21,FIXED_DEPOSIT
AC00849,83176700000849,CU02462,PR004,BR004,2022-08-17,2023-09-16,CLOSED,INR,201079.86,CURRENT
AC00850,49717200000850,CU02330,PR007,BR010,2022-03-05,,ACTIVE,INR,178293.94,FIXED_DEPOSIT
AC00851,15737100000851,CU00290,PR006,BR006,2025-12-17,2026-08-27,CLOSED,INR,45667.91,CURRENT
AC00852,36034600000852,CU00990,PR007,BR005,2024-07-22,,DORMANT,INR,65669.57,FIXED_DEPOSIT
AC00853,53601700000853,CU00714,PR006,BR003,2022-06-18,2025-11-06,CLOSED,INR,119208.85,CURRENT
AC00854,63906900000854,CU04200,PR008,BR006,2019-06-18,,ACTIVE,INR,3278.00,FIXED_DEPOSIT
AC00855,48484800000855,CU00984,PR007,BR003,2019-08-02,,DORMANT,INR,71375.10,FIXED_DEPOSIT
AC00856,74371200000856,CU02640,PR003,BR009,2019-11-05,,DORMANT,INR,215331.28,SAVINGS
AC00857,94398300000857,CU00575,PR008,BR003,2018-07-02,,ACTIVE,INR,110483.96,FIXED_DEPOSIT
AC00858,66515200000858,CU04212,PR006,BR003,2021-08-08,,DORMANT,INR,138408.46,CURRENT
AC00859,90110300000859,CU03828,PR004,BR006,2023-12-30,2025-01-19,CLOSED,INR,165925.77,CURRENT
AC00860,31238700000860,CU02639,PR003,BR004,2025-09-30,2026-08-27,CLOSED,INR,58478.76,SAVINGS
AC00861,46479900000861,CU01558,PR008,BR005,2024-09-10,,DORMANT,INR,13690.18,FIXED_DEPOSIT
AC00862,89850800000862,CU01679,PR009,BR003,2024-10-26,,DORMANT,INR,194550.21,FIXED_DEPOSIT
AC00863,52193200000863,CU01865,PR004,BR008,2021-08-02,,ACTIVE,INR,76367.23,CURRENT
AC00864,14637100000864,CU02974,PR009,BR005,2018-02-17,2022-06-09,CLOSED,INR,22697.76,FIXED_DEPOSIT
AC00865,40991800000865,CU03210,PR004,BR010,2023-10-08,2026-08-20,CLOSED,INR,185211.81,CURRENT
AC00866,68298000000866,CU00982,PR007,BR007,2022-10-28,,ACTIVE,INR,23531.65,FIXED_DEPOSIT
AC00867,94236100000867,CU03600,PR006,BR001,2024-04-25,,DORMANT,INR,56439.14,CURRENT
AC00868,31781700000868,CU01625,PR001,BR005,2019-06-14,,ACTIVE,INR,11609.97,SAVINGS
AC00869,59288100000869,CU00613,PR007,BR006,2025-12-24,,ACTIVE,INR,72603.44,FIXED_DEPOSIT
AC00870,73057400000870,CU03587,PR003,BR003,2022-04-19,,ACTIVE,INR,92039.60,SAVINGS
AC00871,66160500000871,CU02887,PR007,BR007,2021-11-20,,DORMANT,INR,45604.09,FIXED_DEPOSIT
AC00872,81180300000872,CU02186,PR004,BR006,2023-07-19,,DORMANT,INR,227438.71,CURRENT
AC00873,15214000000873,CU00596,PR006,BR003,2021-04-01,2023-01-13,CLOSED,INR,115677.95,CURRENT
AC00874,86193700000874,CU02263,PR005,BR004,2019-09-23,,DORMANT,INR,198186.59,CURRENT
AC00875,43656900000875,CU03314,PR003,BR007,2019-11-23,,DORMANT,INR,112684.90,SAVINGS
AC00876,20798200000876,CU04798,PR009,BR010,2021-10-15,,DORMANT,INR,34638.07,FIXED_DEPOSIT
AC00877,84970000000877,CU02379,PR005,BR001,2018-09-21,,ACTIVE,INR,35.05,CURRENT
AC00878,96034500000878,CU03877,PR005,BR009,2019-07-11,2020-08-19,CLOSED,INR,85755.77,CURRENT
AC00879,39883700000879,CU04533,PR002,BR006,2018-12-10,2019-07-27,CLOSED,INR,59177.46,SAVINGS
AC00880,90426100000880,CU03232,PR001,BR008,2018-07-01,2019-08-03,CLOSED,INR,122070.81,SAVINGS
AC00881,11019700000881,CU04525,PR004,BR007,2025-01-14,2026-08-27,CLOSED,INR,28673.63,CURRENT
AC00882,76051300000882,CU00456,PR003,BR001,2025-10-12,,ACTIVE,INR,2484.00,SAVINGS
AC00883,63592000000883,CU04052,PR008,BR010,2023-08-13,2026-08-25,CLOSED,INR,153930.92,FIXED_DEPOSIT
AC00884,53831600000884,CU03038,PR006,BR004,2019-08-06,,DORMANT,INR,200596.86,CURRENT
AC00885,94686200000885,CU03386,PR003,BR005,2025-07-08,,ACTIVE,INR,9741.34,SAVINGS
AC00886,11864400000886,CU01743,PR004,BR007,2021-11-25,,DORMANT,INR,206433.05,CURRENT
AC00887,26232400000887,CU01520,PR001,BR006,2018-05-23,2022-02-20,CLOSED,INR,42842.40,SAVINGS
AC00888,61136500000888,CU02809,PR007,BR008,2025-05-01,2026-08-28,CLOSED,INR,112839.48,FIXED_DEPOSIT
AC00889,19289400000889,CU01724,PR003,BR004,2018-05-07,,DORMANT,INR,192350.54,SAVINGS
AC00890,49785600000890,CU03504,PR006,BR001,2024-12-02,,DORMANT,INR,88737.42,CURRENT
AC00891,27930200000891,CU02054,PR002,BR002,2023-12-13,,DORMANT,INR,183456.09,SAVINGS
AC00892,57294100000892,CU04329,PR004,BR007,2025-02-01,2026-08-26,CLOSED,INR,212255.49,CURRENT
AC00893,15266800000893,CU04265,PR004,BR004,2024-07-06,2026-08-28,CLOSED,INR,110638.44,CURRENT
AC00894,53615000000894,CU04557,PR004,BR005,2023-12-17,,ACTIVE,INR,136151.29,CURRENT
AC00895,94013500000895,CU01099,PR004,BR001,2024-09-25,2026-08-23,CLOSED,INR,31026.72,CURRENT
AC00896,33476700000896,CU01596,PR006,BR009,2019-06-05,2020-04-26,CLOSED,INR,40841.89,CURRENT
AC00897,91222600000897,CU00345,PR004,BR002,2019-05-19,,DORMANT,INR,210211.70,CURRENT
AC00898,12846500000898,CU04904,PR008,BR007,2023-11-08,,DORMANT,INR,64979.07,FIXED_DEPOSIT
AC00899,54820200000899,CU02009,PR007,BR008,2019-09-06,2020-06-06,CLOSED,INR,190592.11,FIXED_DEPOSIT
AC00900,32020800000900,CU04310,PR002,BR002,2025-10-28,,DORMANT,INR,181265.25,SAVINGS
AC00901,14126400000901,CU03112,PR003,BR003,2019-10-20,,DORMANT,INR,249403.18,SAVINGS
AC00902,56735700000902,CU00488,PR005,BR007,2018-02-17,,ACTIVE,INR,41080.84,CURRENT
AC00903,45756200000903,CU02753,PR005,BR002,2023-09-20,2026-08-28,CLOSED,INR,141692.95,CURRENT
AC00904,54639900000904,CU02756,PR008,BR009,2020-03-04,2020-10-14,CLOSED,INR,106662.33,FIXED_DEPOSIT
AC00905,65650400000905,CU04211,PR003,BR006,2024-09-03,,ACTIVE,INR,1461.14,SAVINGS
AC00906,48740100000906,CU02880,PR008,BR005,2019-04-18,,ACTIVE,INR,156395.56,FIXED_DEPOSIT
AC00907,14245400000907,CU01418,PR001,BR001,2022-07-18,,ACTIVE,INR,59727.97,SAVINGS
AC00908,44782900000908,CU00957,PR003,BR002,2022-09-10,,DORMANT,INR,56788.03,SAVINGS
AC00909,26383100000909,CU03023,PR002,BR005,2020-05-16,,ACTIVE,INR,128477.36,SAVINGS
AC00910,52435900000910,CU00703,PR001,BR008,2025-05-30,2026-08-23,CLOSED,INR,165253.99,SAVINGS
AC00911,97301900000911,CU02233,PR008,BR008,2023-05-17,,DORMANT,INR,183230.74,FIXED_DEPOSIT
AC00912,40163000000912,CU02234,PR005,BR001,2023-11-22,2026-08-24,CLOSED,INR,186419.30,CURRENT
AC00913,90203500000913,CU02629,PR009,BR004,2018-12-07,2023-01-23,CLOSED,INR,239704.42,FIXED_DEPOSIT
AC00914,86673000000914,CU03414,PR007,BR001,2025-10-28,,ACTIVE,INR,48491.75,FIXED_DEPOSIT
AC00915,69421600000915,CU00256,PR007,BR008,2025-05-09,2026-08-29,CLOSED,INR,217805.82,FIXED_DEPOSIT
AC00916,54857800000916,CU03703,PR004,BR002,2018-05-19,2022-05-10,CLOSED,INR,149935.22,CURRENT
AC00917,43920400000917,CU00121,PR003,BR006,2025-12-23,,ACTIVE,INR,570.97,SAVINGS
AC00918,84394000000918,CU04416,PR005,BR001,2018-12-27,2023-09-08,CLOSED,INR,68940.35,CURRENT
AC00919,44205900000919,CU01030,PR002,BR008,2023-11-04,,DORMANT,INR,226283.83,SAVINGS
AC00920,76352800000920,CU03978,PR009,BR006,2024-04-04,,ACTIVE,INR,177118.53,FIXED_DEPOSIT
AC00921,92182500000921,CU03656,PR005,BR009,2023-12-09,2024-10-08,CLOSED,INR,100996.66,CURRENT
AC00922,77320600000922,CU05000,PR005,BR006,2024-09-04,,ACTIVE,INR,117274.73,CURRENT
AC00923,97293100000923,CU03641,PR004,BR006,2018-10-02,2020-05-01,CLOSED,INR,198306.84,CURRENT
AC00924,34144500000924,CU02686,PR001,BR006,2023-02-04,,DORMANT,INR,212320.86,SAVINGS
AC00925,70434500000925,CU01299,PR008,BR004,2022-07-04,,DORMANT,INR,118605.91,FIXED_DEPOSIT
AC00926,23020300000926,CU03227,PR009,BR010,2022-03-01,2026-08-29,CLOSED,INR,107587.97,FIXED_DEPOSIT
AC00927,73107700000927,CU01524,PR002,BR005,2024-10-04,2026-08-23,CLOSED,INR,149410.37,SAVINGS
AC00928,54593700000928,CU02158,PR009,BR005,2023-07-06,,ACTIVE,INR,43415.21,FIXED_DEPOSIT
AC00929,36194500000929,CU03562,PR001,BR010,2022-11-17,,DORMANT,INR,133990.80,SAVINGS
AC00930,54370900000930,CU02277,PR005,BR006,2023-05-29,,ACTIVE,INR,2315.71,CURRENT
AC00931,63486100000931,CU03646,PR001,BR006,2020-10-22,2023-05-19,CLOSED,INR,14957.05,SAVINGS
AC00932,63477700000932,CU00856,PR005,BR006,2020-10-01,,ACTIVE,INR,4937.90,CURRENT
AC00933,35464100000933,CU04717,PR001,BR003,2020-08-20,,ACTIVE,INR,126158.81,SAVINGS
AC00934,33369500000934,CU01429,PR005,BR001,2025-06-21,,ACTIVE,INR,152008.97,CURRENT
AC00935,17866900000935,CU00570,PR008,BR001,2025-02-28,,ACTIVE,INR,23316.69,FIXED_DEPOSIT
AC00936,53193900000936,CU02038,PR008,BR009,2020-03-25,,ACTIVE,INR,18.14,FIXED_DEPOSIT
AC00937,53183500000937,CU00294,PR003,BR009,2022-04-03,2026-08-29,CLOSED,INR,188719.38,SAVINGS
AC00938,72272200000938,CU01288,PR003,BR004,2021-05-24,,DORMANT,INR,72751.20,SAVINGS
AC00939,37391000000939,CU00461,PR003,BR003,2018-11-08,2024-04-11,CLOSED,INR,92017.39,SAVINGS
AC00940,24538300000940,CU02770,PR002,BR001,2024-05-11,,ACTIVE,INR,281563.91,SAVINGS
AC00941,32572200000941,CU00657,PR001,BR001,2018-07-07,2023-03-24,CLOSED,INR,238418.88,SAVINGS
AC00942,82435100000942,CU04199,PR008,BR003,2025-01-21,,DORMANT,INR,2858.54,FIXED_DEPOSIT
AC00943,35831400000943,CU04399,PR005,BR002,2025-05-17,2026-08-25,CLOSED,INR,164665.11,CURRENT
AC00944,54179700000944,CU04174,PR008,BR002,2025-07-15,,DORMANT,INR,171782.35,FIXED_DEPOSIT
AC00945,69338200000945,CU00702,PR003,BR002,2022-06-12,,DORMANT,INR,203247.63,SAVINGS
AC00946,43258100000946,CU03675,PR008,BR007,2025-08-23,,ACTIVE,INR,17269.46,FIXED_DEPOSIT
AC00947,12215400000947,CU03225,PR006,BR005,2019-07-15,2023-03-13,CLOSED,INR,192862.67,CURRENT
AC00948,13968200000948,CU02835,PR004,BR005,2018-08-04,,DORMANT,INR,2211.85,CURRENT
AC00949,81396200000949,CU04373,PR009,BR010,2020-12-27,,DORMANT,INR,68460.31,FIXED_DEPOSIT
AC00950,25246700000950,CU02591,PR006,BR006,2025-08-24,,DORMANT,INR,37922.43,CURRENT
AC00951,33674300000951,CU00593,PR005,BR003,2019-05-11,2024-06-04,CLOSED,INR,148010.57,CURRENT
AC00952,45272200000952,CU00060,PR005,BR002,2025-02-06,,ACTIVE,INR,33034.59,CURRENT
AC00953,63134800000953,CU04926,PR002,BR002,2023-05-23,,DORMANT,INR,131364.50,SAVINGS
AC00954,20415900000954,CU04421,PR006,BR004,2024-10-26,,ACTIVE,INR,70681.23,CURRENT
AC00955,69834600000955,CU03231,PR004,BR004,2025-02-20,,ACTIVE,INR,85612.24,CURRENT
AC00956,33919200000956,CU01675,PR009,BR010,2023-10-09,2026-08-25,CLOSED,INR,170710.71,FIXED_DEPOSIT
AC00957,20354600000957,CU00858,PR002,BR006,2018-10-25,,ACTIVE,INR,57962.43,SAVINGS
AC00958,35124900000958,CU03739,PR007,BR008,2025-09-22,,DORMANT,INR,129561.95,FIXED_DEPOSIT
AC00959,25814300000959,CU02700,PR002,BR005,2021-05-09,,DORMANT,INR,210747.48,SAVINGS
AC00960,26648500000960,CU00312,PR008,BR008,2025-10-06,2026-08-27,CLOSED,INR,48549.77,FIXED_DEPOSIT
AC00961,62053900000961,CU03908,PR001,BR009,2024-02-19,,DORMANT,INR,192578.05,SAVINGS
AC00962,22274800000962,CU00671,PR005,BR008,2023-01-25,,ACTIVE,INR,848.74,CURRENT
AC00963,87403700000963,CU03285,PR006,BR006,2018-08-05,2023-10-22,CLOSED,INR,180821.32,CURRENT
AC00964,49647300000964,CU01247,PR008,BR006,2025-07-26,2026-08-20,CLOSED,INR,223118.49,FIXED_DEPOSIT
AC00965,90728700000965,CU02941,PR004,BR007,2020-03-24,,DORMANT,INR,140979.19,CURRENT
AC00966,83003600000966,CU03979,PR009,BR005,2023-11-11,,DORMANT,INR,44501.84,FIXED_DEPOSIT
AC00967,35322700000967,CU04305,PR004,BR009,2018-10-09,,ACTIVE,INR,62843.30,CURRENT
AC00968,77682300000968,CU02469,PR007,BR010,2019-03-22,,ACTIVE,INR,120782.38,FIXED_DEPOSIT
AC00969,92013800000969,CU02869,PR009,BR010,2020-01-16,,DORMANT,INR,121090.86,FIXED_DEPOSIT
AC00970,93244900000970,CU00358,PR004,BR004,2023-04-23,,DORMANT,INR,146343.15,CURRENT
AC00971,30657800000971,CU04215,PR009,BR009,2025-03-24,,DORMANT,INR,176528.92,FIXED_DEPOSIT
AC00972,33371700000972,CU03370,PR009,BR004,2018-08-15,,DORMANT,INR,27156.12,FIXED_DEPOSIT
AC00973,27488300000973,CU04345,PR004,BR005,2021-05-25,,ACTIVE,INR,25249.05,CURRENT
AC00974,95940100000974,CU04086,PR006,BR004,2018-04-11,,DORMANT,INR,223660.21,CURRENT
AC00975,17653600000975,CU03001,PR005,BR003,2022-10-24,,ACTIVE,INR,97178.89,CURRENT
AC00976,61787700000976,CU02669,PR007,BR008,2019-06-20,2024-03-18,CLOSED,INR,96241.67,FIXED_DEPOSIT
AC00977,29224600000977,CU04571,PR008,BR010,2018-04-06,,DORMANT,INR,70903.68,FIXED_DEPOSIT
AC00978,75377000000978,CU01298,PR001,BR008,2018-05-08,,ACTIVE,INR,84329.33,SAVINGS
AC00979,42465100000979,CU01062,PR004,BR003,2019-09-23,,ACTIVE,INR,125254.89,CURRENT
AC00980,47704900000980,CU03113,PR004,BR003,2023-08-24,,DORMANT,INR,89983.02,CURRENT
AC00981,36107700000981,CU04854,PR005,BR003,2024-11-20,,DORMANT,INR,81741.37,CURRENT
AC00982,32621000000982,CU03560,PR003,BR009,2025-05-15,2026-08-23,CLOSED,INR,63879.37,SAVINGS
AC00983,55021000000983,CU01604,PR008,BR007,2019-01-29,2022-10-06,CLOSED,INR,181274.39,FIXED_DEPOSIT
AC00984,16078300000984,CU02986,PR001,BR006,2025-10-24,,ACTIVE,INR,25111.07,SAVINGS
AC00985,86877400000985,CU00234,PR007,BR004,2018-01-19,2022-10-05,CLOSED,INR,49444.67,FIXED_DEPOSIT
AC00986,90927800000986,CU04242,PR004,BR008,2024-02-22,,DORMANT,INR,63335.41,CURRENT
AC00987,93847000000987,CU01204,PR007,BR001,2020-06-19,,DORMANT,INR,157772.73,FIXED_DEPOSIT
AC00988,47072500000988,CU00324,PR006,BR002,2021-01-15,,ACTIVE,INR,89631.21,CURRENT
AC00989,21979400000989,CU01316,PR003,BR007,2023-04-09,2026-08-26,CLOSED,INR,194905.42,SAVINGS
AC00990,34387400000990,CU01594,PR001,BR004,2022-06-01,,DORMANT,INR,144614.61,SAVINGS
AC00991,64007600000991,CU04135,PR001,BR006,2023-12-25,,ACTIVE,INR,12844.61,SAVINGS
AC00992,11760800000992,CU00477,PR007,BR008,2025-07-14,,DORMANT,INR,35907.34,FIXED_DEPOSIT
AC00993,49295800000993,CU02934,PR001,BR010,2023-11-06,,ACTIVE,INR,85049.94,SAVINGS
AC00994,76352500000994,CU04918,PR006,BR006,2023-07-17,,ACTIVE,INR,529.94,CURRENT
AC00995,20492200000995,CU02427,PR006,BR003,2021-12-29,2026-08-21,CLOSED,INR,216964.47,CURRENT
AC00996,97653000000996,CU03586,PR001,BR008,2024-08-11,,ACTIVE,INR,26273.26,SAVINGS
AC00997,59168500000997,CU02276,PR007,BR002,2024-10-04,,DORMANT,INR,194554.53,FIXED_DEPOSIT
AC00998,16610300000998,CU02776,PR008,BR009,2023-09-30,2026-04-09,CLOSED,INR,248276.38,FIXED_DEPOSIT
AC00999,91403800000999,CU00974,PR006,BR002,2018-12-04,,DORMANT,INR,177390.64,CURRENT
AC01000,21070900001000,CU01880,PR002,BR008,2022-06-21,,DORMANT,INR,169659.65,SAVINGS
AC01001,72810700001001,CU04831,PR007,BR005,2019-11-25,,DORMANT,INR,67474.44,FIXED_DEPOSIT
AC01002,97825800001002,CU03602,PR006,BR003,2020-03-27,,ACTIVE,INR,175755.93,CURRENT
AC01003,41941800001003,CU03344,PR009,BR008,2022-06-12,2025-06-05,CLOSED,INR,135158.81,FIXED_DEPOSIT
AC01004,92738700001004,CU00751,PR008,BR004,2022-03-15,2022-09-15,CLOSED,INR,28957.70,FIXED_DEPOSIT
AC01005,21182600001005,CU00650,PR007,BR007,2021-06-02,,ACTIVE,INR,87866.04,FIXED_DEPOSIT
AC01006,48943700001006,CU03263,PR002,BR001,2022-08-01,,ACTIVE,INR,63179.22,SAVINGS
AC01007,67983300001007,CU03173,PR003,BR003,2019-03-03,2021-05-23,CLOSED,INR,216273.38,SAVINGS
AC01008,71677900001008,CU02436,PR007,BR002,2018-10-02,,ACTIVE,INR,154596.91,FIXED_DEPOSIT
AC01009,58447900001009,CU00605,PR001,BR008,2020-10-26,2021-11-29,CLOSED,INR,85613.15,SAVINGS
AC01010,52522300001010,CU04601,PR006,BR006,2023-11-13,,ACTIVE,INR,104633.10,CURRENT
AC01011,34910600001011,CU02020,PR002,BR003,2022-03-04,,ACTIVE,INR,94106.27,SAVINGS
AC01012,64267800001012,CU00398,PR006,BR010,2023-09-19,2026-05-15,CLOSED,INR,66287.74,CURRENT
AC01013,17100500001013,CU02091,PR004,BR002,2024-03-24,,ACTIVE,INR,50075.23,CURRENT
AC01014,47286300001014,CU04559,PR001,BR003,2018-01-17,2019-09-27,CLOSED,INR,189156.97,SAVINGS
AC01015,46755600001015,CU02391,PR002,BR004,2018-08-23,2023-10-28,CLOSED,INR,224035.40,SAVINGS
AC01016,65023400001016,CU02815,PR007,BR008,2022-12-19,2026-08-20,CLOSED,INR,117091.55,FIXED_DEPOSIT
AC01017,46915600001017,CU00832,PR008,BR009,2025-06-27,,DORMANT,INR,130967.00,FIXED_DEPOSIT
AC01018,69741700001018,CU02664,PR006,BR004,2020-09-14,,ACTIVE,INR,6045.70,CURRENT
AC01019,97029300001019,CU02102,PR003,BR009,2018-07-24,,DORMANT,INR,123754.37,SAVINGS
AC01020,63257400001020,CU00088,PR003,BR008,2022-12-27,,ACTIVE,INR,54343.90,SAVINGS
AC01021,51321800001021,CU04584,PR001,BR001,2021-07-20,,ACTIVE,INR,169927.15,SAVINGS
AC01022,10421100001022,CU04928,PR009,BR008,2020-03-14,,DORMANT,INR,108186.94,FIXED_DEPOSIT
AC01023,93793000001023,CU02989,PR002,BR002,2024-04-12,,ACTIVE,INR,19700.53,SAVINGS
AC01024,17999300001024,CU01419,PR004,BR004,2022-11-26,,ACTIVE,INR,5190.87,CURRENT
AC01025,91882100001025,CU04561,PR009,BR008,2024-02-08,2026-08-26,CLOSED,INR,56652.91,FIXED_DEPOSIT
AC01026,46350200001026,CU04826,PR007,BR010,2022-11-12,,ACTIVE,INR,69536.82,FIXED_DEPOSIT
AC01027,82048500001027,CU00750,PR001,BR004,2024-12-18,,DORMANT,INR,118504.39,SAVINGS
AC01028,37762300001028,CU04608,PR006,BR004,2024-05-21,,ACTIVE,INR,11182.43,CURRENT
AC01029,69794300001029,CU03653,PR005,BR008,2019-09-23,2020-04-05,CLOSED,INR,102843.82,CURRENT
AC01030,76642700001030,CU02025,PR009,BR009,2024-11-14,2026-08-21,CLOSED,INR,147280.81,FIXED_DEPOSIT
AC01031,32190600001031,CU04291,PR003,BR007,2020-01-30,2025-02-21,CLOSED,INR,199612.24,SAVINGS
AC01032,69150100001032,CU04885,PR002,BR003,2019-06-22,2024-02-12,CLOSED,INR,24636.62,SAVINGS
AC01033,96517800001033,CU03624,PR006,BR010,2022-04-15,2023-08-07,CLOSED,INR,220842.93,CURRENT
AC01034,35668500001034,CU04970,PR004,BR002,2021-01-20,,DORMANT,INR,21348.38,CURRENT
AC01035,31362400001035,CU00242,PR001,BR005,2022-08-19,,ACTIVE,INR,8753.34,SAVINGS
AC01036,54862800001036,CU04406,PR009,BR001,2020-09-04,2022-03-26,CLOSED,INR,89970.44,FIXED_DEPOSIT
AC01037,52832200001037,CU03352,PR005,BR002,2021-08-28,,ACTIVE,INR,3765.53,CURRENT
AC01038,65833300001038,CU04988,PR009,BR010,2019-11-06,,ACTIVE,INR,110899.21,FIXED_DEPOSIT
AC01039,39874300001039,CU02660,PR004,BR003,2023-01-02,,DORMANT,INR,59260.75,CURRENT
AC01040,84550300001040,CU01842,PR005,BR006,2023-09-18,2026-05-29,CLOSED,INR,36796.84,CURRENT
AC01041,41649000001041,CU00927,PR007,BR002,2020-03-25,,DORMANT,INR,107744.44,FIXED_DEPOSIT
AC01042,86737200001042,CU04189,PR002,BR002,2025-11-23,2026-08-29,CLOSED,INR,155517.52,SAVINGS
AC01043,24791500001043,CU01871,PR005,BR007,2018-09-02,2021-11-18,CLOSED,INR,220343.07,CURRENT
AC01044,93434100001044,CU02876,PR001,BR007,2023-07-03,,ACTIVE,INR,13.19,SAVINGS
AC01045,91834500001045,CU00484,PR007,BR008,2019-07-27,,ACTIVE,INR,58475.16,FIXED_DEPOSIT
AC01046,32819600001046,CU02089,PR009,BR005,2023-10-22,,DORMANT,INR,58993.65,FIXED_DEPOSIT
AC01047,21967600001047,CU00059,PR004,BR001,2023-02-22,2026-08-29,CLOSED,INR,152062.17,CURRENT
AC01048,34479900001048,CU00018,PR008,BR006,2024-03-02,2026-08-29,CLOSED,INR,36667.13,FIXED_DEPOSIT
AC01049,79144400001049,CU02968,PR003,BR008,2022-07-27,2025-06-23,CLOSED,INR,212920.38,SAVINGS
AC01050,55992900001050,CU00789,PR002,BR004,2019-03-26,,ACTIVE,INR,359.00,SAVINGS
AC01051,36563100001051,CU03589,PR007,BR009,2018-10-22,2022-10-08,CLOSED,INR,111965.67,FIXED_DEPOSIT
AC01052,82736200001052,CU00685,PR002,BR006,2023-12-09,2026-08-22,CLOSED,INR,194766.63,SAVINGS
AC01053,50547700001053,CU03725,PR006,BR003,2020-02-28,2024-12-18,CLOSED,INR,190334.19,CURRENT
AC01054,91854400001054,CU04491,PR008,BR002,2023-03-12,,DORMANT,INR,213805.49,FIXED_DEPOSIT
AC01055,57157300001055,CU01778,PR002,BR007,2019-01-26,2020-08-28,CLOSED,INR,193562.61,SAVINGS
AC01056,30719100001056,CU04064,PR009,BR010,2018-11-25,2023-08-16,CLOSED,INR,58196.38,FIXED_DEPOSIT
AC01057,42665900001057,CU03639,PR006,BR010,2022-03-03,,ACTIVE,INR,250431.23,CURRENT
AC01058,75501000001058,CU00280,PR004,BR009,2025-12-12,2026-08-23,CLOSED,INR,186275.36,CURRENT
AC01059,71492200001059,CU04133,PR006,BR007,2024-07-11,,DORMANT,INR,203216.00,CURRENT
AC01060,34954200001060,CU03567,PR001,BR006,2018-05-07,,DORMANT,INR,1277.61,SAVINGS
AC01061,11272500001061,CU03443,PR003,BR005,2019-01-23,2021-07-18,CLOSED,INR,34869.76,SAVINGS
AC01062,94812500001062,CU04312,PR003,BR003,2019-04-11,,ACTIVE,INR,87669.03,SAVINGS
AC01063,24272900001063,CU04576,PR003,BR004,2021-02-24,,DORMANT,INR,15816.09,SAVINGS
AC01064,99258900001064,CU02556,PR005,BR008,2024-05-23,2026-08-24,CLOSED,INR,113922.13,CURRENT
AC01065,97350600001065,CU02652,PR004,BR004,2022-08-07,2023-05-22,CLOSED,INR,62505.00,CURRENT
AC01066,70007200001066,CU00661,PR009,BR004,2024-02-27,,DORMANT,INR,186115.93,FIXED_DEPOSIT
AC01067,91905400001067,CU03911,PR005,BR003,2023-10-16,,ACTIVE,INR,50533.40,CURRENT
AC01068,29763800001068,CU02587,PR009,BR005,2023-04-22,,ACTIVE,INR,169637.08,FIXED_DEPOSIT
AC01069,35311100001069,CU03961,PR008,BR007,2021-04-12,,ACTIVE,INR,4331.95,FIXED_DEPOSIT
AC01070,43645400001070,CU01395,PR008,BR005,2020-02-10,,DORMANT,INR,12832.21,FIXED_DEPOSIT
AC01071,33580200001071,CU01330,PR009,BR003,2022-10-07,,ACTIVE,INR,23138.84,FIXED_DEPOSIT
AC01072,29885600001072,CU00264,PR008,BR005,2021-06-29,2025-09-06,CLOSED,INR,112893.47,FIXED_DEPOSIT
AC01073,47408400001073,CU02818,PR003,BR001,2021-03-25,,ACTIVE,INR,11298.99,SAVINGS
AC01074,80261600001074,CU01223,PR004,BR005,2019-03-17,2021-04-21,CLOSED,INR,100099.62,CURRENT
AC01075,89672700001075,CU00483,PR006,BR003,2025-01-04,,ACTIVE,INR,6871.09,CURRENT
AC01076,30060300001076,CU04063,PR005,BR002,2019-02-08,,ACTIVE,INR,25301.49,CURRENT
AC01077,23498000001077,CU02241,PR004,BR002,2021-11-17,,DORMANT,INR,143613.36,CURRENT
AC01078,95634400001078,CU04321,PR004,BR004,2022-04-14,2024-09-07,CLOSED,INR,106316.31,CURRENT
AC01079,38973700001079,CU00315,PR006,BR003,2023-12-04,,DORMANT,INR,215653.11,CURRENT
AC01080,13822600001080,CU01430,PR003,BR010,2021-06-05,2022-09-28,CLOSED,INR,155602.69,SAVINGS
AC01081,61483600001081,CU04857,PR004,BR004,2019-06-10,,DORMANT,INR,248148.16,CURRENT
AC01082,92077900001082,CU02201,PR006,BR008,2023-12-07,,ACTIVE,INR,12077.16,CURRENT
AC01083,36582800001083,CU01511,PR005,BR003,2025-01-26,,ACTIVE,INR,1618.36,CURRENT
AC01084,33279900001084,CU03467,PR002,BR009,2022-04-08,,ACTIVE,INR,47600.24,SAVINGS
AC01085,65127100001085,CU01579,PR001,BR002,2018-11-27,,DORMANT,INR,49425.99,SAVINGS
AC01086,49270800001086,CU01112,PR007,BR009,2018-03-04,,DORMANT,INR,217919.26,FIXED_DEPOSIT
AC01087,89461300001087,CU04371,PR001,BR005,2022-03-15,,DORMANT,INR,59492.03,SAVINGS
AC01088,54696800001088,CU01181,PR008,BR004,2020-07-26,,DORMANT,INR,205604.91,FIXED_DEPOSIT
AC01089,60588000001089,CU01614,PR007,BR002,2023-08-25,2026-08-27,CLOSED,INR,74790.20,FIXED_DEPOSIT
AC01090,82936000001090,CU04780,PR006,BR006,2024-03-01,2026-08-22,CLOSED,INR,104740.43,CURRENT
AC01091,75827100001091,CU03797,PR002,BR003,2018-10-28,,ACTIVE,INR,58986.71,SAVINGS
AC01092,48328700001092,CU02228,PR005,BR002,2020-04-28,,ACTIVE,INR,32956.53,CURRENT
AC01093,42711600001093,CU01627,PR009,BR003,2021-05-28,2021-12-16,CLOSED,INR,152139.57,FIXED_DEPOSIT
AC01094,85578700001094,CU00078,PR007,BR008,2018-08-22,,DORMANT,INR,203563.87,FIXED_DEPOSIT
AC01095,31330100001095,CU01344,PR004,BR009,2021-04-10,2024-08-28,CLOSED,INR,127368.96,CURRENT
AC01096,25477900001096,CU04490,PR002,BR010,2023-05-28,2024-01-05,CLOSED,INR,122351.63,SAVINGS
AC01097,54487800001097,CU00440,PR004,BR001,2022-01-13,,ACTIVE,INR,21722.80,CURRENT
AC01098,18054600001098,CU01332,PR004,BR008,2019-01-11,2023-04-23,CLOSED,INR,215011.97,CURRENT
AC01099,82511000001099,CU03127,PR002,BR005,2023-09-18,2026-08-24,CLOSED,INR,28303.94,SAVINGS
AC01100,71402900001100,CU03794,PR007,BR010,2020-08-04,,ACTIVE,INR,208902.34,FIXED_DEPOSIT
AC01101,52485800001101,CU02726,PR007,BR004,2020-05-27,,DORMANT,INR,35460.94,FIXED_DEPOSIT
AC01102,87740200001102,CU01908,PR004,BR007,2018-02-16,2020-08-27,CLOSED,INR,202519.73,CURRENT
AC01103,98951700001103,CU04031,PR008,BR002,2023-09-19,,ACTIVE,INR,70726.69,FIXED_DEPOSIT
AC01104,66118300001104,CU02084,PR008,BR006,2021-08-01,,DORMANT,INR,115406.65,FIXED_DEPOSIT
AC01105,34137200001105,CU03519,PR007,BR006,2018-12-24,,DORMANT,INR,24568.89,FIXED_DEPOSIT
AC01106,20203200001106,CU00263,PR006,BR008,2022-08-06,,ACTIVE,INR,951.85,CURRENT
AC01107,70996000001107,CU02843,PR008,BR003,2021-10-03,2023-11-22,CLOSED,INR,153910.10,FIXED_DEPOSIT
AC01108,75956000001108,CU01984,PR006,BR010,2022-04-29,,ACTIVE,INR,63025.05,CURRENT
AC01109,27098200001109,CU04090,PR006,BR001,2019-05-10,2024-01-17,CLOSED,INR,15380.88,CURRENT
AC01110,54682600001110,CU03974,PR006,BR009,2025-01-29,,DORMANT,INR,213874.91,CURRENT
AC01111,93074500001111,CU04060,PR008,BR006,2020-05-31,,DORMANT,INR,139623.06,FIXED_DEPOSIT
AC01112,40124300001112,CU03781,PR006,BR005,2020-01-30,2022-11-26,CLOSED,INR,52096.94,CURRENT
AC01113,65510300001113,CU04367,PR002,BR002,2020-11-27,2024-08-31,CLOSED,INR,188129.65,SAVINGS
AC01114,68489100001114,CU02362,PR001,BR005,2020-08-03,2023-03-03,CLOSED,INR,64589.37,SAVINGS
AC01115,35721500001115,CU00111,PR009,BR002,2020-11-03,,DORMANT,INR,88653.04,FIXED_DEPOSIT
AC01116,63975700001116,CU01397,PR009,BR001,2021-10-19,,DORMANT,INR,16188.41,FIXED_DEPOSIT
AC01117,32876200001117,CU04905,PR008,BR005,2019-05-04,,ACTIVE,INR,152877.64,FIXED_DEPOSIT
AC01118,19587000001118,CU01595,PR009,BR004,2022-01-31,,DORMANT,INR,61949.76,FIXED_DEPOSIT
AC01119,85231200001119,CU03546,PR004,BR001,2020-09-18,,DORMANT,INR,207547.26,CURRENT
AC01120,91433000001120,CU01753,PR004,BR008,2019-12-27,,ACTIVE,INR,0.87,CURRENT
AC01121,10507800001121,CU01107,PR007,BR010,2018-03-18,,DORMANT,INR,152105.13,FIXED_DEPOSIT
AC01122,47815500001122,CU01097,PR007,BR007,2021-06-22,,DORMANT,INR,181913.77,FIXED_DEPOSIT
AC01123,92203400001123,CU03182,PR007,BR006,2025-10-25,,ACTIVE,INR,379349.80,FIXED_DEPOSIT
AC01124,92478400001124,CU04886,PR003,BR004,2019-03-23,,DORMANT,INR,179730.54,SAVINGS
AC01125,17509500001125,CU03946,PR004,BR001,2022-08-19,,ACTIVE,INR,165403.74,CURRENT
AC01126,15675600001126,CU04351,PR009,BR002,2025-06-03,,ACTIVE,INR,45.43,FIXED_DEPOSIT
AC01127,75361100001127,CU04186,PR005,BR006,2019-05-19,2024-05-19,CLOSED,INR,143855.92,CURRENT
AC01128,49760200001128,CU03968,PR001,BR002,2023-05-23,2026-08-21,CLOSED,INR,10982.05,SAVINGS
AC01129,68726900001129,CU02635,PR004,BR004,2024-06-20,,DORMANT,INR,49145.26,CURRENT
AC01130,35376900001130,CU00917,PR008,BR008,2022-10-18,,ACTIVE,INR,74077.00,FIXED_DEPOSIT
AC01131,64453800001131,CU03081,PR002,BR008,2021-09-04,,ACTIVE,INR,177819.87,SAVINGS
AC01132,84230000001132,CU03767,PR003,BR005,2019-05-10,2020-12-30,CLOSED,INR,21180.96,SAVINGS
AC01133,88168200001133,CU04410,PR001,BR005,2022-11-29,2026-08-26,CLOSED,INR,243374.11,SAVINGS
AC01134,75994600001134,CU03937,PR006,BR002,2023-04-20,,DORMANT,INR,113261.16,CURRENT
AC01135,79697300001135,CU04370,PR009,BR006,2022-12-20,2025-04-27,CLOSED,INR,130509.60,FIXED_DEPOSIT
AC01136,73756100001136,CU02773,PR009,BR005,2019-12-01,2024-06-17,CLOSED,INR,206520.98,FIXED_DEPOSIT
AC01137,57468000001137,CU01413,PR003,BR006,2020-05-26,,DORMANT,INR,112856.07,SAVINGS
AC01138,12362600001138,CU04115,PR002,BR003,2021-02-16,,DORMANT,INR,38677.37,SAVINGS
AC01139,66817800001139,CU02859,PR004,BR004,2024-02-19,,ACTIVE,INR,111455.36,CURRENT
AC01140,27114300001140,CU02176,PR007,BR009,2025-08-02,,ACTIVE,INR,1498.44,FIXED_DEPOSIT
AC01141,45031600001141,CU01252,PR002,BR003,2022-09-08,,DORMANT,INR,214190.96,SAVINGS
AC01142,87803200001142,CU04855,PR002,BR005,2019-04-17,2024-08-16,CLOSED,INR,43602.26,SAVINGS
AC01143,14742600001143,CU01402,PR009,BR008,2018-06-21,,DORMANT,INR,144076.00,FIXED_DEPOSIT
AC01144,15071500001144,CU02825,PR006,BR006,2022-05-08,2024-08-01,CLOSED,INR,165143.45,CURRENT
AC01145,29856100001145,CU00545,PR003,BR003,2021-03-27,2025-05-23,CLOSED,INR,25462.44,SAVINGS
AC01146,93293700001146,CU03783,PR004,BR008,2021-03-04,2024-12-14,CLOSED,INR,92303.88,CURRENT
AC01147,77547900001147,CU02864,PR006,BR005,2019-02-23,,ACTIVE,INR,5941.83,CURRENT
AC01148,16288000001148,CU02538,PR003,BR008,2019-05-22,,ACTIVE,INR,3660.64,SAVINGS
AC01149,61694900001149,CU04916,PR009,BR008,2019-10-19,,ACTIVE,INR,79561.31,FIXED_DEPOSIT
AC01150,86657800001150,CU03481,PR005,BR004,2018-05-20,2021-07-09,CLOSED,INR,98356.33,CURRENT
AC01151,52586100001151,CU01761,PR003,BR001,2019-05-24,2024-10-02,CLOSED,INR,93854.61,SAVINGS
AC01152,77343000001152,CU00344,PR008,BR008,2021-04-10,2024-08-07,CLOSED,INR,151146.19,FIXED_DEPOSIT
AC01153,82396300001153,CU03648,PR008,BR007,2022-02-21,,ACTIVE,INR,42753.84,FIXED_DEPOSIT
AC01154,78268200001154,CU03089,PR008,BR002,2020-09-05,2022-02-01,CLOSED,INR,233721.32,FIXED_DEPOSIT
AC01155,66126500001155,CU02497,PR006,BR003,2019-08-11,,DORMANT,INR,147016.74,CURRENT
AC01156,92242300001156,CU00807,PR004,BR002,2021-10-26,,ACTIVE,INR,33372.25,CURRENT
AC01157,94619200001157,CU00011,PR001,BR008,2018-03-24,2020-07-29,CLOSED,INR,19427.16,SAVINGS
AC01158,24644000001158,CU03027,PR007,BR007,2020-12-27,,ACTIVE,INR,729.53,FIXED_DEPOSIT
AC01159,66538800001159,CU04486,PR004,BR002,2020-05-09,2022-12-23,CLOSED,INR,136724.95,CURRENT
AC01160,50206500001160,CU00625,PR001,BR006,2020-05-02,,DORMANT,INR,154679.37,SAVINGS
AC01161,71385200001161,CU04656,PR003,BR003,2024-05-28,,ACTIVE,INR,138387.08,SAVINGS
AC01162,77088900001162,CU00244,PR006,BR001,2021-07-07,2025-07-14,CLOSED,INR,158727.03,CURRENT
AC01163,55397100001163,CU02244,PR001,BR009,2023-05-01,,DORMANT,INR,214716.86,SAVINGS
AC01164,32703500001164,CU00895,PR002,BR009,2021-11-22,2025-07-30,CLOSED,INR,234642.89,SAVINGS
AC01165,88004700001165,CU03041,PR002,BR006,2023-06-03,2026-08-21,CLOSED,INR,152766.04,SAVINGS
AC01166,75559400001166,CU02689,PR009,BR005,2025-02-10,2025-12-10,CLOSED,INR,81594.27,FIXED_DEPOSIT
AC01167,13613200001167,CU04775,PR007,BR004,2020-12-04,,ACTIVE,INR,120037.13,FIXED_DEPOSIT
AC01168,46356000001168,CU04393,PR006,BR010,2019-11-18,,DORMANT,INR,211013.48,CURRENT
AC01169,71490800001169,CU01759,PR004,BR002,2018-10-07,,ACTIVE,INR,35674.65,CURRENT
AC01170,81321700001170,CU02684,PR002,BR007,2025-10-21,2026-08-24,CLOSED,INR,113913.33,SAVINGS
AC01171,54565400001171,CU04562,PR009,BR003,2020-05-23,,DORMANT,INR,171890.18,FIXED_DEPOSIT
AC01172,95602900001172,CU04143,PR005,BR002,2024-08-28,2026-08-23,CLOSED,INR,85861.90,CURRENT
AC01173,84268200001173,CU02093,PR003,BR009,2021-05-06,,DORMANT,INR,182230.16,SAVINGS
AC01174,60875400001174,CU00739,PR004,BR006,2021-01-28,,DORMANT,INR,55097.89,CURRENT
AC01175,51785600001175,CU00704,PR006,BR009,2024-01-06,,ACTIVE,INR,753.75,CURRENT
AC01176,96042700001176,CU01013,PR008,BR010,2019-09-26,,ACTIVE,INR,4648.34,FIXED_DEPOSIT
AC01177,62676000001177,CU02967,PR006,BR010,2019-05-04,,ACTIVE,INR,2192.03,CURRENT
AC01178,90779000001178,CU02208,PR009,BR007,2025-08-31,,DORMANT,INR,241962.97,FIXED_DEPOSIT
AC01179,26205400001179,CU03987,PR002,BR004,2018-02-14,2021-03-07,CLOSED,INR,161891.12,SAVINGS
AC01180,42313800001180,CU00568,PR002,BR007,2023-12-31,2026-08-20,CLOSED,INR,104611.49,SAVINGS
AC01181,60208300001181,CU00599,PR002,BR010,2019-04-12,,DORMANT,INR,124922.90,SAVINGS
AC01182,89956000001182,CU03511,PR004,BR008,2021-05-14,2026-05-21,CLOSED,INR,212290.47,CURRENT
AC01183,86341100001183,CU01873,PR004,BR006,2021-12-29,,ACTIVE,INR,74926.46,CURRENT
AC01184,12888500001184,CU02247,PR004,BR008,2021-02-12,2022-04-25,CLOSED,INR,217176.85,CURRENT
AC01185,26544800001185,CU00492,PR001,BR005,2018-06-09,,DORMANT,INR,138619.83,SAVINGS
AC01186,48059600001186,CU00563,PR003,BR010,2021-04-13,,ACTIVE,INR,204176.51,SAVINGS
AC01187,39778800001187,CU04388,PR005,BR010,2024-08-09,2026-08-23,CLOSED,INR,44043.00,CURRENT
AC01188,27876100001188,CU02368,PR001,BR009,2020-09-30,2022-02-21,CLOSED,INR,89723.75,SAVINGS
AC01189,44392800001189,CU01947,PR001,BR002,2023-07-11,,DORMANT,INR,79409.69,SAVINGS
AC01190,52744000001190,CU01622,PR008,BR006,2019-04-06,2021-10-06,CLOSED,INR,133880.92,FIXED_DEPOSIT
AC01191,70119600001191,CU01752,PR009,BR006,2025-03-01,2026-08-22,CLOSED,INR,152186.20,FIXED_DEPOSIT
AC01192,22289000001192,CU00278,PR004,BR010,2024-11-07,2025-11-21,CLOSED,INR,202945.21,CURRENT
AC01193,41003900001193,CU01956,PR009,BR006,2025-04-30,,ACTIVE,INR,12831.60,FIXED_DEPOSIT
AC01194,74146300001194,CU00946,PR002,BR006,2019-10-10,,ACTIVE,INR,60131.74,SAVINGS
AC01195,72142100001195,CU01505,PR006,BR005,2018-05-01,2022-03-26,CLOSED,INR,31424.80,CURRENT
AC01196,73610200001196,CU04244,PR002,BR007,2022-01-29,,ACTIVE,INR,619.79,SAVINGS
AC01197,42693700001197,CU01340,PR003,BR004,2024-09-20,,DORMANT,INR,74566.26,SAVINGS
AC01198,34319400001198,CU01324,PR009,BR007,2020-03-20,,ACTIVE,INR,802.90,FIXED_DEPOSIT
AC01199,79857500001199,CU03517,PR008,BR010,2020-12-01,2022-03-31,CLOSED,INR,90898.31,FIXED_DEPOSIT
AC01200,17804800001200,CU03499,PR002,BR008,2020-12-05,,DORMANT,INR,210770.76,SAVINGS
AC01201,21365400001201,CU01326,PR004,BR003,2023-06-29,,ACTIVE,INR,99966.08,CURRENT
AC01202,65387400001202,CU02742,PR005,BR005,2021-11-28,2023-12-03,CLOSED,INR,8648.78,CURRENT
AC01203,13575200001203,CU00445,PR004,BR007,2018-05-21,,ACTIVE,INR,411.93,CURRENT
AC01204,14286100001204,CU01700,PR008,BR005,2022-06-30,2026-08-22,CLOSED,INR,81470.83,FIXED_DEPOSIT
AC01205,83676900001205,CU00087,PR004,BR003,2021-12-13,2023-10-19,CLOSED,INR,33823.31,CURRENT
AC01206,20147800001206,CU02437,PR006,BR003,2019-07-08,2024-12-03,CLOSED,INR,20005.07,CURRENT
AC01207,11099500001207,CU03564,PR008,BR006,2018-11-26,2021-06-24,CLOSED,INR,221288.09,FIXED_DEPOSIT
AC01208,56451000001208,CU02471,PR009,BR003,2020-08-16,,DORMANT,INR,81428.75,FIXED_DEPOSIT
AC01209,36096500001209,CU03542,PR001,BR005,2018-01-20,2020-02-07,CLOSED,INR,56219.33,SAVINGS
AC01210,54118500001210,CU03558,PR004,BR002,2018-05-23,,ACTIVE,INR,90769.19,CURRENT
AC01211,94281500001211,CU04409,PR002,BR009,2023-08-28,,DORMANT,INR,206246.07,SAVINGS
AC01212,45195500001212,CU01155,PR002,BR005,2021-11-27,,DORMANT,INR,190035.20,SAVINGS
AC01213,61459100001213,CU02292,PR002,BR002,2020-01-02,,DORMANT,INR,127976.01,SAVINGS
AC01214,70332400001214,CU02708,PR006,BR005,2023-10-31,2026-08-24,CLOSED,INR,237423.04,CURRENT
AC01215,50631500001215,CU02360,PR001,BR008,2021-05-19,2022-10-19,CLOSED,INR,13748.54,SAVINGS
AC01216,85514100001216,CU00331,PR008,BR009,2021-10-07,,ACTIVE,INR,20433.62,FIXED_DEPOSIT
AC01217,48358700001217,CU04874,PR001,BR005,2019-04-15,,DORMANT,INR,34163.00,SAVINGS
AC01218,20059000001218,CU00551,PR004,BR003,2020-09-21,,ACTIVE,INR,12377.79,CURRENT
AC01219,16125800001219,CU02288,PR007,BR009,2018-01-23,,DORMANT,INR,145396.61,FIXED_DEPOSIT
AC01220,88822600001220,CU00232,PR007,BR009,2019-06-01,,DORMANT,INR,241236.01,FIXED_DEPOSIT
AC01221,77307200001221,CU00900,PR006,BR006,2025-12-13,,ACTIVE,INR,17982.68,CURRENT
AC01222,79219500001222,CU01951,PR001,BR003,2018-02-27,2020-03-31,CLOSED,INR,107749.78,SAVINGS
AC01223,33109200001223,CU01489,PR005,BR008,2022-08-21,,DORMANT,INR,232075.49,CURRENT
AC01224,86880300001224,CU02232,PR008,BR005,2021-11-01,,ACTIVE,INR,156170.31,FIXED_DEPOSIT
AC01225,10743800001225,CU03451,PR007,BR005,2021-11-27,2024-05-26,CLOSED,INR,141899.66,FIXED_DEPOSIT
AC01226,46373900001226,CU02019,PR002,BR003,2022-07-26,,DORMANT,INR,98027.88,SAVINGS
AC01227,51355200001227,CU03048,PR003,BR001,2020-12-28,,ACTIVE,INR,1454.50,SAVINGS
AC01228,44649400001228,CU04477,PR006,BR004,2022-05-08,,DORMANT,INR,180786.70,CURRENT
AC01229,55094200001229,CU00172,PR007,BR006,2018-01-21,,ACTIVE,INR,177592.90,FIXED_DEPOSIT
AC01230,53522900001230,CU04473,PR002,BR010,2023-02-21,,ACTIVE,INR,26443.97,SAVINGS
AC01231,48003200001231,CU04539,PR004,BR007,2022-12-12,,ACTIVE,INR,69018.61,CURRENT
AC01232,13796000001232,CU00066,PR001,BR008,2019-07-22,2022-06-09,CLOSED,INR,134106.14,SAVINGS
AC01233,52440200001233,CU00039,PR009,BR008,2025-05-07,,DORMANT,INR,196546.38,FIXED_DEPOSIT
AC01234,85440100001234,CU01220,PR007,BR009,2019-06-14,,DORMANT,INR,192343.45,FIXED_DEPOSIT
AC01235,80096800001235,CU00503,PR007,BR003,2022-11-29,,ACTIVE,INR,3361.45,FIXED_DEPOSIT
AC01236,70254700001236,CU04746,PR001,BR001,2025-06-19,,ACTIVE,INR,55004.64,SAVINGS
AC01237,54002200001237,CU02783,PR007,BR004,2023-07-29,,DORMANT,INR,38901.00,FIXED_DEPOSIT
AC01238,49813200001238,CU02657,PR003,BR007,2025-02-07,,DORMANT,INR,43336.62,SAVINGS
AC01239,96753000001239,CU02051,PR008,BR004,2023-01-20,,DORMANT,INR,41463.04,FIXED_DEPOSIT
AC01240,21213500001240,CU04956,PR006,BR009,2025-03-27,,ACTIVE,INR,14.57,CURRENT
AC01241,74176300001241,CU02996,PR007,BR005,2021-12-18,,DORMANT,INR,115099.43,FIXED_DEPOSIT
AC01242,93286900001242,CU01736,PR001,BR002,2018-05-14,,ACTIVE,INR,14545.09,SAVINGS
AC01243,74991100001243,CU02246,PR006,BR002,2024-02-19,,ACTIVE,INR,71291.08,CURRENT
AC01244,19639400001244,CU01456,PR002,BR001,2021-12-09,,ACTIVE,INR,21116.33,SAVINGS
AC01245,82022000001245,CU00085,PR008,BR004,2021-07-27,,DORMANT,INR,96588.51,FIXED_DEPOSIT
AC01246,55258400001246,CU04137,PR003,BR001,2024-07-07,2026-08-25,CLOSED,INR,80914.31,SAVINGS
AC01247,29239700001247,CU00597,PR007,BR010,2022-04-29,,ACTIVE,INR,32918.08,FIXED_DEPOSIT
AC01248,77649100001248,CU01827,PR004,BR002,2020-07-21,,DORMANT,INR,162368.19,CURRENT
AC01249,45162700001249,CU01297,PR006,BR004,2018-03-24,2020-07-17,CLOSED,INR,247821.69,CURRENT
AC01250,48161900001250,CU02384,PR008,BR002,2025-01-04,2025-12-21,CLOSED,INR,3253.85,FIXED_DEPOSIT
AC01251,51876000001251,CU03331,PR007,BR004,2019-08-04,2021-11-29,CLOSED,INR,86422.13,FIXED_DEPOSIT
AC01252,73636400001252,CU01227,PR009,BR003,2019-11-23,,DORMANT,INR,212310.59,FIXED_DEPOSIT
AC01253,67799600001253,CU02539,PR001,BR006,2021-02-22,2024-06-19,CLOSED,INR,126712.16,SAVINGS
AC01254,17960000001254,CU04942,PR003,BR006,2024-08-16,,DORMANT,INR,124314.79,SAVINGS
AC01255,36773900001255,CU00435,PR003,BR004,2022-09-27,,ACTIVE,INR,191939.07,SAVINGS
AC01256,82412800001256,CU01794,PR006,BR008,2023-04-25,2023-11-20,CLOSED,INR,40463.52,CURRENT
AC01257,84107100001257,CU00287,PR005,BR003,2018-02-01,2021-05-07,CLOSED,INR,34744.88,CURRENT
AC01258,88488700001258,CU03335,PR007,BR004,2023-03-20,,ACTIVE,INR,127684.55,FIXED_DEPOSIT
AC01259,50729200001259,CU03844,PR005,BR005,2019-02-19,,ACTIVE,INR,186057.98,CURRENT
AC01260,11019100001260,CU01157,PR007,BR007,2024-10-29,,DORMANT,INR,68667.35,FIXED_DEPOSIT
AC01261,74957100001261,CU00241,PR007,BR001,2018-01-06,,ACTIVE,INR,47040.65,FIXED_DEPOSIT
AC01262,58468700001262,CU00417,PR005,BR003,2022-09-26,,DORMANT,INR,122366.73,CURRENT
AC01263,75281600001263,CU01133,PR002,BR001,2020-04-25,,DORMANT,INR,241062.00,SAVINGS
AC01264,35083600001264,CU02747,PR001,BR005,2021-11-02,,ACTIVE,INR,45853.00,SAVINGS
AC01265,94061100001265,CU01981,PR006,BR008,2018-06-11,,ACTIVE,INR,9923.57,CURRENT
AC01266,13353900001266,CU01877,PR002,BR010,2023-01-30,,DORMANT,INR,45301.09,SAVINGS
AC01267,67099500001267,CU00539,PR002,BR001,2023-05-17,,DORMANT,INR,230790.25,SAVINGS
AC01268,61821900001268,CU04924,PR008,BR009,2021-11-23,,ACTIVE,INR,1883.19,FIXED_DEPOSIT
AC01269,22112600001269,CU00515,PR004,BR005,2020-05-05,,DORMANT,INR,100256.13,CURRENT
AC01270,46688500001270,CU01636,PR008,BR008,2022-08-20,2023-09-20,CLOSED,INR,182988.59,FIXED_DEPOSIT
AC01271,32697100001271,CU03526,PR001,BR007,2025-10-21,,DORMANT,INR,7843.90,SAVINGS
AC01272,36773600001272,CU02731,PR007,BR006,2022-11-10,,DORMANT,INR,81745.88,FIXED_DEPOSIT
AC01273,69997400001273,CU02935,PR008,BR007,2023-07-19,,ACTIVE,INR,197724.40,FIXED_DEPOSIT
AC01274,76502300001274,CU01000,PR002,BR008,2022-10-14,,ACTIVE,INR,147.60,SAVINGS
AC01275,81410700001275,CU03417,PR007,BR008,2025-05-17,,DORMANT,INR,144489.39,FIXED_DEPOSIT
AC01276,82493300001276,CU01037,PR003,BR005,2025-08-30,2026-08-25,CLOSED,INR,65210.83,SAVINGS
AC01277,31132700001277,CU03371,PR003,BR006,2025-07-11,,DORMANT,INR,40944.11,SAVINGS
AC01278,40400000001278,CU04042,PR007,BR009,2018-06-07,,DORMANT,INR,92302.33,FIXED_DEPOSIT
AC01279,87269000001279,CU00222,PR006,BR005,2021-01-13,,ACTIVE,INR,4236.62,CURRENT
AC01280,60416400001280,CU02811,PR001,BR003,2021-10-12,2026-08-23,CLOSED,INR,10366.73,SAVINGS
AC01281,55765300001281,CU00540,PR009,BR001,2023-01-22,,ACTIVE,INR,278.54,FIXED_DEPOSIT
AC01282,74857300001282,CU00223,PR009,BR004,2023-10-10,,ACTIVE,INR,50062.32,FIXED_DEPOSIT
AC01283,93130500001283,CU01938,PR006,BR008,2025-01-13,2026-08-23,CLOSED,INR,68707.10,CURRENT
AC01284,19958300001284,CU02622,PR005,BR008,2018-04-10,,ACTIVE,INR,4095.56,CURRENT
AC01285,92628500001285,CU04277,PR007,BR004,2020-04-29,,DORMANT,INR,231259.09,FIXED_DEPOSIT
AC01286,94585100001286,CU03376,PR007,BR006,2022-11-01,,ACTIVE,INR,615.25,FIXED_DEPOSIT
AC01287,84446600001287,CU01071,PR004,BR008,2025-02-15,2026-08-28,CLOSED,INR,229395.60,CURRENT
AC01288,88861100001288,CU03324,PR005,BR009,2019-11-07,2020-07-24,CLOSED,INR,222967.63,CURRENT
AC01289,76472100001289,CU04516,PR002,BR004,2019-06-28,,DORMANT,INR,249472.36,SAVINGS
AC01290,29676200001290,CU04770,PR007,BR002,2025-05-23,2026-08-22,CLOSED,INR,33114.24,FIXED_DEPOSIT
AC01291,80954300001291,CU00981,PR008,BR008,2018-12-25,2021-07-24,CLOSED,INR,144182.37,FIXED_DEPOSIT
AC01292,90654000001292,CU03057,PR001,BR010,2019-05-04,,ACTIVE,INR,248.40,SAVINGS
AC01293,69418900001293,CU02197,PR003,BR009,2021-01-05,2023-11-10,CLOSED,INR,57515.67,SAVINGS
AC01294,13524800001294,CU02702,PR001,BR009,2024-08-03,2026-08-29,CLOSED,INR,119089.45,SAVINGS
AC01295,96008500001295,CU03356,PR003,BR006,2023-11-04,,DORMANT,INR,204474.73,SAVINGS
AC01296,11233600001296,CU02687,PR003,BR005,2020-01-06,2024-05-05,CLOSED,INR,4679.84,SAVINGS
AC01297,56841400001297,CU01471,PR008,BR003,2021-05-27,,ACTIVE,INR,4398.53,FIXED_DEPOSIT
AC01298,54292700001298,CU02648,PR002,BR003,2024-12-09,2025-07-01,CLOSED,INR,141707.97,SAVINGS
AC01299,47052600001299,CU03507,PR001,BR010,2025-02-12,,DORMANT,INR,175328.26,SAVINGS
AC01300,57829300001300,CU03881,PR003,BR009,2022-01-28,,DORMANT,INR,143415.25,SAVINGS
AC01301,40106100001301,CU03561,PR006,BR004,2025-12-24,2026-08-22,CLOSED,INR,103015.75,CURRENT
AC01302,67940100001302,CU02217,PR008,BR007,2025-12-04,,DORMANT,INR,223393.65,FIXED_DEPOSIT
AC01303,99110000001303,CU03801,PR004,BR003,2019-02-17,,ACTIVE,INR,172288.73,CURRENT
AC01304,59507500001304,CU00127,PR005,BR001,2023-12-15,,DORMANT,INR,236025.67,CURRENT
AC01305,39145900001305,CU00764,PR007,BR004,2023-09-05,2025-12-22,CLOSED,INR,115847.00,FIXED_DEPOSIT
AC01306,10319900001306,CU02254,PR004,BR002,2024-11-08,,DORMANT,INR,50559.48,CURRENT
AC01307,18463900001307,CU01800,PR009,BR008,2021-02-19,2026-01-24,CLOSED,INR,203629.61,FIXED_DEPOSIT
AC01308,35248700001308,CU01927,PR007,BR007,2019-05-04,,ACTIVE,INR,115950.14,FIXED_DEPOSIT
AC01309,24909000001309,CU00929,PR008,BR010,2021-07-19,,ACTIVE,INR,136224.58,FIXED_DEPOSIT
AC01310,77395100001310,CU02918,PR005,BR009,2020-02-24,,DORMANT,INR,65920.92,CURRENT
AC01311,36984700001311,CU01952,PR008,BR003,2018-03-09,,ACTIVE,INR,154996.98,FIXED_DEPOSIT
AC01312,32717000001312,CU02333,PR007,BR004,2018-05-19,,ACTIVE,INR,209739.40,FIXED_DEPOSIT
AC01313,73364900001313,CU04392,PR005,BR004,2025-12-06,2026-08-27,CLOSED,INR,68092.88,CURRENT
AC01314,32994700001314,CU03644,PR008,BR007,2021-08-16,,DORMANT,INR,14628.08,FIXED_DEPOSIT
AC01315,13312400001315,CU04973,PR004,BR010,2025-12-18,2026-08-21,CLOSED,INR,43355.83,CURRENT
AC01316,17128600001316,CU01211,PR003,BR003,2025-05-13,2026-08-23,CLOSED,INR,3756.99,SAVINGS
AC01317,78053100001317,CU02310,PR003,BR002,2022-11-08,,ACTIVE,INR,111309.80,SAVINGS
AC01318,90397400001318,CU01380,PR008,BR007,2022-04-15,,DORMANT,INR,66080.08,FIXED_DEPOSIT
AC01319,82758200001319,CU03612,PR005,BR006,2022-04-03,2024-11-19,CLOSED,INR,208761.51,CURRENT
AC01320,12375700001320,CU04415,PR004,BR010,2023-01-22,,ACTIVE,INR,120500.33,CURRENT
AC01321,28455600001321,CU03465,PR005,BR006,2025-06-10,,DORMANT,INR,76395.35,CURRENT
AC01322,44578000001322,CU04019,PR004,BR007,2021-07-22,,DORMANT,INR,174979.27,CURRENT
AC01323,51980100001323,CU01995,PR006,BR008,2022-12-31,,ACTIVE,INR,21220.62,CURRENT
AC01324,62854600001324,CU04493,PR006,BR009,2019-08-12,,DORMANT,INR,37664.47,CURRENT
AC01325,44355400001325,CU01354,PR002,BR007,2018-08-02,,DORMANT,INR,227135.04,SAVINGS
AC01326,53440000001326,CU03472,PR004,BR002,2019-04-06,,DORMANT,INR,96707.48,CURRENT
AC01327,21343200001327,CU01156,PR002,BR008,2018-10-25,,ACTIVE,INR,105032.74,SAVINGS
AC01328,48462900001328,CU02584,PR009,BR002,2019-07-04,,ACTIVE,INR,59094.45,FIXED_DEPOSIT
AC01329,52443700001329,CU00691,PR007,BR004,2021-11-30,,ACTIVE,INR,455.10,FIXED_DEPOSIT
AC01330,90377700001330,CU00378,PR009,BR002,2018-07-20,,ACTIVE,INR,90601.65,FIXED_DEPOSIT
AC01331,96839700001331,CU02717,PR002,BR006,2021-10-02,,DORMANT,INR,172927.57,SAVINGS
AC01332,83973000001332,CU01946,PR002,BR001,2019-05-10,,ACTIVE,INR,67254.17,SAVINGS
AC01333,36385700001333,CU02312,PR002,BR003,2023-01-13,2026-06-16,CLOSED,INR,96940.38,SAVINGS
AC01334,57672800001334,CU03750,PR007,BR006,2020-05-03,,DORMANT,INR,4362.83,FIXED_DEPOSIT
AC01335,56849500001335,CU03298,PR005,BR001,2022-01-13,,DORMANT,INR,85144.91,CURRENT
AC01336,76138000001336,CU04091,PR009,BR005,2022-03-01,2024-10-19,CLOSED,INR,161282.92,FIXED_DEPOSIT
AC01337,67962600001337,CU00246,PR003,BR007,2022-12-11,,ACTIVE,INR,143129.95,SAVINGS
AC01338,15230400001338,CU01148,PR005,BR009,2021-06-16,,ACTIVE,INR,25058.29,CURRENT
AC01339,93466000001339,CU00732,PR003,BR004,2023-02-27,,ACTIVE,INR,28223.89,SAVINGS
AC01340,37101200001340,CU00590,PR007,BR002,2021-06-18,,DORMANT,INR,23470.10,FIXED_DEPOSIT
AC01341,20018600001341,CU01276,PR005,BR010,2018-12-15,2022-02-21,CLOSED,INR,183220.35,CURRENT
AC01342,47653700001342,CU00097,PR008,BR002,2020-02-19,,DORMANT,INR,45614.46,FIXED_DEPOSIT
AC01343,13185700001343,CU02871,PR003,BR001,2022-04-06,,DORMANT,INR,165874.95,SAVINGS
AC01344,71129700001344,CU00531,PR007,BR003,2019-04-18,,ACTIVE,INR,9.55,FIXED_DEPOSIT
AC01345,72220800001345,CU04229,PR003,BR002,2024-10-04,,ACTIVE,INR,3880.98,SAVINGS
AC01346,38826600001346,CU04747,PR003,BR010,2020-07-20,2025-04-09,CLOSED,INR,82025.98,SAVINGS
AC01347,27710400001347,CU03288,PR001,BR005,2022-04-18,,ACTIVE,INR,28513.28,SAVINGS
AC01348,98591700001348,CU02088,PR009,BR009,2024-02-27,,ACTIVE,INR,71266.42,FIXED_DEPOSIT
AC01349,71292500001349,CU01858,PR007,BR002,2022-11-12,,DORMANT,INR,149229.42,FIXED_DEPOSIT
AC01350,16215700001350,CU00284,PR002,BR004,2023-02-10,,DORMANT,INR,5260.81,SAVINGS
AC01351,89186800001351,CU00056,PR003,BR008,2024-01-28,,ACTIVE,INR,125336.02,SAVINGS
AC01352,96180200001352,CU01829,PR002,BR009,2025-04-16,,DORMANT,INR,196772.79,SAVINGS
AC01353,42389200001353,CU04093,PR008,BR005,2019-11-04,,DORMANT,INR,236997.36,FIXED_DEPOSIT
AC01354,81673900001354,CU02632,PR006,BR005,2018-04-15,,DORMANT,INR,175712.27,CURRENT
AC01355,70357100001355,CU03514,PR004,BR007,2022-09-19,,DORMANT,INR,202820.10,CURRENT
AC01356,43845500001356,CU00554,PR009,BR005,2024-02-29,,ACTIVE,INR,23986.00,FIXED_DEPOSIT
AC01357,62249200001357,CU00893,PR003,BR005,2024-05-23,,ACTIVE,INR,106875.04,SAVINGS
AC01358,43747900001358,CU00394,PR002,BR007,2020-06-09,,ACTIVE,INR,17387.93,SAVINGS
AC01359,89675400001359,CU03916,PR009,BR009,2024-05-22,2025-12-10,CLOSED,INR,223521.41,FIXED_DEPOSIT
AC01360,83585500001360,CU00767,PR005,BR001,2019-06-30,,DORMANT,INR,231352.72,CURRENT
AC01361,10314500001361,CU02793,PR006,BR008,2024-02-18,,ACTIVE,INR,34384.45,CURRENT
AC01362,60438700001362,CU00260,PR002,BR006,2021-01-23,,DORMANT,INR,117113.34,SAVINGS
AC01363,66514400001363,CU01609,PR007,BR008,2019-12-20,,DORMANT,INR,241169.25,FIXED_DEPOSIT
AC01364,76124000001364,CU01025,PR004,BR008,2024-02-21,,ACTIVE,INR,207268.40,CURRENT
AC01365,99718900001365,CU01192,PR004,BR010,2018-06-14,,DORMANT,INR,61522.22,CURRENT
AC01366,17365200001366,CU02571,PR009,BR005,2022-05-19,2023-08-20,CLOSED,INR,64267.38,FIXED_DEPOSIT
AC01367,53785900001367,CU03755,PR009,BR002,2020-03-09,,DORMANT,INR,207661.64,FIXED_DEPOSIT
AC01368,56893800001368,CU00024,PR004,BR005,2024-07-20,2025-09-18,CLOSED,INR,85086.41,CURRENT
AC01369,12267300001369,CU03960,PR007,BR009,2020-02-20,,DORMANT,INR,36790.72,FIXED_DEPOSIT
AC01370,72138800001370,CU01259,PR003,BR004,2021-04-28,,ACTIVE,INR,58637.45,SAVINGS
AC01371,55199600001371,CU01638,PR002,BR003,2025-05-07,2026-08-21,CLOSED,INR,36011.39,SAVINGS
AC01372,79688400001372,CU04387,PR006,BR008,2019-02-28,2020-01-31,CLOSED,INR,196287.04,CURRENT
AC01373,67170100001373,CU04505,PR002,BR007,2018-05-26,,DORMANT,INR,211432.23,SAVINGS
AC01374,73176300001374,CU00782,PR007,BR008,2019-10-22,,DORMANT,INR,136239.85,FIXED_DEPOSIT
AC01375,49781200001375,CU01771,PR009,BR001,2018-12-22,,ACTIVE,INR,56007.88,FIXED_DEPOSIT
AC01376,51534000001376,CU00281,PR001,BR009,2023-05-27,,DORMANT,INR,135528.32,SAVINGS
AC01377,55181400001377,CU03119,PR005,BR007,2018-10-21,2020-06-20,CLOSED,INR,141734.83,CURRENT
AC01378,58034900001378,CU03863,PR005,BR006,2021-03-30,2021-11-08,CLOSED,INR,15911.78,CURRENT
AC01379,98530000001379,CU04478,PR005,BR008,2021-09-11,2022-10-15,CLOSED,INR,1446.03,CURRENT
AC01380,40037300001380,CU04764,PR003,BR001,2025-08-05,2026-08-28,CLOSED,INR,106316.45,SAVINGS
AC01381,74988600001381,CU01414,PR009,BR002,2020-07-24,,DORMANT,INR,247176.90,FIXED_DEPOSIT
AC01382,50217500001382,CU01966,PR001,BR010,2018-06-19,,DORMANT,INR,159749.87,SAVINGS
AC01383,37077800001383,CU02910,PR009,BR006,2021-07-13,2023-04-13,CLOSED,INR,4393.83,FIXED_DEPOSIT
AC01384,58901900001384,CU04820,PR004,BR010,2021-11-16,,DORMANT,INR,124801.43,CURRENT
AC01385,33795000001385,CU02042,PR001,BR006,2022-12-14,,DORMANT,INR,92211.02,SAVINGS
AC01386,33658700001386,CU03063,PR007,BR008,2024-03-30,2026-08-28,CLOSED,INR,173266.29,FIXED_DEPOSIT
AC01387,54112100001387,CU01460,PR006,BR002,2024-10-24,2026-02-16,CLOSED,INR,204777.41,CURRENT
AC01388,74804900001388,CU00258,PR003,BR009,2020-10-19,2022-07-08,CLOSED,INR,149685.93,SAVINGS
AC01389,80107700001389,CU03116,PR006,BR002,2021-06-17,2025-05-24,CLOSED,INR,53578.14,CURRENT
AC01390,63295900001390,CU00480,PR008,BR002,2021-08-04,,ACTIVE,INR,18620.31,FIXED_DEPOSIT
AC01391,55492900001391,CU01067,PR002,BR008,2019-08-03,,DORMANT,INR,42740.62,SAVINGS
AC01392,51348100001392,CU02734,PR001,BR008,2025-01-03,2026-08-29,CLOSED,INR,141631.54,SAVINGS
AC01393,69130400001393,CU04048,PR005,BR001,2019-12-19,2025-01-02,CLOSED,INR,18471.33,CURRENT
AC01394,48360100001394,CU01522,PR003,BR002,2025-06-18,2026-08-28,CLOSED,INR,198209.64,SAVINGS
AC01395,76455900001395,CU04823,PR006,BR001,2025-05-01,,DORMANT,INR,45209.70,CURRENT
AC01396,46491800001396,CU00092,PR009,BR010,2019-02-22,2021-09-02,CLOSED,INR,119761.06,FIXED_DEPOSIT
AC01397,29071900001397,CU03954,PR003,BR009,2018-01-22,2022-02-05,CLOSED,INR,136182.72,SAVINGS
AC01398,63256000001398,CU02431,PR001,BR006,2023-05-06,,ACTIVE,INR,45172.15,SAVINGS
AC01399,37011000001399,CU02995,PR002,BR008,2021-07-08,,ACTIVE,INR,10419.16,SAVINGS
AC01400,26095300001400,CU04097,PR003,BR009,2023-10-15,2024-09-06,CLOSED,INR,143990.24,SAVINGS
AC01401,89875200001401,CU03886,PR005,BR004,2018-06-28,,ACTIVE,INR,505.69,CURRENT
AC01402,40393300001402,CU03785,PR005,BR005,2022-08-08,2023-07-14,CLOSED,INR,210807.67,CURRENT
AC01403,37983000001403,CU04977,PR005,BR002,2025-09-11,,ACTIVE,INR,31480.28,CURRENT
AC01404,16617100001404,CU01143,PR006,BR005,2022-08-18,,ACTIVE,INR,1334.32,CURRENT
AC01405,49547900001405,CU00356,PR006,BR004,2019-05-28,,DORMANT,INR,248466.49,CURRENT
AC01406,69147100001406,CU01499,PR008,BR005,2023-12-29,,ACTIVE,INR,40859.49,FIXED_DEPOSIT
AC01407,76855700001407,CU01404,PR004,BR010,2020-09-13,,ACTIVE,INR,77.64,CURRENT
AC01408,19615700001408,CU04532,PR008,BR001,2020-09-18,,DORMANT,INR,167391.01,FIXED_DEPOSIT
AC01409,62201600001409,CU00955,PR001,BR001,2019-05-08,,DORMANT,INR,154403.35,SAVINGS
AC01410,37364300001410,CU04142,PR001,BR001,2019-03-13,,DORMANT,INR,99601.05,SAVINGS
AC01411,33138900001411,CU02269,PR009,BR009,2020-06-10,2025-05-27,CLOSED,INR,102538.90,FIXED_DEPOSIT
AC01412,61692800001412,CU00998,PR009,BR006,2024-03-29,,DORMANT,INR,97019.02,FIXED_DEPOSIT
AC01413,43403300001413,CU04665,PR004,BR002,2019-10-03,,ACTIVE,INR,98254.00,CURRENT
AC01414,45196900001414,CU00506,PR003,BR006,2022-08-23,,DORMANT,INR,178905.76,SAVINGS
AC01415,21826800001415,CU03746,PR003,BR002,2022-10-13,2026-06-23,CLOSED,INR,60059.17,SAVINGS
AC01416,61218400001416,CU02506,PR006,BR006,2022-09-10,2026-06-02,CLOSED,INR,84306.21,CURRENT
AC01417,56622700001417,CU00442,PR008,BR010,2019-02-08,,ACTIVE,INR,23657.34,FIXED_DEPOSIT
AC01418,99132100001418,CU03736,PR006,BR004,2019-11-14,,DORMANT,INR,238957.99,CURRENT
AC01419,43254000001419,CU03282,PR003,BR001,2018-01-10,2019-01-08,CLOSED,INR,130346.60,SAVINGS
AC01420,79605000001420,CU00159,PR002,BR001,2023-03-03,,DORMANT,INR,85759.79,SAVINGS
AC01421,65515800001421,CU03059,PR001,BR009,2024-12-15,,ACTIVE,INR,87549.72,SAVINGS
AC01422,20844500001422,CU01421,PR008,BR007,2022-10-07,2024-08-20,CLOSED,INR,42116.07,FIXED_DEPOSIT
AC01423,26358400001423,CU02210,PR006,BR002,2018-04-07,2022-12-09,CLOSED,INR,66973.36,CURRENT
AC01424,95425100001424,CU04223,PR009,BR007,2019-08-27,,ACTIVE,INR,26.41,FIXED_DEPOSIT
AC01425,99242900001425,CU03083,PR007,BR008,2025-02-07,,DORMANT,INR,179627.28,FIXED_DEPOSIT
AC01426,28002400001426,CU02874,PR003,BR002,2021-11-02,,ACTIVE,INR,7498.98,SAVINGS
AC01427,71211400001427,CU01494,PR007,BR007,2022-08-01,2024-08-13,CLOSED,INR,210095.94,FIXED_DEPOSIT
AC01428,38206600001428,CU02712,PR005,BR001,2025-11-15,,DORMANT,INR,192883.11,CURRENT
AC01429,29766400001429,CU02316,PR005,BR004,2025-05-17,,DORMANT,INR,174456.24,CURRENT
AC01430,45277400001430,CU02095,PR004,BR003,2021-05-25,,DORMANT,INR,75875.47,CURRENT
AC01431,82883700001431,CU02440,PR001,BR005,2022-12-14,,ACTIVE,INR,2452.89,SAVINGS
AC01432,17091000001432,CU01955,PR001,BR009,2024-05-15,2025-03-31,CLOSED,INR,125260.09,SAVINGS
AC01433,16325200001433,CU04588,PR003,BR002,2020-03-09,,ACTIVE,INR,60630.51,SAVINGS
AC01434,62093300001434,CU01895,PR001,BR002,2023-09-13,,DORMANT,INR,134633.39,SAVINGS
AC01435,65929000001435,CU02130,PR008,BR001,2021-07-10,,DORMANT,INR,242721.93,FIXED_DEPOSIT
AC01436,74015500001436,CU01034,PR006,BR004,2023-07-09,,DORMANT,INR,205900.21,CURRENT
AC01437,15737600001437,CU01907,PR008,BR003,2022-11-20,,DORMANT,INR,184109.49,FIXED_DEPOSIT
AC01438,39704500001438,CU04762,PR003,BR005,2018-05-29,,ACTIVE,INR,7694.80,SAVINGS
AC01439,63500000001439,CU04213,PR008,BR002,2025-07-06,2026-08-23,CLOSED,INR,81582.13,FIXED_DEPOSIT
AC01440,46248200001440,CU02842,PR005,BR010,2019-11-23,,DORMANT,INR,92943.99,CURRENT
AC01441,29963100001441,CU02143,PR002,BR006,2024-01-03,,DORMANT,INR,29415.80,SAVINGS
AC01442,98198000001442,CU04569,PR002,BR003,2023-08-30,,DORMANT,INR,67898.28,SAVINGS
AC01443,32480800001443,CU02452,PR002,BR010,2025-12-23,2026-08-26,CLOSED,INR,223380.55,SAVINGS
AC01444,86730700001444,CU00567,PR008,BR003,2018-03-11,2021-01-15,CLOSED,INR,31340.72,FIXED_DEPOSIT
AC01445,23791300001445,CU04015,PR002,BR002,2021-10-29,2022-05-08,CLOSED,INR,57899.36,SAVINGS
AC01446,66379200001446,CU02298,PR009,BR009,2020-05-31,,DORMANT,INR,21115.36,FIXED_DEPOSIT
AC01447,11371400001447,CU02886,PR009,BR002,2022-01-16,2026-08-22,CLOSED,INR,154776.04,FIXED_DEPOSIT
AC01448,89530700001448,CU00285,PR002,BR007,2019-10-31,,DORMANT,INR,63470.51,SAVINGS
AC01449,60194300001449,CU04317,PR009,BR002,2022-12-06,,DORMANT,INR,114553.79,FIXED_DEPOSIT
AC01450,68030700001450,CU04225,PR009,BR006,2018-12-29,,ACTIVE,INR,105974.58,FIXED_DEPOSIT
AC01451,81489600001451,CU01301,PR004,BR006,2023-08-10,2025-04-09,CLOSED,INR,188858.44,CURRENT
AC01452,44282600001452,CU04245,PR008,BR001,2023-01-03,,ACTIVE,INR,202141.50,FIXED_DEPOSIT
AC01453,13077900001453,CU01557,PR002,BR005,2018-09-22,,DORMANT,INR,87764.05,SAVINGS
AC01454,59869700001454,CU00383,PR003,BR001,2022-04-20,2026-06-17,CLOSED,INR,185550.49,SAVINGS
AC01455,54275500001455,CU04002,PR002,BR003,2025-08-18,,ACTIVE,INR,163485.67,SAVINGS
AC01456,32752400001456,CU02552,PR007,BR003,2025-12-31,,ACTIVE,INR,197252.40,FIXED_DEPOSIT
AC01457,97254800001457,CU03950,PR008,BR005,2022-08-16,2026-08-25,CLOSED,INR,212381.95,FIXED_DEPOSIT
AC01458,70330400001458,CU02133,PR003,BR004,2025-10-29,,ACTIVE,INR,54130.85,SAVINGS
AC01459,27007200001459,CU01715,PR008,BR001,2024-04-17,,ACTIVE,INR,81931.76,FIXED_DEPOSIT
AC01460,77922800001460,CU03489,PR009,BR008,2023-03-11,2023-10-28,CLOSED,INR,14880.34,FIXED_DEPOSIT
AC01461,70715200001461,CU02349,PR003,BR010,2022-12-27,2025-06-28,CLOSED,INR,173721.33,SAVINGS
AC01462,98755600001462,CU03482,PR007,BR005,2023-06-11,,ACTIVE,INR,11472.28,FIXED_DEPOSIT
AC01463,14206800001463,CU00504,PR007,BR007,2025-01-31,2026-08-22,CLOSED,INR,180508.99,FIXED_DEPOSIT
AC01464,92393800001464,CU00468,PR006,BR005,2023-06-23,,ACTIVE,INR,25613.77,CURRENT
AC01465,10453700001465,CU01971,PR008,BR001,2024-03-21,,DORMANT,INR,119525.92,FIXED_DEPOSIT
AC01466,48020500001466,CU04358,PR003,BR009,2024-07-08,2026-07-29,CLOSED,INR,45878.97,SAVINGS
AC01467,11773500001467,CU00666,PR002,BR001,2023-09-29,,DORMANT,INR,96353.99,SAVINGS
AC01468,20701300001468,CU02251,PR009,BR005,2025-10-27,2026-08-21,CLOSED,INR,110174.68,FIXED_DEPOSIT
AC01469,91756700001469,CU03229,PR005,BR010,2020-05-28,,DORMANT,INR,195333.45,CURRENT
AC01470,75590000001470,CU03657,PR005,BR009,2019-06-03,,ACTIVE,INR,24085.60,CURRENT
AC01471,25501000001471,CU04627,PR005,BR009,2022-02-08,,ACTIVE,INR,56658.11,CURRENT
AC01472,93658500001472,CU01019,PR003,BR007,2024-01-07,2024-12-03,CLOSED,INR,239719.27,SAVINGS
AC01473,67143500001473,CU03200,PR007,BR004,2018-03-30,2019-09-01,CLOSED,INR,131382.70,FIXED_DEPOSIT
AC01474,79854900001474,CU00459,PR006,BR007,2018-10-12,,DORMANT,INR,30921.10,CURRENT
AC01475,17610600001475,CU01507,PR001,BR001,2022-11-25,,DORMANT,INR,181901.58,SAVINGS
AC01476,33395400001476,CU03792,PR008,BR002,2018-08-03,,DORMANT,INR,100276.28,FIXED_DEPOSIT
AC01477,83414200001477,CU03098,PR004,BR005,2025-07-10,2026-01-15,CLOSED,INR,36935.58,CURRENT
AC01478,61031800001478,CU00306,PR005,BR007,2019-06-23,,ACTIVE,INR,72527.28,CURRENT
AC01479,29287600001479,CU03396,PR006,BR006,2025-10-06,2026-08-24,CLOSED,INR,206338.85,CURRENT
AC01480,63606500001480,CU02351,PR002,BR008,2023-09-11,,ACTIVE,INR,39666.29,SAVINGS
AC01481,50138100001481,CU02847,PR001,BR007,2020-03-01,,DORMANT,INR,140788.59,SAVINGS
AC01482,61479500001482,CU01881,PR003,BR006,2023-09-22,,DORMANT,INR,194360.72,SAVINGS
AC01483,35394000001483,CU02615,PR006,BR005,2019-01-01,,DORMANT,INR,161636.34,CURRENT
AC01484,32156700001484,CU01377,PR004,BR004,2022-06-22,2026-08-29,CLOSED,INR,120052.21,CURRENT
AC01485,81772900001485,CU04602,PR002,BR007,2023-01-02,,DORMANT,INR,203474.25,SAVINGS
AC01486,66165200001486,CU01305,PR009,BR007,2025-04-20,2026-08-26,CLOSED,INR,89842.86,FIXED_DEPOSIT
AC01487,77498500001487,CU03691,PR002,BR005,2020-09-22,,ACTIVE,INR,145314.10,SAVINGS
AC01488,13663900001488,CU04035,PR001,BR008,2019-05-25,2020-04-02,CLOSED,INR,132469.87,SAVINGS
AC01489,75955300001489,CU02866,PR009,BR005,2019-01-20,2023-07-29,CLOSED,INR,41239.90,FIXED_DEPOSIT
AC01490,65533000001490,CU04955,PR002,BR006,2024-09-27,2025-08-25,CLOSED,INR,153476.14,SAVINGS
AC01491,82367700001491,CU02079,PR009,BR008,2020-10-16,,DORMANT,INR,37786.87,FIXED_DEPOSIT
AC01492,34151400001492,CU04615,PR009,BR010,2019-08-12,2021-08-14,CLOSED,INR,57677.08,FIXED_DEPOSIT
AC01493,10256800001493,CU00476,PR004,BR008,2020-03-05,,DORMANT,INR,116962.01,CURRENT
AC01494,95442400001494,CU03413,PR001,BR008,2021-11-04,,ACTIVE,INR,1540.93,SAVINGS
AC01495,22848000001495,CU01159,PR008,BR005,2023-01-20,2024-06-10,CLOSED,INR,109645.72,FIXED_DEPOSIT
AC01496,11134000001496,CU00210,PR004,BR010,2025-10-18,,ACTIVE,INR,258555.50,CURRENT
AC01497,98073300001497,CU00569,PR009,BR006,2022-01-11,2023-08-17,CLOSED,INR,217107.16,FIXED_DEPOSIT
AC01498,97224500001498,CU04070,PR009,BR007,2022-05-22,,DORMANT,INR,71429.02,FIXED_DEPOSIT
AC01499,85680400001499,CU01366,PR002,BR004,2025-12-11,2026-08-29,CLOSED,INR,139074.08,SAVINGS
AC01500,62326800001500,CU02654,PR007,BR002,2020-09-21,,ACTIVE,INR,36285.88,FIXED_DEPOSIT
AC01501,31808100001501,CU03204,PR003,BR005,2020-07-07,,ACTIVE,INR,43146.01,SAVINGS
AC01502,50510100001502,CU00493,PR009,BR006,2023-08-26,,DORMANT,INR,157159.22,FIXED_DEPOSIT
AC01503,56331100001503,CU00079,PR004,BR009,2024-12-16,,ACTIVE,INR,41.66,CURRENT
AC01504,42810100001504,CU04466,PR002,BR010,2021-08-25,,ACTIVE,INR,63925.50,SAVINGS
AC01505,83476100001505,CU04554,PR003,BR003,2022-01-25,2025-08-13,CLOSED,INR,199950.56,SAVINGS
AC01506,45591200001506,CU00556,PR005,BR004,2024-07-29,,ACTIVE,INR,12570.09,CURRENT
AC01507,48985200001507,CU04893,PR004,BR004,2024-07-22,,ACTIVE,INR,206851.93,CURRENT
AC01508,20644600001508,CU01284,PR003,BR008,2018-03-22,2018-12-24,CLOSED,INR,3498.24,SAVINGS
AC01509,32070500001509,CU03699,PR007,BR007,2025-01-20,2026-08-20,CLOSED,INR,82037.73,FIXED_DEPOSIT
AC01510,99255700001510,CU01235,PR007,BR010,2024-08-01,,DORMANT,INR,48807.56,FIXED_DEPOSIT
AC01511,74086700001511,CU00099,PR004,BR004,2025-02-13,2026-08-28,CLOSED,INR,112519.17,CURRENT
AC01512,97818600001512,CU03636,PR001,BR008,2023-08-11,,ACTIVE,INR,1712.64,SAVINGS
AC01513,97838900001513,CU04906,PR004,BR008,2018-09-29,,DORMANT,INR,105161.46,CURRENT
AC01514,35973800001514,CU00411,PR009,BR008,2021-05-23,,ACTIVE,INR,64722.30,FIXED_DEPOSIT
AC01515,84871100001515,CU02521,PR009,BR003,2023-12-10,2026-05-23,CLOSED,INR,246164.10,FIXED_DEPOSIT
AC01516,89569800001516,CU00095,PR007,BR002,2021-02-01,2023-03-20,CLOSED,INR,245498.08,FIXED_DEPOSIT
AC01517,39302400001517,CU01861,PR006,BR004,2023-12-05,,ACTIVE,INR,78879.32,CURRENT
AC01518,58163800001518,CU01272,PR001,BR010,2022-02-02,,DORMANT,INR,226474.28,SAVINGS
AC01519,25378700001519,CU04749,PR008,BR001,2024-06-24,,ACTIVE,INR,3497.05,FIXED_DEPOSIT
AC01520,34460300001520,CU01923,PR001,BR010,2024-09-21,,ACTIVE,INR,74040.92,SAVINGS
AC01521,98149700001521,CU03977,PR007,BR003,2024-03-29,2025-06-11,CLOSED,INR,203709.51,FIXED_DEPOSIT
AC01522,73284400001522,CU02832,PR003,BR009,2018-05-03,2022-07-09,CLOSED,INR,234275.68,SAVINGS
AC01523,95725100001523,CU02278,PR006,BR010,2022-12-16,,ACTIVE,INR,29400.68,CURRENT
AC01524,87859400001524,CU01657,PR002,BR009,2018-10-29,,DORMANT,INR,248083.49,SAVINGS
AC01525,94004700001525,CU00298,PR002,BR007,2022-08-04,2026-08-25,CLOSED,INR,183699.03,SAVINGS
AC01526,35077100001526,CU03701,PR008,BR003,2021-02-22,2023-10-25,CLOSED,INR,207382.88,FIXED_DEPOSIT
AC01527,60742000001527,CU01768,PR009,BR004,2018-12-15,2020-07-17,CLOSED,INR,169306.90,FIXED_DEPOSIT
AC01528,51798800001528,CU03805,PR004,BR010,2019-10-15,2022-06-05,CLOSED,INR,20094.31,CURRENT
AC01529,66726500001529,CU00864,PR009,BR004,2023-12-09,2026-08-20,CLOSED,INR,20095.52,FIXED_DEPOSIT
AC01530,45710500001530,CU00448,PR001,BR010,2023-07-13,2026-04-14,CLOSED,INR,140926.52,SAVINGS
AC01531,96937300001531,CU01958,PR005,BR005,2021-12-15,2023-05-09,CLOSED,INR,31725.15,CURRENT
AC01532,21763300001532,CU04530,PR005,BR002,2025-05-20,,DORMANT,INR,155756.69,CURRENT
AC01533,84164200001533,CU03774,PR003,BR003,2023-06-13,,ACTIVE,INR,15690.99,SAVINGS
AC01534,71824200001534,CU03676,PR007,BR008,2022-06-18,2026-08-01,CLOSED,INR,123189.55,FIXED_DEPOSIT
AC01535,37533700001535,CU00908,PR002,BR010,2019-11-20,2022-09-15,CLOSED,INR,94519.66,SAVINGS
AC01536,22857400001536,CU04433,PR006,BR005,2025-07-08,,DORMANT,INR,154595.90,CURRENT
AC01537,59260200001537,CU04004,PR002,BR005,2025-12-20,2026-08-22,CLOSED,INR,111839.55,SAVINGS
AC01538,18849700001538,CU04269,PR007,BR008,2018-02-05,2021-08-05,CLOSED,INR,76311.11,FIXED_DEPOSIT
AC01539,77546700001539,CU00124,PR004,BR007,2021-12-28,2023-06-15,CLOSED,INR,51107.42,CURRENT
AC01540,65238900001540,CU01801,PR008,BR010,2019-09-11,2024-11-02,CLOSED,INR,114478.79,FIXED_DEPOSIT
AC01541,60876800001541,CU01821,PR008,BR003,2018-08-17,,DORMANT,INR,37827.47,FIXED_DEPOSIT
AC01542,71563400001542,CU02966,PR005,BR008,2023-06-25,2026-08-22,CLOSED,INR,50996.64,CURRENT
AC01543,14488000001543,CU02823,PR004,BR002,2023-10-06,,ACTIVE,INR,39548.58,CURRENT
AC01544,77501600001544,CU04868,PR008,BR009,2020-05-18,,ACTIVE,INR,62853.34,FIXED_DEPOSIT
AC01545,54675400001545,CU03031,PR007,BR007,2018-01-16,2023-04-21,CLOSED,INR,185800.67,FIXED_DEPOSIT
AC01546,38319900001546,CU04535,PR001,BR003,2024-10-28,,ACTIVE,INR,83274.33,SAVINGS
AC01547,22852800001547,CU00170,PR001,BR003,2018-07-12,,DORMANT,INR,73193.42,SAVINGS
AC01548,57174900001548,CU04446,PR008,BR009,2024-06-27,,ACTIVE,INR,47040.80,FIXED_DEPOSIT
AC01549,99178200001549,CU04236,PR006,BR001,2023-06-24,,DORMANT,INR,123852.70,CURRENT
AC01550,94386700001550,CU00885,PR004,BR009,2020-03-09,,ACTIVE,INR,46279.17,CURRENT
AC01551,72684000001551,CU03495,PR007,BR006,2018-09-18,2019-10-20,CLOSED,INR,5151.78,FIXED_DEPOSIT
AC01552,50343600001552,CU03686,PR007,BR006,2023-04-11,,ACTIVE,INR,7241.73,FIXED_DEPOSIT
AC01553,32582900001553,CU04641,PR001,BR002,2019-06-13,,DORMANT,INR,186440.73,SAVINGS
AC01554,31799600001554,CU02485,PR006,BR004,2021-11-16,,ACTIVE,INR,3343.94,CURRENT
AC01555,56215000001555,CU00723,PR003,BR003,2021-09-20,,ACTIVE,INR,57886.96,SAVINGS
AC01556,54047800001556,CU00902,PR002,BR009,2025-08-25,,ACTIVE,INR,158471.62,SAVINGS
AC01557,73143000001557,CU04313,PR001,BR005,2020-12-28,2021-10-07,CLOSED,INR,8401.41,SAVINGS
AC01558,74730700001558,CU00147,PR001,BR003,2022-11-02,,DORMANT,INR,218556.10,SAVINGS
AC01559,21448900001559,CU02259,PR007,BR010,2021-02-27,2025-09-27,CLOSED,INR,150255.56,FIXED_DEPOSIT
AC01560,84620200001560,CU03301,PR002,BR003,2021-09-11,,ACTIVE,INR,345827.26,SAVINGS
AC01561,80400000001561,CU02112,PR002,BR003,2018-04-20,,ACTIVE,INR,209.96,SAVINGS
AC01562,97709800001562,CU03375,PR001,BR010,2023-10-09,,DORMANT,INR,226564.29,SAVINGS
AC01563,16324500001563,CU00174,PR008,BR005,2019-08-30,,DORMANT,INR,241847.59,FIXED_DEPOSIT
AC01564,62308600001564,CU03312,PR003,BR009,2024-10-01,,DORMANT,INR,175791.01,SAVINGS
AC01565,73619300001565,CU01105,PR004,BR007,2019-05-07,2021-12-20,CLOSED,INR,144470.28,CURRENT
AC01566,76065700001566,CU00375,PR005,BR003,2022-04-02,,ACTIVE,INR,221022.78,CURRENT
AC01567,63375600001567,CU03372,PR005,BR010,2019-02-15,,DORMANT,INR,66066.46,CURRENT
AC01568,39788500001568,CU00286,PR006,BR006,2024-03-28,,DORMANT,INR,238650.27,CURRENT
AC01569,71721300001569,CU00571,PR004,BR006,2025-12-02,2026-08-23,CLOSED,INR,5189.60,CURRENT
AC01570,94165700001570,CU04130,PR004,BR008,2021-10-23,,DORMANT,INR,80209.86,CURRENT
AC01571,25116300001571,CU03458,PR005,BR005,2021-10-29,,ACTIVE,INR,12806.84,CURRENT
AC01572,53567500001572,CU03291,PR004,BR001,2018-07-12,2019-02-25,CLOSED,INR,229798.47,CURRENT
AC01573,35124100001573,CU02679,PR006,BR002,2025-05-21,,DORMANT,INR,1173.77,CURRENT
AC01574,77993900001574,CU01624,PR002,BR010,2023-08-19,2025-03-10,CLOSED,INR,73933.91,SAVINGS
AC01575,19117400001575,CU00485,PR003,BR006,2024-10-09,2026-08-27,CLOSED,INR,94053.23,SAVINGS
AC01576,43342800001576,CU01712,PR004,BR010,2020-02-21,,DORMANT,INR,213633.67,CURRENT
AC01577,86151900001577,CU01064,PR003,BR004,2022-12-06,,DORMANT,INR,92627.07,SAVINGS
AC01578,69123600001578,CU03491,PR009,BR010,2022-10-24,2025-02-11,CLOSED,INR,20188.75,FIXED_DEPOSIT
AC01579,33091400001579,CU03889,PR006,BR009,2023-12-09,2026-08-25,CLOSED,INR,209006.56,CURRENT
AC01580,84624400001580,CU00204,PR001,BR002,2018-08-30,,DORMANT,INR,21238.20,SAVINGS
AC01581,46104200001581,CU01393,PR004,BR007,2024-02-11,,DORMANT,INR,75611.34,CURRENT
AC01582,66939400001582,CU01566,PR008,BR004,2023-10-04,,DORMANT,INR,56998.58,FIXED_DEPOSIT
AC01583,78647900001583,CU02628,PR007,BR005,2022-01-29,2026-08-24,CLOSED,INR,105639.95,FIXED_DEPOSIT
AC01584,53406200001584,CU04301,PR008,BR007,2021-09-21,2024-11-29,CLOSED,INR,79660.14,FIXED_DEPOSIT
AC01585,88955100001585,CU04726,PR008,BR002,2019-06-27,,DORMANT,INR,236719.19,FIXED_DEPOSIT
AC01586,61433500001586,CU01542,PR004,BR002,2024-12-21,2026-08-23,CLOSED,INR,155797.01,CURRENT
AC01587,13410600001587,CU01803,PR008,BR003,2019-05-02,2020-04-05,CLOSED,INR,190428.69,FIXED_DEPOSIT
AC01588,94264500001588,CU01713,PR009,BR009,2022-04-24,2026-08-08,CLOSED,INR,230954.32,FIXED_DEPOSIT
AC01589,31474400001589,CU00964,PR003,BR001,2025-11-10,2026-08-27,CLOSED,INR,73839.36,SAVINGS
AC01590,42074300001590,CU02014,PR007,BR006,2022-10-26,,ACTIVE,INR,32874.93,FIXED_DEPOSIT
AC01591,37879800001591,CU00526,PR004,BR008,2023-09-11,,ACTIVE,INR,25377.01,CURRENT
AC01592,90064500001592,CU02280,PR008,BR009,2019-11-13,2023-09-14,CLOSED,INR,78674.89,FIXED_DEPOSIT
AC01593,29947700001593,CU03500,PR005,BR007,2020-10-02,,ACTIVE,INR,68676.39,CURRENT
AC01594,96423700001594,CU01975,PR001,BR004,2023-11-18,2026-08-27,CLOSED,INR,82783.96,SAVINGS
AC01595,95992700001595,CU00643,PR008,BR009,2021-01-14,,DORMANT,INR,39504.27,FIXED_DEPOSIT
AC01596,65353600001596,CU01102,PR009,BR001,2020-01-02,,ACTIVE,INR,2675.11,FIXED_DEPOSIT
AC01597,24672600001597,CU01280,PR009,BR009,2025-12-04,,ACTIVE,INR,26965.15,FIXED_DEPOSIT
AC01598,93290300001598,CU03373,PR002,BR003,2019-08-18,,DORMANT,INR,69535.97,SAVINGS
AC01599,45668500001599,CU03164,PR001,BR004,2019-04-23,,DORMANT,INR,173618.20,SAVINGS
AC01600,45023900001600,CU00452,PR004,BR005,2023-12-18,,ACTIVE,INR,64598.96,CURRENT
AC01601,17177600001601,CU00801,PR004,BR002,2021-06-27,2024-03-30,CLOSED,INR,165973.19,CURRENT
AC01602,38883100001602,CU03308,PR004,BR003,2019-01-12,,DORMANT,INR,118613.94,CURRENT
AC01603,80185900001603,CU01751,PR008,BR009,2025-12-25,2026-08-21,CLOSED,INR,223108.68,FIXED_DEPOSIT
AC01604,16973400001604,CU03985,PR006,BR006,2018-11-08,,ACTIVE,INR,12096.09,CURRENT
AC01605,40511000001605,CU00035,PR009,BR009,2021-06-02,,ACTIVE,INR,139993.30,FIXED_DEPOSIT
AC01606,95276800001606,CU04776,PR002,BR010,2018-10-19,,DORMANT,INR,182960.11,SAVINGS
AC01607,92937400001607,CU01883,PR008,BR007,2019-02-24,2022-09-25,CLOSED,INR,14849.89,FIXED_DEPOSIT
AC01608,24676600001608,CU03387,PR007,BR001,2025-07-19,2026-08-28,CLOSED,INR,6430.50,FIXED_DEPOSIT
AC01609,14042000001609,CU02613,PR003,BR002,2020-10-22,,DORMANT,INR,92388.80,SAVINGS
AC01610,17101400001610,CU00868,PR001,BR007,2022-04-20,,ACTIVE,INR,41390.80,SAVINGS
AC01611,16876100001611,CU02317,PR007,BR005,2021-08-11,2025-09-29,CLOSED,INR,42684.36,FIXED_DEPOSIT
AC01612,64047100001612,CU04578,PR001,BR009,2022-02-10,,DORMANT,INR,195412.83,SAVINGS
AC01613,93183700001613,CU00763,PR002,BR007,2021-09-03,,DORMANT,INR,84668.68,SAVINGS
AC01614,70920500001614,CU00862,PR009,BR002,2025-11-15,,DORMANT,INR,128775.24,FIXED_DEPOSIT
AC01615,81174000001615,CU01198,PR004,BR006,2024-05-27,,DORMANT,INR,49811.62,CURRENT
AC01616,89291900001616,CU02108,PR005,BR004,2021-12-13,2025-10-01,CLOSED,INR,138080.93,CURRENT
AC01617,39225500001617,CU02448,PR001,BR010,2021-07-15,,ACTIVE,INR,57580.93,SAVINGS
AC01618,34390300001618,CU03839,PR005,BR005,2021-05-23,,DORMANT,INR,79810.65,CURRENT
AC01619,75853500001619,CU00517,PR008,BR009,2020-04-21,,DORMANT,INR,79829.85,FIXED_DEPOSIT
AC01620,84748300001620,CU00146,PR007,BR009,2022-09-03,,DORMANT,INR,27286.17,FIXED_DEPOSIT
AC01621,61037700001621,CU02969,PR009,BR009,2024-06-04,2026-08-23,CLOSED,INR,5446.48,FIXED_DEPOSIT
AC01622,24619700001622,CU01528,PR003,BR005,2023-12-20,,DORMANT,INR,54184.32,SAVINGS
AC01623,31760700001623,CU02326,PR006,BR004,2018-04-27,2021-04-06,CLOSED,INR,99066.00,CURRENT
AC01624,68369300001624,CU03906,PR001,BR009,2021-12-21,,DORMANT,INR,126055.15,SAVINGS
AC01625,25095900001625,CU01527,PR007,BR008,2021-07-22,2026-06-01,CLOSED,INR,123948.14,FIXED_DEPOSIT
AC01626,23085000001626,CU04736,PR008,BR008,2018-02-11,,DORMANT,INR,81213.78,FIXED_DEPOSIT
AC01627,62407500001627,CU03233,PR002,BR008,2018-10-08,2019-05-03,CLOSED,INR,231361.51,SAVINGS
AC01628,77991100001628,CU01656,PR004,BR007,2019-06-05,2023-12-16,CLOSED,INR,145372.36,CURRENT
AC01629,39976000001629,CU01552,PR005,BR009,2021-10-23,,ACTIVE,INR,123526.79,CURRENT
AC01630,91294600001630,CU04529,PR003,BR005,2025-01-25,2026-08-21,CLOSED,INR,12921.58,SAVINGS
AC01631,94966000001631,CU04512,PR001,BR003,2020-05-05,,ACTIVE,INR,27203.23,SAVINGS
AC01632,47129600001632,CU04397,PR007,BR006,2023-12-24,,DORMANT,INR,239416.51,FIXED_DEPOSIT
AC01633,38600200001633,CU02481,PR008,BR004,2022-03-11,,DORMANT,INR,156031.90,FIXED_DEPOSIT
AC01634,10592300001634,CU00190,PR001,BR009,2021-01-17,2023-01-16,CLOSED,INR,177821.01,SAVINGS
AC01635,75100600001635,CU04217,PR004,BR010,2021-09-06,,ACTIVE,INR,2246.36,CURRENT
AC01636,61262900001636,CU03085,PR008,BR003,2023-05-18,2026-08-24,CLOSED,INR,7133.83,FIXED_DEPOSIT
AC01637,29683300001637,CU04714,PR009,BR010,2022-02-15,,ACTIVE,INR,12103.55,FIXED_DEPOSIT
AC01638,68042000001638,CU04419,PR002,BR001,2023-12-25,,ACTIVE,INR,8349.63,SAVINGS
AC01639,75229100001639,CU00538,PR006,BR007,2024-01-27,2026-08-20,CLOSED,INR,94299.79,CURRENT
AC01640,27914100001640,CU03626,PR009,BR008,2020-10-31,2025-11-16,CLOSED,INR,231443.68,FIXED_DEPOSIT
AC01641,89052600001641,CU01141,PR001,BR009,2018-01-21,,DORMANT,INR,218570.45,SAVINGS
AC01642,86203600001642,CU03328,PR009,BR007,2022-04-26,,DORMANT,INR,121565.44,FIXED_DEPOSIT
AC01643,93117600001643,CU02301,PR007,BR001,2023-09-29,,DORMANT,INR,104050.49,FIXED_DEPOSIT
AC01644,59957800001644,CU04979,PR002,BR003,2018-09-01,,ACTIVE,INR,15172.65,SAVINGS
AC01645,91270100001645,CU01268,PR005,BR002,2018-03-09,2020-09-06,CLOSED,INR,8688.05,CURRENT
AC01646,60851100001646,CU01562,PR004,BR002,2020-10-14,,ACTIVE,INR,49943.32,CURRENT
AC01647,86119100001647,CU01587,PR002,BR001,2021-03-07,2022-10-16,CLOSED,INR,163246.85,SAVINGS
AC01648,18367000001648,CU00919,PR002,BR007,2020-09-30,2025-07-09,CLOSED,INR,230698.01,SAVINGS
AC01649,36446200001649,CU03581,PR005,BR010,2020-02-06,2023-07-13,CLOSED,INR,2412.69,CURRENT
AC01650,25291600001650,CU03842,PR008,BR006,2023-08-29,2026-08-28,CLOSED,INR,193710.99,FIXED_DEPOSIT
AC01651,94852800001651,CU00065,PR005,BR009,2024-04-27,,ACTIVE,INR,34728.50,CURRENT
AC01652,16553600001652,CU01688,PR007,BR003,2018-03-11,,ACTIVE,INR,20793.30,FIXED_DEPOSIT
AC01653,80353200001653,CU02464,PR006,BR010,2019-07-20,,ACTIVE,INR,7373.25,CURRENT
AC01654,82237900001654,CU02545,PR003,BR010,2023-04-05,2026-08-22,CLOSED,INR,60795.41,SAVINGS
AC01655,25361800001655,CU02570,PR008,BR002,2024-05-08,,ACTIVE,INR,90160.99,FIXED_DEPOSIT
AC01656,91217500001656,CU03667,PR003,BR003,2021-08-30,,ACTIVE,INR,160898.91,SAVINGS
AC01657,92926400001657,CU01468,PR006,BR001,2020-11-09,2024-10-06,CLOSED,INR,167129.43,CURRENT
AC01658,64755000001658,CU00729,PR006,BR003,2019-11-10,,ACTIVE,INR,301.17,CURRENT
AC01659,77099400001659,CU03682,PR003,BR010,2025-11-22,2026-08-28,CLOSED,INR,15899.42,SAVINGS
AC01660,98289700001660,CU03245,PR003,BR009,2020-04-30,,ACTIVE,INR,2118.15,SAVINGS
AC01661,70927500001661,CU02520,PR006,BR006,2024-12-16,2026-08-23,CLOSED,INR,158091.10,CURRENT
AC01662,79241200001662,CU02018,PR004,BR008,2018-08-21,,ACTIVE,INR,1653.13,CURRENT
AC01663,89619400001663,CU01967,PR001,BR002,2025-01-17,,DORMANT,INR,177047.56,SAVINGS
AC01664,14144600001664,CU03214,PR008,BR009,2024-09-05,2026-08-20,CLOSED,INR,10661.03,FIXED_DEPOSIT
AC01665,88256400001665,CU04323,PR001,BR002,2023-07-18,2026-08-26,CLOSED,INR,221402.16,SAVINGS
AC01666,97920600001666,CU03325,PR004,BR002,2021-06-18,2023-04-29,CLOSED,INR,61781.82,CURRENT
AC01667,40660600001667,CU03544,PR004,BR007,2019-11-03,,ACTIVE,INR,105327.59,CURRENT
AC01668,59773200001668,CU00753,PR009,BR006,2019-03-05,,ACTIVE,INR,2880.43,FIXED_DEPOSIT
AC01669,26379600001669,CU00788,PR002,BR001,2020-05-19,,DORMANT,INR,129873.74,SAVINGS
AC01670,66688300001670,CU01289,PR006,BR008,2023-01-10,,ACTIVE,INR,6714.37,CURRENT
AC01671,40049200001671,CU04249,PR001,BR002,2024-07-21,2026-08-26,CLOSED,INR,44279.84,SAVINGS
AC01672,91476500001672,CU00582,PR009,BR010,2022-02-10,,ACTIVE,INR,450.93,FIXED_DEPOSIT
AC01673,70959200001673,CU02374,PR002,BR002,2020-02-07,2023-12-17,CLOSED,INR,212368.10,SAVINGS
AC01674,99738700001674,CU02946,PR008,BR008,2020-09-07,,ACTIVE,INR,7013.23,FIXED_DEPOSIT
AC01675,30496900001675,CU03264,PR007,BR004,2024-06-02,2026-08-26,CLOSED,INR,203600.00,FIXED_DEPOSIT
AC01676,40185900001676,CU02342,PR008,BR006,2024-12-12,2026-08-26,CLOSED,INR,11028.45,FIXED_DEPOSIT
AC01677,50226000001677,CU01722,PR007,BR010,2024-03-05,,ACTIVE,INR,49142.10,FIXED_DEPOSIT
AC01678,62090300001678,CU00296,PR005,BR007,2023-11-30,,ACTIVE,INR,1618.52,CURRENT
AC01679,45100900001679,CU03051,PR006,BR005,2024-01-30,2026-08-27,CLOSED,INR,41868.07,CURRENT
AC01680,48097100001680,CU00827,PR009,BR001,2023-05-21,,DORMANT,INR,172914.48,FIXED_DEPOSIT
AC01681,86822400001681,CU02274,PR004,BR001,2025-07-05,,DORMANT,INR,244732.57,CURRENT
AC01682,76020300001682,CU04032,PR001,BR003,2019-08-17,,DORMANT,INR,191899.38,SAVINGS
AC01683,92844300001683,CU00151,PR002,BR003,2019-07-11,,ACTIVE,INR,17.30,SAVINGS
AC01684,11955200001684,CU00420,PR004,BR004,2025-03-22,2026-08-24,CLOSED,INR,157726.49,CURRENT
AC01685,90880900001685,CU01351,PR008,BR008,2023-07-20,,ACTIVE,INR,109044.45,FIXED_DEPOSIT
AC01686,48912600001686,CU03766,PR002,BR009,2018-03-11,,DORMANT,INR,151575.07,SAVINGS
AC01687,13831100001687,CU04738,PR007,BR010,2021-12-29,2025-03-04,CLOSED,INR,41056.68,FIXED_DEPOSIT
AC01688,51627200001688,CU04666,PR006,BR009,2022-12-07,2025-02-20,CLOSED,INR,34768.89,CURRENT
AC01689,65988500001689,CU04414,PR007,BR003,2020-01-19,2022-01-16,CLOSED,INR,59379.09,FIXED_DEPOSIT
AC01690,14874100001690,CU01004,PR001,BR006,2021-05-04,,DORMANT,INR,181261.69,SAVINGS
AC01691,75538600001691,CU03496,PR005,BR007,2021-06-12,,DORMANT,INR,14053.87,CURRENT
AC01692,98521200001692,CU01364,PR004,BR005,2020-06-19,,DORMANT,INR,206282.23,CURRENT
AC01693,91923300001693,CU03446,PR005,BR002,2019-01-12,,ACTIVE,INR,22970.20,CURRENT
AC01694,56046000001694,CU00847,PR006,BR010,2025-03-28,,DORMANT,INR,127475.09,CURRENT
AC01695,18510400001695,CU00676,PR008,BR009,2023-04-05,2026-01-03,CLOSED,INR,193705.65,FIXED_DEPOSIT
AC01696,71926500001696,CU01972,PR005,BR008,2024-07-23,,DORMANT,INR,113682.29,CURRENT
AC01697,53510900001697,CU00416,PR007,BR008,2021-08-01,,ACTIVE,INR,40080.98,FIXED_DEPOSIT
AC01698,43468600001698,CU01777,PR002,BR006,2021-07-04,,DORMANT,INR,224652.60,SAVINGS
AC01699,69961700001699,CU04402,PR006,BR004,2020-08-25,,ACTIVE,INR,13151.04,CURRENT
AC01700,16137500001700,CU04958,PR007,BR006,2024-04-21,,ACTIVE,INR,353.34,FIXED_DEPOSIT
AC01701,36523300001701,CU00897,PR001,BR003,2021-01-01,,ACTIVE,INR,48010.60,SAVINGS
AC01702,15725200001702,CU01242,PR002,BR010,2025-05-16,,ACTIVE,INR,67027.56,SAVINGS
AC01703,52415900001703,CU01096,PR008,BR002,2025-02-04,,DORMANT,INR,88792.83,FIXED_DEPOSIT
AC01704,44115600001704,CU02553,PR001,BR009,2020-04-15,2022-06-14,CLOSED,INR,49721.08,SAVINGS
AC01705,18584000001705,CU04967,PR006,BR005,2021-12-11,,DORMANT,INR,193023.77,CURRENT
AC01706,25366500001706,CU02583,PR007,BR004,2021-07-20,2024-04-13,CLOSED,INR,84335.87,FIXED_DEPOSIT
AC01707,95734400001707,CU02145,PR006,BR002,2021-12-09,,DORMANT,INR,111895.55,CURRENT
AC01708,51298000001708,CU02695,PR008,BR006,2022-09-02,,ACTIVE,INR,75022.68,FIXED_DEPOSIT
AC01709,37497800001709,CU03347,PR009,BR006,2021-11-17,,DORMANT,INR,5543.15,FIXED_DEPOSIT
AC01710,83367300001710,CU04430,PR009,BR004,2020-11-26,,DORMANT,INR,148154.00,FIXED_DEPOSIT
AC01711,75583700001711,CU04607,PR009,BR004,2018-09-18,2020-02-21,CLOSED,INR,12601.34,FIXED_DEPOSIT
AC01712,43216800001712,CU00624,PR005,BR010,2022-10-08,,DORMANT,INR,31904.01,CURRENT
AC01713,60984400001713,CU03493,PR009,BR006,2018-06-02,,DORMANT,INR,116380.61,FIXED_DEPOSIT
AC01714,89419200001714,CU04566,PR003,BR002,2021-11-26,,ACTIVE,INR,3767.93,SAVINGS
AC01715,94519400001715,CU01640,PR005,BR004,2021-10-29,,DORMANT,INR,136041.00,CURRENT
AC01716,17102400001716,CU02768,PR004,BR006,2022-01-03,,DORMANT,INR,233187.86,CURRENT
AC01717,51372300001717,CU04803,PR005,BR008,2025-04-17,,DORMANT,INR,3940.06,CURRENT
AC01718,61834900001718,CU03024,PR001,BR009,2020-03-02,2021-09-01,CLOSED,INR,31050.89,SAVINGS
AC01719,33187600001719,CU01188,PR001,BR009,2023-11-02,,DORMANT,INR,227708.92,SAVINGS
AC01720,82492300001720,CU02518,PR008,BR006,2021-02-10,,DORMANT,INR,19314.73,FIXED_DEPOSIT
AC01721,52038900001721,CU01170,PR005,BR004,2018-08-27,,DORMANT,INR,170062.57,CURRENT
AC01722,27732000001722,CU04678,PR003,BR004,2018-09-15,,ACTIVE,INR,1986.00,SAVINGS
AC01723,45301900001723,CU02465,PR001,BR003,2024-10-31,,ACTIVE,INR,87916.98,SAVINGS
AC01724,72438800001724,CU02080,PR007,BR001,2018-02-15,2018-09-24,CLOSED,INR,22715.21,FIXED_DEPOSIT
AC01725,81099500001725,CU04400,PR003,BR008,2023-01-08,2024-02-12,CLOSED,INR,217315.82,SAVINGS
AC01726,90333800001726,CU02407,PR003,BR007,2021-06-07,,ACTIVE,INR,20715.49,SAVINGS
AC01727,82417800001727,CU04222,PR002,BR005,2024-06-28,,ACTIVE,INR,64302.88,SAVINGS
AC01728,49717600001728,CU00408,PR008,BR003,2024-09-10,2026-08-29,CLOSED,INR,241689.65,FIXED_DEPOSIT
AC01729,31399900001729,CU02086,PR009,BR006,2024-06-16,,ACTIVE,INR,1779.07,FIXED_DEPOSIT
AC01730,39792600001730,CU01773,PR009,BR006,2020-10-06,2022-05-22,CLOSED,INR,28856.70,FIXED_DEPOSIT
AC01731,56731600001731,CU03552,PR004,BR007,2025-12-22,,ACTIVE,INR,23109.59,CURRENT
AC01732,75641900001732,CU03015,PR006,BR009,2019-06-06,,ACTIVE,INR,10.93,CURRENT
AC01733,73476800001733,CU02096,PR001,BR008,2018-08-29,,DORMANT,INR,102727.13,SAVINGS
AC01734,47160100001734,CU04008,PR004,BR010,2023-09-21,2025-12-18,CLOSED,INR,124565.79,CURRENT
AC01735,81055100001735,CU04949,PR001,BR005,2023-04-04,2026-04-28,CLOSED,INR,76054.88,SAVINGS
AC01736,60786400001736,CU04425,PR003,BR003,2020-07-12,2025-10-30,CLOSED,INR,143041.80,SAVINGS
AC01737,26000000001737,CU00293,PR008,BR006,2022-09-14,2025-11-14,CLOSED,INR,121847.46,FIXED_DEPOSIT
AC01738,24163300001738,CU04526,PR003,BR003,2022-05-15,2026-08-26,CLOSED,INR,5099.06,SAVINGS
AC01739,39899600001739,CU00233,PR003,BR008,2023-01-08,2024-11-08,CLOSED,INR,111769.26,SAVINGS
AC01740,27564600001740,CU02078,PR009,BR003,2020-12-26,,ACTIVE,INR,5596.02,FIXED_DEPOSIT
AC01741,19330400001741,CU02641,PR003,BR007,2019-09-11,2022-07-30,CLOSED,INR,120523.99,SAVINGS
AC01742,79062800001742,CU04950,PR002,BR005,2018-07-02,2020-10-14,CLOSED,INR,95242.89,SAVINGS
AC01743,37965000001743,CU02579,PR005,BR003,2024-02-28,,DORMANT,INR,88575.46,CURRENT
AC01744,33892900001744,CU00566,PR001,BR004,2022-12-21,,ACTIVE,INR,45508.57,SAVINGS
AC01745,93336400001745,CU03963,PR007,BR006,2024-02-21,,ACTIVE,INR,1322.81,FIXED_DEPOSIT
AC01746,64998900001746,CU00245,PR008,BR009,2020-11-18,,DORMANT,INR,230726.65,FIXED_DEPOSIT
AC01747,24418400001747,CU00005,PR002,BR008,2018-10-18,,ACTIVE,INR,214.27,SAVINGS
AC01748,85175400001748,CU04264,PR009,BR004,2018-03-14,,DORMANT,INR,136410.99,FIXED_DEPOSIT
AC01749,73267600001749,CU02892,PR009,BR001,2022-09-23,,ACTIVE,INR,387.95,FIXED_DEPOSIT
AC01750,40412000001750,CU04327,PR007,BR010,2019-01-05,2021-12-23,CLOSED,INR,165882.28,FIXED_DEPOSIT
AC01751,42465200001751,CU02638,PR004,BR005,2021-08-20,2022-11-15,CLOSED,INR,24031.46,CURRENT
AC01752,46592400001752,CU02015,PR001,BR009,2018-02-22,,DORMANT,INR,42229.19,SAVINGS
AC01753,93824400001753,CU00176,PR002,BR008,2018-06-21,,DORMANT,INR,76368.69,SAVINGS
AC01754,60030700001754,CU02501,PR006,BR006,2018-09-09,2024-01-05,CLOSED,INR,249259.30,CURRENT
AC01755,96047000001755,CU01959,PR005,BR005,2021-10-02,,DORMANT,INR,210346.48,CURRENT
AC01756,74392700001756,CU02928,PR003,BR003,2023-02-28,2024-08-10,CLOSED,INR,70241.14,SAVINGS
AC01757,90753300001757,CU03426,PR006,BR010,2023-05-08,,ACTIVE,INR,51775.68,CURRENT
AC01758,88168100001758,CU04685,PR003,BR003,2023-04-05,2026-08-21,CLOSED,INR,167944.95,SAVINGS
AC01759,12164700001759,CU02321,PR001,BR009,2019-08-28,2020-10-12,CLOSED,INR,245933.93,SAVINGS
AC01760,78117800001760,CU03595,PR007,BR010,2020-09-22,2025-11-28,CLOSED,INR,207576.68,FIXED_DEPOSIT
AC01761,25601300001761,CU00259,PR005,BR009,2021-06-06,,DORMANT,INR,181666.56,CURRENT
AC01762,10011000001762,CU03096,PR008,BR008,2020-07-28,2021-10-03,CLOSED,INR,216338.56,FIXED_DEPOSIT
AC01763,68743400001763,CU00388,PR006,BR009,2025-12-28,,ACTIVE,INR,107358.22,CURRENT
AC01764,22427400001764,CU01835,PR008,BR002,2021-05-05,2023-12-06,CLOSED,INR,225211.15,FIXED_DEPOSIT
AC01765,58864300001765,CU04159,PR007,BR003,2024-09-24,2025-10-06,CLOSED,INR,4643.59,FIXED_DEPOSIT
AC01766,49655800001766,CU03292,PR002,BR006,2025-04-18,,DORMANT,INR,85036.32,SAVINGS
AC01767,39415800001767,CU01872,PR005,BR002,2023-01-25,,ACTIVE,INR,147798.80,CURRENT
AC01768,67946000001768,CU00842,PR006,BR004,2025-12-27,,ACTIVE,INR,230537.40,CURRENT
AC01769,98856000001769,CU03066,PR004,BR002,2020-06-10,2024-03-30,CLOSED,INR,238719.60,CURRENT
AC01770,63615900001770,CU01583,PR004,BR007,2025-06-08,2026-08-28,CLOSED,INR,73334.17,CURRENT
AC01771,42425500001771,CU00915,PR001,BR007,2022-08-15,2024-04-03,CLOSED,INR,145673.06,SAVINGS
AC01772,98564100001772,CU02035,PR005,BR010,2024-01-15,2024-12-28,CLOSED,INR,109734.05,CURRENT
AC01773,57061600001773,CU01411,PR009,BR008,2018-03-23,2018-11-09,CLOSED,INR,243581.70,FIXED_DEPOSIT
AC01774,89201700001774,CU04649,PR001,BR010,2023-01-03,,DORMANT,INR,189507.75,SAVINGS
AC01775,47694100001775,CU02905,PR004,BR006,2022-08-31,,DORMANT,INR,41753.38,CURRENT
AC01776,19938500001776,CU04625,PR005,BR009,2019-08-15,2024-11-16,CLOSED,INR,179891.32,CURRENT
AC01777,17015500001777,CU03407,PR004,BR004,2019-04-03,2023-10-07,CLOSED,INR,158912.33,CURRENT
AC01778,67386200001778,CU02769,PR003,BR004,2024-09-26,,DORMANT,INR,63248.23,SAVINGS
AC01779,11948500001779,CU00145,PR003,BR009,2021-10-29,,DORMANT,INR,103913.59,SAVINGS
AC01780,31484000001780,CU03190,PR007,BR007,2021-08-23,2022-06-06,CLOSED,INR,222975.74,FIXED_DEPOSIT
AC01781,75495400001781,CU00725,PR004,BR010,2021-02-26,2025-06-01,CLOSED,INR,219398.76,CURRENT
AC01782,68228400001782,CU02907,PR005,BR002,2023-10-30,,ACTIVE,INR,15242.98,CURRENT
AC01783,62058300001783,CU04194,PR006,BR002,2019-07-11,2023-08-10,CLOSED,INR,181013.27,CURRENT
AC01784,25796500001784,CU01789,PR001,BR004,2025-10-17,,ACTIVE,INR,5806.76,SAVINGS
AC01785,11781100001785,CU01937,PR001,BR006,2019-07-21,,DORMANT,INR,201396.75,SAVINGS
AC01786,65367600001786,CU04518,PR006,BR004,2024-01-11,,DORMANT,INR,246052.00,CURRENT
AC01787,72785700001787,CU02371,PR001,BR005,2020-07-28,2022-10-14,CLOSED,INR,66428.51,SAVINGS
AC01788,19744600001788,CU01287,PR001,BR001,2024-04-02,,ACTIVE,INR,60584.55,SAVINGS
AC01789,48666500001789,CU03211,PR002,BR002,2019-11-24,2021-03-14,CLOSED,INR,36086.09,SAVINGS
AC01790,54205900001790,CU02070,PR004,BR001,2021-03-30,,DORMANT,INR,123765.06,CURRENT
AC01791,45793600001791,CU04376,PR004,BR008,2024-03-25,2026-08-24,CLOSED,INR,205416.14,CURRENT
AC01792,27611700001792,CU01781,PR001,BR003,2021-07-28,,DORMANT,INR,144237.98,SAVINGS
AC01793,61945000001793,CU04165,PR005,BR009,2018-12-24,,DORMANT,INR,199271.78,CURRENT
AC01794,82400100001794,CU03837,PR007,BR003,2025-02-25,2026-08-27,CLOSED,INR,76634.31,FIXED_DEPOSIT
AC01795,22214100001795,CU01960,PR005,BR008,2021-09-10,2025-06-24,CLOSED,INR,4373.40,CURRENT
AC01796,55821300001796,CU01497,PR006,BR002,2024-01-01,,DORMANT,INR,62879.68,CURRENT
AC01797,55652500001797,CU02467,PR006,BR005,2018-08-08,2019-11-23,CLOSED,INR,102921.49,CURRENT
AC01798,65117200001798,CU00337,PR007,BR008,2025-02-02,,ACTIVE,INR,38884.89,FIXED_DEPOSIT
AC01799,21943000001799,CU00185,PR003,BR003,2022-05-07,,ACTIVE,INR,34306.68,SAVINGS
AC01800,61978100001800,CU02394,PR003,BR009,2019-07-22,,ACTIVE,INR,144501.57,SAVINGS
AC01801,22118000001801,CU01437,PR007,BR002,2025-03-25,,ACTIVE,INR,108786.11,FIXED_DEPOSIT
AC01802,24399300001802,CU00444,PR001,BR005,2018-09-26,,ACTIVE,INR,27691.90,SAVINGS
AC01803,13705600001803,CU02933,PR004,BR006,2020-01-15,,ACTIVE,INR,52501.14,CURRENT
AC01804,87717400001804,CU04732,PR009,BR009,2023-02-13,,DORMANT,INR,164985.55,FIXED_DEPOSIT
AC01805,15602300001805,CU01917,PR004,BR009,2023-06-19,,ACTIVE,INR,64396.10,CURRENT
AC01806,62253200001806,CU01533,PR007,BR005,2021-05-04,,DORMANT,INR,89617.25,FIXED_DEPOSIT
AC01807,89848200001807,CU01267,PR003,BR010,2020-03-17,,DORMANT,INR,25339.28,SAVINGS
AC01808,77030400001808,CU03283,PR007,BR010,2018-10-22,,ACTIVE,INR,32739.00,FIXED_DEPOSIT
AC01809,19507400001809,CU04123,PR009,BR002,2018-03-03,,DORMANT,INR,35922.94,FIXED_DEPOSIT
AC01810,28027400001810,CU02039,PR006,BR001,2021-11-24,,DORMANT,INR,105104.55,CURRENT
AC01811,33533700001811,CU00534,PR006,BR004,2019-01-31,,ACTIVE,INR,40821.40,CURRENT
AC01812,17075500001812,CU03280,PR002,BR006,2023-03-28,2023-12-10,CLOSED,INR,79380.65,SAVINGS
AC01813,66568300001813,CU04536,PR008,BR001,2019-06-26,,DORMANT,INR,183552.81,FIXED_DEPOSIT
AC01814,20377200001814,CU00391,PR003,BR008,2023-04-21,,ACTIVE,INR,0.00,SAVINGS
AC01815,16050900001815,CU00193,PR005,BR005,2024-06-10,,ACTIVE,INR,3690.37,CURRENT
AC01816,45794000001816,CU00726,PR009,BR003,2022-10-24,,ACTIVE,INR,102245.63,FIXED_DEPOSIT
AC01817,81934800001817,CU01472,PR002,BR007,2023-01-15,,ACTIVE,INR,22060.40,SAVINGS
AC01818,98198000001818,CU02061,PR008,BR009,2019-05-22,,DORMANT,INR,125664.02,FIXED_DEPOSIT
AC01819,45252900001819,CU04255,PR007,BR004,2021-05-31,,ACTIVE,INR,4489.12,FIXED_DEPOSIT
AC01820,96712700001820,CU04237,PR009,BR009,2024-08-28,,ACTIVE,INR,106847.53,FIXED_DEPOSIT
AC01821,93062100001821,CU03747,PR008,BR009,2021-08-04,,DORMANT,INR,129190.16,FIXED_DEPOSIT
AC01822,52794600001822,CU03603,PR003,BR005,2023-01-31,2026-08-25,CLOSED,INR,235750.47,SAVINGS
AC01823,82551500001823,CU00967,PR009,BR007,2019-09-04,,ACTIVE,INR,55853.68,FIXED_DEPOSIT
AC01824,96788800001824,CU00818,PR001,BR009,2023-08-02,,DORMANT,INR,52314.49,SAVINGS
AC01825,69785900001825,CU03578,PR003,BR001,2025-02-02,,DORMANT,INR,146882.48,SAVINGS
AC01826,88146300001826,CU04038,PR005,BR006,2020-07-28,2024-07-16,CLOSED,INR,106381.27,CURRENT
AC01827,29644400001827,CU01120,PR006,BR010,2018-10-22,2022-04-08,CLOSED,INR,52969.47,CURRENT
AC01828,32384600001828,CU00112,PR008,BR001,2019-07-30,2020-09-03,CLOSED,INR,43764.84,FIXED_DEPOSIT
AC01829,57056500001829,CU04605,PR008,BR010,2019-01-08,2021-12-24,CLOSED,INR,132006.45,FIXED_DEPOSIT
AC01830,16111300001830,CU04612,PR008,BR003,2023-04-10,,ACTIVE,INR,4925.69,FIXED_DEPOSIT
AC01831,17448300001831,CU03244,PR008,BR006,2021-08-03,,DORMANT,INR,222677.80,FIXED_DEPOSIT
AC01832,55410200001832,CU00217,PR007,BR001,2024-10-12,,DORMANT,INR,220319.29,FIXED_DEPOSIT
AC01833,92289400001833,CU00171,PR002,BR008,2024-05-20,,ACTIVE,INR,11395.87,SAVINGS
AC01834,34892500001834,CU04560,PR009,BR002,2018-07-27,2022-02-21,CLOSED,INR,108804.17,FIXED_DEPOSIT
AC01835,28621600001835,CU02861,PR007,BR005,2025-03-02,,ACTIVE,INR,55189.18,FIXED_DEPOSIT
AC01836,46933100001836,CU02495,PR008,BR007,2023-09-19,2026-08-22,CLOSED,INR,64181.69,FIXED_DEPOSIT
AC01837,82183500001837,CU01197,PR004,BR008,2020-12-08,,DORMANT,INR,189140.04,CURRENT
AC01838,94659300001838,CU02841,PR001,BR003,2024-12-17,,ACTIVE,INR,3266.87,SAVINGS
AC01839,53983200001839,CU03788,PR009,BR008,2022-07-28,2025-02-03,CLOSED,INR,90146.98,FIXED_DEPOSIT
AC01840,77387500001840,CU00866,PR003,BR001,2021-09-07,,ACTIVE,INR,52778.54,SAVINGS
AC01841,19993900001841,CU02721,PR003,BR008,2018-01-12,,ACTIVE,INR,79913.97,SAVINGS
AC01842,70383900001842,CU03570,PR004,BR002,2025-10-20,,ACTIVE,INR,15574.42,CURRENT
AC01843,50038500001843,CU03490,PR001,BR002,2022-06-27,2026-08-22,CLOSED,INR,173275.76,SAVINGS
AC01844,16749800001844,CU00455,PR003,BR008,2020-11-21,,ACTIVE,INR,61.23,SAVINGS
AC01845,73484100001845,CU03432,PR007,BR008,2022-11-24,2023-06-13,CLOSED,INR,225921.07,FIXED_DEPOSIT
AC01846,60294500001846,CU02157,PR006,BR001,2025-02-13,,DORMANT,INR,87937.32,CURRENT
AC01847,55466300001847,CU02845,PR004,BR009,2021-11-12,,DORMANT,INR,123302.77,CURRENT
AC01848,96761000001848,CU04521,PR003,BR005,2024-08-13,2026-08-26,CLOSED,INR,183107.31,SAVINGS
AC01849,21434200001849,CU02262,PR007,BR009,2021-04-01,2025-03-25,CLOSED,INR,116242.10,FIXED_DEPOSIT
AC01850,50416300001850,CU02704,PR002,BR003,2020-11-03,,DORMANT,INR,239678.32,SAVINGS
AC01851,80050900001851,CU04171,PR002,BR002,2023-10-18,2025-11-02,CLOSED,INR,15714.75,SAVINGS
AC01852,20133300001852,CU03634,PR006,BR007,2021-04-27,2025-02-07,CLOSED,INR,21954.43,CURRENT
AC01853,81007600001853,CU03287,PR009,BR006,2024-01-31,,ACTIVE,INR,25381.34,FIXED_DEPOSIT
AC01854,81163400001854,CU02607,PR003,BR004,2025-04-07,,ACTIVE,INR,59077.25,SAVINGS
AC01855,39488100001855,CU01050,PR005,BR006,2021-04-29,,DORMANT,INR,13531.96,CURRENT
AC01856,47719600001856,CU01392,PR006,BR007,2023-10-30,2026-02-13,CLOSED,INR,161691.87,CURRENT
AC01857,61200600001857,CU01150,PR006,BR006,2020-06-01,,ACTIVE,INR,28404.30,CURRENT
AC01858,47709800001858,CU00924,PR006,BR001,2024-03-18,2026-08-20,CLOSED,INR,119628.81,CURRENT
AC01859,26852400001859,CU00825,PR003,BR004,2018-04-16,2020-10-20,CLOSED,INR,36820.84,SAVINGS
AC01860,88641400001860,CU00616,PR003,BR009,2023-04-20,,DORMANT,INR,115793.72,SAVINGS
AC01861,69723800001861,CU04125,PR005,BR005,2023-08-29,2025-12-06,CLOSED,INR,125647.15,CURRENT
AC01862,96260800001862,CU01884,PR005,BR001,2021-05-31,,ACTIVE,INR,55002.64,CURRENT
AC01863,89375800001863,CU03296,PR007,BR008,2022-07-15,,DORMANT,INR,199519.40,FIXED_DEPOSIT
AC01864,22125200001864,CU02478,PR005,BR010,2019-10-15,2021-01-11,CLOSED,INR,208218.46,CURRENT
AC01865,38951500001865,CU00031,PR005,BR008,2022-01-11,,DORMANT,INR,17079.13,CURRENT
AC01866,50407800001866,CU03847,PR005,BR008,2024-04-10,,DORMANT,INR,242850.79,CURRENT
AC01867,88487400001867,CU01714,PR009,BR009,2023-08-17,,DORMANT,INR,38354.26,FIXED_DEPOSIT
AC01868,14980400001868,CU02890,PR005,BR010,2020-08-27,2021-09-07,CLOSED,INR,227909.34,CURRENT
AC01869,79825400001869,CU02526,PR004,BR007,2023-03-28,,DORMANT,INR,80084.97,CURRENT
AC01870,86995900001870,CU00792,PR009,BR004,2023-07-05,,ACTIVE,INR,1398.26,FIXED_DEPOSIT
AC01871,48258900001871,CU00747,PR004,BR002,2024-01-25,,ACTIVE,INR,294353.66,CURRENT
AC01872,88004300001872,CU03339,PR003,BR008,2022-04-13,,ACTIVE,INR,171.24,SAVINGS
AC01873,38048400001873,CU02004,PR009,BR001,2023-04-06,,DORMANT,INR,228979.07,FIXED_DEPOSIT
AC01874,56282700001874,CU01420,PR008,BR005,2022-01-14,,DORMANT,INR,215290.30,FIXED_DEPOSIT
AC01875,96499000001875,CU00860,PR004,BR007,2019-04-02,,ACTIVE,INR,38150.64,CURRENT
AC01876,85775400001876,CU04444,PR009,BR006,2021-02-23,,DORMANT,INR,61900.54,FIXED_DEPOSIT
AC01877,39796400001877,CU04617,PR008,BR005,2021-02-26,,DORMANT,INR,152622.98,FIXED_DEPOSIT
AC01878,42204600001878,CU04876,PR007,BR003,2023-12-01,,DORMANT,INR,150259.21,FIXED_DEPOSIT
AC01879,18890900001879,CU01704,PR003,BR003,2018-09-21,,ACTIVE,INR,5322.66,SAVINGS
AC01880,75343800001880,CU03572,PR008,BR008,2022-08-24,,ACTIVE,INR,48973.10,FIXED_DEPOSIT
AC01881,98385100001881,CU02196,PR008,BR010,2019-12-14,,DORMANT,INR,92155.22,FIXED_DEPOSIT
AC01882,64391400001882,CU03374,PR006,BR004,2023-07-20,2026-08-21,CLOSED,INR,46744.04,CURRENT
AC01883,15158400001883,CU02779,PR006,BR003,2024-03-28,2026-08-20,CLOSED,INR,204832.79,CURRENT
AC01884,34547400001884,CU01451,PR008,BR001,2023-06-01,,DORMANT,INR,9261.04,FIXED_DEPOSIT
AC01885,14120700001885,CU01033,PR008,BR010,2022-07-04,,DORMANT,INR,165020.43,FIXED_DEPOSIT
AC01886,77148400001886,CU04348,PR006,BR003,2024-12-01,,ACTIVE,INR,3136.37,CURRENT
AC01887,87183300001887,CU03577,PR001,BR004,2019-08-09,,ACTIVE,INR,285.08,SAVINGS
AC01888,14200100001888,CU04873,PR007,BR007,2018-11-08,,DORMANT,INR,207692.71,FIXED_DEPOSIT
AC01889,44873300001889,CU01788,PR001,BR002,2025-07-28,2026-07-15,CLOSED,INR,146758.32,SAVINGS
AC01890,27077000001890,CU04909,PR005,BR002,2025-09-02,,ACTIVE,INR,112085.61,CURRENT
AC01891,52834100001891,CU04472,PR006,BR005,2022-09-12,2025-09-15,CLOSED,INR,124387.96,CURRENT
AC01892,54996000001892,CU04248,PR001,BR005,2019-11-14,,ACTIVE,INR,60835.06,SAVINGS
AC01893,13806800001893,CU00003,PR007,BR008,2023-01-01,,DORMANT,INR,29221.16,FIXED_DEPOSIT
AC01894,23275700001894,CU00523,PR007,BR005,2025-11-06,,DORMANT,INR,173203.66,FIXED_DEPOSIT
AC01895,99306100001895,CU04270,PR004,BR010,2023-05-05,,DORMANT,INR,102521.99,CURRENT
AC01896,24012300001896,CU04671,PR001,BR003,2021-09-27,,ACTIVE,INR,66919.29,SAVINGS
AC01897,32107400001897,CU03980,PR005,BR002,2022-10-31,,DORMANT,INR,59512.14,CURRENT
AC01898,96110900001898,CU01378,PR007,BR001,2024-04-20,2026-08-25,CLOSED,INR,93987.17,FIXED_DEPOSIT
AC01899,54630500001899,CU04910,PR008,BR001,2021-08-02,2023-06-03,CLOSED,INR,10518.45,FIXED_DEPOSIT
AC01900,89247200001900,CU01705,PR005,BR002,2018-07-21,2020-02-25,CLOSED,INR,120440.98,CURRENT
AC01901,83372200001901,CU01652,PR006,BR009,2021-05-29,,ACTIVE,INR,1845.83,CURRENT
AC01902,46975800001902,CU03625,PR003,BR008,2021-08-05,,DORMANT,INR,48824.22,SAVINGS
AC01903,21189800001903,CU00744,PR002,BR005,2019-08-04,,ACTIVE,INR,45511.42,SAVINGS
AC01904,54484900001904,CU00032,PR007,BR005,2025-11-10,,ACTIVE,INR,101155.01,FIXED_DEPOSIT
AC01905,80174400001905,CU04275,PR004,BR004,2022-02-10,,ACTIVE,INR,163406.74,CURRENT
AC01906,40993500001906,CU03941,PR007,BR005,2018-04-10,2021-10-27,CLOSED,INR,57263.34,FIXED_DEPOSIT
AC01907,67435600001907,CU03924,PR004,BR003,2021-04-10,2024-11-18,CLOSED,INR,19624.41,CURRENT
AC01908,62275400001908,CU02856,PR007,BR003,2024-01-27,,DORMANT,INR,178701.32,FIXED_DEPOSIT
AC01909,49337900001909,CU00755,PR001,BR003,2022-01-06,,DORMANT,INR,81038.78,SAVINGS
AC01910,22695900001910,CU01406,PR008,BR006,2025-08-17,,ACTIVE,INR,5234.56,FIXED_DEPOSIT
AC01911,61813800001911,CU03108,PR008,BR003,2022-05-21,,DORMANT,INR,56466.63,FIXED_DEPOSIT
AC01912,13898500001912,CU00738,PR008,BR001,2018-09-22,,ACTIVE,INR,72775.60,FIXED_DEPOSIT
AC01913,40559700001913,CU01500,PR006,BR009,2019-01-31,,ACTIVE,INR,343.03,CURRENT
AC01914,50631100001914,CU02050,PR001,BR006,2023-11-17,,DORMANT,INR,32418.39,SAVINGS
AC01915,66998300001915,CU02127,PR003,BR005,2024-04-11,2026-08-29,CLOSED,INR,174668.54,SAVINGS
AC01916,84145300001916,CU01630,PR009,BR009,2022-02-15,,DORMANT,INR,51232.45,FIXED_DEPOSIT
AC01917,60724500001917,CU04298,PR002,BR007,2020-09-09,,DORMANT,INR,74239.53,SAVINGS
AC01918,77575100001918,CU03984,PR006,BR005,2019-02-19,2022-05-09,CLOSED,INR,175516.99,CURRENT
AC01919,74555800001919,CU02671,PR003,BR007,2022-12-01,,DORMANT,INR,143421.44,SAVINGS
AC01920,32567500001920,CU00638,PR008,BR004,2019-06-04,,DORMANT,INR,129440.14,FIXED_DEPOSIT
AC01921,96885300001921,CU00525,PR003,BR006,2019-03-21,,DORMANT,INR,129541.78,SAVINGS
AC01922,49360200001922,CU04484,PR004,BR006,2023-06-30,2026-08-25,CLOSED,INR,181125.84,CURRENT
AC01923,44442200001923,CU04113,PR004,BR009,2021-12-18,,ACTIVE,INR,117789.00,CURRENT
AC01924,70317300001924,CU01563,PR005,BR002,2020-04-16,,ACTIVE,INR,2697.00,CURRENT
AC01925,80463000001925,CU02199,PR007,BR006,2023-10-20,2026-08-26,CLOSED,INR,15353.34,FIXED_DEPOSIT
AC01926,95475900001926,CU04632,PR005,BR006,2025-02-18,,DORMANT,INR,128153.87,CURRENT
AC01927,73343000001927,CU00879,PR004,BR001,2019-10-16,2025-01-20,CLOSED,INR,118877.28,CURRENT
AC01928,31503600001928,CU00135,PR004,BR006,2019-12-14,2024-06-04,CLOSED,INR,173746.61,CURRENT
AC01929,60563800001929,CU04408,PR009,BR004,2025-08-07,,DORMANT,INR,201203.13,FIXED_DEPOSIT
AC01930,42953900001930,CU01194,PR003,BR006,2020-04-08,2022-11-12,CLOSED,INR,143030.82,SAVINGS
AC01931,47900500001931,CU01738,PR004,BR008,2022-11-28,2026-08-20,CLOSED,INR,232874.27,CURRENT
AC01932,36379000001932,CU03550,PR002,BR009,2024-05-16,,ACTIVE,INR,1337.65,SAVINGS
AC01933,89968100001933,CU02100,PR005,BR003,2022-01-16,2024-11-14,CLOSED,INR,26882.68,CURRENT
AC01934,46118000001934,CU02357,PR004,BR003,2019-06-13,,DORMANT,INR,183480.33,CURRENT
AC01935,79104600001935,CU00101,PR002,BR006,2020-03-21,,DORMANT,INR,228090.97,SAVINGS
AC01936,20398400001936,CU04789,PR009,BR001,2021-03-06,,DORMANT,INR,213206.87,FIXED_DEPOSIT
AC01937,78533600001937,CU03311,PR001,BR005,2025-09-28,2026-08-29,CLOSED,INR,25174.77,SAVINGS
AC01938,42907100001938,CU01986,PR008,BR008,2022-02-03,,ACTIVE,INR,43402.83,FIXED_DEPOSIT
AC01939,32859400001939,CU04611,PR008,BR002,2023-10-16,,ACTIVE,INR,3240.65,FIXED_DEPOSIT
AC01940,73841200001940,CU01928,PR005,BR010,2020-05-17,,ACTIVE,INR,108171.54,CURRENT
AC01941,14883000001941,CU00886,PR001,BR001,2022-06-30,,DORMANT,INR,211592.31,SAVINGS
AC01942,37181200001942,CU01886,PR005,BR003,2018-02-15,,DORMANT,INR,101948.40,CURRENT
AC01943,70968600001943,CU04620,PR002,BR009,2020-04-02,,ACTIVE,INR,5645.22,SAVINGS
AC01944,29479400001944,CU01585,PR002,BR007,2021-10-09,,ACTIVE,INR,3167.28,SAVINGS
AC01945,40502800001945,CU00179,PR002,BR006,2024-11-04,,ACTIVE,INR,58357.52,SAVINGS
AC01946,84560900001946,CU01936,PR005,BR005,2020-01-18,,DORMANT,INR,246701.52,CURRENT
AC01947,32523900001947,CU00983,PR002,BR010,2020-10-21,2025-09-16,CLOSED,INR,244588.12,SAVINGS
AC01948,85820200001948,CU01696,PR002,BR005,2024-11-16,,DORMANT,INR,103931.86,SAVINGS
AC01949,81447800001949,CU03187,PR005,BR008,2021-08-28,2022-05-07,CLOSED,INR,247385.79,CURRENT
AC01950,89294400001950,CU00960,PR005,BR003,2025-06-08,2026-08-23,CLOSED,INR,91706.84,CURRENT
AC01951,84392000001951,CU04479,PR001,BR009,2021-11-03,2026-03-04,CLOSED,INR,149645.99,SAVINGS
AC01952,88911400001952,CU01041,PR004,BR008,2021-05-23,,ACTIVE,INR,66722.01,CURRENT
AC01953,86275200001953,CU00272,PR007,BR005,2025-05-09,2026-08-23,CLOSED,INR,22908.05,FIXED_DEPOSIT
AC01954,10435600001954,CU01338,PR006,BR005,2019-06-02,,DORMANT,INR,36142.49,CURRENT
AC01955,27544300001955,CU03000,PR005,BR002,2025-05-20,2026-06-08,CLOSED,INR,85330.05,CURRENT
AC01956,49360600001956,CU00501,PR009,BR003,2021-09-16,2026-02-07,CLOSED,INR,27671.84,FIXED_DEPOSIT
AC01957,42383400001957,CU03078,PR005,BR004,2025-03-25,2026-08-20,CLOSED,INR,73428.00,CURRENT
AC01958,46951800001958,CU01732,PR003,BR009,2025-11-11,,ACTIVE,INR,20795.13,SAVINGS
AC01959,57247300001959,CU02242,PR006,BR001,2020-10-11,2025-03-03,CLOSED,INR,165020.64,CURRENT
AC01960,86023800001960,CU03756,PR007,BR002,2021-07-12,2022-05-09,CLOSED,INR,229542.06,FIXED_DEPOSIT
AC01961,89517000001961,CU00942,PR006,BR008,2018-12-26,2021-03-31,CLOSED,INR,217731.13,CURRENT
AC01962,80079400001962,CU03559,PR006,BR004,2022-08-07,2023-12-31,CLOSED,INR,210857.06,CURRENT
AC01963,66513800001963,CU01115,PR001,BR008,2025-06-26,,ACTIVE,INR,49221.02,SAVINGS
AC01964,64684600001964,CU04589,PR007,BR007,2023-08-16,,DORMANT,INR,197967.17,FIXED_DEPOSIT
AC01965,85937000001965,CU03995,PR009,BR002,2024-02-05,2026-08-28,CLOSED,INR,165161.70,FIXED_DEPOSIT
AC01966,75818800001966,CU01381,PR009,BR010,2018-06-30,,DORMANT,INR,2189.30,FIXED_DEPOSIT
AC01967,81350000001967,CU04156,PR003,BR002,2020-06-26,,DORMANT,INR,62216.70,SAVINGS
AC01968,84999000001968,CU00622,PR005,BR009,2018-05-22,,DORMANT,INR,235472.40,CURRENT
AC01969,28471800001969,CU03039,PR009,BR009,2023-05-18,2026-08-28,CLOSED,INR,75494.44,FIXED_DEPOSIT
AC01970,35705300001970,CU04983,PR005,BR006,2020-09-20,,DORMANT,INR,13775.65,CURRENT
AC01971,93475800001971,CU04645,PR002,BR003,2024-09-23,,DORMANT,INR,48469.77,SAVINGS
AC01972,29671100001972,CU01352,PR007,BR007,2018-09-27,2020-09-11,CLOSED,INR,89632.94,FIXED_DEPOSIT
AC01973,94822600001973,CU03901,PR002,BR004,2022-01-25,2025-05-07,CLOSED,INR,136855.55,SAVINGS
AC01974,67097800001974,CU03141,PR006,BR003,2025-01-18,2026-08-20,CLOSED,INR,183662.88,CURRENT
AC01975,41289600001975,CU01119,PR002,BR007,2024-08-25,,DORMANT,INR,238839.13,SAVINGS
AC01976,84680500001976,CU04053,PR008,BR010,2022-06-13,,DORMANT,INR,28663.05,FIXED_DEPOSIT
AC01977,74662100001977,CU01784,PR002,BR005,2018-11-26,2022-01-09,CLOSED,INR,169204.45,SAVINGS
AC01978,18204800001978,CU03904,PR003,BR010,2020-06-21,2021-04-05,CLOSED,INR,245807.69,SAVINGS
AC01979,75505000001979,CU00362,PR009,BR006,2018-08-31,,ACTIVE,INR,265.08,FIXED_DEPOSIT
AC01980,42234800001980,CU01491,PR007,BR009,2023-10-21,2025-04-09,CLOSED,INR,168000.84,FIXED_DEPOSIT
AC01981,75597700001981,CU01487,PR003,BR006,2024-01-30,2026-08-26,CLOSED,INR,187379.16,SAVINGS
AC01982,95138700001982,CU04105,PR004,BR009,2021-02-21,,DORMANT,INR,158614.34,CURRENT
AC01983,38994500001983,CU02165,PR005,BR005,2022-04-06,,ACTIVE,INR,146481.70,CURRENT
AC01984,49874200001984,CU03379,PR009,BR008,2022-08-09,2026-08-27,CLOSED,INR,120774.82,FIXED_DEPOSIT
AC01985,79629200001985,CU00843,PR008,BR007,2022-03-03,2022-12-22,CLOSED,INR,161680.15,FIXED_DEPOSIT
AC01986,78539800001986,CU02447,PR001,BR006,2022-02-23,2023-03-25,CLOSED,INR,203177.85,SAVINGS
AC01987,78810600001987,CU00505,PR001,BR006,2021-03-27,,DORMANT,INR,183715.30,SAVINGS
AC01988,36257900001988,CU04900,PR004,BR003,2024-06-24,,DORMANT,INR,98018.66,CURRENT
AC01989,80872000001989,CU01729,PR001,BR007,2021-08-03,2023-02-15,CLOSED,INR,159860.46,SAVINGS
AC01990,21153600001990,CU03212,PR005,BR002,2018-02-19,,ACTIVE,INR,56751.68,CURRENT
AC01991,62852200001991,CU00591,PR006,BR006,2021-01-04,,ACTIVE,INR,25698.62,CURRENT
AC01992,13714000001992,CU02320,PR006,BR004,2018-01-21,2020-06-26,CLOSED,INR,154428.01,CURRENT
AC01993,91828500001993,CU02033,PR008,BR003,2020-11-09,,ACTIVE,INR,12328.43,FIXED_DEPOSIT
AC01994,38170300001994,CU04782,PR005,BR010,2025-07-12,2026-08-20,CLOSED,INR,247785.28,CURRENT
AC01995,83019400001995,CU04519,PR004,BR001,2023-02-19,2026-08-26,CLOSED,INR,171283.63,CURRENT
AC01996,90964600001996,CU02220,PR001,BR007,2022-03-04,2026-08-23,CLOSED,INR,214149.76,SAVINGS
AC01997,24660400001997,CU04748,PR003,BR003,2025-09-27,2026-08-23,CLOSED,INR,74352.48,SAVINGS
AC01998,12574400001998,CU04635,PR002,BR008,2020-01-24,2021-09-22,CLOSED,INR,236892.60,SAVINGS
AC01999,25162600001999,CU04182,PR007,BR009,2022-11-13,,ACTIVE,INR,35072.08,FIXED_DEPOSIT
AC02000,87358400002000,CU03872,PR008,BR003,2025-03-16,2026-08-25,CLOSED,INR,51689.25,FIXED_DEPOSIT
AC02001,82380900002001,CU00734,PR002,BR010,2018-03-09,,ACTIVE,INR,63097.80,SAVINGS
AC02002,33651700002002,CU02472,PR003,BR009,2024-01-10,,DORMANT,INR,82784.59,SAVINGS
AC02003,91962800002003,CU04920,PR005,BR003,2018-04-26,,DORMANT,INR,42268.36,CURRENT
AC02004,75875100002004,CU03637,PR008,BR002,2021-10-06,,ACTIVE,INR,14100.66,FIXED_DEPOSIT
AC02005,98811400002005,CU03088,PR007,BR010,2018-12-11,,ACTIVE,INR,51161.03,FIXED_DEPOSIT
AC02006,60507800002006,CU03480,PR003,BR001,2020-10-21,,DORMANT,INR,208751.70,SAVINGS
AC02007,17026000002007,CU03290,PR007,BR003,2022-10-28,,DORMANT,INR,202885.70,FIXED_DEPOSIT
AC02008,99922600002008,CU04434,PR001,BR005,2018-04-09,2020-04-28,CLOSED,INR,211672.27,SAVINGS
AC02009,53938700002009,CU00009,PR001,BR002,2023-04-20,2025-04-10,CLOSED,INR,60906.87,SAVINGS
AC02010,51100100002010,CU04464,PR005,BR007,2023-03-16,,ACTIVE,INR,3242.96,CURRENT
AC02011,84413000002011,CU00806,PR007,BR003,2022-10-09,,ACTIVE,INR,29623.30,FIXED_DEPOSIT
AC02012,24840800002012,CU04925,PR008,BR010,2023-10-02,2026-08-27,CLOSED,INR,128232.51,FIXED_DEPOSIT
AC02013,60664800002013,CU04487,PR004,BR001,2018-02-01,,DORMANT,INR,236322.15,CURRENT
AC02014,29155800002014,CU00043,PR004,BR002,2023-03-20,2024-02-09,CLOSED,INR,21724.88,CURRENT
AC02015,64604300002015,CU02346,PR007,BR003,2018-11-04,2021-04-23,CLOSED,INR,134969.28,FIXED_DEPOSIT
AC02016,13850600002016,CU00364,PR006,BR006,2020-10-21,,ACTIVE,INR,2191.54,CURRENT
AC02017,84884200002017,CU02755,PR007,BR007,2022-07-25,,ACTIVE,INR,44650.12,FIXED_DEPOSIT
AC02018,43244100002018,CU04021,PR005,BR001,2020-05-21,,DORMANT,INR,193378.94,CURRENT
AC02019,85358900002019,CU00961,PR006,BR005,2023-06-04,,ACTIVE,INR,1341.69,CURRENT
AC02020,22485800002020,CU03843,PR002,BR006,2018-04-26,,ACTIVE,INR,1790.90,SAVINGS
AC02021,36006100002021,CU00779,PR005,BR006,2023-08-26,,ACTIVE,INR,14027.18,CURRENT
AC02022,74038500002022,CU01914,PR001,BR008,2022-10-29,,DORMANT,INR,231144.53,SAVINGS
AC02023,44644600002023,CU01179,PR002,BR007,2023-11-16,,DORMANT,INR,195492.67,SAVINGS
AC02024,18811300002024,CU04527,PR004,BR004,2019-05-02,,DORMANT,INR,238600.39,CURRENT
AC02025,76773100002025,CU00303,PR001,BR009,2022-08-20,2025-05-01,CLOSED,INR,127758.41,SAVINGS
AC02026,32953600002026,CU03976,PR003,BR001,2018-10-25,2023-10-17,CLOSED,INR,94234.91,SAVINGS
AC02027,72851700002027,CU00359,PR003,BR006,2021-07-17,2023-01-26,CLOSED,INR,1908.22,SAVINGS
AC02028,34363100002028,CU00425,PR004,BR008,2022-10-16,,ACTIVE,INR,191727.66,CURRENT
AC02029,37051200002029,CU01755,PR004,BR005,2022-09-04,,ACTIVE,INR,99043.14,CURRENT
AC02030,94038400002030,CU02253,PR002,BR006,2020-04-20,2025-04-03,CLOSED,INR,242875.82,SAVINGS
AC02031,50114400002031,CU01116,PR006,BR007,2021-04-20,,ACTIVE,INR,153567.39,CURRENT
AC02032,10569300002032,CU02882,PR009,BR003,2021-04-29,,ACTIVE,INR,249.37,FIXED_DEPOSIT
AC02033,97625400002033,CU00187,PR002,BR008,2018-05-29,,DORMANT,INR,115164.18,SAVINGS
AC02034,68538100002034,CU04741,PR005,BR004,2019-12-03,2023-08-28,CLOSED,INR,100987.26,CURRENT
AC02035,61360500002035,CU04767,PR005,BR007,2019-04-10,,DORMANT,INR,131149.83,CURRENT
AC02036,16764800002036,CU01101,PR006,BR006,2022-06-15,,DORMANT,INR,70489.54,CURRENT
AC02037,54721300002037,CU02445,PR006,BR002,2021-12-31,,DORMANT,INR,97548.21,CURRENT
AC02038,17477400002038,CU03543,PR003,BR009,2024-10-21,,DORMANT,INR,49903.32,SAVINGS
AC02039,84647100002039,CU01607,PR009,BR006,2021-08-19,,DORMANT,INR,44839.48,FIXED_DEPOSIT
AC02040,33483000002040,CU04251,PR001,BR005,2021-02-03,,DORMANT,INR,196358.52,SAVINGS
AC02041,74272600002041,CU01931,PR006,BR008,2020-09-05,,ACTIVE,INR,75228.88,CURRENT
AC02042,68123000002042,CU00376,PR008,BR002,2020-03-12,,ACTIVE,INR,3900.69,FIXED_DEPOSIT
AC02043,31228900002043,CU03135,PR002,BR002,2023-04-12,2026-08-24,CLOSED,INR,207673.79,SAVINGS
AC02044,33119800002044,CU02387,PR004,BR001,2024-12-07,2026-08-29,CLOSED,INR,235444.96,CURRENT
AC02045,55354700002045,CU00562,PR002,BR008,2025-04-07,,ACTIVE,INR,20883.68,SAVINGS
AC02046,13831800002046,CU02983,PR009,BR004,2023-12-25,,ACTIVE,INR,95493.42,FIXED_DEPOSIT
AC02047,22083400002047,CU01647,PR001,BR003,2019-01-30,2023-04-06,CLOSED,INR,86465.05,SAVINGS
AC02048,87702200002048,CU04990,PR004,BR003,2022-01-08,,DORMANT,INR,199646.90,CURRENT
AC02049,92588100002049,CU00851,PR008,BR005,2023-04-02,,DORMANT,INR,216829.35,FIXED_DEPOSIT
AC02050,77715200002050,CU01428,PR002,BR010,2018-06-17,2019-01-22,CLOSED,INR,78141.11,SAVINGS
AC02051,17464100002051,CU04613,PR007,BR010,2022-04-18,2025-01-17,CLOSED,INR,189647.80,FIXED_DEPOSIT
AC02052,32090500002052,CU01824,PR008,BR005,2018-10-12,,DORMANT,INR,232365.77,FIXED_DEPOSIT
AC02053,77954300002053,CU00357,PR001,BR004,2018-03-31,,ACTIVE,INR,4094.33,SAVINGS
AC02054,42916400002054,CU04071,PR003,BR004,2020-10-06,2021-12-30,CLOSED,INR,170412.87,SAVINGS
AC02055,36989600002055,CU02626,PR004,BR009,2019-07-17,,ACTIVE,INR,336.43,CURRENT
AC02056,57839600002056,CU00300,PR009,BR010,2020-08-02,,DORMANT,INR,106585.69,FIXED_DEPOSIT
AC02057,41287800002057,CU03861,PR002,BR003,2022-09-04,,DORMANT,INR,91559.45,SAVINGS
AC02058,64125800002058,CU01022,PR001,BR009,2018-12-05,2022-04-05,CLOSED,INR,148958.36,SAVINGS
AC02059,75116300002059,CU02667,PR003,BR006,2021-07-19,,DORMANT,INR,236126.81,SAVINGS
AC02060,86281700002060,CU02328,PR001,BR003,2023-09-25,,DORMANT,INR,181103.97,SAVINGS
AC02061,21896800002061,CU01345,PR003,BR003,2022-12-09,2025-09-04,CLOSED,INR,75235.96,SAVINGS
AC02062,41968100002062,CU04637,PR003,BR003,2021-01-20,2024-04-18,CLOSED,INR,108015.70,SAVINGS
AC02063,13603800002063,CU02453,PR002,BR005,2020-03-26,,ACTIVE,INR,28618.23,SAVINGS
AC02064,16082000002064,CU02216,PR008,BR010,2023-02-24,2025-08-30,CLOSED,INR,113555.79,FIXED_DEPOSIT
AC02065,47824900002065,CU03516,PR008,BR001,2021-07-09,,DORMANT,INR,16032.02,FIXED_DEPOSIT
AC02066,90868400002066,CU01988,PR009,BR002,2025-01-07,,ACTIVE,INR,159651.41,FIXED_DEPOSIT
AC02067,30361400002067,CU03528,PR002,BR002,2018-08-04,2019-09-05,CLOSED,INR,46870.92,SAVINGS
AC02068,40452000002068,CU00619,PR008,BR005,2024-09-23,2026-08-21,CLOSED,INR,84205.93,FIXED_DEPOSIT
AC02069,38758900002069,CU00175,PR002,BR006,2023-07-18,2024-10-31,CLOSED,INR,2305.56,SAVINGS
AC02070,62317900002070,CU03406,PR008,BR006,2022-10-17,,DORMANT,INR,104006.00,FIXED_DEPOSIT
AC02071,10418600002071,CU04234,PR002,BR001,2024-04-03,,DORMANT,INR,94199.34,SAVINGS
AC02072,53490800002072,CU03398,PR007,BR002,2020-08-20,2023-11-08,CLOSED,INR,219783.89,FIXED_DEPOSIT
AC02073,51271400002073,CU04061,PR003,BR006,2018-05-02,,DORMANT,INR,239044.48,SAVINGS
AC02074,14023600002074,CU00711,PR005,BR007,2022-01-11,,DORMANT,INR,168550.65,CURRENT
AC02075,34100900002075,CU03468,PR008,BR010,2021-07-19,,DORMANT,INR,160810.10,FIXED_DEPOSIT
AC02076,23426900002076,CU01748,PR005,BR005,2020-02-01,2022-07-12,CLOSED,INR,113383.61,CURRENT
AC02077,49243100002077,CU00970,PR006,BR008,2019-09-03,,ACTIVE,INR,23321.96,CURRENT
AC02078,84696300002078,CU04937,PR001,BR001,2024-08-31,2026-08-26,CLOSED,INR,206652.51,SAVINGS
AC02079,68349600002079,CU01671,PR007,BR008,2023-04-10,,DORMANT,INR,30519.51,FIXED_DEPOSIT
AC02080,38983000002080,CU03761,PR008,BR010,2022-04-17,2026-06-02,CLOSED,INR,48851.53,FIXED_DEPOSIT
AC02081,25998600002081,CU04492,PR002,BR001,2022-07-25,2024-04-28,CLOSED,INR,106009.84,SAVINGS
AC02082,79719500002082,CU02961,PR004,BR009,2024-05-12,,ACTIVE,INR,528.39,CURRENT
AC02083,52105300002083,CU00931,PR007,BR003,2022-10-02,2025-03-07,CLOSED,INR,2035.45,FIXED_DEPOSIT
AC02084,13179000002084,CU03588,PR009,BR007,2022-06-07,,ACTIVE,INR,31.56,FIXED_DEPOSIT
AC02085,15871700002085,CU00320,PR003,BR006,2024-09-06,,ACTIVE,INR,30950.59,SAVINGS
AC02086,62733300002086,CU01963,PR003,BR001,2023-03-18,2025-01-05,CLOSED,INR,124097.49,SAVINGS
AC02087,95876200002087,CU00443,PR002,BR009,2023-04-01,,DORMANT,INR,143037.11,SAVINGS
AC02088,76801500002088,CU00454,PR004,BR006,2023-01-19,,ACTIVE,INR,174876.23,CURRENT
AC02089,83654200002089,CU02098,PR003,BR010,2022-01-25,,ACTIVE,INR,25788.12,SAVINGS
AC02090,58154100002090,CU02673,PR001,BR008,2024-09-18,2025-09-02,CLOSED,INR,69665.36,SAVINGS
AC02091,94053400002091,CU01283,PR002,BR008,2024-06-04,2025-02-01,CLOSED,INR,114302.73,SAVINGS
AC02092,37809400002092,CU01921,PR004,BR001,2019-08-01,,ACTIVE,INR,7975.67,CURRENT
AC02093,67080600002093,CU00579,PR009,BR003,2019-12-21,,ACTIVE,INR,114671.86,FIXED_DEPOSIT
AC02094,62139800002094,CU04280,PR005,BR010,2024-08-30,,DORMANT,INR,212010.53,CURRENT
AC02095,86643900002095,CU04545,PR005,BR002,2024-08-31,,ACTIVE,INR,79112.61,CURRENT
AC02096,74372800002096,CU03093,PR009,BR003,2020-05-22,2023-01-24,CLOSED,INR,209830.92,FIXED_DEPOSIT
AC02097,85166900002097,CU03627,PR009,BR005,2018-11-08,2023-04-30,CLOSED,INR,186663.28,FIXED_DEPOSIT
AC02098,66938700002098,CU02167,PR001,BR002,2023-07-03,2024-06-26,CLOSED,INR,249285.10,SAVINGS
AC02099,92141800002099,CU02076,PR003,BR006,2018-07-30,,ACTIVE,INR,165812.36,SAVINGS
AC02100,64971400002100,CU00309,PR004,BR004,2020-11-05,,DORMANT,INR,123657.77,CURRENT
AC02101,38416600002101,CU04629,PR007,BR006,2022-10-02,,ACTIVE,INR,246159.22,FIXED_DEPOSIT
AC02102,19896100002102,CU03454,PR007,BR008,2024-03-01,2026-08-29,CLOSED,INR,241773.18,FIXED_DEPOSIT
AC02103,33175000002103,CU01950,PR002,BR010,2018-02-23,,ACTIVE,INR,65786.56,SAVINGS
AC02104,73167700002104,CU04595,PR006,BR006,2025-01-29,,DORMANT,INR,51612.89,CURRENT
AC02105,50715700002105,CU00034,PR008,BR008,2023-12-31,,ACTIVE,INR,83302.54,FIXED_DEPOSIT
AC02106,26096500002106,CU00899,PR008,BR007,2024-02-23,,DORMANT,INR,1928.37,FIXED_DEPOSIT
AC02107,92989300002107,CU02323,PR003,BR002,2018-12-02,,ACTIVE,INR,458.96,SAVINGS
AC02108,24554800002108,CU02881,PR007,BR005,2020-11-08,,ACTIVE,INR,49.01,FIXED_DEPOSIT
AC02109,50716800002109,CU02919,PR006,BR010,2021-01-03,2022-11-12,CLOSED,INR,21373.78,CURRENT
AC02110,35518300002110,CU03706,PR005,BR010,2018-03-18,2022-04-28,CLOSED,INR,12782.21,CURRENT
AC02111,24128700002111,CU02110,PR008,BR003,2021-10-21,,DORMANT,INR,17704.46,FIXED_DEPOSIT
AC02112,68340800002112,CU01214,PR008,BR007,2018-04-15,,DORMANT,INR,202800.29,FIXED_DEPOSIT
AC02113,51850500002113,CU01887,PR007,BR003,2021-11-03,,DORMANT,INR,51999.07,FIXED_DEPOSIT
AC02114,52626900002114,CU00728,PR007,BR007,2020-12-30,2025-12-05,CLOSED,INR,108878.76,FIXED_DEPOSIT
AC02115,10991600002115,CU03209,PR009,BR004,2025-05-13,,ACTIVE,INR,2970.58,FIXED_DEPOSIT
AC02116,93495900002116,CU00163,PR001,BR002,2022-02-15,,ACTIVE,INR,5686.42,SAVINGS
AC02117,84132100002117,CU00669,PR007,BR001,2025-06-11,,ACTIVE,INR,1539.11,FIXED_DEPOSIT
AC02118,16761100002118,CU01303,PR003,BR006,2024-09-22,,ACTIVE,INR,113318.00,SAVINGS
AC02119,20899400002119,CU00412,PR006,BR002,2020-05-30,,ACTIVE,INR,25906.96,CURRENT
AC02120,91492700002120,CU04597,PR008,BR004,2024-07-10,,DORMANT,INR,106884.70,FIXED_DEPOSIT
AC02121,90968500002121,CU04127,PR005,BR006,2021-12-29,2026-06-29,CLOSED,INR,14544.32,CURRENT
AC02122,34124700002122,CU04799,PR006,BR006,2025-12-05,2026-08-29,CLOSED,INR,112381.62,CURRENT
AC02123,98830800002123,CU01726,PR002,BR008,2021-02-05,,DORMANT,INR,246914.71,SAVINGS
AC02124,31825900002124,CU03714,PR001,BR007,2023-07-14,,DORMANT,INR,64204.68,SAVINGS
AC02125,79962700002125,CU04650,PR008,BR003,2022-03-29,,DORMANT,INR,45711.72,FIXED_DEPOSIT
AC02126,45663800002126,CU04838,PR006,BR001,2024-09-19,,ACTIVE,INR,111186.96,CURRENT
AC02127,65939300002127,CU02997,PR008,BR008,2020-03-23,,ACTIVE,INR,132006.34,FIXED_DEPOSIT
AC02128,31264600002128,CU04107,PR008,BR005,2022-11-15,,ACTIVE,INR,66687.63,FIXED_DEPOSIT
AC02129,14658800002129,CU01147,PR003,BR007,2019-07-23,2024-08-12,CLOSED,INR,68993.16,SAVINGS
AC02130,58319100002130,CU04036,PR007,BR008,2024-03-03,,DORMANT,INR,45747.46,FIXED_DEPOSIT
AC02131,87589400002131,CU04338,PR008,BR009,2024-12-09,2026-08-21,CLOSED,INR,48994.91,FIXED_DEPOSIT
AC02132,45311000002132,CU03809,PR004,BR003,2021-03-29,2024-06-15,CLOSED,INR,112046.00,CURRENT
AC02133,51154600002133,CU03404,PR004,BR006,2025-01-29,,ACTIVE,INR,13761.69,CURRENT
AC02134,17905000002134,CU03826,PR007,BR004,2024-09-01,,ACTIVE,INR,33350.29,FIXED_DEPOSIT
AC02135,96492100002135,CU00926,PR003,BR010,2025-01-15,2026-08-22,CLOSED,INR,202035.04,SAVINGS
AC02136,77553400002136,CU02438,PR006,BR003,2018-03-26,,ACTIVE,INR,53728.82,CURRENT
AC02137,64647900002137,CU00573,PR007,BR010,2019-06-08,,DORMANT,INR,166517.59,FIXED_DEPOSIT
AC02138,46789500002138,CU04703,PR008,BR004,2018-02-20,2021-09-25,CLOSED,INR,46347.63,FIXED_DEPOSIT
AC02139,65810800002139,CU04284,PR005,BR006,2020-08-15,,ACTIVE,INR,68632.65,CURRENT
AC02140,72661500002140,CU03989,PR006,BR003,2020-06-03,,DORMANT,INR,92153.73,CURRENT
AC02141,13753100002141,CU03132,PR002,BR005,2018-09-20,,ACTIVE,INR,36663.18,SAVINGS
AC02142,17882400002142,CU03609,PR003,BR010,2021-08-19,,DORMANT,INR,188109.37,SAVINGS
AC02143,77664100002143,CU00686,PR006,BR004,2021-10-29,,DORMANT,INR,78547.15,CURRENT
AC02144,95166300002144,CU01836,PR003,BR003,2025-12-02,,DORMANT,INR,179579.65,SAVINGS
AC02145,18534300002145,CU03133,PR001,BR008,2018-12-18,,ACTIVE,INR,56303.39,SAVINGS
AC02146,47452100002146,CU01128,PR006,BR006,2025-10-01,2026-08-26,CLOSED,INR,11530.70,CURRENT
AC02147,99452300002147,CU00070,PR009,BR009,2025-10-04,2026-08-26,CLOSED,INR,143973.80,FIXED_DEPOSIT
AC02148,95445100002148,CU04219,PR004,BR003,2023-08-10,,DORMANT,INR,153810.76,CURRENT
AC02149,84603700002149,CU00828,PR008,BR004,2019-10-07,,DORMANT,INR,128663.59,FIXED_DEPOSIT
AC02150,24486300002150,CU03584,PR008,BR010,2023-08-25,,DORMANT,INR,43386.46,FIXED_DEPOSIT
AC02151,74497000002151,CU04692,PR004,BR010,2019-08-27,,ACTIVE,INR,20429.89,CURRENT
AC02152,71844700002152,CU01069,PR007,BR009,2022-11-16,,ACTIVE,INR,49899.24,FIXED_DEPOSIT
AC02153,23417700002153,CU03659,PR008,BR009,2020-12-11,,DORMANT,INR,42200.26,FIXED_DEPOSIT
AC02154,38602400002154,CU03724,PR004,BR008,2018-03-17,,ACTIVE,INR,362.40,CURRENT
AC02155,58094800002155,CU01973,PR007,BR007,2020-04-23,,ACTIVE,INR,66026.81,FIXED_DEPOSIT
AC02156,91269600002156,CU01032,PR004,BR005,2022-08-07,,ACTIVE,INR,23107.61,CURRENT
AC02157,48549900002157,CU00368,PR002,BR006,2022-01-02,,DORMANT,INR,218397.47,SAVINGS
AC02158,77151700002158,CU03166,PR005,BR006,2020-12-21,,ACTIVE,INR,4237.86,CURRENT
AC02159,38150900002159,CU04960,PR008,BR004,2024-05-23,,DORMANT,INR,154793.66,FIXED_DEPOSIT
AC02160,54209600002160,CU02619,PR002,BR003,2025-04-19,,ACTIVE,INR,131322.85,SAVINGS
AC02161,54928100002161,CU01145,PR003,BR004,2018-05-29,2022-06-27,CLOSED,INR,225389.81,SAVINGS
AC02162,72850300002162,CU01918,PR004,BR008,2021-06-18,,DORMANT,INR,119951.54,CURRENT
AC02163,21367600002163,CU01486,PR001,BR008,2018-07-26,2019-07-19,CLOSED,INR,44486.40,SAVINGS
AC02164,15979700002164,CU02069,PR006,BR003,2019-02-14,,ACTIVE,INR,16963.34,CURRENT
AC02165,15962700002165,CU04509,PR006,BR003,2022-10-12,2026-08-29,CLOSED,INR,91759.44,CURRENT
AC02166,16007100002166,CU02585,PR001,BR008,2023-04-11,,DORMANT,INR,32872.64,SAVINGS
AC02167,88406600002167,CU01076,PR001,BR008,2019-11-25,,ACTIVE,INR,110081.50,SAVINGS
AC02168,31709000002168,CU01968,PR003,BR003,2021-05-01,,ACTIVE,INR,32954.40,SAVINGS
AC02169,12646800002169,CU00478,PR003,BR006,2023-06-07,,ACTIVE,INR,97470.42,SAVINGS
AC02170,51164000002170,CU04203,PR005,BR008,2019-02-19,,DORMANT,INR,63130.68,CURRENT
AC02171,27103300002171,CU03237,PR004,BR010,2024-10-06,,ACTIVE,INR,68946.78,CURRENT
AC02172,79500800002172,CU00911,PR005,BR010,2024-01-31,,DORMANT,INR,31993.64,CURRENT
AC02173,69225900002173,CU01725,PR001,BR004,2019-06-06,,ACTIVE,INR,9412.65,SAVINGS
AC02174,51736100002174,CU00380,PR009,BR007,2018-04-14,2022-03-18,CLOSED,INR,190119.21,FIXED_DEPOSIT
AC02175,17108100002175,CU03026,PR001,BR007,2025-07-10,,DORMANT,INR,223769.18,SAVINGS
AC02176,33929500002176,CU03178,PR006,BR006,2024-08-08,,DORMANT,INR,83052.80,CURRENT
AC02177,67543400002177,CU00620,PR007,BR001,2024-10-05,2026-08-17,CLOSED,INR,191214.20,FIXED_DEPOSIT
AC02178,88372500002178,CU01208,PR007,BR008,2025-09-27,,ACTIVE,INR,74777.89,FIXED_DEPOSIT
AC02179,98458700002179,CU03174,PR007,BR003,2019-03-25,,DORMANT,INR,199196.80,FIXED_DEPOSIT
AC02180,14699600002180,CU00229,PR008,BR002,2020-02-14,,ACTIVE,INR,3752.51,FIXED_DEPOSIT
AC02181,11275700002181,CU02612,PR003,BR009,2018-09-10,2021-11-26,CLOSED,INR,144710.07,SAVINGS
AC02182,26135400002182,CU00291,PR008,BR007,2021-12-16,2022-10-20,CLOSED,INR,176371.02,FIXED_DEPOSIT
AC02183,72304100002183,CU02125,PR004,BR008,2018-03-02,,ACTIVE,INR,79672.51,CURRENT
AC02184,30524600002184,CU03341,PR007,BR008,2018-07-28,2021-03-09,CLOSED,INR,192274.22,FIXED_DEPOSIT
AC02185,56901900002185,CU00165,PR006,BR009,2024-10-09,2026-08-21,CLOSED,INR,38857.49,CURRENT
AC02186,13395200002186,CU04452,PR002,BR003,2019-02-15,,ACTIVE,INR,3798.99,SAVINGS
AC02187,57846000002187,CU03776,PR005,BR009,2021-03-20,,ACTIVE,INR,33951.72,CURRENT
AC02188,70047900002188,CU00971,PR007,BR007,2021-03-07,2024-10-15,CLOSED,INR,32536.07,FIXED_DEPOSIT
AC02189,66930900002189,CU00352,PR007,BR005,2025-09-25,,ACTIVE,INR,9038.61,FIXED_DEPOSIT
AC02190,36326900002190,CU04426,PR002,BR009,2025-01-14,2026-08-23,CLOSED,INR,101214.28,SAVINGS
AC02191,97275600002191,CU00029,PR005,BR008,2025-05-06,2026-08-24,CLOSED,INR,246593.82,CURRENT
AC02192,83724500002192,CU02797,PR005,BR007,2021-09-20,,DORMANT,INR,136835.64,CURRENT
AC02193,98628300002193,CU03427,PR008,BR006,2023-09-20,,ACTIVE,INR,34489.05,FIXED_DEPOSIT
AC02194,50554900002194,CU01603,PR001,BR006,2023-10-22,,DORMANT,INR,73176.50,SAVINGS
AC02195,12124200002195,CU04382,PR009,BR010,2021-10-12,,ACTIVE,INR,53388.31,FIXED_DEPOSIT
AC02196,58581200002196,CU03114,PR004,BR001,2022-03-22,,DORMANT,INR,30978.25,CURRENT
AC02197,99299300002197,CU04299,PR004,BR004,2018-08-10,2019-09-30,CLOSED,INR,95137.73,CURRENT
AC02198,36001900002198,CU02282,PR002,BR006,2021-07-11,,ACTIVE,INR,10875.04,SAVINGS
AC02199,55282100002199,CU02877,PR007,BR006,2020-11-08,,ACTIVE,INR,454.41,FIXED_DEPOSIT
AC02200,78499100002200,CU02690,PR005,BR005,2024-04-11,2025-01-25,CLOSED,INR,157405.12,CURRENT
AC02201,35729000002201,CU03922,PR004,BR010,2020-11-18,,ACTIVE,INR,4944.19,CURRENT
AC02202,62061800002202,CU03742,PR004,BR009,2019-09-19,2021-03-14,CLOSED,INR,83506.02,CURRENT
AC02203,24799900002203,CU00951,PR007,BR001,2019-01-05,,DORMANT,INR,192270.13,FIXED_DEPOSIT
AC02204,88490500002204,CU03654,PR006,BR008,2025-11-26,2026-08-24,CLOSED,INR,54103.22,CURRENT
AC02205,62376200002205,CU03115,PR004,BR006,2021-10-22,,ACTIVE,INR,1488.19,CURRENT
AC02206,40832100002206,CU02425,PR009,BR001,2022-06-22,2024-06-13,CLOSED,INR,239021.95,FIXED_DEPOSIT
AC02207,85518900002207,CU00139,PR004,BR009,2018-05-09,2019-10-22,CLOSED,INR,36201.58,CURRENT
AC02208,56400000002208,CU01532,PR006,BR008,2022-06-01,2026-05-16,CLOSED,INR,154745.91,CURRENT
AC02209,25963100002209,CU03891,PR006,BR007,2018-05-28,,ACTIVE,INR,13407.95,CURRENT
AC02210,49215500002210,CU02148,PR004,BR007,2024-12-08,,ACTIVE,INR,140719.18,CURRENT
AC02211,19847700002211,CU01806,PR009,BR010,2022-12-04,,ACTIVE,INR,134662.88,FIXED_DEPOSIT
AC02212,16535300002212,CU01329,PR006,BR006,2025-03-12,,ACTIVE,INR,81884.06,CURRENT
AC02213,48420200002213,CU03198,PR001,BR004,2021-06-11,2022-09-04,CLOSED,INR,94012.78,SAVINGS
AC02214,21864600002214,CU03631,PR003,BR002,2021-07-30,,DORMANT,INR,91711.93,SAVINGS
AC02215,29467200002215,CU04246,PR003,BR010,2023-05-02,,ACTIVE,INR,58465.49,SAVINGS
AC02216,78743900002216,CU02812,PR008,BR006,2019-07-27,,DORMANT,INR,191971.90,FIXED_DEPOSIT
AC02217,19111800002217,CU00835,PR009,BR006,2018-03-27,2022-08-14,CLOSED,INR,6281.21,FIXED_DEPOSIT
AC02218,83886100002218,CU02566,PR001,BR008,2018-12-26,2021-06-30,CLOSED,INR,199068.02,SAVINGS
AC02219,49112100002219,CU03643,PR002,BR002,2022-06-06,,ACTIVE,INR,348116.65,SAVINGS
AC02220,54716800002220,CU04481,PR006,BR008,2021-11-21,,ACTIVE,INR,744.06,CURRENT
AC02221,47159000002221,CU00654,PR001,BR002,2018-02-01,,ACTIVE,INR,245416.15,SAVINGS
AC02222,48016300002222,CU02482,PR003,BR009,2023-11-23,,ACTIVE,INR,34212.31,SAVINGS
AC02223,72558500002223,CU04869,PR007,BR008,2020-01-04,,DORMANT,INR,1164.31,FIXED_DEPOSIT
AC02224,59166400002224,CU00343,PR001,BR006,2022-08-22,,DORMANT,INR,32676.37,SAVINGS
AC02225,28989100002225,CU01202,PR002,BR003,2022-02-14,2024-09-22,CLOSED,INR,193811.15,SAVINGS
AC02226,78517100002226,CU02606,PR008,BR004,2018-11-24,2019-08-28,CLOSED,INR,167619.98,FIXED_DEPOSIT
AC02227,70220400002227,CU01438,PR004,BR009,2025-02-13,,DORMANT,INR,116009.26,CURRENT
AC02228,41658200002228,CU04796,PR002,BR002,2020-04-09,,DORMANT,INR,64101.26,SAVINGS
AC02229,22202900002229,CU03971,PR006,BR001,2023-05-01,,DORMANT,INR,93268.94,CURRENT
AC02230,27816900002230,CU03157,PR008,BR006,2023-01-05,2026-03-31,CLOSED,INR,217682.68,FIXED_DEPOSIT
AC02231,23309500002231,CU01066,PR004,BR002,2024-08-13,,DORMANT,INR,167815.96,CURRENT
AC02232,20427100002232,CU03223,PR007,BR004,2024-11-21,2025-10-03,CLOSED,INR,108001.65,FIXED_DEPOSIT
AC02233,20131100002233,CU02778,PR008,BR003,2024-08-03,,ACTIVE,INR,332834.56,FIXED_DEPOSIT
AC02234,92422300002234,CU02235,PR003,BR005,2025-07-21,,DORMANT,INR,42515.71,SAVINGS
AC02235,71644000002235,CU03435,PR007,BR007,2023-03-06,,ACTIVE,INR,297.01,FIXED_DEPOSIT
AC02236,68566000002236,CU04342,PR003,BR002,2022-07-16,2026-06-02,CLOSED,INR,94228.64,SAVINGS
AC02237,51252200002237,CU03055,PR001,BR002,2020-01-13,,ACTIVE,INR,110661.17,SAVINGS
AC02238,98115200002238,CU00939,PR005,BR010,2023-11-18,2024-12-16,CLOSED,INR,63508.10,CURRENT
AC02239,47968100002239,CU00015,PR004,BR008,2020-06-16,2024-06-22,CLOSED,INR,32130.48,CURRENT
AC02240,13797100002240,CU04233,PR004,BR002,2020-02-22,,ACTIVE,INR,178886.87,CURRENT
AC02241,14162400002241,CU00238,PR007,BR007,2019-05-13,,DORMANT,INR,103865.07,FIXED_DEPOSIT
AC02242,94962600002242,CU03219,PR006,BR004,2023-06-10,,ACTIVE,INR,498.15,CURRENT
AC02243,44689800002243,CU01674,PR001,BR009,2020-09-09,2023-02-02,CLOSED,INR,10350.15,SAVINGS
AC02244,71420700002244,CU00133,PR009,BR008,2020-08-19,,DORMANT,INR,55764.37,FIXED_DEPOSIT
AC02245,19088600002245,CU04785,PR009,BR005,2019-10-26,2025-01-27,CLOSED,INR,132771.72,FIXED_DEPOSIT
AC02246,91269300002246,CU02151,PR002,BR003,2021-05-28,,ACTIVE,INR,52797.08,SAVINGS
AC02247,91719700002247,CU04911,PR009,BR005,2025-01-27,,ACTIVE,INR,24037.98,FIXED_DEPOSIT
AC02248,55861000002248,CU04350,PR007,BR005,2024-04-16,,ACTIVE,INR,285688.08,FIXED_DEPOSIT
AC02249,45837600002249,CU03309,PR007,BR003,2022-04-29,2023-10-05,CLOSED,INR,153833.01,FIXED_DEPOSIT
AC02250,43894100002250,CU00601,PR004,BR010,2024-05-22,,ACTIVE,INR,51689.76,CURRENT
AC02251,36765100002251,CU01990,PR003,BR008,2025-04-12,2026-08-28,CLOSED,INR,133884.85,SAVINGS
AC02252,19545500002252,CU03010,PR002,BR008,2018-08-17,,ACTIVE,INR,9553.72,SAVINGS
AC02253,99986100002253,CU01925,PR006,BR001,2020-09-18,,ACTIVE,INR,20904.70,CURRENT
AC02254,33805700002254,CU04262,PR007,BR004,2021-02-17,2023-05-20,CLOSED,INR,147105.75,FIXED_DEPOSIT
AC02255,48265000002255,CU04619,PR004,BR008,2024-04-11,2026-08-29,CLOSED,INR,201828.83,CURRENT
AC02256,45762200002256,CU03163,PR008,BR008,2018-09-30,2021-12-12,CLOSED,INR,56580.85,FIXED_DEPOSIT
AC02257,85848700002257,CU04737,PR005,BR006,2025-02-12,2026-08-22,CLOSED,INR,226463.23,CURRENT
AC02258,88262500002258,CU01503,PR005,BR003,2021-08-17,,DORMANT,INR,149085.08,CURRENT
AC02259,39612500002259,CU01186,PR005,BR002,2020-01-08,,ACTIVE,INR,3336.39,CURRENT
AC02260,92868600002260,CU02378,PR006,BR001,2024-06-19,,DORMANT,INR,62690.98,CURRENT
AC02261,77396100002261,CU01334,PR005,BR008,2018-11-23,,ACTIVE,INR,37133.12,CURRENT
AC02262,22757900002262,CU04663,PR007,BR009,2019-07-24,,DORMANT,INR,173050.57,FIXED_DEPOSIT
AC02263,17738900002263,CU01611,PR007,BR006,2018-11-15,,DORMANT,INR,53534.33,FIXED_DEPOSIT
AC02264,22955000002264,CU00844,PR008,BR003,2019-07-02,,ACTIVE,INR,47040.91,FIXED_DEPOSIT
AC02265,63467800002265,CU01278,PR001,BR003,2018-10-11,,DORMANT,INR,24122.20,SAVINGS
AC02266,56468600002266,CU03512,PR004,BR001,2024-12-08,,DORMANT,INR,78290.39,CURRENT
AC02267,75267600002267,CU04068,PR002,BR008,2018-09-17,2019-04-13,CLOSED,INR,242075.60,SAVINGS
AC02268,50258500002268,CU01205,PR001,BR001,2020-06-07,,ACTIVE,INR,72978.65,SAVINGS
AC02269,34671300002269,CU04681,PR001,BR002,2022-07-05,2026-08-29,CLOSED,INR,247161.20,SAVINGS
AC02270,11235400002270,CU00910,PR008,BR002,2023-06-21,,DORMANT,INR,78694.90,FIXED_DEPOSIT
AC02271,84576600002271,CU01523,PR009,BR006,2024-10-27,2025-12-10,CLOSED,INR,52860.88,FIXED_DEPOSIT
AC02272,60400000002272,CU00623,PR001,BR009,2020-08-11,2023-07-19,CLOSED,INR,119919.73,SAVINGS
AC02273,56295800002273,CU03885,PR003,BR001,2018-02-01,,ACTIVE,INR,23586.82,SAVINGS
AC02274,68014200002274,CU01577,PR004,BR010,2024-03-02,2025-09-03,CLOSED,INR,220077.95,CURRENT
AC02275,81546800002275,CU00115,PR004,BR003,2019-02-01,,DORMANT,INR,100855.14,CURRENT
AC02276,55904400002276,CU00705,PR001,BR002,2022-11-15,2024-08-01,CLOSED,INR,90040.66,SAVINGS
AC02277,64510800002277,CU02115,PR008,BR010,2018-05-17,,DORMANT,INR,67068.90,FIXED_DEPOSIT
AC02278,33714800002278,CU04593,PR002,BR008,2024-12-14,2025-12-12,CLOSED,INR,19050.68,SAVINGS
AC02279,46199700002279,CU03732,PR004,BR010,2023-02-22,,ACTIVE,INR,26686.03,CURRENT
AC02280,46494000002280,CU04677,PR003,BR010,2022-03-22,2023-10-23,CLOSED,INR,178259.49,SAVINGS
AC02281,67830400002281,CU01867,PR009,BR006,2018-10-06,,DORMANT,INR,89121.28,FIXED_DEPOSIT
AC02282,56036800002282,CU01209,PR007,BR006,2018-11-20,,ACTIVE,INR,46427.72,FIXED_DEPOSIT
AC02283,16627300002283,CU03151,PR009,BR005,2024-08-28,2026-08-26,CLOSED,INR,139605.74,FIXED_DEPOSIT
AC02284,91621700002284,CU03628,PR006,BR006,2022-03-03,,DORMANT,INR,125725.48,CURRENT
AC02285,73995300002285,CU03945,PR005,BR010,2023-08-23,,ACTIVE,INR,23449.94,CURRENT
AC02286,47632300002286,CU04101,PR004,BR010,2023-02-10,,DORMANT,INR,230136.83,CURRENT
AC02287,42859000002287,CU03821,PR005,BR007,2025-02-19,,DORMANT,INR,92396.08,CURRENT
AC02288,88018000002288,CU01481,PR006,BR010,2025-03-15,,ACTIVE,INR,50482.40,CURRENT
AC02289,46137700002289,CU03303,PR006,BR008,2025-08-26,2026-08-28,CLOSED,INR,145653.51,CURRENT
AC02290,17752600002290,CU04197,PR001,BR002,2024-10-12,,ACTIVE,INR,14910.04,SAVINGS
AC02291,70275600002291,CU04442,PR003,BR003,2018-11-07,2020-05-01,CLOSED,INR,138949.44,SAVINGS
AC02292,82728000002292,CU03958,PR007,BR010,2019-04-15,2024-05-11,CLOSED,INR,139520.34,FIXED_DEPOSIT
AC02293,86274500002293,CU04183,PR009,BR010,2025-08-24,,ACTIVE,INR,4842.89,FIXED_DEPOSIT
AC02294,31683000002294,CU04235,PR009,BR003,2025-05-28,2026-08-29,CLOSED,INR,74607.85,FIXED_DEPOSIT
AC02295,32982500002295,CU02902,PR002,BR002,2023-01-09,,DORMANT,INR,114865.28,SAVINGS
AC02296,80196400002296,CU04289,PR001,BR004,2024-08-08,,DORMANT,INR,30896.86,SAVINGS
AC02297,32600400002297,CU00393,PR004,BR002,2022-06-04,,DORMANT,INR,91176.92,CURRENT
AC02298,31443900002298,CU02597,PR004,BR001,2023-01-10,,DORMANT,INR,77919.17,CURRENT
AC02299,50883100002299,CU02011,PR006,BR009,2025-01-09,2026-08-25,CLOSED,INR,118757.62,CURRENT
AC02300,41043300002300,CU02889,PR008,BR007,2025-04-27,,DORMANT,INR,151565.63,FIXED_DEPOSIT
AC02301,33381900002301,CU01403,PR003,BR010,2020-03-31,,ACTIVE,INR,16214.91,SAVINGS
AC02302,12434100002302,CU01643,PR002,BR005,2022-01-10,,ACTIVE,INR,64264.69,SAVINGS
AC02303,91914000002303,CU02680,PR008,BR003,2025-04-18,,DORMANT,INR,205404.82,FIXED_DEPOSIT
AC02304,36463400002304,CU01746,PR004,BR002,2023-12-23,,DORMANT,INR,147928.63,CURRENT
AC02305,58894000002305,CU00645,PR003,BR007,2019-05-25,,ACTIVE,INR,25175.25,SAVINGS
AC02306,97585200002306,CU00122,PR004,BR001,2019-10-08,,DORMANT,INR,48070.55,CURRENT
AC02307,74107300002307,CU04555,PR008,BR004,2023-12-14,2026-08-23,CLOSED,INR,149869.42,FIXED_DEPOSIT
AC02308,16091400002308,CU03068,PR003,BR005,2025-06-25,2026-08-22,CLOSED,INR,158645.79,SAVINGS
AC02309,63254100002309,CU02287,PR006,BR010,2021-06-18,2025-08-16,CLOSED,INR,70633.69,CURRENT
AC02310,55811000002310,CU00628,PR003,BR002,2023-03-19,,ACTIVE,INR,24560.17,SAVINGS
AC02311,79735900002311,CU04076,PR005,BR006,2025-01-04,2026-08-20,CLOSED,INR,99429.79,CURRENT
AC02312,50770500002312,CU04378,PR008,BR005,2024-03-06,,ACTIVE,INR,73396.11,FIXED_DEPOSIT
AC02313,79360500002313,CU03909,PR009,BR004,2019-10-19,,ACTIVE,INR,127119.40,FIXED_DEPOSIT
AC02314,54532600002314,CU04411,PR006,BR006,2021-01-27,,ACTIVE,INR,2004.09,CURRENT
AC02315,67402300002315,CU02087,PR001,BR006,2022-02-08,,DORMANT,INR,157644.65,SAVINGS
AC02316,89767700002316,CU00913,PR002,BR001,2024-11-01,,DORMANT,INR,204937.27,SAVINGS
AC02317,65360300002317,CU00395,PR002,BR006,2025-04-26,,ACTIVE,INR,213.74,SAVINGS
AC02318,96130800002318,CU03243,PR001,BR007,2018-02-21,2020-05-21,CLOSED,INR,216666.43,SAVINGS
AC02319,67922600002319,CU01240,PR003,BR006,2021-03-26,2025-03-27,CLOSED,INR,188061.78,SAVINGS
AC02320,94224700002320,CU00813,PR004,BR001,2025-06-26,2026-08-27,CLOSED,INR,227080.06,CURRENT
AC02321,22717600002321,CU00812,PR003,BR004,2023-12-12,2024-10-17,CLOSED,INR,26528.72,SAVINGS
AC02322,70504600002322,CU02522,PR002,BR010,2018-05-11,,DORMANT,INR,27826.15,SAVINGS
AC02323,23047900002323,CU02178,PR004,BR010,2022-05-28,,DORMANT,INR,103187.32,CURRENT
AC02324,88912200002324,CU03996,PR005,BR007,2018-01-21,2020-10-01,CLOSED,INR,26002.61,CURRENT
AC02325,68448600002325,CU01772,PR007,BR004,2019-04-16,,DORMANT,INR,44210.86,FIXED_DEPOSIT
AC02326,45989800002326,CU02325,PR002,BR001,2020-12-19,,DORMANT,INR,165401.13,SAVINGS
AC02327,86746300002327,CU02945,PR001,BR001,2021-01-01,,DORMANT,INR,127037.11,SAVINGS
AC02328,18999100002328,CU02422,PR006,BR010,2021-02-07,2023-03-06,CLOSED,INR,98865.83,CURRENT
AC02329,90536400002329,CU01654,PR004,BR002,2019-06-23,,ACTIVE,INR,51757.31,CURRENT
AC02330,66846800002330,CU01994,PR005,BR005,2023-06-13,2025-07-15,CLOSED,INR,161107.39,CURRENT
AC02331,19631300002331,CU04163,PR005,BR005,2021-09-25,2025-02-10,CLOSED,INR,114351.91,CURRENT
AC02332,74318800002332,CU03090,PR009,BR002,2024-10-17,2026-08-26,CLOSED,INR,195789.88,FIXED_DEPOSIT
AC02333,25670100002333,CU01786,PR008,BR004,2022-05-03,,ACTIVE,INR,76486.11,FIXED_DEPOSIT
AC02334,32673300002334,CU00604,PR008,BR010,2021-11-22,,ACTIVE,INR,6.17,FIXED_DEPOSIT
AC02335,77021300002335,CU00746,PR001,BR002,2018-11-16,,DORMANT,INR,107182.91,SAVINGS
AC02336,94407100002336,CU00877,PR007,BR003,2025-12-05,,ACTIVE,INR,563.21,FIXED_DEPOSIT
AC02337,23360100002337,CU04384,PR006,BR005,2022-12-02,,ACTIVE,INR,46400.89,CURRENT
AC02338,52384900002338,CU02645,PR005,BR004,2018-11-19,2023-05-05,CLOSED,INR,32888.36,CURRENT
AC02339,45457300002339,CU02836,PR006,BR003,2025-09-09,,DORMANT,INR,54473.60,CURRENT
AC02340,44636100002340,CU03696,PR009,BR008,2025-12-18,2026-08-25,CLOSED,INR,94570.34,FIXED_DEPOSIT
AC02341,64999900002341,CU02771,PR008,BR005,2025-08-29,,DORMANT,INR,174208.71,FIXED_DEPOSIT
AC02342,32273100002342,CU02150,PR008,BR010,2023-03-13,2024-12-25,CLOSED,INR,36124.34,FIXED_DEPOSIT
AC02343,19707400002343,CU01564,PR002,BR005,2019-02-13,2022-03-10,CLOSED,INR,210105.12,SAVINGS
AC02344,15520200002344,CU04558,PR005,BR009,2021-02-08,,DORMANT,INR,204230.32,CURRENT
AC02345,31988300002345,CU01757,PR004,BR008,2018-06-11,,DORMANT,INR,153112.01,CURRENT
AC02346,93327000002346,CU03075,PR002,BR009,2020-03-03,2023-11-20,CLOSED,INR,33507.39,SAVINGS
AC02347,89640500002347,CU03056,PR009,BR003,2023-08-01,,ACTIVE,INR,33595.50,FIXED_DEPOSIT
AC02348,98787300002348,CU04966,PR007,BR006,2020-09-16,,ACTIVE,INR,121378.73,FIXED_DEPOSIT
AC02349,69975000002349,CU01488,PR007,BR001,2018-04-16,,DORMANT,INR,124715.77,FIXED_DEPOSIT
AC02350,96371800002350,CU03651,PR001,BR009,2024-12-08,2026-08-28,CLOSED,INR,155176.74,SAVINGS
AC02351,86410800002351,CU02569,PR006,BR001,2023-05-06,2026-08-22,CLOSED,INR,10623.69,CURRENT
AC02352,44747100002352,CU03956,PR001,BR007,2018-02-26,,DORMANT,INR,21394.29,SAVINGS
AC02353,36413600002353,CU01840,PR007,BR008,2020-11-26,,ACTIVE,INR,54697.39,FIXED_DEPOSIT
AC02354,90390300002354,CU01136,PR001,BR010,2018-08-09,2022-03-03,CLOSED,INR,9168.60,SAVINGS
AC02355,12199900002355,CU02826,PR001,BR005,2018-07-30,,DORMANT,INR,191443.72,SAVINGS
AC02356,20601500002356,CU02449,PR002,BR009,2021-09-13,,ACTIVE,INR,47278.00,SAVINGS
AC02357,85079600002357,CU01913,PR005,BR003,2024-04-02,,DORMANT,INR,195941.76,CURRENT
AC02358,32657700002358,CU03926,PR005,BR010,2019-01-19,,ACTIVE,INR,84295.51,CURRENT
AC02359,70340000002359,CU03382,PR003,BR003,2023-10-01,,ACTIVE,INR,252091.63,SAVINGS
AC02360,69772300002360,CU02450,PR002,BR005,2022-11-17,,DORMANT,INR,192981.03,SAVINGS
AC02361,81658400002361,CU02883,PR006,BR007,2025-09-10,2026-08-24,CLOSED,INR,182172.55,CURRENT
AC02362,86208600002362,CU00944,PR008,BR008,2022-07-17,,ACTIVE,INR,117565.39,FIXED_DEPOSIT
AC02363,96621000002363,CU00713,PR005,BR009,2020-01-26,,DORMANT,INR,45359.30,CURRENT
AC02364,40920700002364,CU03205,PR001,BR003,2020-05-29,,ACTIVE,INR,34359.62,SAVINGS
AC02365,27035000002365,CU04890,PR008,BR002,2022-05-10,2026-08-27,CLOSED,INR,95021.76,FIXED_DEPOSIT
AC02366,34406900002366,CU03455,PR004,BR003,2020-10-01,,DORMANT,INR,26730.16,CURRENT
AC02367,60142500002367,CU00710,PR001,BR008,2024-04-07,,DORMANT,INR,54128.49,SAVINGS
AC02368,15821900002368,CU01011,PR004,BR010,2023-01-01,2026-08-21,CLOSED,INR,160363.83,CURRENT
AC02369,45728000002369,CU01844,PR002,BR001,2023-02-25,,ACTIVE,INR,49264.31,SAVINGS
AC02370,43155600002370,CU01040,PR007,BR004,2025-12-24,,ACTIVE,INR,33852.95,FIXED_DEPOSIT
AC02371,83013200002371,CU01993,PR006,BR009,2022-12-07,2026-08-28,CLOSED,INR,231089.78,CURRENT
AC02372,99578900002372,CU02610,PR003,BR001,2024-09-20,,ACTIVE,INR,89406.20,SAVINGS
AC02373,70301700002373,CU00326,PR006,BR010,2021-10-12,,DORMANT,INR,122206.51,CURRENT
AC02374,60174300002374,CU00117,PR003,BR006,2024-04-30,,ACTIVE,INR,382.52,SAVINGS
AC02375,62503600002375,CU01716,PR004,BR006,2025-02-09,2026-08-20,CLOSED,INR,28881.54,CURRENT
AC02376,83131900002376,CU04810,PR006,BR005,2025-11-17,,ACTIVE,INR,24650.80,CURRENT
AC02377,71893700002377,CU03342,PR009,BR005,2024-05-04,,DORMANT,INR,200000.49,FIXED_DEPOSIT
AC02378,86221400002378,CU02492,PR008,BR006,2022-10-02,2026-08-21,CLOSED,INR,35157.30,FIXED_DEPOSIT
AC02379,35796300002379,CU04995,PR009,BR002,2021-07-31,,ACTIVE,INR,21589.84,FIXED_DEPOSIT
AC02380,87124000002380,CU03095,PR002,BR003,2021-06-03,2024-07-03,CLOSED,INR,25288.07,SAVINGS
AC02381,58486000002381,CU04250,PR002,BR010,2022-07-08,,DORMANT,INR,89915.09,SAVINGS
AC02382,43473900002382,CU02441,PR003,BR009,2023-10-01,2026-08-23,CLOSED,INR,210133.90,SAVINGS
AC02383,38656800002383,CU01719,PR003,BR003,2021-02-21,,ACTIVE,INR,27531.94,SAVINGS
AC02384,63883300002384,CU00701,PR003,BR009,2020-08-14,,ACTIVE,INR,1377.55,SAVINGS
AC02385,81161500002385,CU00759,PR009,BR003,2018-11-20,2021-11-14,CLOSED,INR,196544.28,FIXED_DEPOSIT
AC02386,52235900002386,CU00439,PR003,BR002,2019-07-08,,ACTIVE,INR,14360.90,SAVINGS
AC02387,56873300002387,CU04439,PR005,BR005,2018-11-16,,DORMANT,INR,210269.33,CURRENT
AC02388,37517200002388,CU02732,PR009,BR001,2023-05-06,,DORMANT,INR,174147.19,FIXED_DEPOSIT
AC02389,96393500002389,CU03017,PR007,BR005,2018-09-06,,DORMANT,INR,81127.11,FIXED_DEPOSIT
AC02390,58766000002390,CU02302,PR005,BR004,2021-06-18,,DORMANT,INR,92728.74,CURRENT
AC02391,56526800002391,CU00707,PR006,BR008,2020-04-29,,ACTIVE,INR,32761.42,CURRENT
AC02392,68301000002392,CU02851,PR003,BR007,2023-03-21,2026-08-24,CLOSED,INR,217496.53,SAVINGS
AC02393,16845300002393,CU00873,PR002,BR006,2023-11-28,,DORMANT,INR,143105.28,SAVINGS
AC02394,75838200002394,CU00335,PR006,BR001,2024-03-31,,ACTIVE,INR,6480.09,CURRENT
AC02395,95375100002395,CU00120,PR002,BR001,2020-11-07,2025-04-04,CLOSED,INR,170307.72,SAVINGS
AC02396,11940300002396,CU04543,PR002,BR009,2018-12-28,2023-07-06,CLOSED,INR,178177.32,SAVINGS
AC02397,33680500002397,CU04457,PR009,BR004,2020-10-08,2023-12-30,CLOSED,INR,140857.99,FIXED_DEPOSIT
AC02398,44097300002398,CU04022,PR003,BR006,2023-05-06,,DORMANT,INR,111846.89,SAVINGS
AC02399,68407100002399,CU01185,PR002,BR006,2022-05-09,,ACTIVE,INR,942.62,SAVINGS
AC02400,72408400002400,CU02681,PR007,BR006,2025-08-26,,DORMANT,INR,25433.53,FIXED_DEPOSIT
AC02401,65118300002401,CU02432,PR006,BR004,2022-03-08,,DORMANT,INR,32451.97,CURRENT
AC02402,48393500002402,CU04630,PR003,BR010,2024-06-19,,ACTIVE,INR,732.10,SAVINGS
AC02403,59237300002403,CU01539,PR001,BR003,2021-09-22,2022-12-21,CLOSED,INR,107962.09,SAVINGS
AC02404,52430800002404,CU04711,PR001,BR007,2019-02-28,2024-03-30,CLOSED,INR,141838.61,SAVINGS
AC02405,13657600002405,CU03120,PR002,BR009,2021-09-30,,DORMANT,INR,247423.62,SAVINGS
AC02406,83474800002406,CU01257,PR009,BR010,2025-08-26,,DORMANT,INR,139558.12,FIXED_DEPOSIT
AC02407,77588000002407,CU00689,PR003,BR009,2020-07-09,,DORMANT,INR,216257.27,SAVINGS
AC02408,55049500002408,CU01454,PR007,BR002,2025-08-12,2026-08-24,CLOSED,INR,177880.93,FIXED_DEPOSIT
AC02409,37453900002409,CU01618,PR008,BR005,2018-04-21,2023-07-14,CLOSED,INR,216186.73,FIXED_DEPOSIT
AC02410,27482500002410,CU02400,PR003,BR009,2025-12-13,,DORMANT,INR,200897.03,SAVINGS
AC02411,28511600002411,CU02006,PR003,BR010,2018-06-03,,ACTIVE,INR,38.07,SAVINGS
AC02412,55533100002412,CU01672,PR004,BR010,2023-08-07,,ACTIVE,INR,5782.75,CURRENT
AC02413,74476400002413,CU02678,PR001,BR005,2021-05-23,,DORMANT,INR,215231.41,SAVINGS
AC02414,85354700002414,CU04522,PR001,BR004,2022-04-25,,DORMANT,INR,228474.26,SAVINGS
AC02415,15724600002415,CU00360,PR005,BR005,2023-10-04,,DORMANT,INR,89170.01,CURRENT
AC02416,33537300002416,CU04760,PR002,BR004,2018-02-23,2021-01-03,CLOSED,INR,61910.55,SAVINGS
AC02417,82515500002417,CU03175,PR001,BR006,2018-10-31,,DORMANT,INR,162182.68,SAVINGS
AC02418,67211900002418,CU02170,PR004,BR003,2025-07-28,,ACTIVE,INR,6102.70,CURRENT
AC02419,85219200002419,CU01084,PR009,BR004,2018-06-16,2023-06-11,CLOSED,INR,170541.46,FIXED_DEPOSIT
AC02420,78288800002420,CU04963,PR009,BR004,2019-06-19,2022-02-09,CLOSED,INR,245036.37,FIXED_DEPOSIT
AC02421,49012100002421,CU02617,PR002,BR007,2020-09-02,,ACTIVE,INR,20890.32,SAVINGS
AC02422,80028800002422,CU04940,PR004,BR004,2022-09-02,,DORMANT,INR,211664.99,CURRENT
AC02423,44627200002423,CU01646,PR004,BR008,2021-02-16,2025-02-11,CLOSED,INR,232519.10,CURRENT
AC02424,42627900002424,CU00499,PR007,BR005,2023-03-12,,ACTIVE,INR,145.59,FIXED_DEPOSIT
AC02425,52467100002425,CU00840,PR002,BR006,2025-07-06,2026-08-24,CLOSED,INR,66543.51,SAVINGS
AC02426,91351800002426,CU03409,PR004,BR006,2023-06-21,2024-03-24,CLOSED,INR,199785.69,CURRENT
AC02427,96528800002427,CU03111,PR008,BR007,2021-01-16,2022-11-01,CLOSED,INR,245941.82,FIXED_DEPOSIT
AC02428,14882700002428,CU02066,PR005,BR006,2020-11-16,,DORMANT,INR,72747.47,CURRENT
AC02429,95139300002429,CU01953,PR009,BR005,2023-04-02,2024-09-21,CLOSED,INR,163578.23,FIXED_DEPOSIT
AC02430,39653000002430,CU02575,PR006,BR005,2025-05-03,2026-08-24,CLOSED,INR,138521.13,CURRENT
AC02431,25448100002431,CU01293,PR008,BR006,2023-11-19,,ACTIVE,INR,37922.52,FIXED_DEPOSIT
AC02432,13526300002432,CU04930,PR007,BR003,2021-03-25,2025-12-30,CLOSED,INR,15142.43,FIXED_DEPOSIT
AC02433,15246800002433,CU03501,PR008,BR010,2025-06-14,,DORMANT,INR,241508.36,FIXED_DEPOSIT
AC02434,48567000002434,CU00949,PR005,BR005,2021-04-01,2026-02-26,CLOSED,INR,9587.42,CURRENT
AC02435,77740400002435,CU02260,PR004,BR006,2020-05-23,,ACTIVE,INR,36099.80,CURRENT
AC02436,15170300002436,CU04556,PR009,BR004,2021-09-18,2024-05-17,CLOSED,INR,61803.75,FIXED_DEPOSIT
AC02437,38860500002437,CU00423,PR007,BR001,2024-02-16,,DORMANT,INR,26616.11,FIXED_DEPOSIT
AC02438,37824200002438,CU02972,PR008,BR001,2020-09-20,2025-04-08,CLOSED,INR,118985.35,FIXED_DEPOSIT
AC02439,74141400002439,CU00058,PR008,BR004,2019-06-21,,ACTIVE,INR,24306.01,FIXED_DEPOSIT
AC02440,28285000002440,CU02109,PR008,BR008,2023-01-20,,ACTIVE,INR,44220.43,FIXED_DEPOSIT
AC02441,14188700002441,CU00269,PR009,BR007,2019-04-28,2022-05-13,CLOSED,INR,127479.21,FIXED_DEPOSIT
AC02442,55538800002442,CU03660,PR001,BR008,2020-03-31,2021-02-25,CLOSED,INR,248896.40,SAVINGS
AC02443,73834100002443,CU04898,PR003,BR005,2020-12-14,2026-03-19,CLOSED,INR,35747.95,SAVINGS
AC02444,29675800002444,CU03131,PR005,BR005,2021-06-19,,DORMANT,INR,135750.28,CURRENT
AC02445,69174300002445,CU00733,PR005,BR009,2025-10-14,,DORMANT,INR,52456.17,CURRENT
AC02446,49780900002446,CU02865,PR001,BR007,2021-01-22,,ACTIVE,INR,224.99,SAVINGS
AC02447,94215600002447,CU04652,PR004,BR008,2020-07-11,2025-11-02,CLOSED,INR,203190.45,CURRENT
AC02448,37747800002448,CU01514,PR002,BR004,2025-09-26,,ACTIVE,INR,43715.27,SAVINGS
AC02449,62190000002449,CU01996,PR001,BR007,2019-03-31,,ACTIVE,INR,44224.04,SAVINGS
AC02450,19929900002450,CU02226,PR004,BR002,2025-04-27,2026-01-17,CLOSED,INR,107069.11,CURRENT
AC02451,12770400002451,CU00069,PR009,BR009,2020-10-14,,DORMANT,INR,201208.46,FIXED_DEPOSIT
AC02452,25667300002452,CU01785,PR002,BR005,2018-04-04,,DORMANT,INR,117791.72,SAVINGS
AC02453,26188600002453,CU01740,PR005,BR002,2019-02-06,2022-10-08,CLOSED,INR,91613.66,CURRENT
AC02454,45048700002454,CU04144,PR004,BR003,2018-05-28,2022-05-07,CLOSED,INR,112982.00,CURRENT
AC02455,51245700002455,CU01070,PR001,BR009,2024-11-21,2026-08-23,CLOSED,INR,173761.84,SAVINGS
AC02456,21005300002456,CU04984,PR001,BR008,2018-04-30,,ACTIVE,INR,129455.04,SAVINGS
AC02457,20600200002457,CU00881,PR002,BR008,2019-08-13,2020-06-18,CLOSED,INR,175443.02,SAVINGS
AC02458,48102100002458,CU03882,PR004,BR007,2023-12-05,,DORMANT,INR,222281.90,CURRENT
AC02459,89488100002459,CU01008,PR002,BR007,2025-03-06,2026-08-22,CLOSED,INR,44373.93,SAVINGS
AC02460,93048600002460,CU04056,PR005,BR010,2025-12-08,2026-08-22,CLOSED,INR,62629.57,CURRENT
AC02461,97029400002461,CU03852,PR004,BR010,2021-09-19,,ACTIVE,INR,7389.08,CURRENT
AC02462,76681900002462,CU00907,PR005,BR005,2020-11-15,,ACTIVE,INR,2826.87,CURRENT
AC02463,86130300002463,CU03679,PR006,BR009,2025-10-22,2026-08-29,CLOSED,INR,141733.70,CURRENT
AC02464,17173900002464,CU00449,PR003,BR006,2020-08-31,,DORMANT,INR,34309.92,SAVINGS
AC02465,76664200002465,CU01869,PR001,BR001,2025-06-09,,ACTIVE,INR,673.09,SAVINGS
AC02466,53014000002466,CU04020,PR007,BR005,2022-06-15,2026-08-22,CLOSED,INR,44700.86,FIXED_DEPOSIT
AC02467,41725500002467,CU01262,PR008,BR004,2018-06-29,2019-01-07,CLOSED,INR,201254.79,FIXED_DEPOSIT
AC02468,79668200002468,CU02486,PR009,BR001,2021-09-28,2025-05-28,CLOSED,INR,40663.40,FIXED_DEPOSIT
AC02469,64457000002469,CU00925,PR001,BR008,2020-09-02,,ACTIVE,INR,135619.63,SAVINGS
AC02470,81786500002470,CU02564,PR003,BR008,2021-03-28,,DORMANT,INR,7315.47,SAVINGS
AC02471,44339800002471,CU03191,PR009,BR007,2025-05-01,2026-08-14,CLOSED,INR,217933.04,FIXED_DEPOSIT
AC02472,49981900002472,CU01943,PR008,BR004,2023-09-03,,ACTIVE,INR,13392.70,FIXED_DEPOSIT
AC02473,34009600002473,CU00769,PR008,BR007,2021-07-12,,ACTIVE,INR,142560.86,FIXED_DEPOSIT
AC02474,36594300002474,CU03340,PR006,BR009,2021-12-31,2025-02-09,CLOSED,INR,193111.27,CURRENT
AC02475,74232000002475,CU04720,PR005,BR006,2024-07-27,,ACTIVE,INR,103760.94,CURRENT
AC02476,68986000002476,CU00500,PR005,BR007,2018-05-11,2023-09-17,CLOSED,INR,191668.00,CURRENT
AC02477,24605200002477,CU02411,PR002,BR005,2020-12-13,2024-06-07,CLOSED,INR,86410.30,SAVINGS
AC02478,62966100002478,CU01162,PR002,BR003,2020-08-27,,DORMANT,INR,190949.65,SAVINGS
AC02479,77444400002479,CU03440,PR008,BR003,2020-12-23,2025-07-14,CLOSED,INR,230619.13,FIXED_DEPOSIT
AC02480,89254900002480,CU01383,PR007,BR008,2022-01-21,,ACTIVE,INR,253639.14,FIXED_DEPOSIT
AC02481,87730900002481,CU03728,PR001,BR009,2023-09-06,2026-08-29,CLOSED,INR,70997.65,SAVINGS
AC02482,52805600002482,CU03741,PR006,BR001,2022-01-25,2026-08-26,CLOSED,INR,144210.65,CURRENT
AC02483,14981900002483,CU02393,PR008,BR008,2018-11-10,,DORMANT,INR,191453.47,FIXED_DEPOSIT
AC02484,81347800002484,CU00253,PR009,BR010,2022-05-12,,ACTIVE,INR,0.00,FIXED_DEPOSIT
AC02485,65337200002485,CU04590,PR002,BR005,2020-05-25,,DORMANT,INR,85080.38,SAVINGS
AC02486,94925300002486,CU03874,PR003,BR010,2018-03-11,2021-03-17,CLOSED,INR,167045.64,SAVINGS
AC02487,59238100002487,CU00522,PR003,BR008,2019-10-30,,DORMANT,INR,87256.25,SAVINGS
AC02488,29625500002488,CU00754,PR008,BR006,2024-12-20,2026-05-07,CLOSED,INR,221939.38,FIXED_DEPOSIT
AC02489,82844400002489,CU02250,PR006,BR002,2025-06-06,,DORMANT,INR,92703.84,CURRENT
AC02490,71812700002490,CU00428,PR009,BR002,2020-08-31,,DORMANT,INR,136899.11,FIXED_DEPOSIT
AC02491,70986300002491,CU04989,PR007,BR008,2021-03-13,,ACTIVE,INR,765.32,FIXED_DEPOSIT
AC02492,49875200002492,CU02074,PR004,BR004,2024-07-02,,ACTIVE,INR,1528.34,CURRENT
AC02493,37705500002493,CU02614,PR007,BR004,2023-12-18,2024-07-16,CLOSED,INR,205746.12,FIXED_DEPOSIT
AC02494,81334800002494,CU04699,PR004,BR010,2024-12-08,,DORMANT,INR,162414.23,CURRENT
AC02495,91283100002495,CU04383,PR002,BR010,2021-02-09,,ACTIVE,INR,16269.17,SAVINGS
AC02496,44950300002496,CU03394,PR001,BR001,2024-05-29,2026-05-09,CLOSED,INR,175688.16,SAVINGS
AC02497,82758800002497,CU02860,PR002,BR008,2021-09-09,2024-01-11,CLOSED,INR,130070.16,SAVINGS
AC02498,68181800002498,CU02962,PR005,BR008,2020-07-16,,DORMANT,INR,178794.42,CURRENT
AC02499,42516000002499,CU03366,PR002,BR004,2018-01-26,2020-05-24,CLOSED,INR,237517.45,SAVINGS
AC02500,90538800002500,CU00424,PR001,BR008,2024-03-02,2026-08-23,CLOSED,INR,122796.42,SAVINGS
AC02501,71570400002501,CU00683,PR005,BR006,2025-12-25,2026-08-20,CLOSED,INR,7817.93,CURRENT
AC02502,40002700002502,CU01187,PR008,BR008,2018-07-27,,ACTIVE,INR,1629.35,FIXED_DEPOSIT
AC02503,26316400002503,CU00935,PR006,BR008,2022-06-01,,ACTIVE,INR,261725.90,CURRENT
AC02504,99231900002504,CU01125,PR003,BR006,2022-09-16,,DORMANT,INR,201496.80,SAVINGS
AC02505,61419300002505,CU02504,PR004,BR007,2021-05-21,,DORMANT,INR,22411.67,CURRENT
AC02506,30863200002506,CU00966,PR006,BR005,2025-10-11,,ACTIVE,INR,52841.31,CURRENT
AC02507,10371400002507,CU01934,PR006,BR009,2019-01-18,,DORMANT,INR,121871.14,CURRENT
AC02508,63077000002508,CU04881,PR002,BR004,2023-07-21,2026-08-23,CLOSED,INR,164224.49,SAVINGS
AC02509,45835000002509,CU00727,PR001,BR005,2018-03-21,,ACTIVE,INR,48363.89,SAVINGS
AC02510,37484900002510,CU01935,PR003,BR001,2019-08-16,2022-05-28,CLOSED,INR,191305.00,SAVINGS
AC02511,53436600002511,CU04859,PR008,BR007,2025-01-03,,DORMANT,INR,208469.13,FIXED_DEPOSIT
AC02512,41749500002512,CU04427,PR005,BR009,2024-05-15,,ACTIVE,INR,40.76,CURRENT
AC02513,91662100002513,CU04856,PR007,BR007,2021-03-17,2024-01-12,CLOSED,INR,12702.42,FIXED_DEPOSIT
AC02514,21205200002514,CU03236,PR002,BR006,2021-08-02,2025-02-15,CLOSED,INR,92739.67,SAVINGS
AC02515,60017600002515,CU00647,PR007,BR005,2018-04-17,,ACTIVE,INR,4039.94,FIXED_DEPOSIT
AC02516,69560200002516,CU04033,PR007,BR007,2022-07-13,,DORMANT,INR,177248.88,FIXED_DEPOSIT
AC02517,47500700002517,CU02444,PR007,BR010,2025-11-02,,DORMANT,INR,111577.52,FIXED_DEPOSIT
AC02518,47633700002518,CU01828,PR009,BR009,2019-10-22,,DORMANT,INR,28142.50,FIXED_DEPOSIT
AC02519,93163800002519,CU03346,PR004,BR006,2020-11-27,,DORMANT,INR,22167.56,CURRENT
AC02520,66891600002520,CU01699,PR009,BR008,2021-08-11,,ACTIVE,INR,396637.49,FIXED_DEPOSIT
AC02521,28102500002521,CU03566,PR009,BR010,2018-06-24,,DORMANT,INR,25077.69,FIXED_DEPOSIT
AC02522,62567900002522,CU04394,PR002,BR007,2022-11-13,,DORMANT,INR,242144.47,SAVINGS
AC02523,33632500002523,CU04987,PR006,BR008,2024-01-13,,DORMANT,INR,237404.38,CURRENT
AC02524,88709500002524,CU02354,PR008,BR005,2022-11-19,,ACTIVE,INR,25570.93,FIXED_DEPOSIT
AC02525,35160400002525,CU02908,PR008,BR003,2019-11-01,,DORMANT,INR,223092.76,FIXED_DEPOSIT
AC02526,17847200002526,CU03358,PR004,BR009,2019-01-20,2020-06-02,CLOSED,INR,247380.55,CURRENT
AC02527,10832600002527,CU03884,PR004,BR006,2018-10-26,,ACTIVE,INR,13916.61,CURRENT
AC02528,73709900002528,CU04369,PR001,BR008,2018-11-25,,ACTIVE,INR,2998.10,SAVINGS
AC02529,25080900002529,CU00947,PR002,BR001,2020-10-04,2025-01-25,CLOSED,INR,209002.82,SAVINGS
AC02530,36632300002530,CU03695,PR005,BR004,2023-12-05,,DORMANT,INR,109751.30,CURRENT
AC02531,76224300002531,CU03574,PR001,BR003,2020-01-29,,DORMANT,INR,50854.50,SAVINGS
AC02532,85192100002532,CU04098,PR003,BR010,2020-11-10,2022-04-08,CLOSED,INR,34547.35,SAVINGS
AC02533,79961800002533,CU01669,PR007,BR004,2024-04-22,2026-08-29,CLOSED,INR,161342.61,FIXED_DEPOSIT
AC02534,47173200002534,CU00106,PR001,BR007,2021-10-02,,DORMANT,INR,83628.85,SAVINGS
AC02535,81126400002535,CU03092,PR004,BR003,2025-02-09,2026-08-20,CLOSED,INR,77957.24,CURRENT
AC02536,33979200002536,CU03354,PR007,BR001,2024-09-14,,DORMANT,INR,2092.57,FIXED_DEPOSIT
AC02537,26118200002537,CU01779,PR007,BR001,2023-12-08,,DORMANT,INR,206357.91,FIXED_DEPOSIT
AC02538,94138800002538,CU01567,PR007,BR009,2023-10-18,,ACTIVE,INR,23217.26,FIXED_DEPOSIT
AC02539,44030300002539,CU02511,PR005,BR009,2022-03-18,,DORMANT,INR,207309.54,CURRENT
AC02540,52929000002540,CU01545,PR002,BR003,2018-01-17,,ACTIVE,INR,116644.21,SAVINGS
AC02541,87432500002541,CU03962,PR008,BR002,2024-02-20,,ACTIVE,INR,7897.91,FIXED_DEPOSIT
AC02542,55569000002542,CU01720,PR008,BR001,2020-02-15,2021-10-18,CLOSED,INR,233996.94,FIXED_DEPOSIT
AC02543,77451300002543,CU03993,PR008,BR007,2021-04-06,,ACTIVE,INR,8111.13,FIXED_DEPOSIT
AC02544,99557900002544,CU01266,PR007,BR007,2021-08-17,,ACTIVE,INR,5333.36,FIXED_DEPOSIT
AC02545,52340600002545,CU00519,PR003,BR010,2022-02-24,,ACTIVE,INR,54916.04,SAVINGS
AC02546,36095900002546,CU01509,PR005,BR003,2020-11-16,2023-11-28,CLOSED,INR,166276.52,CURRENT
AC02547,80811500002547,CU02739,PR005,BR010,2021-05-24,,DORMANT,INR,219861.84,CURRENT
AC02548,85208300002548,CU02536,PR003,BR010,2019-01-20,,ACTIVE,INR,46358.86,SAVINGS
AC02549,21206800002549,CU03281,PR002,BR002,2023-05-18,,ACTIVE,INR,84920.63,SAVINGS
AC02550,96824500002550,CU04618,PR004,BR005,2022-04-12,2026-08-23,CLOSED,INR,96954.47,CURRENT
AC02551,54358000002551,CU01838,PR001,BR005,2025-09-04,,DORMANT,INR,221558.66,SAVINGS
AC02552,91968300002552,CU04179,PR004,BR008,2024-08-16,,ACTIVE,INR,57956.85,CURRENT
AC02553,66105500002553,CU00089,PR008,BR009,2018-02-12,2022-07-31,CLOSED,INR,128275.07,FIXED_DEPOSIT
AC02554,14319700002554,CU00401,PR001,BR008,2020-06-14,,ACTIVE,INR,73449.38,SAVINGS
AC02555,45352500002555,CU02494,PR004,BR007,2023-01-15,2026-08-26,CLOSED,INR,199622.95,CURRENT
AC02556,81521200002556,CU01399,PR005,BR007,2023-10-06,,ACTIVE,INR,140752.39,CURRENT
AC02557,61931600002557,CU01160,PR007,BR008,2023-01-30,,DORMANT,INR,211357.31,FIXED_DEPOSIT
AC02558,22503000002558,CU00463,PR003,BR004,2024-07-05,2026-08-25,CLOSED,INR,140141.53,SAVINGS
AC02559,94540800002559,CU01171,PR006,BR009,2020-02-07,2024-02-08,CLOSED,INR,68321.87,CURRENT
AC02560,70773600002560,CU00154,PR006,BR010,2023-10-11,2024-04-16,CLOSED,INR,186162.10,CURRENT
AC02561,85651600002561,CU03332,PR009,BR003,2019-01-26,,ACTIVE,INR,82169.24,FIXED_DEPOSIT
AC02562,23229100002562,CU01003,PR003,BR001,2024-11-08,2026-08-28,CLOSED,INR,131140.66,SAVINGS
AC02563,39393000002563,CU00699,PR001,BR009,2024-11-27,,DORMANT,INR,87245.44,SAVINGS
AC02564,35917400002564,CU03896,PR002,BR005,2023-08-09,,ACTIVE,INR,251002.42,SAVINGS
AC02565,74676900002565,CU02741,PR008,BR001,2025-09-23,,ACTIVE,INR,88160.51,FIXED_DEPOSIT
AC02566,46574200002566,CU02528,PR005,BR003,2021-07-14,,ACTIVE,INR,28626.38,CURRENT
AC02567,61639400002567,CU04230,PR003,BR001,2023-11-17,2026-08-21,CLOSED,INR,221985.69,SAVINGS
AC02568,81965800002568,CU03185,PR004,BR003,2024-08-09,,DORMANT,INR,174445.02,CURRENT
AC02569,66055500002569,CU04330,PR005,BR010,2023-07-24,2025-03-01,CLOSED,INR,226648.41,CURRENT
AC02570,46050000002570,CU02415,PR005,BR005,2021-12-30,,ACTIVE,INR,202009.05,CURRENT
AC02571,60690100002571,CU04290,PR008,BR005,2018-04-07,2022-01-19,CLOSED,INR,152425.44,FIXED_DEPOSIT
AC02572,94952400002572,CU00225,PR003,BR008,2024-04-14,,DORMANT,INR,27403.33,SAVINGS
AC02573,48729600002573,CU03405,PR003,BR002,2020-01-26,,ACTIVE,INR,81161.16,SAVINGS
AC02574,17821600002574,CU01534,PR008,BR008,2020-08-23,2021-09-21,CLOSED,INR,144161.14,FIXED_DEPOSIT
AC02575,17860700002575,CU03576,PR006,BR007,2022-09-04,,DORMANT,INR,85354.71,CURRENT
AC02576,94430700002576,CU02975,PR006,BR001,2024-04-24,,ACTIVE,INR,176212.43,CURRENT
AC02577,80269700002577,CU01977,PR001,BR002,2023-09-05,2025-01-28,CLOSED,INR,113574.75,SAVINGS
AC02578,98038700002578,CU02314,PR005,BR004,2021-12-01,,DORMANT,INR,196928.74,CURRENT
AC02579,66800900002579,CU01269,PR005,BR002,2024-08-14,,ACTIVE,INR,5504.50,CURRENT
AC02580,91549700002580,CU03817,PR004,BR001,2022-05-11,,ACTIVE,INR,198985.82,CURRENT
AC02581,63815600002581,CU04978,PR001,BR006,2021-04-07,2023-08-18,CLOSED,INR,61641.15,SAVINGS
AC02582,76817800002582,CU04278,PR001,BR010,2021-05-07,,DORMANT,INR,140420.65,SAVINGS
AC02583,59142400002583,CU03189,PR007,BR002,2019-06-29,2020-05-13,CLOSED,INR,207381.74,FIXED_DEPOSIT
AC02584,51453000002584,CU03534,PR008,BR008,2025-03-29,,DORMANT,INR,197878.75,FIXED_DEPOSIT
AC02585,17847800002585,CU01327,PR001,BR006,2020-09-11,,DORMANT,INR,122905.31,SAVINGS
AC02586,40050000002586,CU00036,PR006,BR006,2025-12-08,,DORMANT,INR,33242.37,CURRENT
AC02587,56967900002587,CU01024,PR008,BR006,2023-02-01,2026-08-26,CLOSED,INR,107200.03,FIXED_DEPOSIT
AC02588,88661700002588,CU04258,PR005,BR008,2025-04-05,2026-08-27,CLOSED,INR,55217.43,CURRENT
AC02589,39086200002589,CU04162,PR006,BR005,2018-04-04,2019-06-30,CLOSED,INR,173450.87,CURRENT
AC02590,92961100002590,CU02376,PR003,BR005,2025-02-18,2026-08-21,CLOSED,INR,57639.56,SAVINGS
AC02591,22518700002591,CU01818,PR006,BR010,2018-10-13,,DORMANT,INR,80908.53,CURRENT
AC02592,45370600002592,CU02844,PR005,BR008,2020-11-25,2024-08-22,CLOSED,INR,47418.30,CURRENT
AC02593,61559500002593,CU02828,PR004,BR003,2021-06-03,,DORMANT,INR,192326.01,CURRENT
AC02594,43062300002594,CU03650,PR007,BR010,2022-01-15,,DORMANT,INR,225799.04,FIXED_DEPOSIT
AC02595,17902800002595,CU00475,PR001,BR004,2018-10-01,2023-07-05,CLOSED,INR,51433.42,SAVINGS
AC02596,77002500002596,CU03505,PR001,BR003,2018-08-24,,DORMANT,INR,109546.09,SAVINGS
AC02597,54560600002597,CU00164,PR009,BR006,2019-12-02,2025-05-04,CLOSED,INR,90048.43,FIXED_DEPOSIT
AC02598,98969500002598,CU00518,PR007,BR002,2024-02-27,,DORMANT,INR,10745.43,FIXED_DEPOSIT
AC02599,21194600002599,CU04723,PR008,BR003,2022-02-16,,DORMANT,INR,15253.68,FIXED_DEPOSIT
AC02600,96286900002600,CU04985,PR003,BR009,2023-10-19,2026-08-25,CLOSED,INR,114491.60,SAVINGS
AC02601,38759500002601,CU02221,PR006,BR003,2025-01-28,,ACTIVE,INR,8742.77,CURRENT
AC02602,23366700002602,CU00565,PR006,BR005,2019-06-11,2020-04-08,CLOSED,INR,49381.38,CURRENT
AC02603,33239200002603,CU00649,PR004,BR007,2021-07-16,,ACTIVE,INR,3418.86,CURRENT
AC02604,15155300002604,CU00871,PR003,BR009,2020-03-19,,DORMANT,INR,95762.55,SAVINGS
AC02605,47511400002605,CU01667,PR006,BR005,2020-06-25,,DORMANT,INR,157829.23,CURRENT
AC02606,11276000002606,CU01957,PR005,BR006,2022-03-20,,ACTIVE,INR,154.83,CURRENT
AC02607,98512600002607,CU02188,PR004,BR010,2019-05-24,,DORMANT,INR,148136.90,CURRENT
AC02608,55147200002608,CU03412,PR001,BR007,2019-01-27,2021-10-20,CLOSED,INR,148374.75,SAVINGS
AC02609,37245800002609,CU03770,PR007,BR006,2024-06-10,2026-08-23,CLOSED,INR,144041.48,FIXED_DEPOSIT
AC02610,94087700002610,CU04642,PR002,BR010,2025-04-10,,ACTIVE,INR,35915.54,SAVINGS
AC02611,79503300002611,CU04208,PR003,BR002,2021-12-15,,ACTIVE,INR,135018.76,SAVINGS
AC02612,23929800002612,CU00090,PR006,BR006,2022-03-28,,ACTIVE,INR,139264.36,CURRENT
AC02613,71406400002613,CU01459,PR005,BR004,2025-06-07,,ACTIVE,INR,21757.83,CURRENT
AC02614,18005500002614,CU00719,PR006,BR003,2024-07-19,2026-08-24,CLOSED,INR,188936.87,CURRENT
AC02615,81433000002615,CU04689,PR002,BR004,2018-01-27,,DORMANT,INR,135201.51,SAVINGS
AC02616,24349300002616,CU00530,PR006,BR004,2023-06-21,,ACTIVE,INR,49698.10,CURRENT
AC02617,80025000002617,CU02798,PR003,BR010,2021-08-04,,ACTIVE,INR,39508.06,SAVINGS
AC02618,55524300002618,CU00585,PR009,BR004,2025-02-26,,DORMANT,INR,94905.26,FIXED_DEPOSIT
AC02619,23729600002619,CU04896,PR002,BR006,2019-06-02,,ACTIVE,INR,1551.17,SAVINGS
AC02620,95434100002620,CU01485,PR001,BR008,2024-05-12,2026-08-23,CLOSED,INR,54512.76,SAVINGS
AC02621,38428600002621,CU04191,PR004,BR003,2018-03-22,,DORMANT,INR,185727.43,CURRENT
AC02622,66968900002622,CU04146,PR005,BR005,2018-07-05,,DORMANT,INR,142039.20,CURRENT
AC02623,81914100002623,CU01302,PR008,BR002,2023-01-20,2026-02-14,CLOSED,INR,123122.31,FIXED_DEPOSIT
AC02624,33726700002624,CU04322,PR001,BR003,2024-12-15,2026-02-01,CLOSED,INR,219216.33,SAVINGS
AC02625,97262100002625,CU00668,PR002,BR010,2022-07-26,,DORMANT,INR,18781.27,SAVINGS
AC02626,50702400002626,CU03638,PR004,BR009,2019-10-13,2025-01-15,CLOSED,INR,141758.91,CURRENT
AC02627,75573100002627,CU00273,PR006,BR006,2025-03-30,2026-08-23,CLOSED,INR,77193.34,CURRENT
AC02628,29783300002628,CU03158,PR008,BR007,2018-05-17,,ACTIVE,INR,91119.57,FIXED_DEPOSIT
AC02629,23836800002629,CU00114,PR007,BR009,2025-09-25,2026-08-22,CLOSED,INR,167064.50,FIXED_DEPOSIT
AC02630,89759800002630,CU00741,PR002,BR008,2024-03-25,2026-07-12,CLOSED,INR,207977.02,SAVINGS
AC02631,39680000002631,CU01637,PR007,BR001,2020-03-14,,DORMANT,INR,214157.43,FIXED_DEPOSIT
AC02632,65196400002632,CU04349,PR005,BR009,2020-02-05,,DORMANT,INR,170613.20,CURRENT
AC02633,49800600002633,CU02981,PR006,BR007,2023-11-02,2026-08-22,CLOSED,INR,126596.54,CURRENT
AC02634,52574200002634,CU00277,PR008,BR006,2021-04-29,,DORMANT,INR,193423.65,FIXED_DEPOSIT
AC02635,44862800002635,CU01085,PR006,BR005,2025-12-24,2026-08-24,CLOSED,INR,228086.49,CURRENT
AC02636,95931400002636,CU01891,PR009,BR007,2019-03-12,2020-02-11,CLOSED,INR,206970.21,FIXED_DEPOSIT
AC02637,26419300002637,CU00577,PR007,BR010,2019-05-22,,ACTIVE,INR,178214.60,FIXED_DEPOSIT
AC02638,48946000002638,CU00603,PR004,BR007,2025-12-26,,DORMANT,INR,61693.05,CURRENT
AC02639,43578100002639,CU04636,PR001,BR005,2018-05-26,,DORMANT,INR,72183.44,SAVINGS
AC02640,91657100002640,CU03284,PR007,BR005,2025-02-14,,DORMANT,INR,56716.68,FIXED_DEPOSIT
AC02641,14699700002641,CU01683,PR002,BR008,2023-06-24,2026-05-15,CLOSED,INR,150939.55,SAVINGS
AC02642,51083200002642,CU03827,PR008,BR003,2022-06-13,,DORMANT,INR,235263.91,FIXED_DEPOSIT
AC02643,30138500002643,CU01735,PR001,BR010,2020-01-04,2020-09-18,CLOSED,INR,89412.96,SAVINGS
AC02644,53523700002644,CU01492,PR009,BR004,2022-05-31,,DORMANT,INR,31726.22,FIXED_DEPOSIT
AC02645,80453800002645,CU04124,PR005,BR006,2018-11-18,,ACTIVE,INR,74909.47,CURRENT
AC02646,32596500002646,CU00414,PR002,BR005,2021-05-11,2024-12-21,CLOSED,INR,38332.06,SAVINGS
AC02647,82858100002647,CU04287,PR003,BR001,2024-01-02,,DORMANT,INR,194065.66,SAVINGS
AC02648,84300100002648,CU04819,PR009,BR007,2019-04-30,,ACTIVE,INR,3977.64,FIXED_DEPOSIT
AC02649,34816700002649,CU03152,PR003,BR009,2022-10-06,,DORMANT,INR,69011.23,SAVINGS
AC02650,35382100002650,CU03338,PR007,BR006,2020-03-07,,DORMANT,INR,192873.93,FIXED_DEPOSIT
AC02651,64974600002651,CU02168,PR006,BR003,2024-01-04,,DORMANT,INR,207184.33,CURRENT
AC02652,49564600002652,CU00959,PR005,BR004,2020-07-27,2022-04-28,CLOSED,INR,111121.83,CURRENT
AC02653,83364400002653,CU03368,PR002,BR009,2023-10-21,,DORMANT,INR,27464.27,SAVINGS
AC02654,22330000002654,CU03998,PR002,BR004,2018-05-22,,ACTIVE,INR,57451.47,SAVINGS
AC02655,38209400002655,CU02248,PR006,BR009,2025-03-27,,DORMANT,INR,175439.75,CURRENT
AC02656,93257100002656,CU01361,PR009,BR005,2021-05-31,2024-06-22,CLOSED,INR,146883.69,FIXED_DEPOSIT
AC02657,51596500002657,CU02211,PR007,BR009,2020-02-02,,DORMANT,INR,144480.35,FIXED_DEPOSIT
AC02658,77535100002658,CU03069,PR007,BR010,2024-02-28,2026-08-22,CLOSED,INR,139047.11,FIXED_DEPOSIT
AC02659,80736900002659,CU00836,PR007,BR009,2018-11-12,,DORMANT,INR,170586.08,FIXED_DEPOSIT
AC02660,34012900002660,CU00019,PR002,BR010,2021-11-06,2024-06-23,CLOSED,INR,176702.84,SAVINGS
AC02661,95376800002661,CU03300,PR004,BR003,2019-12-06,2023-05-01,CLOSED,INR,167703.38,CURRENT
AC02662,98187100002662,CU03862,PR009,BR002,2020-12-08,2025-12-07,CLOSED,INR,99300.72,FIXED_DEPOSIT
AC02663,75280200002663,CU02126,PR008,BR002,2024-05-22,,DORMANT,INR,134888.56,FIXED_DEPOSIT
AC02664,69318700002664,CU03137,PR004,BR003,2022-12-28,2026-08-24,CLOSED,INR,118066.23,CURRENT
AC02665,35464600002665,CU02147,PR005,BR004,2022-04-22,,DORMANT,INR,62217.29,CURRENT
AC02666,91432000002666,CU03384,PR004,BR001,2022-04-18,,DORMANT,INR,168936.18,CURRENT
AC02667,18990500002667,CU02616,PR009,BR007,2021-11-25,,ACTIVE,INR,15810.42,FIXED_DEPOSIT
AC02668,99661000002668,CU04675,PR001,BR005,2021-08-29,,DORMANT,INR,46131.57,SAVINGS
AC02669,37798700002669,CU04069,PR008,BR009,2021-03-24,,ACTIVE,INR,69299.14,FIXED_DEPOSIT
AC02670,81288100002670,CU03923,PR002,BR006,2018-12-16,2022-07-02,CLOSED,INR,44570.74,SAVINGS
AC02671,54080100002671,CU02261,PR004,BR010,2024-03-26,2025-01-03,CLOSED,INR,40710.60,CURRENT
AC02672,55833700002672,CU01193,PR004,BR007,2020-06-22,2024-03-07,CLOSED,INR,31383.20,CURRENT
AC02673,91988700002673,CU03524,PR008,BR006,2018-10-17,2020-05-08,CLOSED,INR,102853.51,FIXED_DEPOSIT
AC02674,26331500002674,CU03773,PR009,BR006,2021-01-18,,DORMANT,INR,90722.83,FIXED_DEPOSIT
AC02675,41360800002675,CU03812,PR003,BR010,2019-03-23,,ACTIVE,INR,91364.82,SAVINGS
AC02676,37617100002676,CU00973,PR008,BR001,2023-12-19,,DORMANT,INR,51673.29,FIXED_DEPOSIT
AC02677,83052400002677,CU02179,PR001,BR006,2025-07-05,2026-08-29,CLOSED,INR,8872.65,SAVINGS
AC02678,78822400002678,CU00266,PR001,BR002,2018-03-16,2019-06-02,CLOSED,INR,208624.33,SAVINGS
AC02679,59625500002679,CU02794,PR008,BR005,2018-05-17,,DORMANT,INR,110890.12,FIXED_DEPOSIT
AC02680,93305800002680,CU02053,PR006,BR006,2024-04-09,2026-07-16,CLOSED,INR,49427.53,CURRENT
AC02681,99669300002681,CU04303,PR005,BR006,2022-05-08,,DORMANT,INR,247901.41,CURRENT
AC02682,42154100002682,CU00904,PR008,BR007,2025-07-15,2026-08-29,CLOSED,INR,180789.55,FIXED_DEPOSIT
AC02683,79838200002683,CU02388,PR009,BR009,2018-01-30,,DORMANT,INR,131906.90,FIXED_DEPOSIT
AC02684,69006500002684,CU03128,PR007,BR009,2024-03-10,,DORMANT,INR,34311.12,FIXED_DEPOSIT
AC02685,41181400002685,CU00510,PR008,BR002,2020-10-12,,ACTIVE,INR,51473.94,FIXED_DEPOSIT
AC02686,49084500002686,CU03181,PR007,BR001,2020-11-15,2023-01-04,CLOSED,INR,195071.86,FIXED_DEPOSIT
AC02687,35581200002687,CU03972,PR001,BR003,2025-03-07,,ACTIVE,INR,169295.54,SAVINGS
AC02688,29342200002688,CU02037,PR008,BR001,2020-07-24,2022-04-06,CLOSED,INR,113697.21,FIXED_DEPOSIT
AC02689,96254200002689,CU03970,PR005,BR001,2023-01-27,2026-01-02,CLOSED,INR,31109.11,CURRENT
AC02690,26827300002690,CU01508,PR001,BR006,2018-07-31,,ACTIVE,INR,19955.83,SAVINGS
AC02691,65660700002691,CU01254,PR005,BR007,2021-06-16,2024-07-21,CLOSED,INR,153342.17,CURRENT
AC02692,65576700002692,CU01833,PR001,BR003,2018-07-14,,ACTIVE,INR,33320.64,SAVINGS
AC02693,41003800002693,CU02992,PR004,BR006,2020-02-29,2022-06-26,CLOSED,INR,192960.52,CURRENT
AC02694,89622300002694,CU04935,PR002,BR006,2022-11-13,2024-03-29,CLOSED,INR,81080.14,SAVINGS
AC02695,18682900002695,CU03094,PR008,BR001,2020-02-10,2020-08-20,CLOSED,INR,48213.60,FIXED_DEPOSIT
AC02696,32484600002696,CU03752,PR009,BR008,2020-08-14,2025-01-08,CLOSED,INR,239297.63,FIXED_DEPOSIT
AC02697,37334400002697,CU04997,PR007,BR004,2025-05-12,,ACTIVE,INR,71746.87,FIXED_DEPOSIT
AC02698,98526600002698,CU02181,PR001,BR010,2018-07-20,,ACTIVE,INR,186658.24,SAVINGS
AC02699,45523000002699,CU01787,PR002,BR010,2020-08-29,2021-04-29,CLOSED,INR,99672.64,SAVINGS
AC02700,19801300002700,CU03326,PR002,BR001,2018-11-13,,DORMANT,INR,241978.52,SAVINGS
AC02701,17166400002701,CU04913,PR007,BR001,2018-01-19,,DORMANT,INR,216884.20,FIXED_DEPOSIT
AC02702,59803900002702,CU03186,PR003,BR004,2022-04-21,,ACTIVE,INR,93018.53,SAVINGS
AC02703,79839300002703,CU02914,PR001,BR009,2018-12-27,2021-10-17,CLOSED,INR,238040.40,SAVINGS
AC02704,79046800002704,CU03259,PR008,BR008,2020-10-17,,DORMANT,INR,41316.42,FIXED_DEPOSIT
AC02705,13158400002705,CU01401,PR006,BR009,2025-01-04,,ACTIVE,INR,116735.28,CURRENT
AC02706,41679100002706,CU01742,PR006,BR009,2019-08-18,,DORMANT,INR,13455.43,CURRENT
AC02707,39866100002707,CU03715,PR006,BR008,2025-02-02,,DORMANT,INR,14092.07,CURRENT
AC02708,17894100002708,CU01906,PR008,BR006,2020-02-13,2021-12-26,CLOSED,INR,115950.37,FIXED_DEPOSIT
AC02709,93627400002709,CU01339,PR007,BR001,2018-04-01,,ACTIVE,INR,76850.15,FIXED_DEPOSIT
AC02710,92466200002710,CU01333,PR007,BR010,2021-05-19,,DORMANT,INR,28697.77,FIXED_DEPOSIT
AC02711,11312900002711,CU04247,PR002,BR008,2024-02-15,,DORMANT,INR,60692.45,SAVINGS
AC02712,26015200002712,CU02510,PR006,BR010,2023-10-24,,ACTIVE,INR,218517.43,CURRENT
AC02713,50096800002713,CU02840,PR003,BR001,2020-05-06,2024-11-12,CLOSED,INR,5111.27,SAVINGS
AC02714,26639800002714,CU02588,PR006,BR003,2022-08-15,,DORMANT,INR,92560.74,CURRENT
AC02715,69221100002715,CU03565,PR002,BR003,2025-12-24,,DORMANT,INR,136553.28,SAVINGS
AC02716,29166400002716,CU04014,PR004,BR004,2024-09-08,,DORMANT,INR,244386.97,CURRENT
AC02717,58640700002717,CU03161,PR004,BR004,2020-06-11,,DORMANT,INR,120537.27,CURRENT
AC02718,80072300002718,CU04581,PR002,BR010,2022-07-21,2024-03-10,CLOSED,INR,117363.27,SAVINGS
AC02719,18304100002719,CU04420,PR002,BR001,2020-07-08,2021-09-19,CLOSED,INR,243775.00,SAVINGS
AC02720,43791100002720,CU00894,PR002,BR007,2020-09-29,,DORMANT,INR,63188.13,SAVINGS
AC02721,38809400002721,CU00803,PR009,BR002,2025-08-02,,DORMANT,INR,195079.96,FIXED_DEPOSIT
AC02722,27999300002722,CU01072,PR009,BR002,2022-03-27,2026-08-18,CLOSED,INR,6656.90,FIXED_DEPOSIT
AC02723,73707700002723,CU02451,PR001,BR003,2024-01-23,2025-07-20,CLOSED,INR,16962.98,SAVINGS
AC02724,64828200002724,CU02324,PR004,BR004,2020-11-15,,DORMANT,INR,38182.28,CURRENT
AC02725,13327200002725,CU03002,PR006,BR007,2018-03-22,2023-03-17,CLOSED,INR,180470.33,CURRENT
AC02726,35300400002726,CU02279,PR006,BR001,2023-10-13,2025-12-27,CLOSED,INR,237545.21,CURRENT
AC02727,93660200002727,CU03159,PR007,BR002,2018-04-03,,ACTIVE,INR,97595.45,FIXED_DEPOSIT
AC02728,82815600002728,CU03457,PR004,BR005,2025-06-19,2026-08-26,CLOSED,INR,244160.84,CURRENT
AC02729,16366800002729,CU03267,PR004,BR007,2019-04-29,,ACTIVE,INR,29996.19,CURRENT
AC02730,19108800002730,CU02252,PR003,BR004,2022-01-22,2026-08-21,CLOSED,INR,121717.68,SAVINGS
AC02731,54794200002731,CU04480,PR005,BR007,2019-08-21,2023-05-29,CLOSED,INR,53689.09,CURRENT
AC02732,41260900002732,CU03621,PR004,BR007,2020-04-02,2021-10-25,CLOSED,INR,147467.04,CURRENT
AC02733,98398700002733,CU04651,PR003,BR007,2019-10-26,,ACTIVE,INR,18095.10,SAVINGS
AC02734,29039500002734,CU01763,PR004,BR008,2022-07-20,2026-07-30,CLOSED,INR,137687.90,CURRENT
AC02735,59170100002735,CU01620,PR006,BR001,2023-12-06,2026-08-24,CLOSED,INR,157344.06,CURRENT
AC02736,77131600002736,CU04815,PR003,BR005,2021-11-22,,ACTIVE,INR,17795.37,SAVINGS
AC02737,50121500002737,CU03669,PR005,BR008,2019-12-16,,DORMANT,INR,97671.78,CURRENT
AC02738,19685900002738,CU00214,PR003,BR005,2021-01-12,,DORMANT,INR,131277.21,SAVINGS
AC02739,10114000002739,CU01978,PR003,BR005,2019-05-20,,ACTIVE,INR,23950.99,SAVINGS
AC02740,90347800002740,CU01808,PR004,BR001,2019-02-21,,DORMANT,INR,230353.58,CURRENT
AC02741,66250700002741,CU00987,PR008,BR001,2018-01-03,,DORMANT,INR,234297.26,FIXED_DEPOSIT
AC02742,27505900002742,CU02389,PR001,BR006,2020-07-04,2023-12-15,CLOSED,INR,7533.35,SAVINGS
AC02743,53915800002743,CU03255,PR002,BR007,2025-09-26,,DORMANT,INR,61720.92,SAVINGS
AC02744,12068800002744,CU03673,PR003,BR005,2022-03-06,,DORMANT,INR,204403.65,SAVINGS
AC02745,13570000002745,CU02894,PR003,BR008,2023-12-07,,ACTIVE,INR,2915.94,SAVINGS
AC02746,54098700002746,CU04573,PR007,BR007,2020-10-11,,DORMANT,INR,103977.97,FIXED_DEPOSIT
AC02747,97068700002747,CU02940,PR001,BR008,2018-02-16,,DORMANT,INR,186289.92,SAVINGS
AC02748,59092100002748,CU01496,PR008,BR007,2023-12-13,,ACTIVE,INR,11201.83,FIXED_DEPOSIT
AC02749,22302600002749,CU01337,PR003,BR004,2025-08-07,,ACTIVE,INR,4646.49,SAVINGS
AC02750,44805500002750,CU01848,PR001,BR003,2019-09-01,2020-09-22,CLOSED,INR,14302.94,SAVINGS
AC02751,23550600002751,CU00542,PR008,BR005,2021-04-23,,ACTIVE,INR,8748.91,FIXED_DEPOSIT
AC02752,63827100002752,CU04092,PR004,BR002,2018-02-05,,DORMANT,INR,7687.86,CURRENT
AC02753,87197900002753,CU00965,PR008,BR004,2020-01-21,2021-04-10,CLOSED,INR,64968.22,FIXED_DEPOSIT
AC02754,35793900002754,CU01121,PR004,BR010,2024-06-09,2025-10-30,CLOSED,INR,27425.38,CURRENT
AC02755,27991000002755,CU03488,PR008,BR004,2022-11-01,,ACTIVE,INR,46592.19,FIXED_DEPOSIT
AC02756,96458800002756,CU00370,PR007,BR004,2024-08-03,,ACTIVE,INR,23442.69,FIXED_DEPOSIT
AC02757,77334100002757,CU02140,PR009,BR005,2022-07-11,,DORMANT,INR,181268.37,FIXED_DEPOSIT
AC02758,58782000002758,CU02788,PR007,BR010,2020-02-17,,ACTIVE,INR,2001.40,FIXED_DEPOSIT
AC02759,37864700002759,CU02238,PR003,BR002,2018-09-27,,ACTIVE,INR,534944.45,SAVINGS
AC02760,22936100002760,CU00308,PR005,BR005,2024-09-03,,DORMANT,INR,154856.83,CURRENT
AC02761,93916300002761,CU03879,PR004,BR003,2021-02-17,,DORMANT,INR,122912.34,CURRENT
AC02762,59038400002762,CU00321,PR009,BR005,2021-05-16,,DORMANT,INR,139099.53,FIXED_DEPOSIT
AC02763,31488800002763,CU02951,PR009,BR003,2025-01-18,2026-06-26,CLOSED,INR,139149.89,FIXED_DEPOSIT
AC02764,90355300002764,CU02477,PR008,BR006,2024-04-07,2025-02-03,CLOSED,INR,76081.67,FIXED_DEPOSIT
AC02765,36010300002765,CU04129,PR009,BR007,2018-07-14,2021-12-10,CLOSED,INR,11346.25,FIXED_DEPOSIT
AC02766,50436600002766,CU04062,PR007,BR004,2019-12-19,,DORMANT,INR,60956.95,FIXED_DEPOSIT
AC02767,55236400002767,CU00458,PR008,BR001,2024-01-15,2024-12-17,CLOSED,INR,159440.04,FIXED_DEPOSIT
AC02768,70237100002768,CU02005,PR007,BR005,2018-01-15,,DORMANT,INR,169517.87,FIXED_DEPOSIT
AC02769,73797300002769,CU04927,PR009,BR009,2023-09-21,,ACTIVE,INR,0.00,FIXED_DEPOSIT
AC02770,65715300002770,CU00787,PR002,BR002,2018-10-27,,DORMANT,INR,24178.83,SAVINGS
AC02771,44206300002771,CU00977,PR007,BR008,2025-12-17,,ACTIVE,INR,85702.45,FIXED_DEPOSIT
AC02772,35022500002772,CU01244,PR001,BR002,2020-07-31,2023-11-23,CLOSED,INR,144767.34,SAVINGS
AC02773,41719200002773,CU04992,PR005,BR010,2024-12-23,,ACTIVE,INR,849.98,CURRENT
AC02774,39459100002774,CU01632,PR004,BR001,2022-12-14,,ACTIVE,INR,68929.41,CURRENT
AC02775,49396700002775,CU01469,PR009,BR005,2021-05-28,,ACTIVE,INR,29.38,FIXED_DEPOSIT
AC02776,89139300002776,CU04221,PR009,BR006,2018-06-28,2022-10-03,CLOSED,INR,15197.42,FIXED_DEPOSIT
AC02777,86145400002777,CU04777,PR002,BR007,2018-07-01,,ACTIVE,INR,166491.10,SAVINGS
AC02778,74769400002778,CU00640,PR007,BR007,2018-10-21,,DORMANT,INR,209031.93,FIXED_DEPOSIT
AC02779,83627600002779,CU00770,PR008,BR010,2020-05-14,,ACTIVE,INR,24718.83,FIXED_DEPOSIT
AC02780,54993400002780,CU02670,PR005,BR007,2023-05-04,,ACTIVE,INR,8052.60,CURRENT
AC02781,59468400002781,CU00580,PR007,BR009,2021-07-23,,ACTIVE,INR,25.32,FIXED_DEPOSIT
AC02782,77888900002782,CU01360,PR009,BR006,2021-08-09,,ACTIVE,INR,7275.92,FIXED_DEPOSIT
AC02783,34625700002783,CU03466,PR001,BR008,2023-07-24,2026-08-24,CLOSED,INR,210965.53,SAVINGS
AC02784,18005400002784,CU00991,PR005,BR002,2020-11-16,,DORMANT,INR,100473.70,CURRENT
AC02785,80994700002785,CU04177,PR004,BR006,2021-12-06,,DORMANT,INR,239505.50,CURRENT
AC02786,85201900002786,CU04058,PR002,BR002,2025-08-15,,DORMANT,INR,131512.79,SAVINGS
AC02787,83159200002787,CU02243,PR006,BR001,2019-02-22,,ACTIVE,INR,20135.00,CURRENT
AC02788,74148900002788,CU01146,PR002,BR006,2021-03-02,2024-11-01,CLOSED,INR,188010.23,SAVINGS
AC02789,29841100002789,CU01432,PR003,BR010,2025-01-09,,ACTIVE,INR,13546.41,SAVINGS
AC02790,96619100002790,CU03202,PR008,BR010,2021-08-20,,DORMANT,INR,65165.55,FIXED_DEPOSIT
AC02791,94028600002791,CU02897,PR003,BR001,2019-10-13,,DORMANT,INR,17953.22,SAVINGS
AC02792,75938800002792,CU00094,PR003,BR004,2023-09-18,,DORMANT,INR,173843.42,SAVINGS
AC02793,49795600002793,CU00082,PR009,BR004,2025-02-09,,DORMANT,INR,130948.41,FIXED_DEPOSIT
AC02794,66567900002794,CU00830,PR004,BR005,2019-03-06,,DORMANT,INR,48391.21,CURRENT
AC02795,23628200002795,CU00131,PR004,BR003,2021-09-24,,DORMANT,INR,144467.76,CURRENT
AC02796,33261400002796,CU01976,PR008,BR008,2024-11-13,,ACTIVE,INR,3065.57,FIXED_DEPOSIT
AC02797,30494200002797,CU00063,PR005,BR008,2020-08-10,,DORMANT,INR,164031.50,CURRENT
AC02798,10149800002798,CU00700,PR007,BR006,2024-07-25,,DORMANT,INR,56140.43,FIXED_DEPOSIT
AC02799,90450400002799,CU03470,PR009,BR001,2025-08-30,2026-08-29,CLOSED,INR,237506.37,FIXED_DEPOSIT
AC02800,63787000002800,CU01348,PR006,BR010,2021-02-07,,ACTIVE,INR,19777.21,CURRENT
AC02801,36801500002801,CU00137,PR007,BR010,2021-02-18,,ACTIVE,INR,43.11,FIXED_DEPOSIT
AC02802,15024500002802,CU02649,PR002,BR003,2023-03-30,,DORMANT,INR,167146.36,SAVINGS
AC02803,67585700002803,CU04598,PR001,BR001,2024-04-27,,ACTIVE,INR,66838.69,SAVINGS
AC02804,90007300002804,CU01495,PR009,BR009,2023-05-14,,DORMANT,INR,142731.66,FIXED_DEPOSIT
AC02805,46220700002805,CU00870,PR007,BR006,2018-09-07,,DORMANT,INR,101883.67,FIXED_DEPOSIT
AC02806,83045300002806,CU03053,PR008,BR005,2020-06-11,2021-11-25,CLOSED,INR,110819.36,FIXED_DEPOSIT
AC02807,22460600002807,CU03129,PR006,BR010,2020-04-06,2024-12-10,CLOSED,INR,170671.27,CURRENT
AC02808,81027000002808,CU04728,PR006,BR010,2021-01-21,,DORMANT,INR,187206.79,CURRENT
AC02809,96105600002809,CU01793,PR004,BR005,2018-01-19,,DORMANT,INR,140933.89,CURRENT
AC02810,10469800002810,CU01343,PR004,BR008,2018-10-31,2020-11-10,CLOSED,INR,154329.12,CURRENT
AC02811,92903800002811,CU03397,PR005,BR006,2018-04-02,,DORMANT,INR,115842.25,CURRENT
AC02812,81299400002812,CU02155,PR005,BR006,2023-09-30,,DORMANT,INR,24894.71,CURRENT
AC02813,32005600002813,CU04175,PR002,BR001,2020-09-12,2024-06-29,CLOSED,INR,158449.48,SAVINGS
AC02814,22931200002814,CU03462,PR005,BR003,2021-11-18,2026-08-25,CLOSED,INR,159730.46,CURRENT
AC02815,60081900002815,CU04343,PR002,BR010,2018-10-15,2020-07-07,CLOSED,INR,153804.68,SAVINGS
AC02816,77830700002816,CU02643,PR005,BR008,2021-12-31,2023-09-05,CLOSED,INR,195469.93,CURRENT
AC02817,90944300002817,CU03620,PR003,BR006,2018-08-16,,DORMANT,INR,31241.05,SAVINGS
AC02818,58894500002818,CU02366,PR002,BR004,2020-08-31,2022-03-22,CLOSED,INR,120965.73,SAVINGS
AC02819,60024100002819,CU04836,PR008,BR003,2018-10-05,2021-04-21,CLOSED,INR,165811.66,FIXED_DEPOSIT
AC02820,32945800002820,CU02789,PR008,BR005,2019-07-07,,ACTIVE,INR,0.00,FIXED_DEPOSIT
AC02821,61367300002821,CU04181,PR009,BR006,2025-06-01,,DORMANT,INR,106685.95,FIXED_DEPOSIT
AC02822,53611100002822,CU02430,PR004,BR006,2018-03-19,2018-11-22,CLOSED,INR,20103.31,CURRENT
AC02823,58490000002823,CU03329,PR008,BR004,2018-02-04,,ACTIVE,INR,53792.14,FIXED_DEPOSIT
AC02824,56175900002824,CU02762,PR002,BR007,2021-01-14,2023-07-28,CLOSED,INR,91900.93,SAVINGS
AC02825,28453600002825,CU02653,PR003,BR009,2018-12-06,,DORMANT,INR,109765.74,SAVINGS
AC02826,86470400002826,CU00784,PR006,BR003,2025-12-24,,DORMANT,INR,245706.84,CURRENT
AC02827,57738600002827,CU03348,PR004,BR009,2024-10-02,,DORMANT,INR,143397.62,CURRENT
AC02828,98052600002828,CU02214,PR005,BR005,2022-06-07,,ACTIVE,INR,75.13,CURRENT
AC02829,18085300002829,CU03897,PR003,BR010,2018-12-19,,ACTIVE,INR,40950.92,SAVINGS
AC02830,99939700002830,CU01369,PR006,BR009,2020-04-06,,DORMANT,INR,11929.96,CURRENT
AC02831,24826600002831,CU01691,PR002,BR002,2022-11-25,,ACTIVE,INR,48239.28,SAVINGS
AC02832,60911200002832,CU03460,PR006,BR002,2019-04-11,,ACTIVE,INR,193978.09,CURRENT
AC02833,36389800002833,CU00802,PR001,BR006,2024-03-12,2024-12-31,CLOSED,INR,88863.06,SAVINGS
AC02834,63493000002834,CU03276,PR009,BR006,2025-03-09,,DORMANT,INR,172383.68,FIXED_DEPOSIT
AC02835,89042200002835,CU00025,PR002,BR010,2019-12-02,,DORMANT,INR,50521.53,SAVINGS
AC02836,91356600002836,CU00681,PR009,BR009,2024-10-04,,ACTIVE,INR,15649.97,FIXED_DEPOSIT
AC02837,89627600002837,CU03523,PR006,BR006,2024-02-26,,DORMANT,INR,20205.30,CURRENT
AC02838,90480900002838,CU02311,PR005,BR007,2024-02-23,,ACTIVE,INR,92053.07,CURRENT
AC02839,96793500002839,CU02094,PR009,BR004,2021-03-02,,DORMANT,INR,3279.05,FIXED_DEPOSIT
AC02840,87901900002840,CU02546,PR001,BR007,2022-03-03,,DORMANT,INR,9695.15,SAVINGS
AC02841,52652800002841,CU04686,PR004,BR006,2025-12-06,2026-08-20,CLOSED,INR,175524.25,CURRENT
AC02842,43328800002842,CU00464,PR001,BR005,2025-03-20,,DORMANT,INR,16528.40,SAVINGS
AC02843,72655300002843,CU00061,PR009,BR007,2020-11-14,2025-01-22,CLOSED,INR,214363.01,FIXED_DEPOSIT
AC02844,72754200002844,CU02043,PR009,BR004,2022-01-18,2025-08-25,CLOSED,INR,100514.17,FIXED_DEPOSIT
AC02845,17592000002845,CU01626,PR009,BR006,2025-07-20,,ACTIVE,INR,153036.71,FIXED_DEPOSIT
AC02846,52302500002846,CU00581,PR001,BR002,2023-07-12,2026-08-28,CLOSED,INR,68246.52,SAVINGS
AC02847,75917800002847,CU03453,PR007,BR010,2025-03-30,2026-08-23,CLOSED,INR,56365.31,FIXED_DEPOSIT
AC02848,10817900002848,CU00576,PR001,BR007,2025-06-25,,ACTIVE,INR,21846.62,SAVINGS
AC02849,27190000002849,CU04120,PR004,BR010,2024-04-06,,DORMANT,INR,18462.44,CURRENT
AC02850,92584800002850,CU02761,PR006,BR001,2020-10-31,2023-07-30,CLOSED,INR,205968.14,CURRENT
AC02851,65420900002851,CU04564,PR004,BR002,2024-03-08,,DORMANT,INR,80351.35,CURRENT
AC02852,75710500002852,CU02121,PR006,BR008,2022-12-04,,ACTIVE,INR,1820.10,CURRENT
AC02853,81182300002853,CU01875,PR002,BR005,2021-03-10,,ACTIVE,INR,0.00,SAVINGS
AC02854,91392500002854,CU01075,PR006,BR009,2021-01-23,,DORMANT,INR,234161.87,CURRENT
AC02855,19036100002855,CU03709,PR004,BR006,2025-04-02,,ACTIVE,INR,163865.80,CURRENT
AC02856,75412500002856,CU00820,PR006,BR009,2021-10-18,2026-01-10,CLOSED,INR,125174.37,CURRENT
AC02857,96564500002857,CU00639,PR006,BR002,2023-06-30,,DORMANT,INR,130660.93,CURRENT
AC02858,57688600002858,CU01896,PR007,BR009,2024-01-23,2025-12-27,CLOSED,INR,38304.46,FIXED_DEPOSIT
AC02859,98023400002859,CU01661,PR008,BR009,2024-11-01,2026-08-22,CLOSED,INR,4948.90,FIXED_DEPOSIT
AC02860,21691500002860,CU03099,PR007,BR004,2019-09-09,,DORMANT,INR,202282.36,FIXED_DEPOSIT
AC02861,28743600002861,CU04368,PR007,BR004,2024-05-18,,ACTIVE,INR,103312.85,FIXED_DEPOSIT
AC02862,49292500002862,CU01619,PR006,BR004,2021-04-25,,DORMANT,INR,111359.80,CURRENT
AC02863,93571300002863,CU03531,PR009,BR002,2021-03-24,,DORMANT,INR,235078.15,FIXED_DEPOSIT
AC02864,96262400002864,CU04282,PR001,BR006,2019-06-20,2021-08-03,CLOSED,INR,192678.39,SAVINGS
AC02865,10384900002865,CU04841,PR003,BR009,2024-06-07,,DORMANT,INR,175359.34,SAVINGS
AC02866,45182300002866,CU00716,PR002,BR010,2022-06-09,,DORMANT,INR,169289.12,SAVINGS
AC02867,80014500002867,CU00156,PR003,BR010,2024-07-31,,DORMANT,INR,21237.96,SAVINGS
AC02868,61828600002868,CU03269,PR005,BR009,2020-02-01,,ACTIVE,INR,20024.05,CURRENT
AC02869,67161900002869,CU02503,PR009,BR005,2023-07-24,,DORMANT,INR,39277.12,FIXED_DEPOSIT
AC02870,81913700002870,CU02780,PR001,BR006,2019-02-09,2020-10-01,CLOSED,INR,123387.82,SAVINGS
AC02871,95073400002871,CU02707,PR004,BR010,2018-12-08,2024-04-21,CLOSED,INR,170068.80,CURRENT
AC02872,21666900002872,CU03102,PR007,BR003,2025-10-21,,DORMANT,INR,179267.41,FIXED_DEPOSIT
AC02873,80025100002873,CU00658,PR009,BR003,2018-10-29,,ACTIVE,INR,179995.42,FIXED_DEPOSIT
AC02874,29696500002874,CU04176,PR008,BR010,2023-02-28,,DORMANT,INR,157760.99,FIXED_DEPOSIT
AC02875,11407700002875,CU02799,PR005,BR002,2019-11-02,2024-06-03,CLOSED,INR,196035.35,CURRENT
AC02876,54286700002876,CU04231,PR004,BR004,2022-06-21,2024-08-20,CLOSED,INR,17418.71,CURRENT
AC02877,55100200002877,CU02000,PR009,BR003,2020-08-21,,DORMANT,INR,63200.95,FIXED_DEPOSIT
AC02878,48485000002878,CU04952,PR007,BR003,2022-08-17,2026-08-26,CLOSED,INR,95919.74,FIXED_DEPOSIT
AC02879,24548800002879,CU01606,PR006,BR006,2019-04-04,2022-03-03,CLOSED,INR,106840.22,CURRENT
AC02880,82252000002880,CU02855,PR007,BR004,2019-06-26,,ACTIVE,INR,101092.20,FIXED_DEPOSIT
AC02881,46076200002881,CU01144,PR006,BR009,2025-11-18,,ACTIVE,INR,38509.18,CURRENT
AC02882,86554500002882,CU00602,PR007,BR005,2025-10-23,2026-08-23,CLOSED,INR,3973.01,FIXED_DEPOSIT
AC02883,67668800002883,CU03419,PR004,BR009,2020-03-21,,DORMANT,INR,121151.30,CURRENT
AC02884,45514900002884,CU00226,PR002,BR002,2025-04-22,,DORMANT,INR,243805.64,SAVINGS
AC02885,99193800002885,CU02792,PR006,BR006,2025-04-24,,DORMANT,INR,211091.54,CURRENT
AC02886,57272700002886,CU03765,PR007,BR008,2022-01-28,,ACTIVE,INR,167974.89,FIXED_DEPOSIT
AC02887,53929800002887,CU03729,PR009,BR005,2025-07-23,,ACTIVE,INR,37803.20,FIXED_DEPOSIT
AC02888,61467700002888,CU02634,PR003,BR006,2020-09-04,,ACTIVE,INR,74996.75,SAVINGS
AC02889,80275800002889,CU03272,PR006,BR007,2019-11-30,2024-08-29,CLOSED,INR,187472.74,CURRENT
AC02890,96046800002890,CU04866,PR007,BR001,2019-06-18,,DORMANT,INR,242171.69,FIXED_DEPOSIT
AC02891,96674000002891,CU03425,PR007,BR006,2020-08-05,2025-06-02,CLOSED,INR,48484.28,FIXED_DEPOSIT
AC02892,58658100002892,CU04972,PR003,BR002,2018-08-06,2019-12-16,CLOSED,INR,83309.99,SAVINGS
AC02893,25330300002893,CU03196,PR006,BR010,2020-01-16,,DORMANT,INR,220042.43,CURRENT
AC02894,46321100002894,CU01506,PR008,BR002,2019-07-28,,ACTIVE,INR,67.94,FIXED_DEPOSIT
AC02895,74728200002895,CU04501,PR003,BR010,2020-02-11,,DORMANT,INR,230011.81,SAVINGS
AC02896,79188700002896,CU03513,PR003,BR005,2023-11-04,2026-08-21,CLOSED,INR,176650.38,SAVINGS
AC02897,25287900002897,CU04818,PR001,BR010,2018-02-21,,ACTIVE,INR,107.98,SAVINGS
AC02898,28422500002898,CU01598,PR007,BR004,2018-09-05,2022-07-15,CLOSED,INR,94709.13,FIXED_DEPOSIT
AC02899,61562100002899,CU04045,PR001,BR004,2022-05-30,,DORMANT,INR,243204.87,SAVINGS
AC02900,23466200002900,CU02114,PR008,BR008,2019-03-31,,ACTIVE,INR,13219.83,FIXED_DEPOSIT
AC02901,73575800002901,CU04537,PR002,BR004,2019-01-29,,DORMANT,INR,50975.53,SAVINGS
AC02902,82059600002902,CU04166,PR002,BR003,2022-07-13,,DORMANT,INR,6068.31,SAVINGS
AC02903,71422500002903,CU01645,PR007,BR007,2025-11-14,,DORMANT,INR,232384.08,FIXED_DEPOSIT
AC02904,61957600002904,CU02171,PR009,BR007,2021-09-27,,ACTIVE,INR,1580.86,FIXED_DEPOSIT
AC02905,61375900002905,CU04366,PR007,BR009,2020-03-15,,DORMANT,INR,97918.60,FIXED_DEPOSIT
AC02906,12575300002906,CU04640,PR001,BR008,2025-12-02,2026-08-22,CLOSED,INR,186410.86,SAVINGS
AC02907,64164100002907,CU00279,PR009,BR002,2021-09-13,,ACTIVE,INR,2189.83,FIXED_DEPOSIT
AC02908,16588700002908,CU02395,PR006,BR008,2023-01-06,2026-05-05,CLOSED,INR,56062.58,CURRENT
AC02909,73233900002909,CU03478,PR007,BR003,2018-09-26,,ACTIVE,INR,58426.59,FIXED_DEPOSIT
AC02910,83318100002910,CU00026,PR002,BR004,2018-06-02,,DORMANT,INR,127845.87,SAVINGS
AC02911,88597400002911,CU00874,PR001,BR010,2022-06-30,,DORMANT,INR,231698.67,SAVINGS
AC02912,26223800002912,CU02796,PR009,BR008,2022-04-16,2022-11-18,CLOSED,INR,233286.26,FIXED_DEPOSIT
AC02913,33289200002913,CU04147,PR004,BR010,2021-07-08,,ACTIVE,INR,109841.06,CURRENT
AC02914,31893900002914,CU00289,PR002,BR008,2018-05-18,2023-06-26,CLOSED,INR,6395.32,SAVINGS
AC02915,86891800002915,CU01443,PR009,BR001,2024-08-18,2025-07-29,CLOSED,INR,200371.20,FIXED_DEPOSIT
AC02916,47908400002916,CU01124,PR002,BR005,2019-09-21,,DORMANT,INR,99476.89,SAVINGS
AC02917,41204500002917,CU02255,PR006,BR004,2023-10-08,2026-03-29,CLOSED,INR,125488.02,CURRENT
AC02918,74572500002918,CU00432,PR002,BR007,2023-05-30,,ACTIVE,INR,164091.78,SAVINGS
AC02919,63032000002919,CU04302,PR006,BR005,2020-01-01,2022-09-20,CLOSED,INR,1530.60,CURRENT
AC02920,98647500002920,CU02517,PR001,BR010,2022-04-30,,DORMANT,INR,86410.57,SAVINGS
AC02921,25252600002921,CU00040,PR008,BR006,2018-08-10,2019-07-20,CLOSED,INR,108040.01,FIXED_DEPOSIT
AC02922,94718900002922,CU04096,PR002,BR002,2019-11-11,,ACTIVE,INR,12542.64,SAVINGS
AC02923,96965000002923,CU00415,PR002,BR002,2022-01-15,,DORMANT,INR,243395.87,SAVINGS
AC02924,60284700002924,CU02159,PR001,BR008,2021-07-19,2026-06-10,CLOSED,INR,219897.44,SAVINGS
AC02925,22557400002925,CU03655,PR006,BR003,2018-02-07,,DORMANT,INR,182931.88,CURRENT
AC02926,14154600002926,CU00373,PR003,BR004,2020-10-17,,DORMANT,INR,121823.25,SAVINGS
AC02927,81048500002927,CU00890,PR003,BR005,2023-01-21,,DORMANT,INR,74496.08,SAVINGS
AC02928,22517100002928,CU00228,PR005,BR001,2021-02-07,,DORMANT,INR,164106.80,CURRENT
AC02929,84770400002929,CU01892,PR002,BR006,2022-08-08,2023-11-24,CLOSED,INR,73605.15,SAVINGS
AC02930,99826600002930,CU02665,PR002,BR001,2022-08-02,,ACTIVE,INR,45141.05,SAVINGS
AC02931,85134500002931,CU01131,PR003,BR004,2023-10-23,2026-08-20,CLOSED,INR,79568.93,SAVINGS
AC02932,68407500002932,CU02295,PR002,BR008,2020-10-23,2024-10-06,CLOSED,INR,2212.77,SAVINGS
AC02933,20770300002933,CU01731,PR001,BR005,2020-02-17,,ACTIVE,INR,236.31,SAVINGS
AC02934,15637500002934,CU04438,PR009,BR008,2025-12-24,,ACTIVE,INR,63101.56,FIXED_DEPOSIT
AC02935,85081200002935,CU04082,PR003,BR006,2019-08-13,2022-07-08,CLOSED,INR,122817.69,SAVINGS
AC02936,22635400002936,CU02909,PR008,BR009,2023-12-13,,DORMANT,INR,91262.68,FIXED_DEPOSIT
AC02937,12153800002937,CU01167,PR002,BR001,2019-02-12,2022-09-27,CLOSED,INR,102315.99,SAVINGS
AC02938,53071600002938,CU00012,PR005,BR002,2021-08-31,2025-07-17,CLOSED,INR,234597.33,CURRENT
AC02939,75642100002939,CU02723,PR009,BR006,2018-11-07,,ACTIVE,INR,2695.85,FIXED_DEPOSIT
AC02940,38259800002940,CU04261,PR009,BR010,2020-08-03,,DORMANT,INR,232823.28,FIXED_DEPOSIT
AC02941,39159500002941,CU04279,PR002,BR008,2018-04-30,,DORMANT,INR,57722.16,SAVINGS
AC02942,75193300002942,CU01213,PR005,BR004,2019-02-06,,DORMANT,INR,209020.93,CURRENT
AC02943,68762200002943,CU01962,PR007,BR010,2023-06-04,,DORMANT,INR,61809.66,FIXED_DEPOSIT
AC02944,18890100002944,CU02024,PR003,BR006,2022-11-24,,DORMANT,INR,125534.59,SAVINGS
AC02945,85488800002945,CU03583,PR007,BR004,2025-05-01,,DORMANT,INR,188638.62,FIXED_DEPOSIT
AC02946,97766200002946,CU04523,PR007,BR004,2021-10-11,,ACTIVE,INR,17493.53,FIXED_DEPOSIT
AC02947,99222400002947,CU01526,PR002,BR006,2018-03-18,2018-12-05,CLOSED,INR,59260.53,SAVINGS
AC02948,28097800002948,CU03787,PR001,BR009,2022-09-27,,DORMANT,INR,127020.80,SAVINGS
AC02949,24507400002949,CU04398,PR003,BR002,2022-10-03,,DORMANT,INR,136794.03,SAVINGS
AC02950,21807600002950,CU00182,PR005,BR005,2021-03-04,,DORMANT,INR,116476.10,CURRENT
AC02951,39297000002951,CU04458,PR009,BR003,2021-10-24,2024-07-13,CLOSED,INR,190193.51,FIXED_DEPOSIT
AC02952,46429200002952,CU00400,PR005,BR010,2020-10-13,,DORMANT,INR,176630.77,CURRENT
AC02953,77390300002953,CU04550,PR003,BR009,2018-02-08,2022-08-30,CLOSED,INR,197841.86,SAVINGS
AC02954,49529600002954,CU04112,PR002,BR006,2018-11-25,,DORMANT,INR,238417.15,SAVINGS
AC02955,20459400002955,CU03845,PR009,BR002,2024-03-06,,ACTIVE,INR,51214.82,FIXED_DEPOSIT
AC02956,59971500002956,CU02105,PR009,BR008,2020-11-23,,ACTIVE,INR,11442.73,FIXED_DEPOSIT
AC02957,90870400002957,CU03079,PR001,BR006,2022-10-27,,ACTIVE,INR,93535.18,SAVINGS
AC02958,31739500002958,CU01549,PR004,BR007,2018-05-30,,DORMANT,INR,237549.82,CURRENT
AC02959,31768600002959,CU00511,PR004,BR002,2025-12-05,,ACTIVE,INR,120882.59,CURRENT
AC02960,78661900002960,CU00107,PR009,BR001,2019-01-25,,DORMANT,INR,208279.90,FIXED_DEPOSIT
AC02961,63014300002961,CU02060,PR002,BR007,2025-05-14,,ACTIVE,INR,34445.96,SAVINGS
AC02962,58541400002962,CU00251,PR008,BR006,2020-10-10,2025-05-17,CLOSED,INR,17004.52,FIXED_DEPOSIT
AC02963,31079300002963,CU01948,PR007,BR006,2021-04-27,2025-01-22,CLOSED,INR,66013.77,FIXED_DEPOSIT
AC02964,69720300002964,CU00119,PR001,BR004,2018-08-01,,ACTIVE,INR,44483.55,SAVINGS
AC02965,51508000002965,CU03991,PR001,BR008,2024-06-27,2026-08-26,CLOSED,INR,192620.94,SAVINGS
AC02966,24895100002966,CU03013,PR004,BR007,2021-04-24,,ACTIVE,INR,1044.35,CURRENT
AC02967,94201800002967,CU03681,PR001,BR004,2025-12-31,,ACTIVE,INR,1915.48,SAVINGS
AC02968,47269400002968,CU02137,PR005,BR009,2024-10-23,,DORMANT,INR,7375.79,CURRENT
AC02969,29347000002969,CU04025,PR008,BR004,2024-02-25,2024-12-21,CLOSED,INR,179355.96,FIXED_DEPOSIT
AC02970,74041300002970,CU00715,PR005,BR004,2023-08-22,,DORMANT,INR,101089.17,CURRENT
AC02971,38271900002971,CU01275,PR002,BR006,2021-03-11,,DORMANT,INR,197470.65,SAVINGS
AC02972,28637100002972,CU03918,PR006,BR003,2021-02-26,,ACTIVE,INR,103104.05,CURRENT
AC02973,65560800002973,CU00695,PR005,BR006,2018-04-20,2022-04-15,CLOSED,INR,19203.69,CURRENT
AC02974,27024700002974,CU04441,PR002,BR003,2024-12-13,,DORMANT,INR,160224.14,SAVINGS
AC02975,17247100002975,CU01802,PR005,BR004,2024-12-21,,ACTIVE,INR,188028.07,CURRENT
AC02976,11580400002976,CU02180,PR004,BR001,2024-06-24,2025-05-05,CLOSED,INR,164722.56,CURRENT
AC02977,52679300002977,CU03274,PR008,BR009,2022-01-13,2026-01-31,CLOSED,INR,237606.65,FIXED_DEPOSIT
AC02978,80570400002978,CU01321,PR004,BR010,2020-04-08,,ACTIVE,INR,30796.94,CURRENT
AC02979,14967800002979,CU03907,PR008,BR002,2019-01-14,,DORMANT,INR,26193.98,FIXED_DEPOSIT
AC02980,22525000002980,CU02207,PR009,BR005,2019-07-20,,ACTIVE,INR,1343.37,FIXED_DEPOSIT
AC02981,92853500002981,CU02586,PR008,BR003,2025-12-31,2026-08-27,CLOSED,INR,182444.65,FIXED_DEPOSIT
AC02982,64242700002982,CU03323,PR003,BR001,2025-10-14,,ACTIVE,INR,320272.20,SAVINGS
AC02983,94093900002983,CU04623,PR001,BR003,2023-05-05,,DORMANT,INR,122434.48,SAVINGS
AC02984,91194300002984,CU04643,PR005,BR001,2025-11-27,,ACTIVE,INR,5628.36,CURRENT
AC02985,57834300002985,CU04606,PR009,BR006,2018-10-17,2021-04-30,CLOSED,INR,194885.45,FIXED_DEPOSIT
AC02986,72225800002986,CU03401,PR004,BR008,2018-06-08,,DORMANT,INR,136058.24,CURRENT
AC02987,75587700002987,CU03364,PR002,BR010,2023-03-28,,DORMANT,INR,237420.07,SAVINGS
AC02988,30579400002988,CU02515,PR004,BR002,2023-04-04,2025-12-05,CLOSED,INR,18183.87,CURRENT
AC02989,97797400002989,CU02977,PR005,BR009,2019-10-23,,DORMANT,INR,175676.75,CURRENT
AC02990,66729400002990,CU03147,PR006,BR003,2023-12-04,2026-06-23,CLOSED,INR,56076.47,CURRENT
AC02991,80385000002991,CU02271,PR003,BR007,2020-01-12,2020-11-28,CLOSED,INR,39691.89,SAVINGS
AC02992,85635100002992,CU01765,PR004,BR002,2020-02-19,,DORMANT,INR,198645.22,CURRENT
AC02993,94297100002993,CU03145,PR005,BR001,2019-01-19,,ACTIVE,INR,160419.38,CURRENT
AC02994,17518600002994,CU04971,PR006,BR006,2022-03-16,2026-08-24,CLOSED,INR,95793.65,CURRENT
AC02995,28772400002995,CU03952,PR008,BR010,2025-04-29,,ACTIVE,INR,105.79,FIXED_DEPOSIT
AC02996,76190900002996,CU04422,PR003,BR005,2019-02-02,,ACTIVE,INR,95520.26,SAVINGS
AC02997,96950400002997,CU01331,PR007,BR003,2022-12-08,2026-08-25,CLOSED,INR,32846.22,FIXED_DEPOSIT
AC02998,40318500002998,CU00514,PR001,BR005,2021-04-13,,DORMANT,INR,29059.03,SAVINGS
AC02999,12274600002999,CU04786,PR004,BR010,2025-05-27,,DORMANT,INR,167353.31,CURRENT
AC03000,86985100003000,CU00157,PR009,BR007,2025-05-19,2026-08-28,CLOSED,INR,133963.83,FIXED_DEPOSIT
AC03001,46831100003001,CU02819,PR004,BR009,2023-12-13,,DORMANT,INR,84973.89,CURRENT
AC03002,95019800003002,CU01796,PR007,BR006,2025-09-03,,ACTIVE,INR,33625.47,FIXED_DEPOSIT
AC03003,41382900003003,CU02662,PR007,BR005,2025-11-21,2026-08-24,CLOSED,INR,152649.53,FIXED_DEPOSIT
AC03004,19258500003004,CU01100,PR003,BR009,2023-05-25,,ACTIVE,INR,194505.71,SAVINGS
AC03005,31149000003005,CU00772,PR003,BR004,2019-01-30,,ACTIVE,INR,52477.86,SAVINGS
AC03006,75432800003006,CU03444,PR004,BR009,2023-07-28,,ACTIVE,INR,190861.57,CURRENT
AC03007,49611100003007,CU00318,PR005,BR009,2022-11-13,2026-08-27,CLOSED,INR,180786.70,CURRENT
AC03008,96442200003008,CU02748,PR006,BR002,2019-05-04,,DORMANT,INR,196439.47,CURRENT
AC03009,18633100003009,CU02200,PR005,BR005,2025-06-30,2026-08-21,CLOSED,INR,60886.45,CURRENT
AC03010,37009300003010,CU00333,PR008,BR009,2025-05-22,,ACTIVE,INR,18552.07,FIXED_DEPOSIT
AC03011,67783200003011,CU01215,PR006,BR009,2022-09-26,,ACTIVE,INR,9058.10,CURRENT
AC03012,91729600003012,CU03503,PR006,BR004,2022-06-15,,ACTIVE,INR,218081.26,CURRENT
AC03013,45507600003013,CU02852,PR001,BR006,2025-08-07,,DORMANT,INR,118959.98,SAVINGS
AC03014,60582900003014,CU00680,PR004,BR008,2023-12-27,,ACTIVE,INR,254413.18,CURRENT
AC03015,55710100003015,CU01021,PR006,BR002,2024-03-04,,ACTIVE,INR,63544.54,CURRENT
AC03016,77972700003016,CU03277,PR009,BR010,2021-02-27,2022-12-07,CLOSED,INR,23118.71,FIXED_DEPOSIT
AC03017,45277000003017,CU02036,PR006,BR008,2024-06-29,,DORMANT,INR,159808.20,CURRENT
AC03018,15733200003018,CU03228,PR006,BR003,2025-05-19,2026-08-21,CLOSED,INR,218457.48,CURRENT
AC03019,53735300003019,CU04549,PR002,BR009,2018-03-08,,ACTIVE,INR,9118.99,SAVINGS
AC03020,53093500003020,CU02423,PR002,BR005,2018-05-09,,ACTIVE,INR,93257.59,SAVINGS
AC03021,88402000003021,CU01653,PR008,BR002,2018-06-09,2022-11-29,CLOSED,INR,127047.11,FIXED_DEPOSIT
AC03022,70337000003022,CU03474,PR006,BR003,2023-03-31,2026-08-25,CLOSED,INR,50720.66,CURRENT
AC03023,37194200003023,CU03902,PR002,BR005,2018-07-24,,DORMANT,INR,35502.81,SAVINGS
AC03024,57099400003024,CU01445,PR002,BR005,2021-06-16,2025-10-13,CLOSED,INR,156588.33,SAVINGS
AC03025,91697400003025,CU04281,PR009,BR004,2021-06-17,,DORMANT,INR,172956.02,FIXED_DEPOSIT
AC03026,99614900003026,CU01017,PR004,BR009,2025-10-25,,DORMANT,INR,154244.63,CURRENT
AC03027,79698100003027,CU01368,PR008,BR002,2019-04-04,,ACTIVE,INR,73226.84,FIXED_DEPOSIT
AC03028,64186800003028,CU01513,PR007,BR003,2023-03-20,,DORMANT,INR,22496.50,FIXED_DEPOSIT
AC03029,42181300003029,CU01484,PR007,BR007,2022-02-23,,ACTIVE,INR,174672.91,FIXED_DEPOSIT
AC03030,81162400003030,CU03599,PR006,BR008,2023-11-05,,ACTIVE,INR,105364.76,CURRENT
AC03031,38673800003031,CU03594,PR008,BR005,2025-11-29,,DORMANT,INR,75861.89,FIXED_DEPOSIT
AC03032,15385300003032,CU00989,PR008,BR003,2023-05-02,,ACTIVE,INR,54699.15,FIXED_DEPOSIT
AC03033,95676300003033,CU04781,PR009,BR008,2018-12-06,,DORMANT,INR,52140.13,FIXED_DEPOSIT
AC03034,22824700003034,CU00756,PR005,BR004,2020-01-15,,DORMANT,INR,59317.50,CURRENT
AC03035,67474000003035,CU01554,PR004,BR010,2023-07-07,2024-08-06,CLOSED,INR,110105.67,CURRENT
AC03036,11451400003036,CU02319,PR004,BR010,2019-11-16,,ACTIVE,INR,31989.72,CURRENT
AC03037,20423000003037,CU00698,PR003,BR001,2018-05-17,,ACTIVE,INR,47324.75,SAVINGS
AC03038,63800800003038,CU02943,PR001,BR007,2022-12-24,,ACTIVE,INR,180664.67,SAVINGS
AC03039,39972500003039,CU02923,PR009,BR004,2020-11-03,,ACTIVE,INR,9312.13,FIXED_DEPOSIT
AC03040,89552800003040,CU02949,PR008,BR004,2020-03-10,,ACTIVE,INR,70285.69,FIXED_DEPOSIT
AC03041,76844200003041,CU01175,PR003,BR009,2025-01-31,,ACTIVE,INR,16194.45,SAVINGS
AC03042,86041500003042,CU04765,PR005,BR001,2019-10-08,,DORMANT,INR,201093.22,CURRENT
AC03043,92879100003043,CU01680,PR009,BR010,2024-04-05,,ACTIVE,INR,98665.19,FIXED_DEPOSIT
AC03044,66012200003044,CU01444,PR003,BR007,2025-04-25,2026-08-24,CLOSED,INR,105509.50,SAVINGS
AC03045,50321100003045,CU04570,PR009,BR006,2018-12-08,,DORMANT,INR,210464.63,FIXED_DEPOSIT
AC03046,63193300003046,CU00216,PR007,BR008,2025-05-21,2026-08-20,CLOSED,INR,5719.44,FIXED_DEPOSIT
AC03047,83862100003047,CU04009,PR003,BR008,2024-10-13,2026-07-25,CLOSED,INR,40307.80,SAVINGS
AC03048,87236900003048,CU01199,PR004,BR005,2024-12-07,,DORMANT,INR,81801.62,CURRENT
AC03049,48321400003049,CU02577,PR001,BR007,2022-08-07,,ACTIVE,INR,70472.55,SAVINGS
AC03050,57072600003050,CU00453,PR003,BR008,2022-05-06,2024-09-23,CLOSED,INR,238400.27,SAVINGS
AC03051,30401800003051,CU03690,PR005,BR004,2024-03-29,,DORMANT,INR,198397.02,CURRENT
AC03052,43391100003052,CU01702,PR003,BR001,2022-02-09,,ACTIVE,INR,36143.36,SAVINGS
AC03053,64516400003053,CU03913,PR001,BR002,2023-10-29,,ACTIVE,INR,127135.01,SAVINGS
AC03054,41373400003054,CU04994,PR006,BR008,2022-02-08,2026-08-26,CLOSED,INR,210582.85,CURRENT
AC03055,23788700003055,CU04214,PR005,BR006,2024-08-11,,ACTIVE,INR,105808.71,CURRENT
AC03056,95676400003056,CU03061,PR001,BR010,2024-10-24,2026-08-25,CLOSED,INR,167190.40,SAVINGS
AC03057,83852400003057,CU04662,PR004,BR004,2024-07-21,,ACTIVE,INR,44.66,CURRENT
AC03058,24342400003058,CU04260,PR009,BR001,2020-05-03,,DORMANT,INR,161777.08,FIXED_DEPOSIT
AC03059,56263100003059,CU04817,PR004,BR009,2021-03-16,,ACTIVE,INR,209326.30,CURRENT
AC03060,45691700003060,CU02854,PR006,BR007,2022-09-25,,DORMANT,INR,38382.06,CURRENT
AC03061,94329700003061,CU03835,PR004,BR008,2025-06-12,,ACTIVE,INR,12130.70,CURRENT
AC03062,10784900003062,CU01878,PR007,BR003,2023-12-27,,ACTIVE,INR,409413.88,FIXED_DEPOSIT
AC03063,54262500003063,CU02765,PR004,BR002,2022-04-18,2023-05-11,CLOSED,INR,133693.29,CURRENT
AC03064,34483100003064,CU03072,PR003,BR002,2022-02-20,2026-04-07,CLOSED,INR,31444.94,SAVINGS
AC03065,92459500003065,CU00341,PR005,BR003,2025-07-01,,DORMANT,INR,222018.40,CURRENT
AC03066,98289200003066,CU04754,PR008,BR010,2020-06-26,2021-05-20,CLOSED,INR,164693.86,FIXED_DEPOSIT
AC03067,63630400003067,CU03610,PR007,BR003,2018-11-01,,ACTIVE,INR,60848.99,FIXED_DEPOSIT
AC03068,92484700003068,CU04046,PR008,BR001,2024-04-02,2025-02-09,CLOSED,INR,215925.45,FIXED_DEPOSIT
AC03069,22851400003069,CU03685,PR009,BR005,2023-01-10,,ACTIVE,INR,34535.99,FIXED_DEPOSIT
AC03070,79390700003070,CU04297,PR009,BR008,2025-11-02,,DORMANT,INR,58277.75,FIXED_DEPOSIT
AC03071,68408200003071,CU00020,PR007,BR007,2023-08-19,,ACTIVE,INR,20220.22,FIXED_DEPOSIT
AC03072,52614600003072,CU04991,PR009,BR006,2025-04-19,,DORMANT,INR,118635.32,FIXED_DEPOSIT
AC03073,93954900003073,CU01207,PR003,BR001,2018-01-27,,DORMANT,INR,194223.32,SAVINGS
AC03074,57816900003074,CU01940,PR008,BR003,2018-01-17,,DORMANT,INR,70768.78,FIXED_DEPOSIT
AC03075,82069400003075,CU04078,PR006,BR002,2020-01-28,,ACTIVE,INR,529.48,CURRENT
AC03076,92322800003076,CU01846,PR001,BR003,2024-06-11,2026-08-27,CLOSED,INR,146459.57,SAVINGS
AC03077,66214100003077,CU04066,PR002,BR004,2020-12-16,,ACTIVE,INR,238345.57,SAVINGS
AC03078,77185400003078,CU01561,PR004,BR006,2022-08-09,2024-02-08,CLOSED,INR,192865.95,CURRENT
AC03079,56877000003079,CU04089,PR004,BR006,2023-11-22,2026-08-28,CLOSED,INR,234360.29,CURRENT
AC03080,45911000003080,CU02519,PR007,BR006,2020-12-12,2022-03-30,CLOSED,INR,10738.51,FIXED_DEPOSIT
AC03081,31880600003081,CU02473,PR003,BR008,2020-01-13,2021-04-13,CLOSED,INR,1492.31,SAVINGS
AC03082,10922900003082,CU03647,PR005,BR008,2018-08-18,2019-10-22,CLOSED,INR,193346.30,CURRENT
AC03083,59610300003083,CU04807,PR001,BR006,2023-12-23,,DORMANT,INR,40600.50,SAVINGS
AC03084,87032500003084,CU03832,PR003,BR004,2025-08-30,2026-08-20,CLOSED,INR,194825.84,SAVINGS
AC03085,92992900003085,CU02599,PR006,BR008,2021-09-16,2023-11-13,CLOSED,INR,191937.45,CURRENT
AC03086,79717900003086,CU02786,PR007,BR010,2021-05-25,2024-02-01,CLOSED,INR,67980.48,FIXED_DEPOSIT
AC03087,12960600003087,CU03649,PR006,BR010,2023-06-23,,ACTIVE,INR,46924.88,CURRENT
AC03088,95668000003088,CU04043,PR001,BR006,2022-02-14,,DORMANT,INR,204166.83,SAVINGS
AC03089,62060600003089,CU04418,PR003,BR008,2018-06-09,2023-07-02,CLOSED,INR,120178.43,SAVINGS
AC03090,61618700003090,CU01463,PR009,BR010,2021-05-16,2025-09-23,CLOSED,INR,121302.48,FIXED_DEPOSIT
AC03091,56483600003091,CU00627,PR007,BR006,2025-09-19,,DORMANT,INR,140687.06,FIXED_DEPOSIT
AC03092,39443100003092,CU02183,PR009,BR001,2024-05-12,,DORMANT,INR,10690.10,FIXED_DEPOSIT
AC03093,43050600003093,CU00558,PR001,BR010,2021-06-08,,ACTIVE,INR,90482.08,SAVINGS
AC03094,80376900003094,CU00044,PR002,BR003,2018-08-19,,ACTIVE,INR,98705.53,SAVINGS
AC03095,86634900003095,CU00543,PR007,BR003,2019-12-04,,ACTIVE,INR,47476.53,FIXED_DEPOSIT
AC03096,70528600003096,CU00482,PR001,BR002,2020-02-23,,DORMANT,INR,142243.06,SAVINGS
AC03097,64310300003097,CU00083,PR003,BR003,2021-05-22,,ACTIVE,INR,67745.56,SAVINGS
AC03098,26469000003098,CU00653,PR004,BR004,2024-07-12,2026-07-02,CLOSED,INR,121836.61,CURRENT
AC03099,20743700003099,CU03105,PR009,BR005,2018-04-17,,ACTIVE,INR,48169.13,FIXED_DEPOSIT
AC03100,73138600003100,CU04253,PR002,BR008,2023-12-13,2026-08-20,CLOSED,INR,4616.66,SAVINGS
AC03101,41543700003101,CU02479,PR006,BR007,2020-08-03,,DORMANT,INR,22541.60,CURRENT
AC03102,49996100003102,CU01660,PR007,BR008,2022-12-18,,ACTIVE,INR,1258.62,FIXED_DEPOSIT
AC03103,10130600003103,CU04801,PR002,BR009,2018-01-17,,DORMANT,INR,55513.06,SAVINGS
AC03104,28516700003104,CU02490,PR009,BR004,2025-03-27,,DORMANT,INR,22384.54,FIXED_DEPOSIT
AC03105,58768000003105,CU01747,PR006,BR006,2020-05-17,,ACTIVE,INR,14932.97,CURRENT
AC03106,70811000003106,CU01151,PR003,BR003,2022-12-19,,DORMANT,INR,193226.70,SAVINGS
AC03107,45482100003107,CU02334,PR002,BR002,2022-03-23,,DORMANT,INR,4370.92,SAVINGS
AC03108,72138600003108,CU00045,PR001,BR003,2020-10-01,,DORMANT,INR,200290.54,SAVINGS
AC03109,31685000003109,CU04939,PR004,BR007,2018-07-15,,DORMANT,INR,39697.30,CURRENT
AC03110,44108200003110,CU00421,PR003,BR007,2021-05-27,,ACTIVE,INR,3134.78,SAVINGS
AC03111,27468900003111,CU04353,PR003,BR004,2024-07-08,2026-08-27,CLOSED,INR,168453.15,SAVINGS
AC03112,41286900003112,CU00390,PR005,BR008,2018-07-29,2021-09-25,CLOSED,INR,126117.12,CURRENT
AC03113,31836800003113,CU01831,PR007,BR001,2022-08-22,,ACTIVE,INR,47974.48,FIXED_DEPOSIT
AC03114,45094000003114,CU02939,PR007,BR008,2021-02-05,,DORMANT,INR,131875.90,FIXED_DEPOSIT
AC03115,86321000003115,CU03319,PR004,BR004,2023-10-01,,DORMANT,INR,174265.23,CURRENT
AC03116,11564400003116,CU04075,PR001,BR004,2023-08-28,2026-08-26,CLOSED,INR,233459.85,SAVINGS
AC03117,45291800003117,CU04180,PR003,BR001,2022-08-01,2026-08-27,CLOSED,INR,180913.63,SAVINGS
AC03118,96327100003118,CU04580,PR001,BR003,2024-09-07,,ACTIVE,INR,81.88,SAVINGS
AC03119,36451500003119,CU01328,PR006,BR001,2024-03-25,2025-12-27,CLOSED,INR,151692.10,CURRENT
AC03120,51594400003120,CU00829,PR006,BR008,2019-03-29,2022-03-11,CLOSED,INR,235673.83,CURRENT
AC03121,15697600003121,CU00330,PR002,BR007,2023-12-30,,DORMANT,INR,227277.80,SAVINGS
AC03122,82476700003122,CU00001,PR002,BR009,2023-10-11,2026-08-25,CLOSED,INR,7053.10,SAVINGS
AC03123,28062500003123,CU03719,PR001,BR010,2025-11-19,,DORMANT,INR,165192.50,SAVINGS
AC03124,43499900003124,CU01900,PR003,BR007,2023-12-02,,DORMANT,INR,203698.99,SAVINGS
AC03125,36641700003125,CU04922,PR005,BR003,2019-05-04,,ACTIVE,INR,47328.02,CURRENT
AC03126,95089500003126,CU02906,PR005,BR001,2023-12-02,2025-02-24,CLOSED,INR,215904.71,CURRENT
AC03127,53627200003127,CU01493,PR003,BR002,2019-03-26,,ACTIVE,INR,30970.53,SAVINGS
AC03128,82346300003128,CU03537,PR002,BR004,2023-06-29,2026-08-27,CLOSED,INR,183527.72,SAVINGS
AC03129,86142000003129,CU03124,PR007,BR005,2023-07-23,,DORMANT,INR,45434.49,FIXED_DEPOSIT
AC03130,66766700003130,CU00268,PR004,BR006,2022-03-22,,ACTIVE,INR,255.55,CURRENT
AC03131,18333300003131,CU01370,PR007,BR006,2024-05-29,,DORMANT,INR,171663.09,FIXED_DEPOSIT
AC03132,12888200003132,CU01282,PR006,BR009,2023-06-02,,DORMANT,INR,233389.44,CURRENT
AC03133,58983100003133,CU04274,PR009,BR005,2020-03-02,2025-06-10,CLOSED,INR,102118.36,FIXED_DEPOSIT
AC03134,58402600003134,CU03040,PR008,BR003,2020-12-21,,ACTIVE,INR,185.40,FIXED_DEPOSIT
AC03135,13224200003135,CU03876,PR002,BR001,2019-01-10,,ACTIVE,INR,13111.25,SAVINGS
AC03136,26693700003136,CU03986,PR003,BR010,2022-08-26,,ACTIVE,INR,11762.97,SAVINGS
AC03137,38531000003137,CU04757,PR003,BR003,2021-11-17,2026-08-20,CLOSED,INR,235086.12,SAVINGS
AC03138,49092800003138,CU01346,PR006,BR001,2018-06-20,,ACTIVE,INR,157817.80,CURRENT
AC03139,62171300003139,CU00430,PR003,BR007,2020-01-20,2023-05-28,CLOSED,INR,61751.73,SAVINGS
AC03140,87729200003140,CU03795,PR003,BR008,2018-05-13,,DORMANT,INR,152651.26,SAVINGS
AC03141,39282000003141,CU04968,PR004,BR005,2023-03-05,,DORMANT,INR,131781.13,CURRENT
AC03142,45139800003142,CU04157,PR002,BR010,2022-06-16,,DORMANT,INR,64039.42,SAVINGS
AC03143,47378000003143,CU00688,PR001,BR004,2023-12-15,,DORMANT,INR,117253.93,SAVINGS
AC03144,71122700003144,CU01477,PR007,BR004,2022-05-02,2026-06-06,CLOSED,INR,56030.86,FIXED_DEPOSIT
AC03145,26479400003145,CU02655,PR002,BR009,2023-06-09,,DORMANT,INR,154287.98,SAVINGS
AC03146,57776000003146,CU01744,PR007,BR005,2020-03-21,,DORMANT,INR,73087.20,FIXED_DEPOSIT
AC03147,31939700003147,CU02802,PR004,BR006,2022-12-31,,DORMANT,INR,38620.83,CURRENT
AC03148,70673700003148,CU01051,PR008,BR008,2025-01-04,,ACTIVE,INR,112183.52,FIXED_DEPOSIT
AC03149,73914900003149,CU02289,PR003,BR006,2022-10-05,,ACTIVE,INR,71193.79,SAVINGS
AC03150,90173600003150,CU03670,PR008,BR005,2021-12-29,,ACTIVE,INR,99689.54,FIXED_DEPOSIT
AC03151,75023700003151,CU02603,PR007,BR010,2022-10-30,2026-08-20,CLOSED,INR,215025.11,FIXED_DEPOSIT
AC03152,90659700003152,CU01516,PR005,BR008,2021-10-01,,ACTIVE,INR,56754.02,CURRENT
AC03153,72252100003153,CU03666,PR006,BR006,2022-02-25,,ACTIVE,INR,356.86,CURRENT
AC03154,12495100003154,CU04395,PR006,BR003,2022-05-19,,ACTIVE,INR,133339.14,CURRENT
AC03155,58842300003155,CU03668,PR001,BR004,2023-10-04,,DORMANT,INR,40826.71,SAVINGS
AC03156,31030700003156,CU00891,PR001,BR008,2025-03-22,,DORMANT,INR,123739.18,SAVINGS
AC03157,93328600003157,CU04743,PR009,BR002,2023-04-11,,DORMANT,INR,219952.84,FIXED_DEPOSIT
AC03158,76604100003158,CU02223,PR007,BR006,2021-07-12,,ACTIVE,INR,25422.31,FIXED_DEPOSIT
AC03159,32518800003159,CU02713,PR004,BR004,2023-09-05,,DORMANT,INR,18972.13,CURRENT
AC03160,83018700003160,CU04863,PR006,BR002,2019-06-11,,DORMANT,INR,51540.63,CURRENT
AC03161,95427900003161,CU03215,PR003,BR002,2024-02-18,,ACTIVE,INR,17082.47,SAVINGS
AC03162,79652400003162,CU00406,PR005,BR008,2024-07-17,,ACTIVE,INR,70321.48,CURRENT
AC03163,38524000003163,CU01261,PR003,BR004,2021-08-31,2022-04-10,CLOSED,INR,5727.34,SAVINGS
AC03164,21489400003164,CU03796,PR004,BR004,2022-06-07,2023-09-29,CLOSED,INR,205373.25,CURRENT
AC03165,46445000003165,CU03242,PR007,BR007,2023-04-03,,ACTIVE,INR,34.86,FIXED_DEPOSIT
AC03166,19977600003166,CU04846,PR001,BR001,2021-03-18,,DORMANT,INR,35329.73,SAVINGS
AC03167,78818500003167,CU03498,PR006,BR005,2018-09-02,2020-11-01,CLOSED,INR,169014.98,CURRENT
AC03168,77800100003168,CU03791,PR006,BR003,2022-06-05,2026-08-22,CLOSED,INR,40172.03,CURRENT
AC03169,29179400003169,CU00224,PR009,BR007,2025-01-18,2026-08-22,CLOSED,INR,53533.63,FIXED_DEPOSIT
AC03170,29121300003170,CU01218,PR004,BR010,2018-03-19,,DORMANT,INR,221239.94,CURRENT
AC03171,82232300003171,CU03123,PR002,BR001,2021-04-02,,ACTIVE,INR,175370.81,SAVINGS
AC03172,88359700003172,CU04631,PR001,BR003,2024-07-21,2026-08-23,CLOSED,INR,225335.75,SAVINGS
AC03173,12204000003173,CU00384,PR002,BR009,2018-08-30,,DORMANT,INR,98525.99,SAVINGS
AC03174,16914600003174,CU00467,PR007,BR004,2023-06-25,,ACTIVE,INR,5856.17,FIXED_DEPOSIT
AC03175,77879700003175,CU03509,PR007,BR004,2020-12-07,,ACTIVE,INR,7325.76,FIXED_DEPOSIT
AC03176,66714600003176,CU02863,PR006,BR006,2022-05-29,,ACTIVE,INR,32406.94,CURRENT
AC03177,76316400003177,CU04311,PR007,BR007,2022-12-18,,ACTIVE,INR,10885.35,FIXED_DEPOSIT
AC03178,58507500003178,CU02392,PR008,BR010,2022-09-22,,ACTIVE,INR,16572.88,FIXED_DEPOSIT
AC03179,28670300003179,CU04292,PR008,BR009,2025-02-08,,DORMANT,INR,185769.08,FIXED_DEPOSIT
AC03180,12284200003180,CU01584,PR005,BR010,2023-04-19,2024-06-29,CLOSED,INR,235163.43,CURRENT
AC03181,11902700003181,CU02468,PR003,BR009,2024-07-16,,ACTIVE,INR,8746.52,SAVINGS
AC03182,20730700003182,CU02644,PR002,BR010,2023-10-08,,ACTIVE,INR,18564.86,SAVINGS
AC03183,25003200003183,CU02237,PR007,BR003,2023-04-12,,DORMANT,INR,113755.42,FIXED_DEPOSIT
AC03184,28476700003184,CU04567,PR004,BR009,2023-09-15,,DORMANT,INR,150318.50,CURRENT
AC03185,37638300003185,CU02980,PR002,BR006,2019-04-17,,ACTIVE,INR,3841.83,SAVINGS
AC03186,49231200003186,CU01210,PR007,BR006,2024-06-26,,ACTIVE,INR,3743.06,FIXED_DEPOSIT
AC03187,13452400003187,CU00301,PR007,BR003,2023-11-22,2025-04-28,CLOSED,INR,224209.41,FIXED_DEPOSIT
AC03188,98973500003188,CU02487,PR001,BR005,2021-07-22,2026-05-14,CLOSED,INR,213926.16,SAVINGS
AC03189,90769600003189,CU00098,PR006,BR003,2020-07-01,2021-12-09,CLOSED,INR,136285.74,CURRENT
AC03190,24665500003190,CU00757,PR002,BR001,2019-12-27,,DORMANT,INR,105269.78,SAVINGS
AC03191,81126700003191,CU02305,PR002,BR010,2019-03-17,2021-02-25,CLOSED,INR,225400.30,SAVINGS
AC03192,33442400003192,CU02213,PR008,BR006,2020-07-09,,ACTIVE,INR,40286.64,FIXED_DEPOSIT
AC03193,52850000003193,CU00317,PR006,BR006,2025-11-13,2026-08-20,CLOSED,INR,67448.29,CURRENT
AC03194,42565400003194,CU01174,PR008,BR010,2019-03-31,,ACTIVE,INR,59946.21,FIXED_DEPOSIT
AC03195,64152600003195,CU04673,PR007,BR010,2025-10-09,,ACTIVE,INR,24344.62,FIXED_DEPOSIT
AC03196,34240300003196,CU04701,PR003,BR008,2021-11-02,,DORMANT,INR,21766.13,SAVINGS
AC03197,82678500003197,CU00795,PR004,BR010,2020-07-19,,DORMANT,INR,217742.15,CURRENT
AC03198,19548000003198,CU04907,PR003,BR010,2020-08-29,2022-04-10,CLOSED,INR,190097.86,SAVINGS
AC03199,34472900003199,CU01767,PR006,BR001,2019-05-28,,ACTIVE,INR,88.46,CURRENT
AC03200,23074500003200,CU00992,PR001,BR008,2024-01-28,,DORMANT,INR,171972.85,SAVINGS
AC03201,79864600003201,CU01854,PR007,BR010,2019-07-09,2020-05-20,CLOSED,INR,65022.61,FIXED_DEPOSIT
AC03202,15151700003202,CU04161,PR001,BR007,2020-05-22,,ACTIVE,INR,4929.45,SAVINGS
AC03203,67239100003203,CU01613,PR002,BR002,2023-05-09,,ACTIVE,INR,136992.28,SAVINGS
AC03204,20191500003204,CU00783,PR008,BR009,2018-03-02,,ACTIVE,INR,235235.10,FIXED_DEPOSIT
AC03205,37491600003205,CU02875,PR003,BR005,2021-09-19,,DORMANT,INR,14385.56,SAVINGS
AC03206,27503100003206,CU03858,PR002,BR007,2018-07-11,,DORMANT,INR,83002.07,SAVINGS
AC03207,70443700003207,CU02574,PR009,BR010,2024-08-12,,ACTIVE,INR,185.04,FIXED_DEPOSIT
AC03208,13152700003208,CU03718,PR001,BR002,2025-05-28,2026-03-26,CLOSED,INR,57090.80,SAVINGS
AC03209,78020300003209,CU04592,PR003,BR009,2023-03-06,,DORMANT,INR,156781.27,SAVINGS
AC03210,55018100003210,CU01769,PR008,BR001,2021-04-22,,ACTIVE,INR,47883.01,FIXED_DEPOSIT
AC03211,65786000003211,CU01939,PR008,BR005,2023-06-15,2026-08-25,CLOSED,INR,63857.22,FIXED_DEPOSIT
AC03212,16985100003212,CU02551,PR008,BR007,2019-09-12,,DORMANT,INR,234546.10,FIXED_DEPOSIT
AC03213,98700600003213,CU04897,PR006,BR001,2025-12-28,,ACTIVE,INR,79.48,CURRENT
AC03214,30567400003214,CU01798,PR009,BR003,2021-08-08,,DORMANT,INR,14345.80,FIXED_DEPOSIT
AC03215,22356300003215,CU03148,PR002,BR004,2023-10-04,,ACTIVE,INR,97.22,SAVINGS
AC03216,67922400003216,CU01739,PR008,BR008,2019-10-03,,ACTIVE,INR,7385.30,FIXED_DEPOSIT
AC03217,27220100003217,CU01850,PR004,BR007,2022-06-11,,DORMANT,INR,24190.47,CURRENT
AC03218,88038900003218,CU04706,PR003,BR007,2024-06-20,,ACTIVE,INR,139547.63,SAVINGS
AC03219,61263700003219,CU02746,PR003,BR009,2025-03-25,2026-08-29,CLOSED,INR,16637.64,SAVINGS
AC03220,71784400003220,CU02872,PR002,BR002,2022-05-04,2024-03-16,CLOSED,INR,46016.54,SAVINGS
AC03221,23792600003221,CU03875,PR006,BR007,2021-02-26,,DORMANT,INR,57141.33,CURRENT
AC03222,39522600003222,CU04232,PR001,BR010,2020-06-07,,ACTIVE,INR,36415.74,SAVINGS
AC03223,29908500003223,CU01870,PR003,BR009,2022-06-07,,DORMANT,INR,132897.53,SAVINGS
AC03224,30690300003224,CU01764,PR006,BR007,2022-01-08,,DORMANT,INR,127866.67,CURRENT
AC03225,16790100003225,CU03279,PR002,BR001,2024-08-26,,ACTIVE,INR,95798.88,SAVINGS
AC03226,47652600003226,CU00494,PR008,BR005,2021-12-21,,ACTIVE,INR,14258.95,FIXED_DEPOSIT
AC03227,84655300003227,CU02203,PR008,BR005,2025-11-07,2026-08-25,CLOSED,INR,106733.19,FIXED_DEPOSIT
AC03228,65389400003228,CU01859,PR005,BR006,2020-01-03,2022-02-07,CLOSED,INR,95968.87,CURRENT
AC03229,21049500003229,CU04316,PR008,BR006,2023-06-17,2026-08-24,CLOSED,INR,7839.74,FIXED_DEPOSIT
AC03230,24938100003230,CU01974,PR008,BR009,2022-12-03,2026-08-20,CLOSED,INR,136946.21,FIXED_DEPOSIT
AC03231,56265700003231,CU03790,PR008,BR004,2024-08-11,,ACTIVE,INR,297.42,FIXED_DEPOSIT
AC03232,42803300003232,CU02862,PR001,BR006,2019-08-25,,ACTIVE,INR,146811.01,SAVINGS
AC03233,10662700003233,CU04768,PR004,BR006,2018-07-06,2022-01-16,CLOSED,INR,4564.63,CURRENT
AC03234,16793100003234,CU02718,PR003,BR007,2022-10-19,2026-08-23,CLOSED,INR,115915.19,SAVINGS
AC03235,83689800003235,CU03966,PR003,BR008,2023-07-23,,DORMANT,INR,111278.82,SAVINGS
AC03236,60232100003236,CU00257,PR001,BR002,2023-08-19,,ACTIVE,INR,66237.23,SAVINGS
AC03237,21937800003237,CU04993,PR003,BR003,2018-10-19,,DORMANT,INR,71197.14,SAVINGS
AC03238,88374100003238,CU04871,PR003,BR006,2023-04-19,,DORMANT,INR,101914.45,SAVINGS
AC03239,40182600003239,CU01190,PR005,BR004,2024-01-06,2026-08-23,CLOSED,INR,96747.90,CURRENT
AC03240,98822000003240,CU02414,PR005,BR003,2020-02-10,,ACTIVE,INR,2272.68,CURRENT
AC03241,28214800003241,CU02028,PR009,BR008,2019-01-16,,ACTIVE,INR,18866.52,FIXED_DEPOSIT
AC03242,82671400003242,CU01813,PR003,BR010,2024-11-26,,DORMANT,INR,60354.67,SAVINGS
AC03243,31301400003243,CU03910,PR009,BR010,2021-04-06,2025-04-16,CLOSED,INR,46874.00,FIXED_DEPOSIT
AC03244,77318900003244,CU01137,PR007,BR009,2019-02-27,2024-04-25,CLOSED,INR,100515.20,FIXED_DEPOSIT
AC03245,17696800003245,CU03535,PR009,BR010,2020-06-17,,DORMANT,INR,8849.35,FIXED_DEPOSIT
AC03246,56523900003246,CU00202,PR007,BR005,2022-09-10,,DORMANT,INR,211018.47,FIXED_DEPOSIT
AC03247,81863400003247,CU03101,PR006,BR009,2021-03-12,,DORMANT,INR,230664.28,CURRENT
AC03248,96337300003248,CU02911,PR007,BR010,2018-12-12,,DORMANT,INR,79316.58,FIXED_DEPOSIT
AC03249,67045200003249,CU04339,PR008,BR003,2019-05-17,2024-01-24,CLOSED,INR,72044.21,FIXED_DEPOSIT
AC03250,92752200003250,CU00062,PR004,BR007,2020-05-21,2024-03-04,CLOSED,INR,142601.82,CURRENT
AC03251,18577400003251,CU02850,PR007,BR003,2020-11-14,,DORMANT,INR,65088.22,FIXED_DEPOSIT
AC03252,52217200003252,CU04932,PR005,BR010,2022-04-12,2024-07-10,CLOSED,INR,57600.92,CURRENT
AC03253,24051000003253,CU01182,PR003,BR007,2023-09-03,2026-08-25,CLOSED,INR,21612.50,SAVINGS
AC03254,89582300003254,CU00846,PR003,BR006,2023-07-03,,ACTIVE,INR,98483.32,SAVINGS
AC03255,52554900003255,CU01799,PR008,BR003,2024-01-16,,DORMANT,INR,166663.83,FIXED_DEPOSIT
AC03256,55344200003256,CU04794,PR005,BR006,2022-05-04,2025-10-30,CLOSED,INR,38895.37,CURRENT
AC03257,67543000003257,CU03362,PR003,BR005,2021-03-08,,ACTIVE,INR,116964.81,SAVINGS
AC03258,58019200003258,CU02976,PR001,BR010,2023-08-29,,DORMANT,INR,197728.96,SAVINGS
AC03259,52154900003259,CU03306,PR006,BR010,2022-03-23,2026-08-25,CLOSED,INR,59554.06,CURRENT
AC03260,71101200003260,CU01407,PR002,BR004,2021-12-23,,DORMANT,INR,151164.11,SAVINGS
AC03261,83703900003261,CU04315,PR001,BR002,2019-04-20,2021-12-13,CLOSED,INR,72232.29,SAVINGS
AC03262,83943900003262,CU02884,PR003,BR007,2020-05-15,2021-12-24,CLOSED,INR,33748.79,SAVINGS
AC03263,79736400003263,CU02604,PR007,BR003,2023-07-23,,DORMANT,INR,192042.19,FIXED_DEPOSIT
AC03264,91116900003264,CU02745,PR009,BR004,2022-01-24,,DORMANT,INR,132380.99,FIXED_DEPOSIT
AC03265,85972200003265,CU02331,PR005,BR002,2023-11-22,,DORMANT,INR,149451.45,CURRENT
AC03266,91692700003266,CU03749,PR002,BR008,2021-01-01,,DORMANT,INR,13997.61,SAVINGS
AC03267,51954400003267,CU04482,PR004,BR009,2018-09-03,,ACTIVE,INR,104753.68,CURRENT
AC03268,51036600003268,CU03194,PR006,BR002,2021-05-13,,ACTIVE,INR,28925.84,CURRENT
AC03269,53060200003269,CU01659,PR004,BR007,2018-12-12,,DORMANT,INR,24374.45,CURRENT
AC03270,42247800003270,CU03772,PR005,BR001,2019-09-27,,DORMANT,INR,26292.19,CURRENT
AC03271,82365400003271,CU02358,PR008,BR010,2018-09-08,,ACTIVE,INR,50746.21,FIXED_DEPOSIT
AC03272,36661500003272,CU01476,PR008,BR004,2020-06-17,,ACTIVE,INR,40441.68,FIXED_DEPOSIT
AC03273,13567200003273,CU03442,PR004,BR010,2020-08-26,,DORMANT,INR,84027.61,CURRENT
AC03274,78153500003274,CU00778,PR007,BR003,2024-03-11,,ACTIVE,INR,14404.82,FIXED_DEPOSIT
AC03275,39071500003275,CU02426,PR005,BR009,2025-01-17,,DORMANT,INR,201900.80,CURRENT
AC03276,66209100003276,CU04139,PR007,BR004,2021-12-10,,ACTIVE,INR,51501.07,FIXED_DEPOSIT
AC03277,47672900003277,CU00662,PR003,BR002,2025-03-21,,DORMANT,INR,79377.96,SAVINGS
AC03278,63911300003278,CU03944,PR007,BR003,2021-03-11,,ACTIVE,INR,10605.97,FIXED_DEPOSIT
AC03279,83733300003279,CU01942,PR007,BR004,2021-05-15,2024-04-30,CLOSED,INR,245866.48,FIXED_DEPOSIT
AC03280,31833700003280,CU00363,PR008,BR001,2023-04-15,2024-01-24,CLOSED,INR,180315.79,FIXED_DEPOSIT
AC03281,84738500003281,CU02568,PR007,BR009,2021-04-21,,ACTIVE,INR,631750.50,FIXED_DEPOSIT
AC03282,24680100003282,CU01834,PR007,BR004,2022-02-05,2022-12-11,CLOSED,INR,105959.76,FIXED_DEPOSIT
AC03283,40707700003283,CU00436,PR004,BR001,2024-01-14,2026-08-29,CLOSED,INR,86285.29,CURRENT
AC03284,57693000003284,CU00652,PR009,BR007,2021-08-07,,DORMANT,INR,106043.96,FIXED_DEPOSIT
AC03285,43113900003285,CU04067,PR008,BR006,2020-09-07,,DORMANT,INR,199159.23,FIXED_DEPOSIT
AC03286,81291200003286,CU02868,PR009,BR003,2024-05-22,2026-08-24,CLOSED,INR,223499.58,FIXED_DEPOSIT
AC03287,61698500003287,CU03450,PR003,BR002,2021-09-19,2025-04-27,CLOSED,INR,168844.26,SAVINGS
AC03288,33660700003288,CU04986,PR005,BR001,2024-04-24,,DORMANT,INR,122659.63,CURRENT
AC03289,27309000003289,CU01949,PR008,BR010,2025-09-09,,ACTIVE,INR,37765.93,FIXED_DEPOSIT
AC03290,57465300003290,CU03146,PR009,BR002,2018-11-19,,ACTIVE,INR,102308.51,FIXED_DEPOSIT
AC03291,97198300003291,CU02982,PR007,BR009,2024-01-03,,DORMANT,INR,159822.32,FIXED_DEPOSIT
AC03292,79384400003292,CU00980,PR006,BR003,2018-08-08,,DORMANT,INR,77664.07,CURRENT
AC03293,78951600003293,CU01048,PR002,BR006,2022-08-24,,ACTIVE,INR,93784.99,SAVINGS
AC03294,99757300003294,CU04266,PR009,BR005,2024-09-11,2026-08-27,CLOSED,INR,127336.85,FIXED_DEPOSIT
AC03295,74073400003295,CU01776,PR002,BR003,2024-12-23,2026-05-28,CLOSED,INR,93788.56,SAVINGS
AC03296,72206700003296,CU03144,PR001,BR005,2022-07-09,,ACTIVE,INR,123794.15,SAVINGS
AC03297,20427100003297,CU03390,PR002,BR003,2021-01-27,,DORMANT,INR,228164.51,SAVINGS
AC03298,31085700003298,CU04485,PR005,BR005,2021-09-21,,ACTIVE,INR,40135.33,CURRENT
AC03299,39035100003299,CU03893,PR001,BR005,2021-01-23,,ACTIVE,INR,45012.34,SAVINGS
AC03300,45944100003300,CU01307,PR009,BR009,2024-01-16,,ACTIVE,INR,441.44,FIXED_DEPOSIT
AC03301,63969600003301,CU03947,PR003,BR009,2019-10-24,2022-12-15,CLOSED,INR,187197.03,SAVINGS
AC03302,42861000003302,CU00630,PR008,BR007,2019-10-20,,ACTIVE,INR,39472.53,FIXED_DEPOSIT
AC03303,18215500003303,CU03848,PR002,BR004,2025-04-01,,DORMANT,INR,164475.53,SAVINGS
AC03304,29823100003304,CU01060,PR005,BR006,2018-04-28,2020-02-14,CLOSED,INR,104682.31,CURRENT
AC03305,47116200003305,CU03235,PR002,BR006,2025-10-10,,DORMANT,INR,1374.79,SAVINGS
AC03306,16099700003306,CU04953,PR008,BR001,2020-11-13,2022-05-10,CLOSED,INR,23772.85,FIXED_DEPOSIT
AC03307,61720600003307,CU02915,PR009,BR008,2023-12-18,,ACTIVE,INR,111.58,FIXED_DEPOSIT
AC03308,60825100003308,CU00921,PR004,BR007,2025-09-01,,DORMANT,INR,96561.36,CURRENT
AC03309,28131200003309,CU01575,PR006,BR006,2019-10-26,,ACTIVE,INR,15.60,CURRENT
AC03310,61535600003310,CU01470,PR005,BR009,2023-07-29,,ACTIVE,INR,316106.56,CURRENT
AC03311,22363500003311,CU00507,PR008,BR003,2024-06-01,,ACTIVE,INR,1.08,FIXED_DEPOSIT
AC03312,32880200003312,CU03836,PR001,BR006,2020-09-04,,ACTIVE,INR,166894.07,SAVINGS
AC03313,90765800003313,CU03345,PR006,BR003,2020-06-15,,ACTIVE,INR,71414.50,CURRENT
AC03314,88511100003314,CU02608,PR009,BR004,2025-01-19,,DORMANT,INR,145312.92,FIXED_DEPOSIT
AC03315,28789500003315,CU01910,PR004,BR008,2025-03-17,2026-08-26,CLOSED,INR,94004.85,CURRENT
AC03316,58517900003316,CU00497,PR008,BR005,2020-01-25,2023-07-29,CLOSED,INR,219031.20,FIXED_DEPOSIT
AC03317,80134200003317,CU01911,PR001,BR001,2018-05-11,,ACTIVE,INR,77623.76,SAVINGS
AC03318,76548300003318,CU01158,PR009,BR010,2020-02-25,2021-08-29,CLOSED,INR,14612.03,FIXED_DEPOSIT
AC03319,98890600003319,CU00248,PR007,BR002,2020-06-16,,DORMANT,INR,221221.84,FIXED_DEPOSIT
AC03320,98733000003320,CU02173,PR001,BR009,2022-07-19,,ACTIVE,INR,11036.67,SAVINGS
AC03321,18253000003321,CU02156,PR001,BR002,2019-12-25,2022-06-29,CLOSED,INR,236594.76,SAVINGS
AC03322,96809300003322,CU04964,PR001,BR003,2021-10-22,2025-07-27,CLOSED,INR,112476.64,SAVINGS
AC03323,53082100003323,CU02960,PR004,BR005,2021-02-19,,ACTIVE,INR,29477.59,CURRENT
AC03324,29585900003324,CU04224,PR008,BR007,2018-07-05,,ACTIVE,INR,88769.66,FIXED_DEPOSIT
AC03325,53922400003325,CU03678,PR009,BR003,2024-08-22,,ACTIVE,INR,16260.68,FIXED_DEPOSIT
AC03326,24191200003326,CU04150,PR004,BR002,2025-01-11,2026-08-20,CLOSED,INR,58830.02,CURRENT
AC03327,64188900003327,CU04961,PR009,BR009,2020-05-15,,ACTIVE,INR,14302.79,FIXED_DEPOSIT
AC03328,27792700003328,CU03403,PR004,BR010,2021-07-24,,DORMANT,INR,114045.25,CURRENT
AC03329,24522600003329,CU04860,PR002,BR009,2019-04-09,2021-12-25,CLOSED,INR,48144.92,SAVINGS
AC03330,51018600003330,CU02065,PR001,BR006,2023-12-25,,ACTIVE,INR,34620.41,SAVINGS
AC03331,43789200003331,CU02803,PR009,BR010,2024-01-13,2026-08-25,CLOSED,INR,40645.96,FIXED_DEPOSIT
AC03332,37262500003332,CU00693,PR008,BR008,2019-08-26,,ACTIVE,INR,6118.41,FIXED_DEPOSIT
AC03333,40909800003333,CU00313,PR004,BR006,2021-09-19,2023-03-09,CLOSED,INR,52047.00,CURRENT
AC03334,21358900003334,CU03402,PR004,BR002,2021-03-30,,DORMANT,INR,28897.76,CURRENT
AC03335,47867600003335,CU01166,PR001,BR009,2020-12-16,2026-06-04,CLOSED,INR,51282.13,SAVINGS
AC03336,54568800003336,CU01203,PR002,BR006,2018-09-03,,DORMANT,INR,228199.58,SAVINGS
AC03337,61393800003337,CU01251,PR003,BR010,2020-08-10,2022-02-08,CLOSED,INR,55640.04,SAVINGS
AC03338,58322000003338,CU01092,PR009,BR005,2019-05-27,,ACTIVE,INR,78994.45,FIXED_DEPOSIT
AC03339,89074900003339,CU04870,PR003,BR003,2021-10-07,,DORMANT,INR,174245.84,SAVINGS
AC03340,23816700003340,CU00451,PR006,BR004,2025-11-13,,ACTIVE,INR,66527.32,CURRENT
AC03341,46295400003341,CU04864,PR005,BR005,2020-11-22,,DORMANT,INR,7883.20,CURRENT
AC03342,10641700003342,CU01108,PR002,BR004,2024-12-13,2026-08-20,CLOSED,INR,2098.44,SAVINGS
AC03343,53501000003343,CU00841,PR003,BR010,2021-08-08,,ACTIVE,INR,16185.70,SAVINGS
AC03344,84027500003344,CU04379,PR006,BR002,2023-06-03,2025-07-04,CLOSED,INR,149453.98,CURRENT
AC03345,81608500003345,CU02153,PR004,BR003,2019-10-31,,DORMANT,INR,174990.26,CURRENT
AC03346,54394200003346,CU00557,PR006,BR007,2022-02-28,2024-06-27,CLOSED,INR,192684.49,CURRENT
AC03347,95865600003347,CU03421,PR008,BR010,2024-07-18,,ACTIVE,INR,19654.57,FIXED_DEPOSIT
AC03348,20917700003348,CU02154,PR005,BR009,2022-08-31,,DORMANT,INR,25838.71,CURRENT
AC03349,56091700003349,CU03734,PR003,BR008,2021-01-04,,ACTIVE,INR,31175.68,SAVINGS
AC03350,92525100003350,CU01426,PR004,BR001,2021-08-21,2022-02-25,CLOSED,INR,34123.59,CURRENT
AC03351,44416300003351,CU00055,PR001,BR003,2020-05-02,2024-02-19,CLOSED,INR,43598.84,SAVINGS
AC03352,57053500003352,CU02177,PR003,BR010,2018-07-25,2022-11-05,CLOSED,INR,208753.63,SAVINGS
AC03353,28221100003353,CU03940,PR008,BR010,2020-02-24,,DORMANT,INR,181694.50,FIXED_DEPOSIT
AC03354,12010100003354,CU03723,PR006,BR010,2020-04-09,,DORMANT,INR,148202.28,CURRENT
AC03355,10153600003355,CU00033,PR006,BR002,2023-05-25,,DORMANT,INR,206905.88,CURRENT
AC03356,29379700003356,CU03815,PR002,BR006,2025-08-02,,DORMANT,INR,18988.58,SAVINGS
AC03357,77409000003357,CU03593,PR005,BR001,2018-06-27,,ACTIVE,INR,15533.99,CURRENT
AC03358,51026900003358,CU02999,PR008,BR006,2023-07-09,,DORMANT,INR,130371.64,FIXED_DEPOSIT
AC03359,61818400003359,CU04999,PR005,BR002,2024-04-25,,DORMANT,INR,33520.05,CURRENT
AC03360,89414100003360,CU00149,PR004,BR006,2023-07-01,,DORMANT,INR,171276.91,CURRENT
AC03361,53649200003361,CU02601,PR003,BR001,2022-02-15,,DORMANT,INR,54641.11,SAVINGS
AC03362,29812600003362,CU04288,PR009,BR006,2023-02-15,,DORMANT,INR,9490.49,FIXED_DEPOSIT
AC03363,82438800003363,CU01521,PR002,BR008,2022-04-11,,ACTIVE,INR,104904.64,SAVINGS
AC03364,88621100003364,CU01515,PR003,BR002,2019-07-22,,ACTIVE,INR,71143.39,SAVINGS
AC03365,94508300003365,CU00589,PR003,BR007,2022-07-29,,ACTIVE,INR,12402.09,SAVINGS
AC03366,91283000003366,CU02901,PR004,BR002,2019-09-27,,DORMANT,INR,34343.12,CURRENT
AC03367,58920500003367,CU02567,PR002,BR004,2018-10-06,,ACTIVE,INR,56170.07,SAVINGS
AC03368,80993800003368,CU01985,PR006,BR009,2020-08-06,,ACTIVE,INR,42.85,CURRENT
AC03369,24453000003369,CU01129,PR004,BR001,2019-03-29,2023-07-15,CLOSED,INR,87145.12,CURRENT
AC03370,89067600003370,CU00905,PR007,BR003,2020-11-23,2024-04-08,CLOSED,INR,26795.77,FIXED_DEPOSIT
AC03371,14485100003371,CU00823,PR008,BR010,2023-08-25,,ACTIVE,INR,76931.51,FIXED_DEPOSIT
AC03372,27679400003372,CU03616,PR002,BR009,2021-08-22,,DORMANT,INR,110200.62,SAVINGS
AC03373,30425700003373,CU02590,PR002,BR001,2022-02-01,,DORMANT,INR,140500.30,SAVINGS
AC03374,18497700003374,CU00938,PR006,BR006,2023-03-25,,DORMANT,INR,233913.13,CURRENT
AC03375,46870400003375,CU01811,PR008,BR001,2019-03-02,,ACTIVE,INR,45975.43,FIXED_DEPOSIT
AC03376,99851600003376,CU00765,PR002,BR003,2018-01-28,,ACTIVE,INR,38935.98,SAVINGS
AC03377,99843900003377,CU03218,PR006,BR003,2024-12-22,,ACTIVE,INR,188293.35,CURRENT
AC03378,28977500003378,CU04435,PR008,BR006,2021-02-11,,DORMANT,INR,101116.00,FIXED_DEPOSIT
AC03379,47712800003379,CU03437,PR004,BR007,2022-02-11,,ACTIVE,INR,31850.80,CURRENT
AC03380,32160500003380,CU00833,PR005,BR009,2023-09-01,2026-08-23,CLOSED,INR,101669.66,CURRENT
AC03381,67445900003381,CU01825,PR007,BR006,2025-03-10,2026-08-21,CLOSED,INR,105709.76,FIXED_DEPOSIT
AC03382,22259500003382,CU03070,PR001,BR010,2025-10-04,2026-08-27,CLOSED,INR,207875.84,SAVINGS
AC03383,88451200003383,CU00872,PR008,BR005,2021-05-27,,DORMANT,INR,174335.86,FIXED_DEPOSIT
AC03384,95768600003384,CU02633,PR007,BR006,2025-03-21,,ACTIVE,INR,91626.14,FIXED_DEPOSIT
AC03385,36079800003385,CU01600,PR003,BR007,2018-04-11,,DORMANT,INR,39378.39,SAVINGS
AC03386,29315600003386,CU00610,PR002,BR008,2023-06-04,,ACTIVE,INR,150.81,SAVINGS
AC03387,71706800003387,CU03448,PR005,BR002,2025-10-04,2026-08-26,CLOSED,INR,48516.91,CURRENT
AC03388,89632300003388,CU04941,PR001,BR001,2019-08-21,,DORMANT,INR,25717.64,SAVINGS
AC03389,23169100003389,CU01790,PR008,BR007,2025-03-24,2026-08-23,CLOSED,INR,139745.38,FIXED_DEPOSIT
AC03390,39498400003390,CU00102,PR001,BR003,2021-10-30,,DORMANT,INR,224800.02,SAVINGS
AC03391,46055600003391,CU04943,PR005,BR008,2018-01-06,2021-03-25,CLOSED,INR,30602.81,CURRENT
AC03392,48197400003392,CU01396,PR006,BR008,2025-01-21,,ACTIVE,INR,11878.91,CURRENT
AC03393,53206800003393,CU02286,PR001,BR006,2024-12-10,2026-08-22,CLOSED,INR,42273.01,SAVINGS
AC03394,92400600003394,CU00646,PR004,BR008,2019-06-07,,ACTIVE,INR,18419.56,CURRENT
AC03395,42139600003395,CU04830,PR001,BR007,2024-12-10,,DORMANT,INR,167110.47,SAVINGS
AC03396,91515400003396,CU01599,PR002,BR003,2019-11-19,,DORMANT,INR,44879.38,SAVINGS
AC03397,10203700003397,CU02396,PR006,BR010,2022-06-28,2024-01-21,CLOSED,INR,182022.33,CURRENT
AC03398,55614400003398,CU01422,PR005,BR010,2018-04-15,,DORMANT,INR,245969.74,CURRENT
AC03399,17399600003399,CU02666,PR003,BR006,2018-09-28,,DORMANT,INR,167726.84,SAVINGS
AC03400,57279000003400,CU04448,PR001,BR008,2022-07-06,,DORMANT,INR,15969.21,SAVINGS
AC03401,70470100003401,CU02676,PR001,BR007,2024-08-13,,DORMANT,INR,169103.49,SAVINGS
AC03402,91182400003402,CU02493,PR001,BR006,2023-08-14,,ACTIVE,INR,103577.60,SAVINGS
AC03403,47019300003403,CU00130,PR005,BR006,2023-01-02,2024-11-22,CLOSED,INR,46936.74,CURRENT
AC03404,47786000003404,CU03553,PR001,BR010,2019-05-13,,DORMANT,INR,233818.93,SAVINGS
AC03405,74427500003405,CU01241,PR007,BR005,2019-07-12,,DORMANT,INR,51624.65,FIXED_DEPOSIT
AC03406,17337300003406,CU01228,PR001,BR002,2018-02-14,,DORMANT,INR,90772.91,SAVINGS
AC03407,58556700003407,CU02549,PR001,BR003,2022-02-13,,ACTIVE,INR,57.11,SAVINGS
AC03408,28448900003408,CU04335,PR009,BR002,2024-05-11,,ACTIVE,INR,86915.66,FIXED_DEPOSIT
AC03409,12774400003409,CU02215,PR001,BR009,2018-05-21,,ACTIVE,INR,35.21,SAVINGS
AC03410,82624700003410,CU03921,PR001,BR001,2024-02-07,2026-08-25,CLOSED,INR,70343.45,SAVINGS
AC03411,59500100003411,CU03614,PR004,BR004,2018-03-17,,DORMANT,INR,67944.82,CURRENT
AC03412,10556900003412,CU02541,PR006,BR003,2018-02-23,2019-09-08,CLOSED,INR,160445.30,CURRENT
AC03413,11223200003413,CU00355,PR008,BR003,2020-10-05,2022-05-11,CLOSED,INR,152202.50,FIXED_DEPOSIT
AC03414,42710600003414,CU03165,PR001,BR009,2024-10-14,,DORMANT,INR,158895.90,SAVINGS
AC03415,88092900003415,CU00239,PR003,BR006,2022-09-29,,ACTIVE,INR,117612.32,SAVINGS
AC03416,29943000003416,CU04386,PR002,BR005,2020-10-19,,ACTIVE,INR,65492.71,SAVINGS
AC03417,83261500003417,CU04756,PR009,BR005,2025-05-03,2026-08-22,CLOSED,INR,205744.40,FIXED_DEPOSIT
AC03418,89337700003418,CU01226,PR009,BR004,2020-05-27,,DORMANT,INR,187357.22,FIXED_DEPOSIT
AC03419,96785000003419,CU04443,PR002,BR005,2024-01-23,,DORMANT,INR,171554.65,SAVINGS
AC03420,31994000003420,CU02128,PR009,BR008,2020-10-21,,DORMANT,INR,213089.81,FIXED_DEPOSIT
AC03421,30707600003421,CU03360,PR009,BR008,2022-06-01,2023-03-09,CLOSED,INR,32794.67,FIXED_DEPOSIT
AC03422,81493400003422,CU00068,PR007,BR004,2024-02-17,,ACTIVE,INR,15345.43,FIXED_DEPOSIT
AC03423,39515000003423,CU01466,PR005,BR007,2024-05-11,,DORMANT,INR,226992.30,CURRENT
AC03424,31966700003424,CU01576,PR003,BR007,2025-09-16,2026-08-24,CLOSED,INR,66486.70,SAVINGS
AC03425,98449700003425,CU02463,PR008,BR007,2025-06-10,,ACTIVE,INR,53417.31,FIXED_DEPOSIT
AC03426,14615400003426,CU03930,PR006,BR009,2024-04-11,,DORMANT,INR,234407.40,CURRENT
AC03427,68132000003427,CU00920,PR003,BR002,2019-09-05,,ACTIVE,INR,58429.46,SAVINGS
AC03428,49995200003428,CU02365,PR001,BR001,2021-08-15,2026-04-13,CLOSED,INR,136157.84,SAVINGS
AC03429,77143300003429,CU04845,PR002,BR006,2022-08-16,,ACTIVE,INR,51.78,SAVINGS
AC03430,57784300003430,CU02192,PR001,BR009,2019-05-17,,DORMANT,INR,50707.88,SAVINGS
AC03431,76470900003431,CU01014,PR009,BR007,2024-10-28,2026-08-21,CLOSED,INR,85299.68,FIXED_DEPOSIT
AC03432,62044200003432,CU00718,PR009,BR010,2019-12-29,,ACTIVE,INR,0.00,FIXED_DEPOSIT
AC03433,57055600003433,CU02576,PR001,BR009,2022-01-01,,ACTIVE,INR,31748.68,SAVINGS
AC03434,27645700003434,CU00674,PR005,BR002,2019-07-25,,DORMANT,INR,222954.87,CURRENT
AC03435,57209400003435,CU04752,PR001,BR002,2021-12-22,2026-07-27,CLOSED,INR,226534.44,SAVINGS
AC03436,65900500003436,CU01905,PR005,BR004,2020-01-20,2022-10-16,CLOSED,INR,137744.54,CURRENT
AC03437,70624700003437,CU02672,PR004,BR001,2024-06-05,,ACTIVE,INR,57959.29,CURRENT
AC03438,99869700003438,CU03508,PR003,BR006,2023-08-11,,ACTIVE,INR,72602.66,SAVINGS
AC03439,95117100003439,CU04917,PR001,BR001,2023-11-28,,DORMANT,INR,15225.51,SAVINGS
AC03440,23519900003440,CU04515,PR005,BR006,2021-01-30,,ACTIVE,INR,1092.32,CURRENT
AC03441,43273700003441,CU00407,PR003,BR008,2023-12-20,,DORMANT,INR,52602.01,SAVINGS
AC03442,83448500003442,CU04080,PR002,BR008,2025-11-08,,ACTIVE,INR,64742.91,SAVINGS
AC03443,37497700003443,CU00014,PR009,BR005,2019-07-15,2021-03-30,CLOSED,INR,25159.81,FIXED_DEPOSIT
AC03444,91777600003444,CU03525,PR008,BR009,2025-08-16,,ACTIVE,INR,178568.86,FIXED_DEPOSIT
AC03445,76998800003445,CU03604,PR001,BR006,2022-06-17,,DORMANT,INR,231424.82,SAVINGS
AC03446,24268200003446,CU03816,PR001,BR005,2023-12-10,2026-08-29,CLOSED,INR,197951.03,SAVINGS
AC03447,28577100003447,CU01894,PR007,BR004,2018-01-28,,ACTIVE,INR,33053.79,FIXED_DEPOSIT
AC03448,48283000003448,CU02229,PR005,BR006,2023-05-11,,ACTIVE,INR,13035.16,CURRENT
AC03449,71059600003449,CU02111,PR002,BR005,2024-05-23,2026-08-23,CLOSED,INR,136643.69,SAVINGS
AC03450,87905400003450,CU03959,PR004,BR001,2019-11-03,,DORMANT,INR,33006.37,CURRENT
AC03451,93356200003451,CU03224,PR002,BR001,2023-08-03,2026-08-25,CLOSED,INR,149761.57,SAVINGS
AC03452,36820400003452,CU00067,PR001,BR004,2020-04-17,2021-01-27,CLOSED,INR,175796.04,SAVINGS
AC03453,25878200003453,CU01929,PR007,BR005,2020-05-25,,DORMANT,INR,73994.51,FIXED_DEPOSIT
AC03454,72196400003454,CU01201,PR004,BR002,2025-09-08,2026-08-25,CLOSED,INR,110458.52,CURRENT
AC03455,17246500003455,CU01086,PR007,BR002,2025-09-19,2026-08-28,CLOSED,INR,87999.34,FIXED_DEPOSIT
AC03456,72481600003456,CU04389,PR009,BR005,2025-08-15,,ACTIVE,INR,368509.71,FIXED_DEPOSIT
AC03457,45152100003457,CU04583,PR002,BR002,2022-01-10,2023-10-07,CLOSED,INR,59848.29,SAVINGS
AC03458,39334100003458,CU01723,PR005,BR005,2021-06-28,2025-09-08,CLOSED,INR,75209.02,CURRENT
AC03459,12066500003459,CU03919,PR007,BR005,2019-11-04,,DORMANT,INR,68497.61,FIXED_DEPOSIT
AC03460,35340300003460,CU02642,PR002,BR010,2023-06-06,,ACTIVE,INR,13448.73,SAVINGS
AC03461,34352500003461,CU00742,PR004,BR010,2024-09-12,,ACTIVE,INR,46271.55,CURRENT
AC03462,66795800003462,CU01002,PR009,BR007,2021-12-16,,ACTIVE,INR,12.45,FIXED_DEPOSIT
AC03463,90513800003463,CU04811,PR008,BR009,2025-05-29,,DORMANT,INR,42599.69,FIXED_DEPOSIT
AC03464,22632600003464,CU01224,PR003,BR002,2025-04-30,,DORMANT,INR,189252.52,SAVINGS
AC03465,34116400003465,CU04047,PR009,BR006,2024-11-02,,ACTIVE,INR,157518.63,FIXED_DEPOSIT
AC03466,89912400003466,CU00212,PR006,BR004,2024-11-18,2026-08-23,CLOSED,INR,118745.45,CURRENT
AC03467,53288500003467,CU02582,PR005,BR009,2022-07-16,2026-08-26,CLOSED,INR,210467.12,CURRENT
AC03468,15335600003468,CU01565,PR005,BR002,2023-12-10,,DORMANT,INR,215404.97,CURRENT
AC03469,46349000003469,CU04050,PR008,BR008,2024-10-27,,ACTIVE,INR,144919.16,FIXED_DEPOSIT
AC03470,88804700003470,CU03477,PR001,BR004,2022-01-25,,ACTIVE,INR,88998.47,SAVINGS
AC03471,20029600003471,CU03452,PR002,BR003,2023-03-22,,DORMANT,INR,163574.20,SAVINGS
AC03472,67104400003472,CU03249,PR009,BR004,2018-11-22,2021-02-16,CLOSED,INR,65102.52,FIXED_DEPOSIT
AC03473,33444400003473,CU00462,PR003,BR003,2021-05-27,,DORMANT,INR,233488.80,SAVINGS
AC03474,47551600003474,CU02381,PR009,BR001,2022-10-08,,DORMANT,INR,144221.81,FIXED_DEPOSIT
AC03475,30486500003475,CU04184,PR006,BR010,2020-05-19,,ACTIVE,INR,102862.61,CURRENT
AC03476,40348200003476,CU02817,PR004,BR004,2023-05-25,,ACTIVE,INR,9437.92,CURRENT
AC03477,80024400003477,CU02810,PR002,BR001,2025-11-25,2026-08-20,CLOSED,INR,219877.22,SAVINGS
AC03478,64980800003478,CU02720,PR003,BR005,2018-09-21,,ACTIVE,INR,92987.58,SAVINGS
AC03479,74808500003479,CU01689,PR002,BR007,2022-06-28,,DORMANT,INR,119461.83,SAVINGS
AC03480,39005500003480,CU01642,PR005,BR010,2022-06-06,,ACTIVE,INR,26972.11,CURRENT
AC03481,55769800003481,CU02385,PR006,BR003,2025-02-21,,ACTIVE,INR,49669.37,CURRENT
AC03482,97090900003482,CU01810,PR003,BR002,2023-08-21,,DORMANT,INR,242476.02,SAVINGS
AC03483,17539400003483,CU04119,PR009,BR007,2024-07-13,,ACTIVE,INR,2996.14,FIXED_DEPOSIT
AC03484,75512800003484,CU02535,PR005,BR010,2023-08-05,,ACTIVE,INR,149828.59,CURRENT
AC03485,64209900003485,CU03888,PR005,BR008,2021-07-14,2022-06-02,CLOSED,INR,245698.53,CURRENT
AC03486,31901800003486,CU03357,PR007,BR008,2020-02-16,,ACTIVE,INR,2334.96,FIXED_DEPOSIT
AC03487,57479000003487,CU03385,PR006,BR007,2025-03-02,2026-08-25,CLOSED,INR,43271.10,CURRENT
AC03488,58330800003488,CU00636,PR002,BR004,2021-06-25,2025-09-27,CLOSED,INR,160398.53,SAVINGS
AC03489,91502300003489,CU00817,PR008,BR010,2022-06-20,,ACTIVE,INR,80431.46,FIXED_DEPOSIT
AC03490,51745300003490,CU03188,PR009,BR006,2018-12-07,,DORMANT,INR,25855.46,FIXED_DEPOSIT
AC03491,18542200003491,CU01823,PR007,BR003,2023-09-22,,DORMANT,INR,220520.87,FIXED_DEPOSIT
AC03492,49771100003492,CU00405,PR009,BR006,2020-04-23,,ACTIVE,INR,150020.41,FIXED_DEPOSIT
AC03493,60172100003493,CU01695,PR005,BR004,2018-12-26,,ACTIVE,INR,2512.71,CURRENT
AC03494,77778900003494,CU04034,PR001,BR007,2021-11-19,,ACTIVE,INR,52745.02,SAVINGS
AC03495,44670000003495,CU04787,PR004,BR008,2024-10-26,,ACTIVE,INR,33865.08,CURRENT
AC03496,50456700003496,CU03727,PR001,BR005,2023-01-21,,ACTIVE,INR,67371.74,SAVINGS
AC03497,23987600003497,CU01945,PR005,BR009,2019-02-28,,ACTIVE,INR,282.43,CURRENT
AC03498,48409200003498,CU00093,PR005,BR007,2024-06-14,,DORMANT,INR,49153.79,CURRENT
AC03499,87783200003499,CU00141,PR003,BR010,2021-09-09,,ACTIVE,INR,916.48,SAVINGS
AC03500,64368100003500,CU01762,PR004,BR008,2023-12-12,,DORMANT,INR,8474.73,CURRENT
AC03501,97615300003501,CU02498,PR009,BR008,2021-08-28,,DORMANT,INR,81414.96,FIXED_DEPOSIT
AC03502,32844200003502,CU03557,PR003,BR004,2018-02-27,,DORMANT,INR,218722.89,SAVINGS
AC03503,93965800003503,CU03708,PR003,BR006,2022-12-06,,DORMANT,INR,179286.99,SAVINGS
AC03504,67691500003504,CU02123,PR003,BR007,2020-07-09,,ACTIVE,INR,46577.33,SAVINGS
AC03505,38745400003505,CU04510,PR008,BR009,2020-04-24,2022-04-12,CLOSED,INR,91731.61,FIXED_DEPOSIT
AC03506,28566000003506,CU00305,PR002,BR004,2023-04-04,,ACTIVE,INR,136033.45,SAVINGS
AC03507,48910500003507,CU02315,PR002,BR007,2025-09-15,,ACTIVE,INR,109493.30,SAVINGS
AC03508,60341300003508,CU02848,PR002,BR003,2024-06-06,2026-08-23,CLOSED,INR,189944.86,SAVINGS
AC03509,61127700003509,CU04023,PR009,BR009,2019-11-18,,DORMANT,INR,166738.33,FIXED_DEPOSIT
AC03510,76488200003510,CU04813,PR009,BR004,2022-06-22,,ACTIVE,INR,50298.20,FIXED_DEPOSIT
AC03511,85920500003511,CU03782,PR004,BR007,2018-04-23,,ACTIVE,INR,45216.62,CURRENT
AC03512,25827700003512,CU03527,PR004,BR002,2024-02-13,2026-08-27,CLOSED,INR,220383.48,CURRENT
AC03513,28678200003513,CU00491,PR004,BR002,2023-08-03,2026-08-29,CLOSED,INR,134411.84,CURRENT
AC03514,40466400003514,CU03330,PR005,BR006,2023-10-16,,ACTIVE,INR,24543.20,CURRENT
AC03515,46997700003515,CU02846,PR001,BR004,2019-04-13,,DORMANT,INR,108739.47,SAVINGS
AC03516,75222600003516,CU00986,PR006,BR002,2025-10-02,,ACTIVE,INR,6306.69,CURRENT
AC03517,82064200003517,CU00304,PR006,BR009,2019-01-16,2020-07-13,CLOSED,INR,164791.26,CURRENT
AC03518,95258300003518,CU03213,PR002,BR004,2024-08-28,2026-08-24,CLOSED,INR,69255.35,SAVINGS
AC03519,68144500003519,CU01805,PR006,BR006,2021-02-14,2021-08-16,CLOSED,INR,200959.54,CURRENT
AC03520,94619500003520,CU03510,PR007,BR007,2018-05-19,2019-08-15,CLOSED,INR,248392.90,FIXED_DEPOSIT
AC03521,50750400003521,CU02991,PR008,BR007,2023-09-10,,DORMANT,INR,94276.13,FIXED_DEPOSIT
AC03522,56665800003522,CU04114,PR006,BR002,2022-06-17,,DORMANT,INR,206873.52,CURRENT
AC03523,42645700003523,CU04017,PR008,BR006,2020-04-08,,DORMANT,INR,168687.98,FIXED_DEPOSIT
AC03524,15061200003524,CU02677,PR002,BR005,2019-12-07,,ACTIVE,INR,94609.49,SAVINGS
AC03525,60107100003525,CU04190,PR004,BR006,2024-07-14,,ACTIVE,INR,13444.93,CURRENT
AC03526,45604000003526,CU03139,PR009,BR001,2025-04-15,,ACTIVE,INR,1.78,FIXED_DEPOSIT
AC03527,54258600003527,CU01849,PR007,BR002,2023-07-03,,DORMANT,INR,116305.06,FIXED_DEPOSIT
AC03528,65367700003528,CU02878,PR009,BR004,2021-11-17,2026-08-28,CLOSED,INR,74691.61,FIXED_DEPOSIT
AC03529,88854500003529,CU02291,PR005,BR003,2018-06-03,,DORMANT,INR,43878.15,CURRENT
AC03530,31571300003530,CU00975,PR006,BR001,2022-04-29,2024-05-31,CLOSED,INR,53104.56,CURRENT
AC03531,49532600003531,CU04220,PR008,BR010,2019-10-05,2023-08-12,CLOSED,INR,229742.58,FIXED_DEPOSIT
AC03532,97157600003532,CU00007,PR004,BR002,2018-03-23,2022-05-14,CLOSED,INR,144360.99,CURRENT
AC03533,21558200003533,CU01054,PR007,BR004,2018-05-18,2019-10-26,CLOSED,INR,235509.09,FIXED_DEPOSIT
AC03534,82518600003534,CU04513,PR003,BR006,2019-03-21,2024-04-29,CLOSED,INR,229995.71,SAVINGS
AC03535,15689100003535,CU00077,PR005,BR010,2023-03-14,,DORMANT,INR,189745.46,CURRENT
AC03536,91750300003536,CU04024,PR009,BR006,2024-03-15,,DORMANT,INR,237171.50,FIXED_DEPOSIT
AC03537,34580100003537,CU03856,PR009,BR006,2023-07-12,2026-06-30,CLOSED,INR,187833.04,FIXED_DEPOSIT
AC03538,60780100003538,CU02801,PR009,BR003,2019-05-22,2024-04-01,CLOSED,INR,162391.32,FIXED_DEPOSIT
AC03539,92607200003539,CU02898,PR002,BR006,2021-04-11,,DORMANT,INR,95850.54,SAVINGS
AC03540,53823400003540,CU01879,PR007,BR006,2022-04-11,,ACTIVE,INR,311473.02,FIXED_DEPOSIT
AC03541,59675600003541,CU02075,PR007,BR006,2019-04-18,,DORMANT,INR,88687.72,FIXED_DEPOSIT
AC03542,48534200003542,CU02202,PR005,BR005,2024-07-22,2026-03-19,CLOSED,INR,204891.92,CURRENT
AC03543,80479800003543,CU02950,PR004,BR007,2020-10-10,,DORMANT,INR,16689.36,CURRENT
AC03544,52998800003544,CU03294,PR004,BR002,2022-07-23,,DORMANT,INR,55741.73,CURRENT
AC03545,63842700003545,CU01363,PR002,BR006,2025-03-08,,ACTIVE,INR,78926.45,SAVINGS
AC03546,38670700003546,CU03895,PR005,BR006,2025-08-02,,ACTIVE,INR,14411.31,CURRENT
AC03547,45487000003547,CU04531,PR009,BR002,2025-04-28,,DORMANT,INR,215521.95,FIXED_DEPOSIT
AC03548,24159200003548,CU03297,PR009,BR004,2018-11-20,2023-02-03,CLOSED,INR,19419.96,FIXED_DEPOSIT
AC03549,92552200003549,CU02457,PR007,BR001,2018-03-12,,DORMANT,INR,1743.64,FIXED_DEPOSIT
AC03550,68918200003550,CU01274,PR003,BR010,2022-07-11,,DORMANT,INR,56522.11,SAVINGS
AC03551,16086400003551,CU00898,PR001,BR010,2021-07-29,2023-08-23,CLOSED,INR,32587.00,SAVINGS
AC03552,28682900003552,CU02513,PR004,BR010,2024-08-05,,DORMANT,INR,230575.26,CURRENT
AC03553,94749300003553,CU04546,PR002,BR008,2024-07-10,,ACTIVE,INR,48203.33,SAVINGS
AC03554,99915700003554,CU01001,PR007,BR006,2023-01-09,2026-08-25,CLOSED,INR,121937.34,FIXED_DEPOSIT
AC03555,66381200003555,CU03067,PR007,BR005,2021-10-05,2023-08-08,CLOSED,INR,219994.41,FIXED_DEPOSIT
AC03556,23914300003556,CU00880,PR004,BR001,2018-11-08,,ACTIVE,INR,200.07,CURRENT
AC03557,36862200003557,CU02340,PR006,BR007,2020-12-21,,DORMANT,INR,170907.37,CURRENT
AC03558,48270900003558,CU04347,PR007,BR008,2025-01-04,,DORMANT,INR,217243.19,FIXED_DEPOSIT
AC03559,34600200003559,CU04167,PR003,BR007,2020-02-08,,ACTIVE,INR,84.88,SAVINGS
AC03560,64632000003560,CU01163,PR003,BR006,2025-05-30,,DORMANT,INR,185898.71,SAVINGS
AC03561,78589900003561,CU00537,PR005,BR004,2025-03-04,,DORMANT,INR,166457.74,CURRENT
AC03562,77974500003562,CU02514,PR002,BR005,2021-12-26,,DORMANT,INR,60268.15,SAVINGS
AC03563,68391700003563,CU04696,PR007,BR008,2020-05-08,,DORMANT,INR,160212.05,FIXED_DEPOSIT
AC03564,75015400003564,CU04365,PR001,BR006,2024-12-02,,DORMANT,INR,153790.00,SAVINGS
AC03565,19874400003565,CU04257,PR008,BR005,2022-08-23,,ACTIVE,INR,25860.95,FIXED_DEPOSIT
AC03566,46247100003566,CU03154,PR009,BR009,2022-10-21,,ACTIVE,INR,60750.59,FIXED_DEPOSIT
AC03567,52024200003567,CU04548,PR001,BR010,2023-09-01,,DORMANT,INR,151252.68,SAVINGS
AC03568,82601300003568,CU00916,PR007,BR008,2020-02-14,,ACTIVE,INR,3152.82,FIXED_DEPOSIT
AC03569,17888900003569,CU02227,PR006,BR004,2018-03-08,2021-11-07,CLOSED,INR,83890.60,CURRENT
AC03570,89791600003570,CU02957,PR005,BR006,2022-06-13,,DORMANT,INR,56654.10,CURRENT
AC03571,81109600003571,CU03333,PR007,BR010,2019-01-24,,DORMANT,INR,155975.34,FIXED_DEPOSIT
AC03572,29236900003572,CU00113,PR003,BR007,2021-08-10,,DORMANT,INR,82016.66,SAVINGS
AC03573,17856300003573,CU04936,PR003,BR007,2025-12-08,,DORMANT,INR,183034.95,SAVINGS
AC03574,29363600003574,CU03199,PR003,BR007,2024-02-29,2025-10-17,CLOSED,INR,169969.78,SAVINGS
AC03575,76020700003575,CU01153,PR008,BR010,2018-12-14,,DORMANT,INR,138889.67,FIXED_DEPOSIT
AC03576,41612500003576,CU00633,PR009,BR001,2021-09-21,,ACTIVE,INR,5634.98,FIXED_DEPOSIT
AC03577,98692900003577,CU02710,PR004,BR002,2021-12-31,,DORMANT,INR,180169.21,CURRENT
AC03578,39636600003578,CU02162,PR006,BR010,2025-02-02,2026-08-27,CLOSED,INR,171117.11,CURRENT
AC03579,97025700003579,CU00853,PR001,BR008,2025-04-05,2026-08-26,CLOSED,INR,105556.57,SAVINGS
AC03580,73343400003580,CU00724,PR006,BR010,2024-07-10,,ACTIVE,INR,6038.22,CURRENT
AC03581,20963100003581,CU02135,PR001,BR004,2019-12-29,,DORMANT,INR,206428.73,SAVINGS
AC03582,29949300003582,CU01132,PR001,BR002,2022-06-09,,ACTIVE,INR,32649.76,SAVINGS
AC03583,81212900003583,CU02507,PR004,BR008,2025-12-20,,DORMANT,INR,205778.04,CURRENT
AC03584,53131000003584,CU04716,PR009,BR010,2022-09-22,,DORMANT,INR,172303.51,FIXED_DEPOSIT
AC03585,38900700003585,CU01666,PR002,BR009,2023-05-22,,DORMANT,INR,153080.90,SAVINGS
AC03586,66787500003586,CU04160,PR001,BR004,2022-09-17,2026-08-24,CLOSED,INR,51357.45,SAVINGS
AC03587,74670100003587,CU00422,PR005,BR003,2023-04-17,2026-08-26,CLOSED,INR,115348.54,CURRENT
AC03588,26346400003588,CU02623,PR009,BR008,2023-01-28,,DORMANT,INR,2199.10,FIXED_DEPOSIT
AC03589,38247000003589,CU00956,PR001,BR007,2020-03-02,2024-12-06,CLOSED,INR,232172.69,SAVINGS
AC03590,55189200003590,CU02774,PR002,BR009,2020-12-14,2022-09-07,CLOSED,INR,39317.21,SAVINGS
AC03591,38562200003591,CU01078,PR004,BR010,2021-08-04,2026-08-27,CLOSED,INR,25172.49,CURRENT
AC03592,98074500003592,CU01635,PR005,BR002,2022-03-22,2023-09-22,CLOSED,INR,67067.74,CURRENT
AC03593,70432900003593,CU04001,PR007,BR009,2024-02-09,2026-08-23,CLOSED,INR,21706.52,FIXED_DEPOSIT
AC03594,36360500003594,CU01310,PR009,BR002,2025-01-24,,ACTIVE,INR,64647.00,FIXED_DEPOSIT
AC03595,62915100003595,CU01987,PR004,BR004,2023-10-23,2026-08-22,CLOSED,INR,139942.03,CURRENT
AC03596,41188700003596,CU00402,PR008,BR006,2021-03-02,,DORMANT,INR,200221.89,FIXED_DEPOSIT
AC03597,48506600003597,CU03680,PR007,BR008,2022-10-27,2024-08-26,CLOSED,INR,182110.18,FIXED_DEPOSIT
AC03598,73633400003598,CU00325,PR006,BR009,2018-05-20,,ACTIVE,INR,19747.48,CURRENT
AC03599,89590700003599,CU01434,PR003,BR003,2024-04-17,,ACTIVE,INR,99896.93,SAVINGS
AC03600,45416200003600,CU00712,PR009,BR008,2021-06-11,2023-12-12,CLOSED,INR,50849.19,FIXED_DEPOSIT
AC03601,33815200003601,CU02455,PR007,BR005,2019-03-19,2020-10-09,CLOSED,INR,131121.20,FIXED_DEPOSIT
AC03602,79113000003602,CU03388,PR003,BR007,2019-05-30,2023-01-31,CLOSED,INR,197732.39,SAVINGS
AC03603,46613300003603,CU02922,PR005,BR006,2020-03-01,2021-08-19,CLOSED,INR,39471.36,CURRENT
AC03604,65809000003604,CU02661,PR002,BR001,2021-11-11,,DORMANT,INR,15329.82,SAVINGS
AC03605,80725000003605,CU04118,PR005,BR007,2018-03-03,,ACTIVE,INR,15237.48,CURRENT
AC03606,46282300003606,CU03720,PR007,BR009,2023-02-25,,DORMANT,INR,143960.40,FIXED_DEPOSIT
AC03607,56099500003607,CU00909,PR003,BR008,2024-10-01,2026-08-25,CLOSED,INR,72790.15,SAVINGS
AC03608,98266000003608,CU00797,PR005,BR004,2025-03-11,,DORMANT,INR,224477.66,CURRENT
AC03609,85031400003609,CU00205,PR006,BR006,2025-12-02,,ACTIVE,INR,478.22,CURRENT
AC03610,12938400003610,CU00934,PR006,BR010,2025-03-17,,DORMANT,INR,134752.94,CURRENT
AC03611,47906600003611,CU02281,PR009,BR005,2024-01-31,,DORMANT,INR,24862.80,FIXED_DEPOSIT
AC03612,35434300003612,CU03824,PR006,BR008,2020-10-22,,DORMANT,INR,206223.35,CURRENT
AC03613,29396600003613,CU02757,PR007,BR006,2024-08-03,,ACTIVE,INR,4696.08,FIXED_DEPOSIT
AC03614,17732900003614,CU04328,PR009,BR010,2024-07-16,,DORMANT,INR,11042.44,FIXED_DEPOSIT
AC03615,64168900003615,CU02625,PR007,BR001,2024-12-01,2026-08-26,CLOSED,INR,166047.57,FIXED_DEPOSIT
AC03616,23678200003616,CU04658,PR007,BR010,2024-07-17,,DORMANT,INR,47269.26,FIXED_DEPOSIT
AC03617,67246900003617,CU04073,PR006,BR008,2023-10-02,2026-08-23,CLOSED,INR,83660.16,CURRENT
AC03618,20728300003618,CU01623,PR009,BR006,2022-06-08,,ACTIVE,INR,36988.50,FIXED_DEPOSIT
AC03619,26596300003619,CU02706,PR002,BR003,2025-11-18,2026-08-29,CLOSED,INR,161837.44,SAVINGS
AC03620,13364800003620,CU02682,PR003,BR004,2024-09-02,,DORMANT,INR,124497.29,SAVINGS
AC03621,19324300003621,CU00708,PR002,BR008,2020-01-09,,ACTIVE,INR,34266.61,SAVINGS
AC03622,47564300003622,CU02476,PR002,BR008,2018-07-05,2020-03-06,CLOSED,INR,199905.40,SAVINGS
AC03623,56603800003623,CU03693,PR004,BR006,2019-05-04,,DORMANT,INR,109782.16,CURRENT
AC03624,65283700003624,CU03740,PR005,BR006,2021-04-02,,DORMANT,INR,144429.16,CURRENT
AC03625,79124000003625,CU01398,PR002,BR010,2024-08-01,2026-08-22,CLOSED,INR,203730.60,SAVINGS
AC03626,48332000003626,CU02496,PR006,BR009,2021-11-14,,ACTIVE,INR,11871.32,CURRENT
AC03627,99971500003627,CU02161,PR002,BR004,2018-07-06,2023-06-18,CLOSED,INR,115479.62,SAVINGS
AC03628,73696600003628,CU02658,PR001,BR001,2022-10-13,,DORMANT,INR,240348.67,SAVINGS
AC03629,22954200003629,CU01258,PR003,BR001,2020-09-05,,DORMANT,INR,217781.32,SAVINGS
AC03630,59508200003630,CU03206,PR004,BR003,2023-04-04,2023-10-06,CLOSED,INR,117862.21,CURRENT
AC03631,61595100003631,CU04499,PR007,BR010,2020-11-30,2024-02-12,CLOSED,INR,113498.54,FIXED_DEPOSIT
AC03632,62032900003632,CU04622,PR005,BR006,2018-08-11,,DORMANT,INR,45438.61,CURRENT
AC03633,95428400003633,CU04574,PR005,BR004,2024-04-10,,DORMANT,INR,2770.77,CURRENT
AC03634,67357400003634,CU03506,PR003,BR010,2023-03-28,,ACTIVE,INR,139960.98,SAVINGS
AC03635,65943100003635,CU04357,PR009,BR009,2023-03-09,,ACTIVE,INR,10416.64,FIXED_DEPOSIT
AC03636,38253400003636,CU03020,PR002,BR004,2018-05-22,,DORMANT,INR,203614.69,SAVINGS
AC03637,32721300003637,CU03596,PR004,BR008,2020-09-09,,ACTIVE,INR,108890.01,CURRENT
AC03638,81333300003638,CU04806,PR008,BR006,2022-10-10,,ACTIVE,INR,5396.14,FIXED_DEPOSIT
AC03639,67716700003639,CU00191,PR003,BR006,2024-01-22,,ACTIVE,INR,11042.42,SAVINGS
AC03640,43362000003640,CU03377,PR009,BR008,2020-05-29,,DORMANT,INR,38262.16,FIXED_DEPOSIT
AC03641,92404500003641,CU04965,PR005,BR003,2025-01-10,,ACTIVE,INR,3179.41,CURRENT
AC03642,88250500003642,CU03433,PR007,BR010,2025-11-24,,ACTIVE,INR,36328.20,FIXED_DEPOSIT
AC03643,51465200003643,CU04773,PR007,BR009,2024-01-22,,DORMANT,INR,51982.80,FIXED_DEPOSIT
AC03644,29920500003644,CU02987,PR007,BR010,2018-12-31,2021-05-26,CLOSED,INR,171919.01,FIXED_DEPOSIT
AC03645,42358500003645,CU04733,PR003,BR001,2020-09-20,,DORMANT,INR,88658.25,SAVINGS
AC03646,40176500003646,CU01857,PR008,BR005,2020-12-26,2023-12-13,CLOSED,INR,44125.79,FIXED_DEPOSIT
AC03647,58972800003647,CU01384,PR006,BR004,2018-05-11,2022-01-29,CLOSED,INR,19693.28,CURRENT
AC03648,28543700003648,CU03645,PR002,BR004,2024-10-08,,ACTIVE,INR,20639.47,SAVINGS
AC03649,57144100003649,CU01390,PR004,BR009,2019-04-28,,DORMANT,INR,31695.20,CURRENT
AC03650,95067300003650,CU03408,PR002,BR008,2018-03-15,,DORMANT,INR,90316.21,SAVINGS
AC03651,85548300003651,CU03420,PR009,BR003,2020-04-14,,ACTIVE,INR,10455.72,FIXED_DEPOSIT
AC03652,68532400003652,CU00761,PR003,BR003,2024-04-24,2026-08-22,CLOSED,INR,131843.63,SAVINGS
AC03653,69526400003653,CU03662,PR006,BR005,2025-09-24,,DORMANT,INR,187030.71,CURRENT
AC03654,89531300003654,CU04476,PR001,BR003,2024-05-14,2026-01-27,CLOSED,INR,228763.01,SAVINGS
AC03655,98242200003655,CU04889,PR009,BR010,2024-07-25,,DORMANT,INR,141611.53,FIXED_DEPOSIT
AC03656,46408000003656,CU01007,PR006,BR006,2024-05-10,,DORMANT,INR,164418.55,CURRENT
AC03657,16903000003657,CU00839,PR009,BR004,2020-10-02,2022-07-30,CLOSED,INR,219971.10,FIXED_DEPOSIT
AC03658,56050400003658,CU04494,PR004,BR001,2020-12-22,,ACTIVE,INR,202210.01,CURRENT
AC03659,93753800003659,CU04729,PR002,BR006,2018-03-23,,DORMANT,INR,132238.36,SAVINGS
AC03660,91935200003660,CU01770,PR004,BR001,2024-12-03,,ACTIVE,INR,20891.71,CURRENT
AC03661,12237400003661,CU03684,PR008,BR004,2020-05-27,,DORMANT,INR,204822.61,FIXED_DEPOSIT
AC03662,83566800003662,CU00760,PR004,BR009,2020-11-12,,DORMANT,INR,53234.97,CURRENT
AC03663,80944300003663,CU02565,PR006,BR010,2020-09-28,,ACTIVE,INR,241128.54,CURRENT
AC03664,65929200003664,CU00199,PR003,BR003,2018-06-21,2021-05-18,CLOSED,INR,100327.40,SAVINGS
AC03665,82325700003665,CU00148,PR002,BR010,2022-05-13,2026-08-25,CLOSED,INR,171804.20,SAVINGS
AC03666,21876700003666,CU04816,PR001,BR010,2023-09-24,,ACTIVE,INR,241217.91,SAVINGS
AC03667,90281200003667,CU00057,PR007,BR005,2019-10-17,2022-04-13,CLOSED,INR,143623.92,FIXED_DEPOSIT
AC03668,65492000003668,CU00140,PR003,BR008,2023-10-17,,ACTIVE,INR,84164.13,SAVINGS
AC03669,92303500003669,CU01634,PR005,BR006,2018-04-07,,ACTIVE,INR,188915.90,CURRENT
AC03670,66253500003670,CU02589,PR005,BR009,2020-11-09,,ACTIVE,INR,18598.73,CURRENT
AC03671,53236700003671,CU00054,PR008,BR006,2025-12-19,2026-08-21,CLOSED,INR,57554.76,FIXED_DEPOSIT
AC03672,38411500003672,CU00050,PR007,BR003,2025-08-13,2026-08-27,CLOSED,INR,11703.46,FIXED_DEPOSIT
AC03673,23837500003673,CU03349,PR006,BR003,2020-07-11,,ACTIVE,INR,94073.84,CURRENT
AC03674,81710800003674,CU04710,PR003,BR003,2025-10-11,,ACTIVE,INR,40997.24,SAVINGS
AC03675,26918400003675,CU04718,PR001,BR008,2020-07-02,2021-05-30,CLOSED,INR,196308.29,SAVINGS
AC03676,28609600003676,CU00028,PR004,BR005,2023-04-03,2025-10-29,CLOSED,INR,203078.59,CURRENT
AC03677,12295200003677,CU02674,PR002,BR001,2019-11-29,,ACTIVE,INR,83149.76,SAVINGS
AC03678,10425600003678,CU03664,PR004,BR005,2024-05-11,2026-08-20,CLOSED,INR,194581.17,CURRENT
AC03679,57884200003679,CU03929,PR005,BR005,2021-10-27,,DORMANT,INR,93748.10,CURRENT
AC03680,28389600003680,CU02421,PR006,BR007,2023-04-09,,ACTIVE,INR,66213.75,CURRENT
AC03681,27613600003681,CU02609,PR008,BR002,2023-03-19,,ACTIVE,INR,24266.22,FIXED_DEPOSIT
AC03682,15074900003682,CU00143,PR009,BR001,2021-11-30,2026-08-22,CLOSED,INR,206377.13,FIXED_DEPOSIT
AC03683,85373600003683,CU01386,PR008,BR008,2019-10-25,,DORMANT,INR,173407.55,FIXED_DEPOSIT
AC03684,93601800003684,CU03953,PR006,BR003,2020-09-02,,ACTIVE,INR,974.89,CURRENT
AC03685,52034400003685,CU01860,PR006,BR008,2019-05-15,,DORMANT,INR,61262.66,CURRENT
AC03686,31611600003686,CU04853,PR008,BR001,2018-02-17,,DORMANT,INR,195475.75,FIXED_DEPOSIT
AC03687,80464700003687,CU00351,PR005,BR004,2022-03-17,,DORMANT,INR,182906.49,CURRENT
AC03688,85927300003688,CU04407,PR005,BR003,2021-02-27,,DORMANT,INR,148171.23,CURRENT
AC03689,57183800003689,CU00295,PR008,BR006,2018-12-06,2023-10-07,CLOSED,INR,192247.08,FIXED_DEPOSIT
AC03690,16045000003690,CU02685,PR001,BR004,2021-04-18,,ACTIVE,INR,13433.70,SAVINGS
AC03691,29667100003691,CU02963,PR006,BR009,2020-08-22,,DORMANT,INR,52226.55,CURRENT
AC03692,34356000003692,CU01664,PR004,BR009,2021-09-08,2022-07-16,CLOSED,INR,87505.36,CURRENT
AC03693,54753300003693,CU02013,PR008,BR002,2025-07-12,,ACTIVE,INR,178212.85,FIXED_DEPOSIT
AC03694,75366100003694,CU00709,PR001,BR001,2022-08-14,,ACTIVE,INR,248906.21,SAVINGS
AC03695,44805100003695,CU02059,PR001,BR001,2023-11-16,,DORMANT,INR,31283.60,SAVINGS
AC03696,30157800003696,CU02294,PR008,BR009,2025-06-02,2026-08-23,CLOSED,INR,83551.26,FIXED_DEPOSIT
AC03697,19417200003697,CU00533,PR003,BR003,2022-03-23,,ACTIVE,INR,27949.03,SAVINGS
AC03698,77016100003698,CU01065,PR007,BR007,2022-06-28,,DORMANT,INR,208841.97,FIXED_DEPOSIT
AC03699,48706100003699,CU03410,PR008,BR010,2022-12-06,,DORMANT,INR,205971.30,FIXED_DEPOSIT
AC03700,27280900003700,CU03538,PR001,BR001,2022-02-27,,ACTIVE,INR,4267.58,SAVINGS
AC03701,71822100003701,CU03361,PR005,BR005,2020-12-21,,ACTIVE,INR,18416.41,CURRENT
AC03702,45338000003702,CU02759,PR008,BR003,2024-07-20,2026-08-27,CLOSED,INR,207690.98,FIXED_DEPOSIT
AC03703,17429900003703,CU01035,PR001,BR001,2019-08-06,,DORMANT,INR,75401.45,SAVINGS
AC03704,91708400003704,CU03077,PR007,BR009,2024-04-08,,DORMANT,INR,61191.54,FIXED_DEPOSIT
AC03705,97006300003705,CU01989,PR004,BR001,2020-11-08,2024-12-20,CLOSED,INR,128537.67,CURRENT
AC03706,97790400003706,CU00338,PR007,BR007,2021-12-19,2024-10-14,CLOSED,INR,74633.80,FIXED_DEPOSIT
AC03707,52606400003707,CU04259,PR002,BR002,2022-01-23,,DORMANT,INR,196156.79,SAVINGS
AC03708,29939600003708,CU01591,PR006,BR003,2025-10-04,,ACTIVE,INR,94626.50,CURRENT
AC03709,88438300003709,CU02955,PR005,BR009,2025-12-01,,ACTIVE,INR,113597.48,CURRENT
AC03710,36097500003710,CU03171,PR009,BR003,2025-09-10,,ACTIVE,INR,55150.08,FIXED_DEPOSIT
AC03711,11465900003711,CU00608,PR002,BR005,2021-05-15,,DORMANT,INR,18727.29,SAVINGS
AC03712,75808400003712,CU01249,PR004,BR005,2018-05-05,2018-11-05,CLOSED,INR,160349.32,CURRENT
AC03713,57865500003713,CU01180,PR005,BR003,2022-04-30,,DORMANT,INR,44234.82,CURRENT
AC03714,34499600003714,CU01006,PR005,BR007,2019-11-06,,DORMANT,INR,20544.76,CURRENT
AC03715,53469600003715,CU04483,PR002,BR003,2018-04-21,,ACTIVE,INR,26548.72,SAVINGS
AC03716,98052900003716,CU00200,PR008,BR004,2023-10-10,,ACTIVE,INR,96.92,FIXED_DEPOSIT
AC03717,85020000003717,CU02413,PR001,BR008,2020-10-19,,ACTIVE,INR,349.10,SAVINGS
AC03718,89807900003718,CU00429,PR009,BR007,2021-03-16,2022-06-16,CLOSED,INR,89973.66,FIXED_DEPOSIT
AC03719,45053700003719,CU00546,PR004,BR004,2024-10-30,2026-08-22,CLOSED,INR,234032.69,CURRENT
AC03720,18027300003720,CU01601,PR003,BR007,2025-02-19,2026-08-26,CLOSED,INR,166753.58,SAVINGS
AC03721,78725100003721,CU03548,PR005,BR008,2019-08-26,,ACTIVE,INR,53.77,CURRENT
AC03722,94197100003722,CU01350,PR006,BR006,2022-11-14,,ACTIVE,INR,68466.13,CURRENT
AC03723,62674700003723,CU00520,PR003,BR004,2022-09-01,2026-08-29,CLOSED,INR,106557.89,SAVINGS
AC03724,11799600003724,CU04802,PR007,BR005,2018-09-15,,DORMANT,INR,34539.37,FIXED_DEPOSIT
AC03725,63079700003725,CU04596,PR004,BR005,2023-07-05,,DORMANT,INR,163199.92,CURRENT
AC03726,15225800003726,CU03054,PR008,BR010,2024-09-20,,DORMANT,INR,164162.70,FIXED_DEPOSIT
AC03727,97136900003727,CU04875,PR006,BR008,2025-11-29,,ACTIVE,INR,7759.11,CURRENT
AC03728,35887800003728,CU01296,PR007,BR005,2021-12-11,,DORMANT,INR,182990.97,FIXED_DEPOSIT
AC03729,52801800003729,CU02743,PR008,BR008,2021-01-28,,DORMANT,INR,159211.33,FIXED_DEPOSIT
AC03730,79276600003730,CU00323,PR005,BR007,2024-11-29,,DORMANT,INR,149227.70,CURRENT
AC03731,77955900003731,CU04429,PR003,BR002,2020-05-13,,DORMANT,INR,14144.01,SAVINGS
AC03732,36364300003732,CU03073,PR007,BR008,2023-07-12,,ACTIVE,INR,106393.15,FIXED_DEPOSIT
AC03733,81674700003733,CU01154,PR008,BR005,2025-05-25,,DORMANT,INR,82359.90,FIXED_DEPOSIT
AC03734,38875800003734,CU03592,PR008,BR003,2023-09-04,,ACTIVE,INR,109128.02,FIXED_DEPOSIT
AC03735,99308700003735,CU04188,PR004,BR007,2022-11-08,,ACTIVE,INR,14861.91,CURRENT
AC03736,92210400003736,CU04132,PR008,BR006,2020-02-04,,DORMANT,INR,181334.67,FIXED_DEPOSIT
AC03737,23588200003737,CU04040,PR003,BR001,2023-05-24,2025-03-22,CLOSED,INR,46467.54,SAVINGS
AC03738,90840500003738,CU03713,PR001,BR001,2024-08-28,2026-08-22,CLOSED,INR,35758.70,SAVINGS
AC03739,12506000003739,CU01046,PR001,BR002,2024-01-25,,DORMANT,INR,93044.23,SAVINGS
AC03740,20301600003740,CU01273,PR003,BR008,2018-06-23,2021-12-14,CLOSED,INR,155849.16,SAVINGS
AC03741,32806900003741,CU04948,PR002,BR001,2019-05-27,2021-01-03,CLOSED,INR,174300.54,SAVINGS
AC03742,73121100003742,CU03201,PR004,BR010,2022-01-03,2026-06-05,CLOSED,INR,223065.87,CURRENT
AC03743,46812700003743,CU02602,PR004,BR009,2025-06-16,,ACTIVE,INR,46924.92,CURRENT
AC03744,83807500003744,CU04027,PR008,BR005,2020-01-15,2025-03-01,CLOSED,INR,142086.59,FIXED_DEPOSIT
AC03745,73669400003745,CU00906,PR003,BR004,2022-10-22,2023-08-03,CLOSED,INR,38471.23,SAVINGS
AC03746,67046400003746,CU02258,PR007,BR002,2025-02-05,,ACTIVE,INR,30808.61,FIXED_DEPOSIT
AC03747,72049900003747,CU02744,PR008,BR005,2022-03-25,,ACTIVE,INR,22146.92,FIXED_DEPOSIT
AC03748,63283700003748,CU01178,PR006,BR006,2020-07-02,,DORMANT,INR,238980.31,CURRENT
AC03749,51864200003749,CU01440,PR003,BR006,2018-10-23,,DORMANT,INR,206669.65,SAVINGS
AC03750,59165900003750,CU04882,PR004,BR007,2025-11-09,2026-08-24,CLOSED,INR,37465.11,CURRENT
AC03751,61464800003751,CU03170,PR001,BR008,2020-05-04,,ACTIVE,INR,125731.44,SAVINGS
AC03752,15445100003752,CU02925,PR002,BR009,2021-06-08,,ACTIVE,INR,75437.11,SAVINGS
AC03753,27904000003753,CU01367,PR002,BR007,2025-09-20,,DORMANT,INR,67937.39,SAVINGS
AC03754,11528500003754,CU01954,PR003,BR004,2019-05-01,,DORMANT,INR,18701.62,SAVINGS
AC03755,41490600003755,CU03853,PR006,BR001,2018-06-26,2022-11-21,CLOSED,INR,174053.25,CURRENT
AC03756,15628300003756,CU02057,PR007,BR001,2025-04-19,2026-08-22,CLOSED,INR,62403.91,FIXED_DEPOSIT
AC03757,43286200003757,CU00535,PR009,BR006,2024-04-14,,DORMANT,INR,223750.62,FIXED_DEPOSIT
AC03758,26195700003758,CU01992,PR003,BR003,2019-12-28,2020-12-01,CLOSED,INR,140232.92,SAVINGS
AC03759,54809400003759,CU03846,PR001,BR001,2021-05-08,,DORMANT,INR,231322.39,SAVINGS
AC03760,77524200003760,CU03483,PR001,BR008,2019-06-09,,DORMANT,INR,39680.28,SAVINGS
AC03761,41332700003761,CU04829,PR001,BR003,2024-04-16,2026-08-23,CLOSED,INR,165416.13,SAVINGS
AC03762,10276400003762,CU01547,PR004,BR010,2018-09-21,,ACTIVE,INR,99540.08,CURRENT
AC03763,33316300003763,CU01548,PR002,BR003,2018-04-21,2020-09-18,CLOSED,INR,211415.30,SAVINGS
AC03764,98877600003764,CU00037,PR007,BR008,2020-09-04,2022-06-01,CLOSED,INR,240141.22,FIXED_DEPOSIT
AC03765,89986800003765,CU01374,PR001,BR006,2024-10-30,2026-08-24,CLOSED,INR,173027.72,SAVINGS
AC03766,64936300003766,CU04013,PR005,BR005,2019-07-31,,DORMANT,INR,125346.17,CURRENT
AC03767,42572100003767,CU04241,PR006,BR010,2022-10-09,2026-08-27,CLOSED,INR,199051.69,CURRENT
AC03768,99168500003768,CU01920,PR007,BR010,2020-05-07,,ACTIVE,INR,2572.35,FIXED_DEPOSIT
AC03769,24532500003769,CU04719,PR008,BR002,2024-10-20,2026-08-24,CLOSED,INR,37915.98,FIXED_DEPOSIT
AC03770,81624600003770,CU03712,PR009,BR006,2025-06-27,,DORMANT,INR,184615.52,FIXED_DEPOSIT
AC03771,23640900003771,CU00100,PR008,BR002,2024-01-06,2025-05-26,CLOSED,INR,89245.42,FIXED_DEPOSIT
AC03772,39751700003772,CU04742,PR004,BR008,2018-12-18,,DORMANT,INR,86232.50,CURRENT
AC03773,50662800003773,CU03613,PR005,BR004,2019-11-29,,ACTIVE,INR,21256.01,CURRENT
AC03774,68790400003774,CU03860,PR001,BR008,2024-12-26,,ACTIVE,INR,40538.74,SAVINGS
AC03775,24906800003775,CU00374,PR006,BR010,2018-03-13,,ACTIVE,INR,120.89,CURRENT
AC03776,44331700003776,CU02912,PR003,BR009,2023-05-14,,ACTIVE,INR,42287.71,SAVINGS
AC03777,49634000003777,CU01541,PR009,BR002,2020-02-04,,DORMANT,INR,89917.21,FIXED_DEPOSIT
AC03778,26502900003778,CU00821,PR005,BR001,2020-01-22,,ACTIVE,INR,7947.74,CURRENT
AC03779,27442300003779,CU02459,PR008,BR005,2022-08-17,2025-10-11,CLOSED,INR,208211.87,FIXED_DEPOSIT
AC03780,60988200003780,CU04903,PR003,BR005,2021-11-12,2025-07-06,CLOSED,INR,36633.98,SAVINGS
AC03781,55071500003781,CU01760,PR001,BR001,2023-07-02,2026-08-24,CLOSED,INR,185995.57,SAVINGS
AC03782,42122500003782,CU03367,PR003,BR005,2021-08-13,2024-04-24,CLOSED,INR,93208.32,SAVINGS
AC03783,54684900003783,CU02353,PR008,BR010,2023-01-14,2023-08-08,CLOSED,INR,85130.27,FIXED_DEPOSIT
AC03784,75047800003784,CU04465,PR002,BR010,2024-04-11,,ACTIVE,INR,8590.93,SAVINGS
AC03785,35099100003785,CU04534,PR005,BR008,2020-01-12,2020-08-17,CLOSED,INR,160391.65,CURRENT
AC03786,49220600003786,CU02900,PR001,BR008,2018-07-09,2020-07-24,CLOSED,INR,38038.21,SAVINGS
AC03787,37650900003787,CU03091,PR007,BR001,2022-06-03,,DORMANT,INR,94070.85,FIXED_DEPOSIT
AC03788,41368400003788,CU04672,PR008,BR007,2025-03-14,,ACTIVE,INR,100206.94,FIXED_DEPOSIT
AC03789,67045600003789,CU02858,PR005,BR009,2024-07-20,,DORMANT,INR,86419.13,CURRENT
AC03790,26778600003790,CU01572,PR004,BR004,2018-10-08,,DORMANT,INR,238620.69,CURRENT
AC03791,37878900003791,CU04551,PR008,BR001,2022-11-07,2026-08-25,CLOSED,INR,120742.29,FIXED_DEPOSIT
AC03792,41887400003792,CU04797,PR003,BR007,2023-08-27,,DORMANT,INR,28859.54,SAVINGS
AC03793,73427700003793,CU02527,PR006,BR001,2023-04-01,2026-06-21,CLOSED,INR,29988.78,CURRENT
AC03794,58803500003794,CU02361,PR009,BR009,2019-02-23,2023-12-17,CLOSED,INR,128611.36,FIXED_DEPOSIT
AC03795,26983400003795,CU01483,PR006,BR003,2018-04-10,,DORMANT,INR,229233.95,CURRENT
AC03796,56879900003796,CU01294,PR009,BR006,2021-12-08,,DORMANT,INR,204986.42,FIXED_DEPOSIT
AC03797,60435900003797,CU00988,PR004,BR007,2022-10-06,,DORMANT,INR,202237.02,CURRENT
AC03798,85177400003798,CU04210,PR005,BR006,2023-07-22,2025-06-21,CLOSED,INR,155008.90,CURRENT
AC03799,76229200003799,CU01550,PR007,BR008,2021-11-27,,DORMANT,INR,47365.48,FIXED_DEPOSIT
AC03800,66663500003800,CU04657,PR009,BR007,2025-12-16,,DORMANT,INR,137600.32,FIXED_DEPOSIT
AC03801,39112800003801,CU03890,PR009,BR003,2024-06-21,,DORMANT,INR,38311.36,FIXED_DEPOSIT
AC03802,82443400003802,CU00922,PR004,BR008,2018-04-10,,ACTIVE,INR,18690.42,CURRENT
AC03803,70151100003803,CU04318,PR003,BR003,2021-08-26,,DORMANT,INR,171453.14,SAVINGS
AC03804,62170900003804,CU04018,PR007,BR001,2023-08-01,,ACTIVE,INR,9557.47,FIXED_DEPOSIT
AC03805,18487600003805,CU04763,PR003,BR002,2024-11-25,,ACTIVE,INR,107698.53,SAVINGS
AC03806,41639800003806,CU00660,PR004,BR008,2023-05-05,,ACTIVE,INR,280.04,CURRENT
AC03807,10211700003807,CU02719,PR001,BR005,2020-10-22,2022-12-30,CLOSED,INR,67345.85,SAVINGS
AC03808,30762400003808,CU01501,PR006,BR008,2025-09-20,2026-08-20,CLOSED,INR,167985.05,CURRENT
AC03809,10669000003809,CU01543,PR009,BR010,2018-05-12,2022-12-12,CLOSED,INR,122509.89,FIXED_DEPOSIT
AC03810,37191000003810,CU00048,PR008,BR006,2024-01-01,2025-02-15,CLOSED,INR,25544.77,FIXED_DEPOSIT
AC03811,50226200003811,CU04390,PR001,BR006,2025-10-31,,DORMANT,INR,232426.57,SAVINGS
AC03812,36362100003812,CU04791,PR002,BR003,2023-01-23,,ACTIVE,INR,73536.96,SAVINGS
AC03813,78565100003813,CU02446,PR006,BR001,2025-04-30,2026-08-21,CLOSED,INR,114513.37,CURRENT
AC03814,27119600003814,CU01648,PR008,BR006,2020-08-21,2024-09-13,CLOSED,INR,238016.19,FIXED_DEPOSIT
AC03815,58435200003815,CU03179,PR006,BR002,2019-07-01,2023-10-26,CLOSED,INR,208994.52,CURRENT
AC03816,57510100003816,CU01455,PR009,BR009,2018-01-11,2021-12-13,CLOSED,INR,54523.30,FIXED_DEPOSIT
AC03817,98302100003817,CU02419,PR009,BR001,2020-10-31,2025-07-23,CLOSED,INR,20095.29,FIXED_DEPOSIT
AC03818,88513400003818,CU01290,PR006,BR002,2025-09-27,,ACTIVE,INR,12254.81,CURRENT
AC03819,93559600003819,CU01588,PR006,BR007,2023-12-10,,ACTIVE,INR,2450.98,CURRENT
AC03820,96729300003820,CU01621,PR001,BR006,2025-01-22,2026-08-19,CLOSED,INR,176713.12,SAVINGS
AC03821,46868800003821,CU00168,PR005,BR006,2021-04-02,,ACTIVE,INR,88563.22,CURRENT
AC03822,53589100003822,CU00677,PR002,BR008,2025-03-10,,ACTIVE,INR,44788.53,SAVINGS
AC03823,46663200003823,CU04809,PR008,BR006,2023-05-26,,ACTIVE,INR,204124.49,FIXED_DEPOSIT
AC03824,96531900003824,CU00930,PR001,BR002,2021-01-20,,DORMANT,INR,12430.53,SAVINGS
AC03825,63853600003825,CU02675,PR003,BR009,2020-07-10,,ACTIVE,INR,594.84,SAVINGS
AC03826,22272700003826,CU01737,PR007,BR004,2019-10-21,,DORMANT,INR,156503.53,FIXED_DEPOSIT
AC03827,61385600003827,CU01792,PR005,BR006,2023-01-10,2024-10-22,CLOSED,INR,189831.53,CURRENT
AC03828,94268800003828,CU02735,PR003,BR007,2019-03-23,2022-06-25,CLOSED,INR,61908.85,SAVINGS
AC03829,97443000003829,CU01540,PR004,BR002,2021-04-14,2022-12-18,CLOSED,INR,26954.38,CURRENT
AC03830,22737300003830,CU03011,PR003,BR001,2023-01-12,,DORMANT,INR,136278.62,SAVINGS
AC03831,45287900003831,CU01582,PR004,BR001,2024-10-02,2026-08-29,CLOSED,INR,151427.21,CURRENT
AC03832,31583400003832,CU03353,PR008,BR008,2019-04-13,,DORMANT,INR,181452.63,FIXED_DEPOSIT
AC03833,60815100003833,CU00237,PR003,BR002,2020-04-11,,ACTIVE,INR,1469.27,SAVINGS
AC03834,15023300003834,CU02174,PR006,BR009,2025-01-12,2026-08-29,CLOSED,INR,197651.85,CURRENT
AC03835,83449200003835,CU04654,PR006,BR005,2019-01-03,,ACTIVE,INR,224.29,CURRENT
AC03836,48628700003836,CU03606,PR006,BR003,2022-11-05,2025-12-06,CLOSED,INR,25491.18,CURRENT
AC03837,23770300003837,CU04375,PR001,BR007,2020-10-18,,ACTIVE,INR,38189.28,SAVINGS
AC03838,83798100003838,CU04117,PR008,BR003,2025-07-13,2026-07-19,CLOSED,INR,11898.67,FIXED_DEPOSIT
AC03839,46918000003839,CU00189,PR007,BR008,2019-07-17,2024-12-23,CLOSED,INR,139331.99,FIXED_DEPOSIT
AC03840,32656200003840,CU03456,PR001,BR006,2019-09-21,,DORMANT,INR,108411.23,SAVINGS
AC03841,11836300003841,CU01670,PR008,BR003,2023-03-16,,ACTIVE,INR,99128.80,FIXED_DEPOSIT
AC03842,84613700003842,CU04432,PR002,BR003,2019-01-02,,ACTIVE,INR,12645.23,SAVINGS
AC03843,57991000003843,CU03629,PR003,BR003,2021-09-30,2026-01-08,CLOSED,INR,120877.55,SAVINGS
AC03844,28872600003844,CU01612,PR007,BR004,2018-01-22,,ACTIVE,INR,128444.53,FIXED_DEPOSIT
AC03845,11530700003845,CU04083,PR006,BR003,2025-04-24,,ACTIVE,INR,0.00,CURRENT
AC03846,71761500003846,CU00021,PR001,BR002,2025-08-01,2026-08-26,CLOSED,INR,245964.62,SAVINGS
AC03847,58976700003847,CU04668,PR006,BR009,2021-07-12,,ACTIVE,INR,15745.83,CURRENT
AC03848,39185900003848,CU01042,PR004,BR005,2025-01-29,2026-08-21,CLOSED,INR,94553.87,CURRENT
AC03849,20573900003849,CU02184,PR004,BR010,2021-05-02,,ACTIVE,INR,144813.92,CURRENT
AC03850,68977800003850,CU02474,PR008,BR001,2024-07-16,,DORMANT,INR,92708.20,FIXED_DEPOSIT
AC03851,29923600003851,CU01291,PR008,BR002,2025-01-14,2026-08-29,CLOSED,INR,2378.82,FIXED_DEPOSIT
AC03852,19913700003852,CU03476,PR005,BR006,2020-09-09,,ACTIVE,INR,27416.58,CURRENT
AC03853,61949500003853,CU03266,PR008,BR009,2018-03-19,,ACTIVE,INR,1502.70,FIXED_DEPOSIT
AC03854,93492800003854,CU04209,PR004,BR004,2021-07-04,2022-01-16,CLOSED,INR,36838.96,CURRENT
AC03855,59212100003855,CU04609,PR009,BR007,2022-07-07,,ACTIVE,INR,76644.27,FIXED_DEPOSIT
AC03856,50766800003856,CU03894,PR004,BR008,2019-03-31,,DORMANT,INR,150469.45,CURRENT
AC03857,68102700003857,CU02318,PR009,BR007,2023-10-16,2026-08-22,CLOSED,INR,146798.75,FIXED_DEPOSIT
AC03858,89733500003858,CU01260,PR001,BR003,2024-06-03,,ACTIVE,INR,7462.04,SAVINGS
AC03859,17580000003859,CU01216,PR001,BR003,2019-01-25,,DORMANT,INR,81814.35,SAVINGS
AC03860,15862500003860,CU02952,PR008,BR009,2023-03-23,2025-11-17,CLOSED,INR,109214.18,FIXED_DEPOSIT
AC03861,59761700003861,CU01826,PR007,BR008,2019-02-01,2021-07-09,CLOSED,INR,47870.24,FIXED_DEPOSIT
AC03862,45915400003862,CU02703,PR009,BR003,2018-03-29,2021-12-30,CLOSED,INR,49660.16,FIXED_DEPOSIT
AC03863,14931200003863,CU02838,PR009,BR007,2019-05-04,2021-08-27,CLOSED,INR,15496.14,FIXED_DEPOSIT
AC03864,29907700003864,CU01559,PR005,BR003,2019-06-03,2022-01-14,CLOSED,INR,235317.17,CURRENT
AC03865,18668300003865,CU01104,PR005,BR004,2025-04-18,2026-08-26,CLOSED,INR,208796.27,CURRENT
AC03866,47023500003866,CU04520,PR007,BR001,2024-11-13,,DORMANT,INR,237403.42,FIXED_DEPOSIT
AC03867,83026300003867,CU02264,PR001,BR001,2023-09-17,,ACTIVE,INR,290.33,SAVINGS
AC03868,69896000003868,CU00489,PR001,BR008,2025-09-15,,ACTIVE,INR,3.95,SAVINGS
AC03869,50108200003869,CU02090,PR006,BR005,2019-05-08,,DORMANT,INR,189928.13,CURRENT
AC03870,79894500003870,CU04304,PR001,BR002,2023-07-04,,DORMANT,INR,229841.29,SAVINGS
AC03871,34517300003871,CU00052,PR004,BR009,2023-09-26,2026-08-22,CLOSED,INR,142270.55,CURRENT
AC03872,40756100003872,CU03497,PR006,BR010,2019-07-06,,DORMANT,INR,29935.14,CURRENT
AC03873,50619800003873,CU03914,PR007,BR001,2023-08-19,,DORMANT,INR,221288.69,FIXED_DEPOSIT
AC03874,73956500003874,CU02853,PR004,BR009,2024-11-05,2025-05-04,CLOSED,INR,27893.27,CURRENT
AC03875,56123000003875,CU04586,PR007,BR004,2021-01-08,,ACTIVE,INR,69800.88,FIXED_DEPOSIT
AC03876,59629600003876,CU03316,PR004,BR003,2025-12-11,2026-08-28,CLOSED,INR,82628.01,CURRENT
AC03877,38796400003877,CU01535,PR009,BR006,2020-09-27,,ACTIVE,INR,246570.98,FIXED_DEPOSIT
AC03878,21588500003878,CU03689,PR003,BR008,2021-01-23,,ACTIVE,INR,243614.55,SAVINGS
AC03879,47677100003879,CU04152,PR009,BR008,2022-07-09,2025-08-28,CLOSED,INR,242207.76,FIXED_DEPOSIT
AC03880,63235000003880,CU01474,PR005,BR001,2024-06-06,,DORMANT,INR,23482.87,CURRENT
AC03881,77343800003881,CU01256,PR001,BR008,2020-08-30,,ACTIVE,INR,14222.98,SAVINGS
AC03882,25196800003882,CU04655,PR007,BR006,2020-09-23,,ACTIVE,INR,203720.53,FIXED_DEPOSIT
AC03883,98344100003883,CU03441,PR001,BR007,2024-11-24,,DORMANT,INR,238792.12,SAVINGS
AC03884,27125100003884,CU04659,PR003,BR003,2022-01-31,2025-02-26,CLOSED,INR,236135.06,SAVINGS
AC03885,57007200003885,CU03429,PR009,BR007,2019-07-10,2020-02-11,CLOSED,INR,16580.71,FIXED_DEPOSIT
AC03886,15130800003886,CU03036,PR007,BR003,2024-11-11,,ACTIVE,INR,81946.96,FIXED_DEPOSIT
AC03887,94880400003887,CU02404,PR005,BR009,2021-09-15,,ACTIVE,INR,48547.46,CURRENT
AC03888,24981100003888,CU01546,PR009,BR009,2025-05-29,2026-08-23,CLOSED,INR,103697.41,FIXED_DEPOSIT
AC03889,79018700003889,CU00385,PR004,BR004,2022-10-22,2025-07-02,CLOSED,INR,238349.32,CURRENT
AC03890,35643700003890,CU02058,PR006,BR010,2022-04-16,2025-01-11,CLOSED,INR,235987.38,CURRENT
AC03891,69546600003891,CU04633,PR003,BR010,2020-01-19,,DORMANT,INR,157196.54,SAVINGS
AC03892,59850800003892,CU04272,PR007,BR009,2021-09-03,,DORMANT,INR,181138.66,FIXED_DEPOSIT
AC03893,32045900003893,CU02927,PR002,BR002,2019-04-10,,DORMANT,INR,241363.36,SAVINGS
AC03894,26051800003894,CU03399,PR008,BR006,2019-11-27,2023-04-01,CLOSED,INR,216997.77,FIXED_DEPOSIT
AC03895,55873400003895,CU03327,PR005,BR007,2025-11-05,,ACTIVE,INR,1711.60,CURRENT
AC03896,34436900003896,CU03033,PR009,BR007,2019-03-26,2021-01-20,CLOSED,INR,140637.04,FIXED_DEPOSIT
AC03897,11012500003897,CU03859,PR002,BR001,2020-03-02,,ACTIVE,INR,53432.23,SAVINGS
AC03898,67639900003898,CU02249,PR007,BR008,2025-10-08,,DORMANT,INR,132782.19,FIXED_DEPOSIT
AC03899,64868300003899,CU02245,PR007,BR006,2022-01-12,2023-03-15,CLOSED,INR,222794.77,FIXED_DEPOSIT
AC03900,28925400003900,CU01924,PR004,BR006,2022-12-23,,ACTIVE,INR,109878.23,CURRENT
AC03901,98951100003901,CU04739,PR001,BR003,2025-03-09,,DORMANT,INR,10674.54,SAVINGS
AC03902,19539300003902,CU00815,PR001,BR009,2019-04-23,2021-08-01,CLOSED,INR,8474.99,SAVINGS
AC03903,38739500003903,CU01052,PR009,BR007,2020-01-28,,DORMANT,INR,10655.70,FIXED_DEPOSIT
AC03904,67261600003904,CU01615,PR002,BR004,2022-05-09,,DORMANT,INR,33902.22,SAVINGS
AC03905,48249000003905,CU04155,PR007,BR009,2018-02-13,2022-03-12,CLOSED,INR,221710.78,FIXED_DEPOSIT
AC03906,31355700003906,CU03769,PR007,BR004,2021-02-14,,ACTIVE,INR,149.25,FIXED_DEPOSIT
AC03907,36640600003907,CU04500,PR006,BR009,2024-05-03,,DORMANT,INR,13072.18,CURRENT
AC03908,17069300003908,CU02372,PR007,BR005,2018-09-03,,DORMANT,INR,101292.38,FIXED_DEPOSIT
AC03909,60729600003909,CU00319,PR007,BR004,2025-04-25,2026-08-24,CLOSED,INR,139446.90,FIXED_DEPOSIT
AC03910,23752000003910,CU04684,PR009,BR001,2024-05-03,2026-08-20,CLOSED,INR,216435.74,FIXED_DEPOSIT
AC03911,46025900003911,CU00940,PR008,BR005,2019-07-02,,DORMANT,INR,103909.33,FIXED_DEPOSIT
AC03912,65005500003912,CU04914,PR003,BR007,2022-08-22,2026-08-28,CLOSED,INR,115835.87,SAVINGS
AC03913,75413900003913,CU00270,PR001,BR009,2021-05-01,2023-08-06,CLOSED,INR,198816.43,SAVINGS
AC03914,30186600003914,CU00694,PR007,BR010,2024-12-09,,ACTIVE,INR,299084.11,FIXED_DEPOSIT
AC03915,96991900003915,CU03949,PR005,BR001,2018-02-23,2023-01-23,CLOSED,INR,173873.78,CURRENT
AC03916,54452400003916,CU00945,PR001,BR001,2019-02-19,,DORMANT,INR,215187.17,SAVINGS
AC03917,64915400003917,CU04947,PR007,BR009,2025-05-05,,ACTIVE,INR,9238.12,FIXED_DEPOSIT
AC03918,25915400003918,CU00555,PR006,BR007,2021-04-03,2025-03-21,CLOSED,INR,175311.58,CURRENT
AC03919,70254700003919,CU01409,PR003,BR003,2018-07-17,,DORMANT,INR,242434.62,SAVINGS
AC03920,66382100003920,CU04498,PR007,BR005,2021-05-15,,ACTIVE,INR,21636.98,FIXED_DEPOSIT
AC03921,23392400003921,CU04621,PR002,BR006,2020-04-01,2025-05-19,CLOSED,INR,94134.53,SAVINGS
AC03922,25338000003922,CU00663,PR004,BR007,2020-06-08,2022-02-04,CLOSED,INR,7519.03,CURRENT
AC03923,52426100003923,CU01555,PR005,BR004,2019-10-02,,ACTIVE,INR,13012.73,CURRENT
AC03924,24309800003924,CU00249,PR003,BR006,2024-06-04,2026-08-21,CLOSED,INR,112961.48,SAVINGS
AC03925,36473000003925,CU00166,PR005,BR008,2019-09-27,,DORMANT,INR,215514.15,CURRENT
AC03926,98420400003926,CU03887,PR003,BR007,2019-06-08,,ACTIVE,INR,208721.11,SAVINGS
AC03927,46540700003927,CU03948,PR003,BR009,2020-01-13,,ACTIVE,INR,111.43,SAVINGS
AC03928,22370200003928,CU04887,PR007,BR007,2021-04-11,,DORMANT,INR,164474.56,FIXED_DEPOSIT
AC03929,72512800003929,CU02800,PR006,BR010,2021-06-19,,ACTIVE,INR,103711.86,CURRENT
AC03930,42459900003930,CU01912,PR003,BR005,2018-11-25,2021-12-22,CLOSED,INR,40055.08,SAVINGS
AC03931,76673000003931,CU02620,PR005,BR003,2024-03-01,2026-08-21,CLOSED,INR,163358.65,CURRENT
AC03932,89288500003932,CU01633,PR008,BR002,2025-09-29,2026-08-21,CLOSED,INR,146022.40,FIXED_DEPOSIT
AC03933,64942400003933,CU02300,PR004,BR004,2019-04-19,,ACTIVE,INR,197211.45,CURRENT
AC03934,31444000003934,CU03865,PR009,BR003,2025-07-08,2026-08-21,CLOSED,INR,1240.58,FIXED_DEPOSIT
AC03935,96746100003935,CU04944,PR008,BR004,2020-05-14,,ACTIVE,INR,44682.07,FIXED_DEPOSIT
AC03936,59930200003936,CU03034,PR009,BR010,2025-12-13,,ACTIVE,INR,26.80,FIXED_DEPOSIT
AC03937,17269300003937,CU04783,PR005,BR010,2020-10-25,,DORMANT,INR,189930.86,CURRENT
AC03938,28956700003938,CU02424,PR001,BR001,2023-11-22,,ACTIVE,INR,69680.94,SAVINGS
AC03939,17318000003939,CU01238,PR007,BR006,2019-01-11,,DORMANT,INR,165060.47,FIXED_DEPOSIT
AC03940,54565000003940,CU00010,PR004,BR004,2018-02-08,,DORMANT,INR,86933.72,CURRENT
AC03941,21484900003941,CU02750,PR006,BR005,2019-07-14,,ACTIVE,INR,59724.73,CURRENT
AC03942,95903700003942,CU01173,PR002,BR005,2023-06-26,,DORMANT,INR,204550.93,SAVINGS
AC03943,35983800003943,CU00327,PR004,BR003,2018-06-13,,ACTIVE,INR,34517.97,CURRENT
AC03944,99533600003944,CU04436,PR004,BR002,2022-08-09,,ACTIVE,INR,180060.17,CURRENT
AC03945,17846400003945,CU02350,PR009,BR006,2025-03-31,,DORMANT,INR,110156.30,FIXED_DEPOSIT
AC03946,94407300003946,CU02578,PR003,BR009,2022-08-22,,DORMANT,INR,184536.74,SAVINGS
AC03947,63801300003947,CU04205,PR001,BR010,2021-01-28,,ACTIVE,INR,144830.99,SAVINGS
AC03948,35402800003948,CU04713,PR003,BR010,2020-10-14,2022-03-15,CLOSED,INR,128269.19,SAVINGS
AC03949,91595600003949,CU00267,PR002,BR001,2018-08-27,,DORMANT,INR,198631.29,SAVINGS
AC03950,86032400003950,CU02401,PR009,BR008,2019-05-24,,ACTIVE,INR,928.23,FIXED_DEPOSIT
AC03951,31997100003951,CU01677,PR006,BR002,2023-06-26,,ACTIVE,INR,23702.62,CURRENT
AC03952,41336000003952,CU02405,PR007,BR002,2025-07-02,,ACTIVE,INR,101.38,FIXED_DEPOSIT
AC03953,43211700003953,CU02849,PR008,BR005,2018-03-26,,DORMANT,INR,124863.82,FIXED_DEPOSIT
AC03954,57458200003954,CU04837,PR003,BR001,2023-10-13,,DORMANT,INR,47410.01,SAVINGS
AC03955,70483600003955,CU04784,PR009,BR005,2022-11-04,,ACTIVE,INR,25101.07,FIXED_DEPOSIT
AC03956,49544300003956,CU01195,PR006,BR004,2020-11-15,,ACTIVE,INR,374235.03,CURRENT
AC03957,22965100003957,CU01232,PR004,BR009,2020-06-30,2022-04-06,CLOSED,INR,157514.55,CURRENT
AC03958,66134400003958,CU00271,PR003,BR010,2023-09-14,,ACTIVE,INR,2645.59,SAVINGS
AC03959,56712800003959,CU00600,PR005,BR001,2023-06-06,,ACTIVE,INR,34007.80,CURRENT
AC03960,55033600003960,CU01544,PR003,BR003,2018-01-11,,ACTIVE,INR,0.00,SAVINGS
AC03961,22896200003961,CU01138,PR009,BR001,2022-01-29,,DORMANT,INR,63202.38,FIXED_DEPOSIT
AC03962,77284200003962,CU04915,PR006,BR004,2024-01-13,,ACTIVE,INR,55224.87,CURRENT
AC03963,57926400003963,CU04761,PR009,BR003,2021-01-14,,DORMANT,INR,27970.14,FIXED_DEPOSIT
AC03964,31768300003964,CU03062,PR007,BR002,2018-09-21,,DORMANT,INR,105762.68,FIXED_DEPOSIT
AC03965,10844700003965,CU03008,PR009,BR003,2019-10-08,,DORMANT,INR,55427.41,FIXED_DEPOSIT
AC03966,30799400003966,CU01617,PR007,BR005,2022-05-13,,DORMANT,INR,77221.02,FIXED_DEPOSIT
AC03967,87139800003967,CU03009,PR006,BR010,2020-09-01,,DORMANT,INR,30923.74,CURRENT
AC03968,97721000003968,CU01933,PR007,BR009,2020-03-24,,ACTIVE,INR,106299.39,FIXED_DEPOSIT
AC03969,66943800003969,CU00282,PR002,BR006,2019-11-17,2022-03-03,CLOSED,INR,133502.42,SAVINGS
AC03970,56804200003970,CU01916,PR003,BR008,2023-12-08,,DORMANT,INR,70433.33,SAVINGS
AC03971,43054000003971,CU03052,PR006,BR004,2021-09-13,2023-07-08,CLOSED,INR,15052.36,CURRENT
AC03972,51522900003972,CU04528,PR009,BR009,2025-02-17,,ACTIVE,INR,19248.58,FIXED_DEPOSIT
AC03973,68988500003973,CU01517,PR008,BR006,2022-06-27,,DORMANT,INR,42254.08,FIXED_DEPOSIT
AC03974,38916200003974,CU04028,PR006,BR006,2019-01-06,2022-05-12,CLOSED,INR,220742.41,CURRENT
AC03975,80414700003975,CU02760,PR009,BR009,2022-10-21,,ACTIVE,INR,202597.12,FIXED_DEPOSIT
AC03976,81537600003976,CU04007,PR005,BR004,2024-01-19,,ACTIVE,INR,46420.83,CURRENT
AC03977,59294400003977,CU02965,PR002,BR002,2021-05-07,,DORMANT,INR,202136.43,SAVINGS
AC03978,68680800003978,CU04931,PR002,BR009,2021-10-20,,ACTIVE,INR,4590.00,SAVINGS
AC03979,67249500003979,CU01431,PR003,BR008,2020-02-05,,ACTIVE,INR,46637.63,SAVINGS
AC03980,29421700003980,CU01498,PR009,BR008,2023-09-22,,DORMANT,INR,118210.31,FIXED_DEPOSIT
AC03981,25461300003981,CU03018,PR002,BR001,2018-07-03,,ACTIVE,INR,129398.49,SAVINGS
AC03982,20678500003982,CU01087,PR004,BR007,2022-12-29,,DORMANT,INR,151564.49,CURRENT
AC03983,68046400003983,CU03256,PR006,BR009,2023-03-30,,DORMANT,INR,26779.58,CURRENT
AC03984,29018900003984,CU03851,PR001,BR004,2018-02-18,,ACTIVE,INR,1074.34,SAVINGS
AC03985,61658200003985,CU01342,PR001,BR009,2025-02-05,,ACTIVE,INR,4.77,SAVINGS
AC03986,94094700003986,CU03268,PR001,BR009,2020-08-23,,ACTIVE,INR,60680.03,SAVINGS
AC03987,32658800003987,CU04502,PR001,BR009,2019-12-28,,DORMANT,INR,225197.89,SAVINGS
AC03988,15556800003988,CU01206,PR008,BR009,2025-01-31,,DORMANT,INR,181469.44,FIXED_DEPOSIT
AC03989,29601200003989,CU00047,PR001,BR004,2025-11-28,,DORMANT,INR,236587.44,SAVINGS
AC03990,50529400003990,CU03032,PR008,BR005,2021-04-08,,ACTIVE,INR,30195.66,FIXED_DEPOSIT
AC03991,75887800003991,CU01233,PR006,BR003,2023-10-28,2026-08-27,CLOSED,INR,77004.67,CURRENT
AC03992,94370900003992,CU03012,PR001,BR008,2021-05-11,2024-08-30,CLOSED,INR,14468.46,SAVINGS
AC03993,85600800003993,CU00857,PR006,BR001,2019-01-13,,DORMANT,INR,19555.73,CURRENT
AC03994,61255000003994,CU00470,PR001,BR004,2025-02-08,,DORMANT,INR,140461.40,SAVINGS
AC03995,29449000003995,CU02275,PR009,BR003,2022-07-24,2026-08-02,CLOSED,INR,238415.77,FIXED_DEPOSIT
AC03996,62131500003996,CU01063,PR006,BR002,2024-12-21,,DORMANT,INR,25454.71,CURRENT
AC03997,35773600003997,CU00979,PR009,BR004,2024-11-12,2026-08-28,CLOSED,INR,122824.81,FIXED_DEPOSIT
AC03998,83149400003998,CU01317,PR003,BR004,2025-01-08,,DORMANT,INR,165435.84,SAVINGS
AC03999,94679400003999,CU01926,PR008,BR009,2023-04-24,,ACTIVE,INR,179806.99,FIXED_DEPOSIT
AC04000,92169500004000,CU03380,PR002,BR004,2018-01-06,2021-05-26,CLOSED,INR,239727.25,SAVINGS
AC04001,16085700004001,CU03554,PR007,BR002,2021-11-13,,DORMANT,INR,54110.25,FIXED_DEPOSIT
AC04002,81852000004002,CU00561,PR006,BR003,2022-11-13,2026-08-27,CLOSED,INR,78764.34,CURRENT
AC04003,85151700004003,CU03355,PR005,BR002,2020-07-01,,ACTIVE,INR,7063.69,CURRENT
AC04004,12541500004004,CU03982,PR001,BR009,2019-01-28,,DORMANT,INR,65532.59,SAVINGS
AC04005,53442700004005,CU02377,PR001,BR008,2021-02-01,2024-09-06,CLOSED,INR,204146.03,SAVINGS
AC04006,82967500004006,CU01650,PR008,BR002,2025-06-06,,ACTIVE,INR,10396.39,FIXED_DEPOSIT
AC04007,58231300004007,CU00108,PR005,BR003,2019-10-10,,DORMANT,INR,116786.20,CURRENT
AC04008,23944300004008,CU00553,PR008,BR006,2024-04-04,,DORMANT,INR,208487.27,FIXED_DEPOSIT
AC04009,40899300004009,CU03515,PR005,BR003,2018-09-23,2020-06-17,CLOSED,INR,153903.25,CURRENT
AC04010,22179800004010,CU02475,PR009,BR009,2023-05-26,2024-09-25,CLOSED,INR,67831.92,FIXED_DEPOSIT
AC04011,96370400004011,CU04753,PR003,BR006,2019-01-18,,DORMANT,INR,14186.30,SAVINGS
AC04012,38615100004012,CU04758,PR002,BR003,2021-09-23,,ACTIVE,INR,1577.52,SAVINGS
AC04013,28089300004013,CU00513,PR006,BR003,2019-04-01,,DORMANT,INR,26415.47,CURRENT
AC04014,35901500004014,CU01464,PR004,BR002,2019-01-28,,DORMANT,INR,129665.63,CURRENT
AC04015,31248200004015,CU03873,PR006,BR004,2018-07-11,,ACTIVE,INR,29277.37,CURRENT
AC04016,54275400004016,CU02399,PR007,BR008,2020-10-08,2022-07-24,CLOSED,INR,182514.50,FIXED_DEPOSIT
AC04017,37700600004017,CU00013,PR007,BR008,2022-03-20,,ACTIVE,INR,47573.34,FIXED_DEPOSIT
AC04018,46841800004018,CU03431,PR004,BR007,2021-05-25,,ACTIVE,INR,55387.65,CURRENT
AC04019,16989600004019,CU00221,PR006,BR009,2024-08-14,,ACTIVE,INR,32103.35,CURRENT
AC04020,69569800004020,CU00548,PR006,BR010,2018-05-02,,DORMANT,INR,138034.29,CURRENT
AC04021,72784100004021,CU01029,PR003,BR008,2018-09-04,2019-08-18,CLOSED,INR,213708.79,SAVINGS
AC04022,91616700004022,CU01709,PR002,BR007,2025-06-09,,ACTIVE,INR,142484.74,SAVINGS
AC04023,10211300004023,CU03705,PR003,BR001,2025-03-16,,DORMANT,INR,171769.07,SAVINGS
AC04024,14739000004024,CU04980,PR005,BR005,2024-05-09,2024-12-12,CLOSED,INR,202900.22,CURRENT
AC04025,95009800004025,CU04252,PR001,BR004,2018-07-08,,ACTIVE,INR,74355.08,SAVINGS
AC04026,47983400004026,CU02938,PR004,BR005,2022-09-13,2026-08-23,CLOSED,INR,75230.23,CURRENT
AC04027,22806500004027,CU02795,PR002,BR007,2022-03-29,,DORMANT,INR,68034.07,SAVINGS
AC04028,48742600004028,CU00659,PR001,BR009,2025-08-30,2026-08-24,CLOSED,INR,113452.34,SAVINGS
AC04029,12677400004029,CU03808,PR006,BR001,2020-09-02,,DORMANT,INR,19834.72,CURRENT
AC04030,65273100004030,CU01091,PR008,BR009,2018-12-10,,DORMANT,INR,87269.86,FIXED_DEPOSIT
AC04031,17231800004031,CU04011,PR002,BR009,2024-08-21,,DORMANT,INR,11199.63,SAVINGS
AC04032,93545900004032,CU04074,PR001,BR005,2022-10-18,,DORMANT,INR,213032.96,SAVINGS
AC04033,87340400004033,CU00532,PR006,BR005,2020-01-15,2022-05-07,CLOSED,INR,162650.39,CURRENT
AC04034,78435800004034,CU03939,PR008,BR007,2022-08-05,2025-04-03,CLOSED,INR,77003.24,FIXED_DEPOSIT
AC04035,83107600004035,CU02647,PR007,BR003,2021-07-31,,ACTIVE,INR,518.30,FIXED_DEPOSIT
AC04036,11818700004036,CU03619,PR002,BR003,2025-01-11,2025-07-20,CLOSED,INR,118524.99,SAVINGS
AC04037,75915700004037,CU03207,PR009,BR010,2022-08-10,,ACTIVE,INR,64458.17,FIXED_DEPOSIT
AC04038,85317100004038,CU03833,PR002,BR008,2021-07-03,,DORMANT,INR,108587.74,SAVINGS
AC04039,79134900004039,CU03310,PR001,BR007,2021-11-08,,ACTIVE,INR,113013.89,SAVINGS
AC04040,55871900004040,CU00796,PR003,BR004,2023-05-03,,DORMANT,INR,85040.27,SAVINGS
AC04041,58703400004041,CU00396,PR007,BR010,2020-03-30,,ACTIVE,INR,1635.90,FIXED_DEPOSIT
AC04042,12852800004042,CU03273,PR004,BR008,2022-03-04,,ACTIVE,INR,114314.45,CURRENT
AC04043,54333200004043,CU00466,PR009,BR009,2025-10-29,,ACTIVE,INR,8516.05,FIXED_DEPOSIT
AC04044,16802800004044,CU04307,PR003,BR006,2023-04-24,,ACTIVE,INR,108634.51,SAVINGS
AC04045,11777100004045,CU01965,PR003,BR008,2020-05-04,,DORMANT,INR,8743.09,SAVINGS
AC04046,49876800004046,CU04308,PR007,BR007,2025-05-08,,ACTIVE,INR,6634.78,FIXED_DEPOSIT
AC04047,94413800004047,CU04173,PR009,BR007,2024-04-16,,ACTIVE,INR,27707.64,FIXED_DEPOSIT
AC04048,32788500004048,CU03942,PR001,BR010,2023-06-02,,DORMANT,INR,180726.11,SAVINGS
AC04049,87893700004049,CU04065,PR001,BR007,2021-09-14,,ACTIVE,INR,111229.55,SAVINGS
AC04050,78261600004050,CU00706,PR008,BR004,2025-12-25,2026-08-27,CLOSED,INR,117491.65,FIXED_DEPOSIT
AC04051,30055200004051,CU00365,PR003,BR008,2022-06-21,,ACTIVE,INR,0.00,SAVINGS
AC04052,64719800004052,CU01239,PR009,BR008,2018-03-30,2019-12-20,CLOSED,INR,68829.01,FIXED_DEPOSIT
AC04053,22810100004053,CU00811,PR005,BR008,2020-04-28,,ACTIVE,INR,1938.39,CURRENT
AC04054,85886400004054,CU02730,PR004,BR002,2021-09-22,,ACTIVE,INR,8265.80,CURRENT
AC04055,42730700004055,CU03046,PR002,BR007,2023-03-24,,ACTIVE,INR,5804.72,SAVINGS
AC04056,69870100004056,CU01309,PR004,BR002,2019-04-01,2020-11-19,CLOSED,INR,63565.94,CURRENT
AC04057,96770600004057,CU03710,PR009,BR009,2020-01-05,,DORMANT,INR,245462.63,FIXED_DEPOSIT
AC04058,92075600004058,CU00869,PR001,BR006,2025-05-01,,ACTIVE,INR,69179.55,SAVINGS
AC04059,91299200004059,CU00771,PR009,BR006,2018-07-24,,DORMANT,INR,223018.21,FIXED_DEPOSIT
AC04060,75629700004060,CU02557,PR009,BR010,2025-05-18,2026-08-21,CLOSED,INR,113590.92,FIXED_DEPOSIT
AC04061,66613600004061,CU00848,PR009,BR007,2019-12-10,,DORMANT,INR,197747.44,FIXED_DEPOSIT
AC04062,74033500004062,CU04634,PR008,BR008,2025-08-31,2026-08-22,CLOSED,INR,90187.46,FIXED_DEPOSIT
AC04063,19404500004063,CU00819,PR006,BR007,2024-09-02,,ACTIVE,INR,55857.05,CURRENT
AC04064,28463600004064,CU00311,PR008,BR005,2025-07-07,,DORMANT,INR,185730.44,FIXED_DEPOSIT
AC04065,60520700004065,CU00192,PR001,BR006,2020-08-12,2021-08-04,CLOSED,INR,89534.24,SAVINGS
AC04066,58114900004066,CU02390,PR004,BR009,2023-01-19,,DORMANT,INR,214704.07,CURRENT
AC04067,53270400004067,CU03155,PR009,BR005,2024-12-14,2025-12-26,CLOSED,INR,217216.95,FIXED_DEPOSIT
AC04068,34233900004068,CU03169,PR002,BR007,2018-04-05,2022-10-02,CLOSED,INR,217260.20,SAVINGS
AC04069,38062600004069,CU01592,PR005,BR008,2022-08-10,,ACTIVE,INR,12255.40,CURRENT
AC04070,99673800004070,CU01058,PR003,BR007,2019-01-28,2022-02-08,CLOSED,INR,152999.48,SAVINGS
AC04071,44087800004071,CU00675,PR003,BR003,2024-05-21,,DORMANT,INR,37592.80,SAVINGS
AC04072,49003600004072,CU04196,PR006,BR003,2024-05-01,2026-08-25,CLOSED,INR,71681.32,CURRENT
AC04073,94868700004073,CU04088,PR004,BR005,2022-10-16,2025-01-28,CLOSED,INR,114219.38,CURRENT
AC04074,60200600004074,CU04377,PR007,BR001,2023-08-10,,DORMANT,INR,67707.61,FIXED_DEPOSIT
AC04075,14946000004075,CU02256,PR002,BR002,2021-01-19,,ACTIVE,INR,9085.30,SAVINGS
AC04076,72028800004076,CU01095,PR008,BR006,2020-10-06,,DORMANT,INR,249965.75,FIXED_DEPOSIT
AC04077,49741900004077,CU00386,PR002,BR003,2023-11-13,2026-07-07,CLOSED,INR,123287.23,SAVINGS
AC04078,44738300004078,CU03254,PR002,BR009,2018-11-02,,ACTIVE,INR,0.00,SAVINGS
AC04079,91770300004079,CU00276,PR005,BR009,2024-08-10,2026-08-29,CLOSED,INR,39672.69,CURRENT
AC04080,27157800004080,CU00209,PR002,BR010,2022-02-25,2025-12-20,CLOSED,INR,184195.32,SAVINGS
AC04081,98776700004081,CU00399,PR004,BR001,2022-04-02,,DORMANT,INR,67462.90,CURRENT
AC04082,72433300004082,CU00882,PR005,BR007,2024-03-08,2025-06-19,CLOSED,INR,11246.21,CURRENT
AC04083,12093200004083,CU01961,PR001,BR010,2023-12-22,,DORMANT,INR,70313.12,SAVINGS
AC04084,29607300004084,CU02555,PR004,BR001,2019-01-19,2020-05-20,CLOSED,INR,59035.61,CURRENT
AC04085,13313500004085,CU00134,PR006,BR001,2022-06-09,2025-11-12,CLOSED,INR,39407.07,CURRENT
AC04086,37544400004086,CU01089,PR001,BR005,2025-10-25,2026-08-26,CLOSED,INR,82812.49,SAVINGS
AC04087,67604200004087,CU04996,PR008,BR001,2020-03-14,,DORMANT,INR,95527.74,FIXED_DEPOSIT
AC04088,57489100004088,CU01279,PR004,BR008,2020-06-06,,ACTIVE,INR,44888.29,CURRENT
AC04089,26017900004089,CU02994,PR005,BR010,2024-12-20,2026-08-29,CLOSED,INR,114189.61,CURRENT
AC04090,61889300004090,CU00198,PR004,BR008,2018-09-17,2020-01-06,CLOSED,INR,71885.16,CURRENT
AC04091,12815900004091,CU02956,PR005,BR008,2018-06-13,,ACTIVE,INR,80100.11,CURRENT
AC04092,22245600004092,CU04661,PR001,BR003,2021-05-14,2025-08-31,CLOSED,INR,45324.96,SAVINGS
AC04093,98565200004093,CU00173,PR005,BR004,2024-04-12,,ACTIVE,INR,27696.05,CURRENT
AC04094,33456100004094,CU03469,PR008,BR002,2019-04-16,2022-06-26,CLOSED,INR,156968.41,FIXED_DEPOSIT
AC04095,65238600004095,CU03302,PR003,BR007,2018-11-09,2021-12-25,CLOSED,INR,59831.24,SAVINGS
AC04096,32804500004096,CU00941,PR004,BR006,2025-04-18,,DORMANT,INR,209976.56,CURRENT
AC04097,67450400004097,CU01889,PR008,BR004,2025-03-18,,ACTIVE,INR,113763.24,FIXED_DEPOSIT
AC04098,58654200004098,CU02433,PR001,BR005,2021-09-03,2026-08-22,CLOSED,INR,28629.81,SAVINGS
AC04099,57131900004099,CU03784,PR006,BR006,2025-07-21,2026-08-29,CLOSED,INR,59343.51,CURRENT
AC04100,73421600004100,CU01061,PR007,BR005,2022-11-10,2025-02-27,CLOSED,INR,219381.73,FIXED_DEPOSIT
AC04101,74931200004101,CU01018,PR005,BR002,2019-11-23,,DORMANT,INR,158181.10,CURRENT
AC04102,19067700004102,CU01754,PR006,BR009,2023-04-29,,DORMANT,INR,28113.78,CURRENT
AC04103,29377200004103,CU03745,PR009,BR002,2023-03-12,2026-08-23,CLOSED,INR,102837.89,FIXED_DEPOSIT
AC04104,40768200004104,CU00648,PR008,BR001,2018-01-17,,ACTIVE,INR,82139.60,FIXED_DEPOSIT
AC04105,99169600004105,CU04582,PR001,BR006,2025-06-30,,ACTIVE,INR,8103.32,SAVINGS
AC04106,51695300004106,CU03672,PR007,BR003,2025-08-12,,ACTIVE,INR,140162.98,FIXED_DEPOSIT
AC04107,56912600004107,CU01009,PR005,BR009,2018-04-27,,ACTIVE,INR,145557.03,CURRENT
AC04108,73447400004108,CU01304,PR002,BR008,2024-11-13,,ACTIVE,INR,65723.36,SAVINGS
AC04109,88387600004109,CU01783,PR005,BR002,2023-12-04,,DORMANT,INR,171591.56,CURRENT
AC04110,96274100004110,CU03687,PR002,BR004,2024-01-14,2026-08-27,CLOSED,INR,159900.91,SAVINGS
AC04111,49450700004111,CU00081,PR008,BR001,2021-01-03,,DORMANT,INR,156295.31,FIXED_DEPOSIT
AC04112,18780800004112,CU02631,PR008,BR005,2025-01-12,,DORMANT,INR,79642.45,FIXED_DEPOSIT
AC04113,62896300004113,CU02781,PR001,BR002,2020-08-09,,ACTIVE,INR,65.04,SAVINGS
AC04114,94970800004114,CU02373,PR003,BR007,2025-06-02,2026-08-23,CLOSED,INR,223967.32,SAVINGS
AC04115,76301800004115,CU03192,PR008,BR005,2019-05-25,,ACTIVE,INR,213568.68,FIXED_DEPOSIT
AC04116,14637700004116,CU02031,PR006,BR003,2025-11-23,2026-08-25,CLOSED,INR,38964.18,CURRENT
AC04117,28878300004117,CU02141,PR008,BR005,2019-01-09,,DORMANT,INR,217742.31,FIXED_DEPOSIT
AC04118,79510000004118,CU00381,PR003,BR004,2020-03-07,,DORMANT,INR,17043.17,SAVINGS
AC04119,95145600004119,CU02265,PR001,BR005,2021-08-06,,DORMANT,INR,218033.78,SAVINGS
AC04120,99256400004120,CU00786,PR006,BR007,2023-12-30,,DORMANT,INR,70972.98,CURRENT
AC04121,67942700004121,CU03568,PR009,BR006,2023-12-27,,ACTIVE,INR,102382.47,FIXED_DEPOSIT
AC04122,31983300004122,CU04471,PR002,BR002,2025-12-28,2026-08-27,CLOSED,INR,104074.60,SAVINGS
AC04123,44534500004123,CU04600,PR008,BR009,2025-02-02,,ACTIVE,INR,903.13,FIXED_DEPOSIT
AC04124,86574200004124,CU00218,PR002,BR008,2019-08-17,,ACTIVE,INR,125467.00,SAVINGS
AC04125,12567100004125,CU00889,PR006,BR008,2018-10-23,,DORMANT,INR,8855.11,CURRENT
AC04126,42723700004126,CU03704,PR009,BR009,2021-01-21,,ACTIVE,INR,216400.56,FIXED_DEPOSIT
AC04127,91470700004127,CU00749,PR002,BR003,2022-01-04,,ACTIVE,INR,13.92,SAVINGS
AC04128,85774600004128,CU00748,PR007,BR006,2025-10-16,2026-08-25,CLOSED,INR,8840.26,FIXED_DEPOSIT
AC04129,88697400004129,CU00426,PR001,BR010,2025-10-01,,DORMANT,INR,119087.56,SAVINGS
AC04130,98375500004130,CU03633,PR008,BR004,2022-04-13,2023-07-28,CLOSED,INR,186281.04,FIXED_DEPOSIT
AC04131,92744700004131,CU01359,PR003,BR003,2023-07-03,,DORMANT,INR,237862.36,SAVINGS
AC04132,77809300004132,CU02435,PR004,BR006,2024-11-04,,ACTIVE,INR,103135.83,CURRENT
AC04133,58964100004133,CU03990,PR006,BR009,2020-10-10,2023-10-15,CLOSED,INR,99163.78,CURRENT
AC04134,12547200004134,CU02045,PR001,BR005,2020-08-25,,ACTIVE,INR,34130.93,SAVINGS
AC04135,75066200004135,CU00595,PR002,BR007,2025-08-25,,ACTIVE,INR,47143.39,SAVINGS
AC04136,16917800004136,CU00275,PR009,BR005,2022-09-12,,DORMANT,INR,121470.20,FIXED_DEPOSIT
AC04137,49791800004137,CU03226,PR009,BR008,2022-10-20,,ACTIVE,INR,9.55,FIXED_DEPOSIT
AC04138,13749000004138,CU04111,PR009,BR004,2019-07-28,,ACTIVE,INR,6591.14,FIXED_DEPOSIT
AC04139,94254500004139,CU00479,PR003,BR005,2023-11-18,,DORMANT,INR,9278.96,SAVINGS
AC04140,56301100004140,CU04884,PR003,BR002,2018-06-20,2020-10-02,CLOSED,INR,123322.35,SAVINGS
AC04141,91110700004141,CU01685,PR008,BR003,2025-08-26,,ACTIVE,INR,9385.32,FIXED_DEPOSIT
AC04142,87602500004142,CU02824,PR003,BR001,2019-02-22,,ACTIVE,INR,9200.42,SAVINGS
AC04143,67025400004143,CU03883,PR008,BR002,2024-02-11,,DORMANT,INR,156894.21,FIXED_DEPOSIT
AC04144,93402500004144,CU04332,PR005,BR004,2019-02-08,2022-05-11,CLOSED,INR,205619.36,CURRENT
AC04145,32329900004145,CU01441,PR003,BR009,2023-06-04,,DORMANT,INR,242994.95,SAVINGS
AC04146,42453300004146,CU02688,PR005,BR001,2020-09-30,,ACTIVE,INR,198181.46,CURRENT
AC04147,12482200004147,CU01122,PR005,BR008,2022-03-08,,ACTIVE,INR,47884.12,CURRENT
AC04148,87222200004148,CU04540,PR006,BR008,2022-07-03,,DORMANT,INR,133800.51,CURRENT
AC04149,88027600004149,CU01504,PR002,BR010,2020-04-04,,DORMANT,INR,6053.69,SAVINGS
AC04150,76236500004150,CU03239,PR001,BR009,2022-12-30,,DORMANT,INR,148687.34,SAVINGS
AC04151,54731300004151,CU02398,PR006,BR008,2025-08-31,,DORMANT,INR,170469.41,CURRENT
AC04152,81877000004152,CU04616,PR008,BR005,2019-05-31,,ACTIVE,INR,101483.95,FIXED_DEPOSIT
AC04153,96269000004153,CU01525,PR008,BR010,2023-10-28,,DORMANT,INR,185985.72,FIXED_DEPOSIT
AC04154,45695500004154,CU01408,PR001,BR010,2019-04-26,,ACTIVE,INR,4200.74,SAVINGS
AC04155,96211700004155,CU02580,PR008,BR008,2019-08-22,,DORMANT,INR,71754.60,FIXED_DEPOSIT
AC04156,29231700004156,CU00512,PR001,BR005,2021-01-18,2025-11-11,CLOSED,INR,231325.51,SAVINGS
AC04157,73753300004157,CU04572,PR003,BR006,2022-06-03,,DORMANT,INR,147209.19,SAVINGS
AC04158,39742300004158,CU00181,PR004,BR008,2020-05-30,,DORMANT,INR,17150.23,CURRENT
AC04159,74265800004159,CU02185,PR002,BR006,2024-10-27,,ACTIVE,INR,15.63,SAVINGS
AC04160,52264200004160,CU03130,PR003,BR009,2022-01-02,2024-01-23,CLOSED,INR,176587.16,SAVINGS
AC04161,87289300004161,CU03049,PR007,BR007,2023-12-09,2026-08-20,CLOSED,INR,188514.86,FIXED_DEPOSIT
AC04162,78666300004162,CU03545,PR003,BR006,2021-06-13,,DORMANT,INR,81098.83,SAVINGS
AC04163,76173900004163,CU02454,PR007,BR004,2020-11-12,2025-06-04,CLOSED,INR,108781.36,FIXED_DEPOSIT
AC04164,41994100004164,CU00243,PR009,BR006,2025-07-27,,DORMANT,INR,38643.64,FIXED_DEPOSIT
AC04165,76282200004165,CU01222,PR004,BR006,2018-02-27,2021-11-20,CLOSED,INR,10209.62,CURRENT
AC04166,41091100004166,CU04779,PR003,BR005,2025-09-06,,ACTIVE,INR,257294.60,SAVINGS
AC04167,70682700004167,CU01590,PR003,BR004,2025-08-15,,ACTIVE,INR,74687.03,SAVINGS
AC04168,65082500004168,CU04698,PR005,BR010,2024-01-30,,DORMANT,INR,169087.43,CURRENT
AC04169,28923100004169,CU04474,PR004,BR007,2024-12-01,2026-08-25,CLOSED,INR,105684.89,CURRENT
AC04170,92268100004170,CU04975,PR008,BR010,2019-01-25,2021-12-11,CLOSED,INR,138184.59,FIXED_DEPOSIT
AC04171,10035500004171,CU04374,PR008,BR009,2020-10-03,,ACTIVE,INR,158969.67,FIXED_DEPOSIT
AC04172,83672800004172,CU02751,PR005,BR010,2019-09-04,,DORMANT,INR,56736.25,CURRENT
AC04173,86345700004173,CU04962,PR007,BR010,2025-04-18,2026-08-15,CLOSED,INR,55706.56,FIXED_DEPOSIT
AC04174,80173500004174,CU00831,PR008,BR006,2025-01-05,,DORMANT,INR,194195.66,FIXED_DEPOSIT
AC04175,53401700004175,CU00184,PR005,BR006,2025-12-09,,ACTIVE,INR,10163.40,CURRENT
AC04176,55549900004176,CU04355,PR001,BR002,2022-01-20,,DORMANT,INR,108181.32,SAVINGS
AC04177,69385700004177,CU02813,PR004,BR010,2023-07-15,,DORMANT,INR,106574.76,CURRENT
AC04178,70864500004178,CU00867,PR006,BR005,2020-08-26,,DORMANT,INR,40088.79,CURRENT
AC04179,83330700004179,CU00564,PR005,BR004,2020-01-06,,DORMANT,INR,19673.46,CURRENT
AC04180,46334200004180,CU00196,PR005,BR006,2025-07-27,,DORMANT,INR,139524.52,CURRENT
AC04181,53037600004181,CU04079,PR003,BR009,2018-10-30,,DORMANT,INR,77561.86,SAVINGS
AC04182,14166900004182,CU02270,PR005,BR003,2020-11-18,,DORMANT,INR,108443.10,CURRENT
AC04183,24027500004183,CU01556,PR003,BR004,2023-08-11,,ACTIVE,INR,268972.75,SAVINGS
AC04184,82879600004184,CU04100,PR001,BR002,2020-09-14,,ACTIVE,INR,2847.13,SAVINGS
AC04185,13350400004185,CU02439,PR005,BR007,2020-03-12,,ACTIVE,INR,242.46,CURRENT
AC04186,41349400004186,CU02195,PR007,BR010,2020-12-10,,ACTIVE,INR,98197.54,FIXED_DEPOSIT
AC04187,91157800004187,CU00110,PR006,BR007,2022-07-01,2026-06-08,CLOSED,INR,67763.17,CURRENT
AC04188,20687000004188,CU01708,PR003,BR005,2018-06-28,2022-07-01,CLOSED,INR,49876.65,SAVINGS
AC04189,35889000004189,CU03521,PR001,BR006,2019-04-27,,ACTIVE,INR,180314.01,SAVINGS
AC04190,57922300004190,CU04825,PR008,BR007,2022-05-08,2024-05-31,CLOSED,INR,211356.05,FIXED_DEPOSIT
AC04191,27893000004191,CU02839,PR001,BR005,2023-04-13,,DORMANT,INR,61372.73,SAVINGS
AC04192,81483800004192,CU03107,PR002,BR002,2019-01-24,,DORMANT,INR,76884.67,SAVINGS
AC04193,50646500004193,CU04440,PR005,BR005,2024-12-01,,ACTIVE,INR,181853.00,CURRENT
AC04194,69524700004194,CU00696,PR008,BR002,2020-08-06,,DORMANT,INR,123994.40,FIXED_DEPOSIT
AC04195,85327900004195,CU00822,PR004,BR009,2018-08-14,,ACTIVE,INR,34.91,CURRENT
AC04196,21307200004196,CU03076,PR009,BR002,2022-03-30,,DORMANT,INR,154577.92,FIXED_DEPOSIT
AC04197,23190100004197,CU02572,PR007,BR008,2019-04-18,,DORMANT,INR,207204.24,FIXED_DEPOSIT
AC04198,66997000004198,CU00768,PR006,BR003,2020-08-24,,ACTIVE,INR,179573.98,CURRENT
AC04199,26654000004199,CU04467,PR007,BR001,2021-07-21,,ACTIVE,INR,22441.67,FIXED_DEPOSIT
AC04200,14980400004200,CU03917,PR004,BR001,2023-11-20,2026-08-20,CLOSED,INR,22681.40,CURRENT
AC04201,67999500004201,CU00265,PR001,BR005,2018-12-14,,DORMANT,INR,212442.76,SAVINGS
AC04202,60545600004202,CU04506,PR008,BR005,2020-06-01,,DORMANT,INR,249853.48,FIXED_DEPOSIT
AC04203,40997500004203,CU00201,PR003,BR007,2021-02-10,,ACTIVE,INR,1193.89,SAVINGS
AC04204,61099900004204,CU01597,PR001,BR006,2025-02-10,,DORMANT,INR,131123.67,SAVINGS
AC04205,32823400004205,CU03065,PR006,BR003,2022-07-08,,ACTIVE,INR,37844.68,CURRENT
AC04206,14672700004206,CU00346,PR006,BR002,2021-09-04,,DORMANT,INR,31227.13,CURRENT
AC04207,40978300004207,CU01410,PR003,BR005,2024-04-07,,ACTIVE,INR,105575.74,SAVINGS
AC04208,49734100004208,CU03943,PR003,BR009,2022-12-22,,ACTIVE,INR,83085.79,SAVINGS
AC04209,79220700004209,CU03702,PR005,BR002,2022-10-23,,DORMANT,INR,182114.54,CURRENT
AC04210,35305000004210,CU03168,PR005,BR003,2020-10-02,,ACTIVE,INR,82.39,CURRENT
AC04211,80017100004211,CU03422,PR002,BR007,2024-07-01,2025-02-05,CLOSED,INR,48864.42,SAVINGS
AC04212,56902700004212,CU00634,PR003,BR009,2021-03-02,,DORMANT,INR,245718.38,SAVINGS
AC04213,11498500004213,CU02542,PR003,BR006,2019-05-19,2021-12-05,CLOSED,INR,163062.59,SAVINGS
AC04214,50419200004214,CU04795,PR002,BR004,2021-01-06,,ACTIVE,INR,881.26,SAVINGS
AC04215,59669400004215,CU00469,PR001,BR009,2018-09-22,2023-09-21,CLOSED,INR,75501.64,SAVINGS
AC04216,24456900004216,CU02727,PR004,BR001,2023-01-07,,ACTIVE,INR,2311.96,CURRENT
AC04217,55301400004217,CU01442,PR003,BR001,2020-09-04,,ACTIVE,INR,304.84,SAVINGS
AC04218,35478200004218,CU03337,PR008,BR006,2024-12-07,2026-08-02,CLOSED,INR,7126.59,FIXED_DEPOSIT
AC04219,45256000004219,CU02107,PR007,BR005,2024-01-07,,ACTIVE,INR,67998.71,FIXED_DEPOSIT
AC04220,46827400004220,CU04267,PR001,BR006,2021-12-09,,ACTIVE,INR,21869.82,SAVINGS
AC04221,68807100004221,CU00824,PR002,BR010,2018-04-07,2020-06-18,CLOSED,INR,35326.56,SAVINGS
AC04222,60567200004222,CU03591,PR007,BR002,2024-10-19,,DORMANT,INR,64814.34,FIXED_DEPOSIT
AC04223,18945100004223,CU00392,PR009,BR008,2018-11-29,2022-04-20,CLOSED,INR,13749.67,FIXED_DEPOSIT
AC04224,98939600004224,CU01686,PR009,BR001,2024-01-05,,ACTIVE,INR,161232.99,FIXED_DEPOSIT
AC04225,76692900004225,CU03381,PR002,BR003,2018-07-09,,ACTIVE,INR,114625.69,SAVINGS
AC04226,94128300004226,CU02833,PR004,BR001,2025-12-16,2026-08-25,CLOSED,INR,115138.64,CURRENT
AC04227,62232200004227,CU04178,PR006,BR001,2021-02-04,,ACTIVE,INR,18596.51,CURRENT
AC04228,55434400004228,CU04344,PR005,BR010,2021-08-26,2023-10-30,CLOSED,INR,241705.16,CURRENT
AC04229,38658400004229,CU00332,PR009,BR005,2025-10-13,,ACTIVE,INR,52065.04,FIXED_DEPOSIT
AC04230,61844600004230,CU00690,PR005,BR001,2024-03-09,,DORMANT,INR,114852.65,CURRENT
AC04231,57556100004231,CU02273,PR008,BR005,2025-05-04,2026-08-26,CLOSED,INR,46124.72,FIXED_DEPOSIT
AC04232,61858100004232,CU04715,PR004,BR008,2024-06-14,,ACTIVE,INR,249908.80,CURRENT
AC04233,74785300004233,CU03623,PR008,BR004,2023-05-16,,DORMANT,INR,129078.29,FIXED_DEPOSIT
AC04234,91237300004234,CU00962,PR009,BR004,2021-10-17,2024-01-12,CLOSED,INR,245026.00,FIXED_DEPOSIT
AC04235,84847700004235,CU00261,PR009,BR001,2022-05-25,2026-07-07,CLOSED,INR,27181.32,FIXED_DEPOSIT
AC04236,70936600004236,CU04450,PR004,BR005,2023-02-11,,ACTIVE,INR,15432.86,CURRENT
AC04237,48998100004237,CU04646,PR001,BR008,2018-03-03,2022-01-17,CLOSED,INR,84705.38,SAVINGS
AC04238,22767700004238,CU00177,PR009,BR002,2021-09-19,,ACTIVE,INR,51.84,FIXED_DEPOSIT
AC04239,71052900004239,CU03866,PR003,BR009,2022-06-14,,ACTIVE,INR,5883.84,SAVINGS
AC04240,49480500004240,CU00631,PR007,BR007,2023-11-23,,ACTIVE,INR,35505.88,FIXED_DEPOSIT
AC04241,74619100004241,CU04828,PR001,BR006,2018-03-26,,ACTIVE,INR,13163.95,SAVINGS
AC04242,26077700004242,CU01068,PR002,BR003,2019-10-08,2023-08-02,CLOSED,INR,158039.90,SAVINGS
AC04243,85103800004243,CU03711,PR006,BR002,2021-02-09,,ACTIVE,INR,54963.76,CURRENT
AC04244,93601200004244,CU04725,PR009,BR007,2020-11-01,,DORMANT,INR,120519.59,FIXED_DEPOSIT
AC04245,22430900004245,CU03086,PR008,BR008,2022-07-25,,ACTIVE,INR,48788.25,FIXED_DEPOSIT
AC04246,46216000004246,CU00976,PR008,BR003,2018-05-26,2022-08-18,CLOSED,INR,190290.29,FIXED_DEPOSIT
AC04247,44804300004247,CU04507,PR009,BR002,2023-11-11,,ACTIVE,INR,5652.83,FIXED_DEPOSIT
AC04248,33533700004248,CU01694,PR006,BR001,2023-08-22,2026-08-29,CLOSED,INR,89116.17,CURRENT
AC04249,89312400004249,CU00404,PR005,BR009,2021-11-07,,ACTIVE,INR,111760.20,CURRENT
AC04250,19500200004250,CU03125,PR006,BR001,2025-01-20,,DORMANT,INR,5494.70,CURRENT
AC04251,18454400004251,CU04029,PR008,BR007,2018-02-21,,DORMANT,INR,11146.15,FIXED_DEPOSIT
AC04252,28807300004252,CU02225,PR004,BR003,2023-11-15,2026-08-26,CLOSED,INR,245084.37,CURRENT
AC04253,75608500004253,CU03677,PR002,BR008,2025-03-26,2025-09-27,CLOSED,INR,117597.55,SAVINGS
AC04254,72747400004254,CU03395,PR007,BR007,2021-02-07,,DORMANT,INR,229003.85,FIXED_DEPOSIT
AC04255,47447400004255,CU01219,PR008,BR009,2023-10-29,,DORMANT,INR,49609.87,FIXED_DEPOSIT
AC04256,85777200004256,CU02656,PR007,BR006,2018-05-09,,ACTIVE,INR,14627.60,FIXED_DEPOSIT
AC04257,67368600004257,CU03271,PR008,BR002,2021-04-29,,DORMANT,INR,95644.24,FIXED_DEPOSIT
AC04258,92962100004258,CU00206,PR006,BR010,2021-10-30,,DORMANT,INR,220684.40,CURRENT
AC04259,41779800004259,CU02787,PR006,BR010,2020-11-23,,ACTIVE,INR,107127.80,CURRENT
AC04260,91990000004260,CU03580,PR007,BR001,2018-08-05,2022-08-19,CLOSED,INR,228063.05,FIXED_DEPOSIT
AC04261,85169600004261,CU04553,PR005,BR003,2019-04-21,,ACTIVE,INR,1821.49,CURRENT
AC04262,80784100004262,CU00875,PR003,BR003,2018-02-06,,ACTIVE,INR,45384.60,SAVINGS
AC04263,16346000004263,CU00849,PR005,BR009,2025-03-28,2026-08-26,CLOSED,INR,134431.97,CURRENT
AC04264,39296800004264,CU04919,PR006,BR009,2018-03-12,,ACTIVE,INR,20381.68,CURRENT
AC04265,79982200004265,CU00215,PR007,BR007,2018-09-30,,ACTIVE,INR,31728.00,FIXED_DEPOSIT
AC04266,80636400004266,CU00203,PR007,BR008,2024-07-15,2026-02-06,CLOSED,INR,167924.09,FIXED_DEPOSIT
AC04267,87653500004267,CU01899,PR009,BR007,2021-12-25,,ACTIVE,INR,2239.07,FIXED_DEPOSIT
AC04268,71777800004268,CU02129,PR008,BR003,2018-07-31,,DORMANT,INR,207572.67,FIXED_DEPOSIT
AC04269,56074100004269,CU00371,PR003,BR009,2018-03-24,,ACTIVE,INR,81577.09,SAVINGS
AC04270,40185300004270,CU01758,PR001,BR008,2024-03-26,,ACTIVE,INR,173.82,SAVINGS
AC04271,67266500004271,CU04793,PR001,BR003,2022-07-09,,DORMANT,INR,66958.61,SAVINGS
AC04272,57609600004272,CU00348,PR006,BR006,2018-08-31,,ACTIVE,INR,64960.92,CURRENT
AC04273,74372200004273,CU03707,PR003,BR006,2024-02-28,2025-09-01,CLOSED,INR,217092.08,SAVINGS
AC04274,14985500004274,CU03928,PR007,BR004,2018-10-27,2020-09-26,CLOSED,INR,246907.45,FIXED_DEPOSIT
AC04275,46636000004275,CU00969,PR009,BR002,2020-01-08,,ACTIVE,INR,318751.83,FIXED_DEPOSIT
AC04276,79315400004276,CU03697,PR008,BR006,2025-12-20,,DORMANT,INR,238553.88,FIXED_DEPOSIT
AC04277,65543500004277,CU00614,PR003,BR008,2024-08-12,2026-02-11,CLOSED,INR,163911.68,SAVINGS
AC04278,30536700004278,CU04108,PR003,BR003,2025-08-20,,ACTIVE,INR,20888.59,SAVINGS
AC04279,45021600004279,CU02777,PR003,BR008,2022-04-17,,DORMANT,INR,14493.73,SAVINGS
AC04280,76443800004280,CU03520,PR009,BR005,2019-08-23,2021-07-13,CLOSED,INR,104113.69,FIXED_DEPOSIT
AC04281,61414200004281,CU01529,PR004,BR007,2018-05-26,2021-08-08,CLOSED,INR,153960.27,CURRENT
AC04282,20405100004282,CU02533,PR009,BR003,2020-08-20,,ACTIVE,INR,11798.91,FIXED_DEPOSIT
AC04283,95467200004283,CU03438,PR008,BR002,2021-01-03,,DORMANT,INR,152328.68,FIXED_DEPOSIT
AC04284,52535800004284,CU00314,PR007,BR008,2018-06-04,2019-06-20,CLOSED,INR,132598.01,FIXED_DEPOSIT
AC04285,92597600004285,CU00826,PR001,BR010,2019-09-30,2022-09-22,CLOSED,INR,201357.43,SAVINGS
AC04286,23687400004286,CU01439,PR009,BR003,2021-05-31,2025-03-27,CLOSED,INR,237073.93,FIXED_DEPOSIT
AC04287,42554800004287,CU00865,PR009,BR007,2022-07-14,,ACTIVE,INR,48147.98,FIXED_DEPOSIT
AC04288,14138900004288,CU01608,PR004,BR005,2019-06-16,2021-05-02,CLOSED,INR,93910.60,CURRENT
AC04289,86239800004289,CU02790,PR009,BR002,2023-02-04,2026-08-22,CLOSED,INR,157213.82,FIXED_DEPOSIT
AC04290,34057500004290,CU00588,PR005,BR004,2024-01-28,,DORMANT,INR,151013.56,CURRENT
AC04291,38466400004291,CU02022,PR007,BR010,2021-02-12,,DORMANT,INR,189440.27,FIXED_DEPOSIT
AC04292,51116500004292,CU01530,PR003,BR002,2021-06-18,,DORMANT,INR,190133.78,SAVINGS
AC04293,53267600004293,CU02596,PR001,BR002,2022-12-01,,DORMANT,INR,8868.12,SAVINGS
AC04294,81304700004294,CU03934,PR003,BR004,2019-06-15,,ACTIVE,INR,4420.61,SAVINGS
AC04295,82820700004295,CU02016,PR002,BR001,2024-08-31,,DORMANT,INR,205094.61,SAVINGS
AC04296,63457500004296,CU01183,PR004,BR009,2019-06-16,,DORMANT,INR,98959.64,CURRENT
AC04297,22386300004297,CU04934,PR008,BR002,2021-06-20,,DORMANT,INR,240966.47,FIXED_DEPOSIT
AC04298,51960400004298,CU02117,PR001,BR005,2025-01-26,,ACTIVE,INR,22357.68,SAVINGS
AC04299,28579400004299,CU00125,PR006,BR003,2022-07-15,,ACTIVE,INR,136713.24,CURRENT
AC04300,99226500004300,CU02417,PR003,BR003,2020-03-05,,DORMANT,INR,185237.08,SAVINGS
AC04301,81600600004301,CU00235,PR009,BR002,2025-06-27,2026-08-22,CLOSED,INR,82654.22,FIXED_DEPOSIT
AC04302,27871500004302,CU03807,PR002,BR001,2024-04-20,,DORMANT,INR,87707.86,SAVINGS
AC04303,27348900004303,CU00863,PR007,BR005,2021-09-22,,DORMANT,INR,90170.47,FIXED_DEPOSIT
AC04304,67020700004304,CU02144,PR009,BR010,2019-11-07,,DORMANT,INR,110259.67,FIXED_DEPOSIT
AC04305,25877900004305,CU02816,PR003,BR008,2020-12-27,,ACTIVE,INR,468874.70,SAVINGS
AC04306,92513700004306,CU04660,PR008,BR003,2025-04-12,2026-08-21,CLOSED,INR,176702.90,FIXED_DEPOSIT
AC04307,65253700004307,CU04413,PR002,BR005,2020-09-08,,ACTIVE,INR,35230.18,SAVINGS
AC04308,63868900004308,CU02924,PR005,BR010,2018-01-09,,ACTIVE,INR,74944.39,CURRENT
AC04309,43700100004309,CU02344,PR006,BR003,2022-02-10,,DORMANT,INR,199265.75,CURRENT
AC04310,38661400004310,CU00220,PR003,BR006,2025-08-08,2026-08-24,CLOSED,INR,213879.29,SAVINGS
AC04311,11431200004311,CU03313,PR001,BR006,2021-10-18,2025-10-25,CLOSED,INR,35341.10,SAVINGS
AC04312,97255700004312,CU03464,PR006,BR004,2021-10-05,2025-02-23,CLOSED,INR,117145.99,CURRENT
AC04313,50340500004313,CU03726,PR004,BR004,2022-10-17,,ACTIVE,INR,50623.62,CURRENT
AC04314,24659900004314,CU02913,PR005,BR008,2019-05-04,,ACTIVE,INR,119465.29,CURRENT
AC04315,20643200004315,CU00578,PR006,BR008,2022-02-07,2022-10-20,CLOSED,INR,180838.94,CURRENT
AC04316,53598800004316,CU03479,PR009,BR001,2019-03-02,,DORMANT,INR,77949.84,FIXED_DEPOSIT
AC04317,14406900004317,CU04587,PR003,BR004,2018-12-19,,ACTIVE,INR,67934.19,SAVINGS
AC04318,64287000004318,CU01375,PR001,BR009,2018-08-09,2019-09-02,CLOSED,INR,97838.09,SAVINGS
AC04319,65124800004319,CU01140,PR007,BR005,2024-05-10,2026-08-25,CLOSED,INR,75363.88,FIXED_DEPOSIT
AC04320,48990500004320,CU01189,PR003,BR002,2025-12-03,,DORMANT,INR,28676.61,SAVINGS
AC04321,29337000004321,CU00808,PR004,BR002,2020-03-24,,DORMANT,INR,218637.08,CURRENT
AC04322,32366900004322,CU02885,PR008,BR004,2019-03-18,,DORMANT,INR,68961.36,FIXED_DEPOSIT
AC04323,62472200004323,CU03378,PR009,BR006,2024-08-15,,DORMANT,INR,207025.43,FIXED_DEPOSIT
AC04324,27194600004324,CU03317,PR007,BR001,2021-03-17,,DORMANT,INR,58233.56,FIXED_DEPOSIT
AC04325,56060000004325,CU04945,PR003,BR008,2022-10-05,,ACTIVE,INR,7.42,SAVINGS
AC04326,84973200004326,CU04921,PR009,BR005,2022-05-20,,DORMANT,INR,30877.32,FIXED_DEPOSIT
AC04327,21385600004327,CU01221,PR003,BR005,2024-05-10,,ACTIVE,INR,161132.41,SAVINGS
AC04328,53054500004328,CU02118,PR004,BR009,2024-04-05,,DORMANT,INR,212041.43,CURRENT
AC04329,24101700004329,CU04354,PR007,BR003,2022-05-12,2023-06-03,CLOSED,INR,105561.11,FIXED_DEPOSIT
AC04330,80237600004330,CU02499,PR005,BR004,2020-11-03,,ACTIVE,INR,40693.29,CURRENT
AC04331,11260400004331,CU00888,PR002,BR010,2019-07-19,2023-06-15,CLOSED,INR,209464.47,SAVINGS
AC04332,80247700004332,CU04808,PR002,BR005,2022-06-30,2026-08-21,CLOSED,INR,30614.84,SAVINGS
AC04333,25830200004333,CU04867,PR005,BR009,2021-06-16,,DORMANT,INR,150929.18,CURRENT
AC04334,16623100004334,CU02149,PR002,BR009,2025-12-01,,DORMANT,INR,79421.24,SAVINGS
AC04335,87113800004335,CU03109,PR005,BR008,2020-06-30,,DORMANT,INR,78110.86,CURRENT
AC04336,42820100004336,CU01405,PR009,BR001,2023-01-07,2026-08-26,CLOSED,INR,182046.39,FIXED_DEPOSIT
AC04337,72270200004337,CU01031,PR001,BR007,2022-08-09,,DORMANT,INR,196832.39,SAVINGS
AC04338,22027800004338,CU03156,PR007,BR002,2022-03-16,,DORMANT,INR,95496.62,FIXED_DEPOSIT
AC04339,99125800004339,CU02466,PR006,BR007,2019-03-28,2023-08-30,CLOSED,INR,94169.05,CURRENT
AC04340,90347100004340,CU03854,PR001,BR005,2020-12-15,2025-07-19,CLOSED,INR,79137.03,SAVINGS
AC04341,53337200004341,CU00419,PR004,BR010,2024-10-18,,DORMANT,INR,47378.07,CURRENT
AC04342,33259900004342,CU00213,PR002,BR007,2025-02-04,2026-08-26,CLOSED,INR,162372.70,SAVINGS
AC04343,58220000004343,CU01673,PR007,BR008,2019-04-20,,ACTIVE,INR,114742.22,FIXED_DEPOSIT
AC04344,38986600004344,CU01372,PR004,BR002,2018-12-09,,DORMANT,INR,29422.42,CURRENT
AC04345,73757600004345,CU00118,PR005,BR002,2019-11-13,,DORMANT,INR,85495.40,CURRENT
AC04346,21248700004346,CU03533,PR006,BR007,2018-01-25,,DORMANT,INR,154876.22,CURRENT
AC04347,93381900004347,CU04669,PR005,BR003,2023-10-05,2026-08-23,CLOSED,INR,239879.10,CURRENT
AC04348,68699400004348,CU03042,PR006,BR005,2019-10-06,2021-02-04,CLOSED,INR,241002.76,CURRENT
AC04349,31197000004349,CU02003,PR004,BR005,2021-02-01,2022-09-01,CLOSED,INR,197766.79,CURRENT
AC04350,24226500004350,CU03642,PR003,BR006,2022-10-07,,ACTIVE,INR,13495.59,SAVINGS
AC04351,88948800004351,CU03541,PR004,BR009,2025-12-21,2026-08-29,CLOSED,INR,68703.22,CURRENT
AC04352,73070900004352,CU02709,PR003,BR002,2018-09-18,,ACTIVE,INR,79367.37,SAVINGS
AC04353,94585900004353,CU01016,PR002,BR002,2023-01-20,,ACTIVE,INR,110583.22,SAVINGS
AC04354,71512000004354,CU01057,PR004,BR008,2025-04-13,,ACTIVE,INR,22803.41,CURRENT
AC04355,58046800004355,CU02119,PR005,BR008,2022-01-23,2023-07-05,CLOSED,INR,42926.71,CURRENT
AC04356,20296500004356,CU04072,PR002,BR007,2020-11-13,,DORMANT,INR,188082.00,SAVINGS
AC04357,35645300004357,CU03988,PR004,BR001,2020-07-22,2024-12-01,CLOSED,INR,208469.97,CURRENT
AC04358,29562100004358,CU00016,PR001,BR007,2024-10-24,,DORMANT,INR,100476.47,SAVINGS
AC04359,74022400004359,CU02806,PR003,BR006,2021-05-08,,DORMANT,INR,197352.74,SAVINGS
AC04360,77708200004360,CU03779,PR006,BR004,2020-01-14,2020-10-27,CLOSED,INR,226941.07,CURRENT
AC04361,17560000004361,CU04055,PR002,BR010,2020-11-02,,ACTIVE,INR,38896.54,SAVINGS
AC04362,11917700004362,CU00785,PR003,BR008,2025-08-19,,ACTIVE,INR,152588.01,SAVINGS
AC04363,98998500004363,CU00447,PR004,BR006,2018-06-04,,ACTIVE,INR,0.00,CURRENT
AC04364,58675900004364,CU04824,PR008,BR008,2020-02-27,2023-12-20,CLOSED,INR,171099.08,FIXED_DEPOSIT
AC04365,75853400004365,CU03540,PR002,BR008,2021-01-13,2026-06-17,CLOSED,INR,84919.39,SAVINGS
AC04366,61348700004366,CU02805,PR006,BR002,2018-11-14,2022-04-14,CLOSED,INR,151204.00,CURRENT
AC04367,89552500004367,CU03563,PR001,BR005,2025-10-08,,ACTIVE,INR,36824.49,SAVINGS
AC04368,80117000004368,CU00918,PR001,BR010,2025-05-20,,DORMANT,INR,65487.23,SAVINGS
AC04369,19140300004369,CU03892,PR005,BR010,2021-04-03,,ACTIVE,INR,1275.45,CURRENT
AC04370,51550200004370,CU02049,PR003,BR001,2025-05-07,,DORMANT,INR,173045.99,SAVINGS
AC04371,32025500004371,CU04524,PR002,BR004,2019-08-19,,ACTIVE,INR,47395.79,SAVINGS
AC04372,31084200004372,CU03487,PR004,BR010,2021-07-16,2025-08-13,CLOSED,INR,12641.75,CURRENT
AC04373,65502000004373,CU00129,PR003,BR004,2018-02-19,,ACTIVE,INR,56113.04,SAVINGS
AC04374,26572900004374,CU03674,PR004,BR008,2022-04-28,,DORMANT,INR,240681.29,CURRENT
AC04375,58945300004375,CU02460,PR001,BR007,2018-06-03,,DORMANT,INR,145614.31,SAVINGS
AC04376,98659000004376,CU04872,PR005,BR005,2023-10-29,,ACTIVE,INR,60692.38,CURRENT
AC04377,64586900004377,CU02132,PR001,BR002,2023-06-02,,DORMANT,INR,151709.91,SAVINGS
AC04378,61251900004378,CU04690,PR003,BR009,2019-06-14,,ACTIVE,INR,133794.90,SAVINGS
AC04379,98870400004379,CU01510,PR001,BR001,2018-07-08,2021-03-18,CLOSED,INR,239372.76,SAVINGS
AC04380,34235300004380,CU04122,PR003,BR004,2018-03-20,,DORMANT,INR,222900.32,SAVINGS
AC04381,96442100004381,CU04459,PR007,BR008,2024-08-13,2026-03-15,CLOSED,INR,53261.34,FIXED_DEPOSIT
AC04382,12476500004382,CU03365,PR002,BR009,2018-03-23,,DORMANT,INR,101517.23,SAVINGS
AC04383,68698100004383,CU01306,PR005,BR004,2023-02-16,,DORMANT,INR,86832.21,CURRENT
AC04384,58319300004384,CU01355,PR006,BR009,2019-07-13,,ACTIVE,INR,126123.37,CURRENT
AC04385,52182900004385,CU00076,PR003,BR002,2024-06-22,2025-08-22,CLOSED,INR,127862.26,SAVINGS
AC04386,60280900004386,CU04707,PR007,BR001,2019-12-19,,ACTIVE,INR,21332.76,FIXED_DEPOSIT
AC04387,55307700004387,CU02705,PR001,BR010,2022-05-01,2024-04-30,CLOSED,INR,152553.11,SAVINGS
AC04388,41435400004388,CU01644,PR007,BR007,2022-07-19,,ACTIVE,INR,153148.52,FIXED_DEPOSIT
AC04389,15171800004389,CU02754,PR005,BR005,2018-01-29,2022-06-27,CLOSED,INR,8728.33,CURRENT
AC04390,35684800004390,CU03806,PR007,BR001,2025-11-24,,ACTIVE,INR,1463.34,FIXED_DEPOSIT
AC04391,55834500004391,CU04361,PR009,BR006,2018-03-28,2020-06-20,CLOSED,INR,159529.45,FIXED_DEPOSIT
AC04392,39673700004392,CU04428,PR002,BR001,2023-02-21,,DORMANT,INR,27215.48,SAVINGS
AC04393,72847000004393,CU01903,PR005,BR002,2024-06-08,,ACTIVE,INR,3114.26,CURRENT
AC04394,16917200004394,CU01812,PR006,BR010,2019-05-28,2022-06-04,CLOSED,INR,231422.30,CURRENT
AC04395,42300300004395,CU02190,PR006,BR006,2020-11-06,,DORMANT,INR,207827.07,CURRENT
AC04396,72803100004396,CU00791,PR001,BR005,2023-11-05,,ACTIVE,INR,7000.23,SAVINGS
AC04397,64281400004397,CU00150,PR006,BR009,2022-02-19,2023-09-06,CLOSED,INR,86578.36,CURRENT
AC04398,59518500004398,CU01816,PR006,BR001,2021-11-27,,ACTIVE,INR,173970.57,CURRENT
AC04399,26233600004399,CU04938,PR004,BR004,2023-03-16,,DORMANT,INR,139318.47,CURRENT
AC04400,62075500004400,CU02716,PR004,BR007,2019-08-13,,ACTIVE,INR,27994.77,CURRENT
AC04401,57615600004401,CU02064,PR002,BR010,2025-02-08,,DORMANT,INR,192523.77,SAVINGS
AC04402,82819900004402,CU02893,PR008,BR009,2022-05-29,,DORMANT,INR,240826.56,FIXED_DEPOSIT
AC04403,40319200004403,CU02697,PR008,BR004,2024-10-04,2026-08-25,CLOSED,INR,213328.96,FIXED_DEPOSIT
AC04404,63242300004404,CU04000,PR006,BR006,2024-11-27,2025-09-21,CLOSED,INR,115983.43,CURRENT
AC04405,13827200004405,CU03900,PR001,BR005,2024-04-21,,DORMANT,INR,134976.89,SAVINGS
AC04406,85881800004406,CU03261,PR004,BR001,2020-02-23,,ACTIVE,INR,1692.07,CURRENT
AC04407,16031200004407,CU00994,PR007,BR008,2020-01-04,,ACTIVE,INR,101687.23,FIXED_DEPOSIT
AC04408,69084700004408,CU03400,PR003,BR005,2018-08-26,,ACTIVE,INR,6264.10,SAVINGS
AC04409,85584800004409,CU02920,PR009,BR008,2024-01-19,2026-08-26,CLOSED,INR,211706.65,FIXED_DEPOSIT
AC04410,51469700004410,CU01780,PR007,BR001,2024-06-27,2026-08-24,CLOSED,INR,3899.77,FIXED_DEPOSIT
AC04411,44831800004411,CU03751,PR002,BR007,2021-07-25,,ACTIVE,INR,147994.15,SAVINGS
AC04412,39334800004412,CU02525,PR004,BR005,2022-01-09,2024-03-20,CLOSED,INR,117953.09,CURRENT
AC04413,59193300004413,CU04705,PR009,BR001,2024-04-29,,ACTIVE,INR,32151.24,FIXED_DEPOSIT
AC04414,99249500004414,CU02339,PR001,BR010,2022-06-25,2025-03-19,CLOSED,INR,182749.61,SAVINGS
AC04415,71820000004415,CU00527,PR004,BR003,2025-02-08,,DORMANT,INR,19486.77,CURRENT
AC04416,95443800004416,CU02332,PR007,BR006,2021-12-20,,DORMANT,INR,82567.99,FIXED_DEPOSIT
AC04417,86126200004417,CU01569,PR001,BR008,2023-07-09,,DORMANT,INR,80571.26,SAVINGS
AC04418,49701600004418,CU00109,PR004,BR010,2021-11-13,,ACTIVE,INR,332544.17,CURRENT
AC04419,48662800004419,CU03622,PR001,BR008,2024-08-27,2026-08-26,CLOSED,INR,14813.87,SAVINGS
AC04420,28652400004420,CU02205,PR004,BR002,2019-04-03,,ACTIVE,INR,74582.95,CURRENT
AC04421,90219000004421,CU03172,PR004,BR003,2022-10-14,2025-01-06,CLOSED,INR,3239.54,CURRENT
AC04422,70257300004422,CU00800,PR001,BR005,2021-01-21,,ACTIVE,INR,11.81,SAVINGS
AC04423,20633900004423,CU03671,PR003,BR001,2021-06-27,2022-07-16,CLOSED,INR,153507.32,SAVINGS
AC04424,31036700004424,CU02397,PR005,BR007,2024-02-09,2026-08-27,CLOSED,INR,228946.52,CURRENT
AC04425,65296600004425,CU04745,PR005,BR010,2018-05-30,,ACTIVE,INR,9349.56,CURRENT
AC04426,83248100004426,CU00498,PR003,BR001,2022-04-08,,DORMANT,INR,126998.82,SAVINGS
AC04427,94444600004427,CU00128,PR008,BR004,2019-12-05,,DORMANT,INR,196785.98,FIXED_DEPOSIT
AC04428,91923500004428,CU04470,PR002,BR005,2019-03-03,2024-02-22,CLOSED,INR,133531.35,SAVINGS
AC04429,99214700004429,CU02903,PR008,BR001,2024-04-17,2026-08-20,CLOSED,INR,127136.94,FIXED_DEPOSIT
AC04430,40136300004430,CU02341,PR004,BR001,2025-12-14,2026-08-28,CLOSED,INR,161034.76,CURRENT
AC04431,45760900004431,CU04514,PR009,BR001,2020-07-16,,ACTIVE,INR,63125.31,FIXED_DEPOSIT
AC04432,55414200004432,CU03867,PR006,BR005,2023-02-22,,DORMANT,INR,234545.67,CURRENT
AC04433,36536000004433,CU03920,PR009,BR003,2021-01-09,2023-04-01,CLOSED,INR,233264.56,FIXED_DEPOSIT
AC04434,48281900004434,CU04771,PR006,BR010,2025-10-19,,DORMANT,INR,72129.06,CURRENT
AC04435,46412100004435,CU01313,PR008,BR006,2023-06-12,,DORMANT,INR,84746.69,FIXED_DEPOSIT
AC04436,55847500004436,CU03030,PR009,BR008,2022-06-01,,ACTIVE,INR,102738.35,FIXED_DEPOSIT
AC04437,66735900004437,CU04865,PR005,BR010,2018-07-01,2020-09-11,CLOSED,INR,185064.30,CURRENT
AC04438,17219500004438,CU03240,PR001,BR002,2019-10-16,,DORMANT,INR,79586.26,SAVINGS
AC04439,33552600004439,CU00731,PR005,BR009,2021-10-09,,ACTIVE,INR,221451.55,CURRENT
AC04440,98846500004440,CU04405,PR009,BR006,2024-08-19,,ACTIVE,INR,94410.67,FIXED_DEPOSIT
AC04441,82724200004441,CU01807,PR004,BR003,2020-08-06,,ACTIVE,INR,714.16,CURRENT
AC04442,87114200004442,CU02932,PR002,BR009,2018-03-05,2019-02-21,CLOSED,INR,179710.04,SAVINGS
AC04443,81375300004443,CU03369,PR009,BR009,2022-10-26,,DORMANT,INR,6089.83,FIXED_DEPOSIT
AC04444,44663300004444,CU00299,PR004,BR001,2019-03-26,,DORMANT,INR,118309.49,CURRENT
AC04445,65995400004445,CU00316,PR009,BR005,2025-10-13,,ACTIVE,INR,97553.88,FIXED_DEPOSIT
AC04446,12497400004446,CU00814,PR001,BR002,2019-05-20,,DORMANT,INR,171287.06,SAVINGS
AC04447,36895300004447,CU04604,PR006,BR009,2020-11-11,2024-12-17,CLOSED,INR,166208.37,CURRENT
AC04448,38218700004448,CU00958,PR002,BR005,2023-02-12,,ACTIVE,INR,14424.77,SAVINGS
AC04449,48203500004449,CU01983,PR005,BR010,2019-09-14,2024-03-25,CLOSED,INR,166748.42,CURRENT
AC04450,15158500004450,CU03336,PR001,BR007,2024-03-23,,ACTIVE,INR,270.10,SAVINGS
AC04451,46196800004451,CU00745,PR004,BR004,2025-03-20,2026-08-22,CLOSED,INR,103514.73,CURRENT
AC04452,89678100004452,CU00227,PR005,BR004,2025-01-23,,DORMANT,INR,241815.52,CURRENT
AC04453,34516400004453,CU04901,PR009,BR006,2025-10-01,,ACTIVE,INR,63519.60,FIXED_DEPOSIT
AC04454,28604300004454,CU02296,PR008,BR008,2022-08-07,,ACTIVE,INR,118399.00,FIXED_DEPOSIT
AC04455,79160300004455,CU03780,PR005,BR005,2025-09-12,,DORMANT,INR,108080.73,CURRENT
AC04456,79307300004456,CU02573,PR005,BR007,2019-01-10,,ACTIVE,INR,5286.26,CURRENT
AC04457,77732800004457,CU01797,PR008,BR009,2023-07-19,,DORMANT,INR,110317.17,FIXED_DEPOSIT
AC04458,73761400004458,CU01423,PR008,BR007,2020-01-18,,DORMANT,INR,99692.96,FIXED_DEPOSIT
AC04459,50448200004459,CU03585,PR004,BR006,2023-01-13,,ACTIVE,INR,13885.19,CURRENT
AC04460,40342000004460,CU04283,PR007,BR010,2024-10-06,2026-04-06,CLOSED,INR,213481.23,FIXED_DEPOSIT
AC04461,68898100004461,CU02327,PR004,BR010,2025-01-23,2026-08-28,CLOSED,INR,75355.29,CURRENT
AC04462,92805000004462,CU01172,PR001,BR009,2023-01-26,2024-04-11,CLOSED,INR,104814.03,SAVINGS
AC04463,38485600004463,CU03957,PR002,BR008,2018-11-11,,DORMANT,INR,212660.74,SAVINGS
AC04464,79547700004464,CU02752,PR001,BR010,2022-03-05,2025-01-15,CLOSED,INR,52787.74,SAVINGS
AC04465,10741100004465,CU04456,PR008,BR009,2021-02-17,,DORMANT,INR,22052.39,FIXED_DEPOSIT
AC04466,66126100004466,CU00587,PR007,BR010,2019-11-03,2023-04-01,CLOSED,INR,176951.70,FIXED_DEPOSIT
AC04467,51683100004467,CU03167,PR009,BR009,2025-03-06,2026-08-20,CLOSED,INR,141470.02,FIXED_DEPOSIT
AC04468,38880200004468,CU04489,PR003,BR009,2020-06-12,,DORMANT,INR,61898.30,SAVINGS
AC04469,18118700004469,CU02010,PR002,BR001,2023-04-16,,ACTIVE,INR,102298.16,SAVINGS
AC04470,86242500004470,CU00780,PR005,BR002,2024-02-24,2026-08-29,CLOSED,INR,221255.38,CURRENT
AC04471,59113300004471,CU04362,PR009,BR007,2025-03-21,,ACTIVE,INR,20.47,FIXED_DEPOSIT
AC04472,49224500004472,CU03898,PR004,BR005,2018-05-11,2019-04-26,CLOSED,INR,222804.36,CURRENT
AC04473,40201600004473,CU02416,PR007,BR006,2023-08-30,,ACTIVE,INR,11473.74,FIXED_DEPOSIT
AC04474,70653800004474,CU00495,PR003,BR009,2024-05-28,,DORMANT,INR,223499.29,SAVINGS
AC04475,77081900004475,CU03014,PR009,BR005,2022-07-25,,DORMANT,INR,185585.80,FIXED_DEPOSIT
AC04476,55680500004476,CU00777,PR002,BR008,2018-06-24,2021-04-27,CLOSED,INR,62566.30,SAVINGS
AC04477,17202300004477,CU04391,PR001,BR005,2018-09-17,2019-09-12,CLOSED,INR,196007.26,SAVINGS
AC04478,22490300004478,CU00809,PR005,BR007,2021-06-13,2026-01-05,CLOSED,INR,71679.29,CURRENT
AC04479,94868100004479,CU04981,PR007,BR005,2018-12-28,2020-04-24,CLOSED,INR,43806.08,FIXED_DEPOSIT
AC04480,77870500004480,CU02550,PR007,BR007,2023-11-06,,ACTIVE,INR,105193.13,FIXED_DEPOSIT
AC04481,80350600004481,CU00123,PR002,BR005,2024-04-17,,DORMANT,INR,148887.18,SAVINGS
AC04482,40955100004482,CU01819,PR007,BR004,2022-11-02,,DORMANT,INR,200316.06,FIXED_DEPOSIT
AC04483,92036500004483,CU02442,PR008,BR008,2020-06-24,,DORMANT,INR,163793.61,FIXED_DEPOSIT
AC04484,94889800004484,CU04599,PR001,BR003,2018-04-14,,ACTIVE,INR,89607.54,SAVINGS
AC04485,89185500004485,CU01118,PR003,BR005,2019-12-19,,DORMANT,INR,23306.70,SAVINGS
AC04486,70410100004486,CU01168,PR003,BR010,2024-11-06,,DORMANT,INR,131271.12,SAVINGS
AC04487,18936400004487,CU01231,PR004,BR007,2023-04-13,2026-05-03,CLOSED,INR,189822.28,CURRENT
AC04488,76584200004488,CU04087,PR001,BR006,2020-05-20,,ACTIVE,INR,10897.84,SAVINGS
AC04489,68102400004489,CU02194,PR004,BR009,2022-08-08,,ACTIVE,INR,215.79,CURRENT
AC04490,87283300004490,CU00560,PR009,BR005,2021-01-03,,DORMANT,INR,142234.85,FIXED_DEPOSIT
AC04491,34050400004491,CU00211,PR005,BR006,2024-07-04,,ACTIVE,INR,83844.23,CURRENT
AC04492,31685800004492,CU02359,PR005,BR003,2023-12-14,,DORMANT,INR,239415.82,CURRENT
AC04493,27680900004493,CU02370,PR003,BR010,2023-01-12,,ACTIVE,INR,27831.58,SAVINGS
AC04494,82008600004494,CU01026,PR006,BR003,2024-02-14,2026-08-28,CLOSED,INR,72440.32,CURRENT
AC04495,87108600004495,CU03737,PR001,BR001,2018-03-31,,DORMANT,INR,95485.61,SAVINGS
AC04496,65231600004496,CU00804,PR007,BR004,2019-04-11,2022-08-10,CLOSED,INR,187775.89,FIXED_DEPOSIT
AC04497,72881700004497,CU01320,PR003,BR008,2025-01-19,2026-08-25,CLOSED,INR,148000.76,SAVINGS
AC04498,90570700004498,CU01123,PR009,BR010,2018-03-19,,DORMANT,INR,131310.99,FIXED_DEPOSIT
AC04499,56187600004499,CU02543,PR006,BR007,2018-10-15,2022-11-18,CLOSED,INR,36313.92,CURRENT
AC04500,82887600004500,CU02537,PR007,BR007,2020-10-18,,ACTIVE,INR,95070.20,FIXED_DEPOSIT
AC04501,35524900004501,CU01045,PR009,BR010,2021-08-28,,DORMANT,INR,123983.02,FIXED_DEPOSIT
AC04502,57412200004502,CU02092,PR007,BR004,2021-08-24,2026-08-01,CLOSED,INR,177134.28,FIXED_DEPOSIT
AC04503,36719800004503,CU01553,PR005,BR010,2019-12-08,2021-02-23,CLOSED,INR,131116.61,CURRENT
AC04504,59731700004504,CU01450,PR001,BR010,2019-03-09,2022-09-30,CLOSED,INR,142012.03,SAVINGS
AC04505,89720400004505,CU00041,PR007,BR005,2025-09-28,2026-08-25,CLOSED,INR,240334.40,FIXED_DEPOSIT
AC04506,86220100004506,CU01083,PR006,BR010,2020-01-08,,DORMANT,INR,202015.95,CURRENT
AC04507,22841500004507,CU02505,PR008,BR007,2025-06-10,,ACTIVE,INR,9826.26,FIXED_DEPOSIT
AC04508,91687000004508,CU04099,PR008,BR010,2019-11-12,,ACTIVE,INR,113085.56,FIXED_DEPOSIT
AC04509,69923400004509,CU02896,PR003,BR003,2021-03-26,,ACTIVE,INR,2076.88,SAVINGS
AC04510,63670200004510,CU01263,PR001,BR002,2021-02-24,,ACTIVE,INR,74938.82,SAVINGS
AC04511,90464000004511,CU03257,PR006,BR003,2020-05-03,,DORMANT,INR,112939.88,CURRENT
AC04512,46906900004512,CU04131,PR007,BR007,2018-10-08,,ACTIVE,INR,2687.78,FIXED_DEPOSIT
AC04513,45577200004513,CU04170,PR008,BR008,2023-10-01,,ACTIVE,INR,165298.71,FIXED_DEPOSIT
AC04514,98269300004514,CU04187,PR003,BR007,2020-03-11,2021-06-26,CLOSED,INR,185093.00,SAVINGS
AC04515,77609600004515,CU01094,PR007,BR010,2025-09-28,,ACTIVE,INR,40905.91,FIXED_DEPOSIT
AC04516,71520200004516,CU01837,PR003,BR008,2022-06-14,2023-01-13,CLOSED,INR,178844.83,SAVINGS
AC04517,54984000004517,CU04844,PR006,BR007,2020-02-24,,DORMANT,INR,79992.59,CURRENT
AC04518,77753700004518,CU01616,PR002,BR003,2022-03-04,,ACTIVE,INR,29252.37,SAVINGS
AC04519,74004800004519,CU03260,PR001,BR010,2019-05-14,,DORMANT,INR,66108.70,SAVINGS
AC04520,67510700004520,CU03439,PR005,BR001,2025-09-02,,DORMANT,INR,158112.36,CURRENT
AC04521,18657500004521,CU00550,PR004,BR001,2024-03-19,,DORMANT,INR,8971.61,CURRENT
AC04522,35401400004522,CU04895,PR006,BR007,2022-11-02,,ACTIVE,INR,16454.85,CURRENT
AC04523,90559400004523,CU02063,PR002,BR006,2018-07-04,2020-07-09,CLOSED,INR,89792.85,SAVINGS
AC04524,48180700004524,CU03597,PR003,BR007,2025-08-24,,ACTIVE,INR,5938.55,SAVINGS
AC04525,58993400004525,CU03415,PR006,BR003,2020-07-07,,ACTIVE,INR,73010.44,CURRENT
AC04526,46024300004526,CU03082,PR009,BR002,2025-06-26,2026-08-21,CLOSED,INR,232965.83,FIXED_DEPOSIT
AC04527,31412000004527,CU03289,PR006,BR008,2024-12-04,,DORMANT,INR,213447.65,CURRENT
AC04528,50926400004528,CU04688,PR003,BR003,2024-11-11,,ACTIVE,INR,94660.35,SAVINGS
AC04529,74406300004529,CU00720,PR003,BR002,2023-07-08,,DORMANT,INR,59300.09,SAVINGS
AC04530,86040600004530,CU01697,PR007,BR006,2025-10-02,2026-08-24,CLOSED,INR,210248.86,FIXED_DEPOSIT
AC04531,72467500004531,CU00656,PR004,BR006,2023-02-06,,DORMANT,INR,240961.90,CURRENT
AC04532,80985900004532,CU02072,PR007,BR005,2023-05-04,2023-12-01,CLOSED,INR,208366.69,FIXED_DEPOSIT
AC04533,68619700004533,CU01335,PR003,BR010,2020-11-24,,ACTIVE,INR,156717.09,SAVINGS
AC04534,66240400004534,CU02728,PR002,BR003,2024-07-31,,ACTIVE,INR,110156.04,SAVINGS
AC04535,86899900004535,CU02029,PR003,BR009,2022-08-25,,ACTIVE,INR,68166.59,SAVINGS
AC04536,99868800004536,CU04081,PR001,BR006,2022-02-14,,DORMANT,INR,51780.50,SAVINGS
AC04537,80079100004537,CU03822,PR007,BR003,2021-08-28,2026-08-25,CLOSED,INR,169298.99,FIXED_DEPOSIT
AC04538,39678000004538,CU02668,PR002,BR010,2022-07-19,,DORMANT,INR,78919.56,SAVINGS
AC04539,54979800004539,CU01336,PR005,BR009,2024-12-20,,ACTIVE,INR,1572.62,CURRENT
AC04540,23110200004540,CU03445,PR004,BR001,2020-12-13,,ACTIVE,INR,20113.40,CURRENT
AC04541,90073100004541,CU00017,PR008,BR001,2021-02-13,,ACTIVE,INR,26021.70,FIXED_DEPOSIT
AC04542,48750700004542,CU01161,PR006,BR007,2025-08-18,,DORMANT,INR,86459.20,CURRENT
AC04543,68013600004543,CU02406,PR007,BR006,2023-10-30,2025-10-27,CLOSED,INR,168704.60,FIXED_DEPOSIT
AC04544,32365200004544,CU02418,PR007,BR003,2024-03-01,,ACTIVE,INR,108078.97,FIXED_DEPOSIT
AC04545,36243500004545,CU01357,PR006,BR010,2018-09-09,,DORMANT,INR,169423.09,CURRENT
AC04546,50033400004546,CU02500,PR008,BR009,2020-03-31,,ACTIVE,INR,54267.38,FIXED_DEPOSIT
AC04547,69601800004547,CU01250,PR008,BR008,2022-10-26,,DORMANT,INR,178128.78,FIXED_DEPOSIT
AC04548,82116100004548,CU01698,PR004,BR010,2020-04-01,,DORMANT,INR,146870.98,CURRENT
AC04549,10613600004549,CU02782,PR006,BR010,2020-01-13,,DORMANT,INR,123820.47,CURRENT
AC04550,21096500004550,CU03819,PR003,BR007,2022-10-06,,ACTIVE,INR,291459.91,SAVINGS
AC04551,70852700004551,CU00004,PR003,BR005,2020-08-10,,ACTIVE,INR,591.73,SAVINGS
AC04552,17374300004552,CU04653,PR002,BR001,2020-07-26,2021-03-26,CLOSED,INR,19616.38,SAVINGS
AC04553,80344300004553,CU02683,PR002,BR004,2019-11-01,,ACTIVE,INR,94669.41,SAVINGS
AC04554,30528500004554,CU01295,PR005,BR002,2022-05-13,,ACTIVE,INR,122733.47,CURRENT
AC04555,99488000004555,CU02032,PR008,BR002,2023-08-08,,DORMANT,INR,26024.16,FIXED_DEPOSIT
AC04556,14698600004556,CU01325,PR006,BR003,2018-07-19,2020-08-11,CLOSED,INR,244018.17,CURRENT
AC04557,45630000004557,CU04721,PR008,BR004,2021-02-05,,ACTIVE,INR,223153.40,FIXED_DEPOSIT
AC04558,94655500004558,CU02921,PR005,BR007,2023-04-13,,DORMANT,INR,141484.22,CURRENT
AC04559,80271500004559,CU02873,PR006,BR008,2019-09-19,2024-10-11,CLOSED,INR,160952.06,CURRENT
AC04560,56811400004560,CU02146,PR002,BR004,2018-05-02,,ACTIVE,INR,2716.89,SAVINGS
AC04561,93448900004561,CU04647,PR002,BR002,2025-03-14,,ACTIVE,INR,69999.24,SAVINGS
AC04562,39435100004562,CU01177,PR003,BR001,2021-07-06,,ACTIVE,INR,5959.88,SAVINGS
AC04563,15931800004563,CU00288,PR004,BR009,2022-08-29,,DORMANT,INR,18236.95,CURRENT
AC04564,28042300004564,CU01126,PR005,BR010,2025-05-31,2026-08-20,CLOSED,INR,115294.39,CURRENT
AC04565,96916300004565,CU02364,PR007,BR003,2020-12-24,,ACTIVE,INR,12860.53,FIXED_DEPOSIT
AC04566,43408100004566,CU02958,PR007,BR010,2020-05-09,2020-11-08,CLOSED,INR,7431.50,FIXED_DEPOSIT
AC04567,92774600004567,CU03635,PR006,BR002,2023-04-23,2024-03-18,CLOSED,INR,6905.57,CURRENT
AC04568,10519000004568,CU04861,PR006,BR004,2020-02-11,2025-05-07,CLOSED,INR,110070.53,CURRENT
AC04569,35064200004569,CU01142,PR007,BR010,2018-07-01,,DORMANT,INR,95045.07,FIXED_DEPOSIT
AC04570,30793700004570,CU01458,PR008,BR005,2020-08-12,,ACTIVE,INR,14824.39,FIXED_DEPOSIT
AC04571,96068900004571,CU03665,PR004,BR002,2025-07-18,2026-08-25,CLOSED,INR,43785.97,CURRENT
AC04572,94121500004572,CU02120,PR006,BR008,2024-06-02,,ACTIVE,INR,4585.69,CURRENT
AC04573,14981300004573,CU01863,PR009,BR004,2020-07-28,2024-01-12,CLOSED,INR,103164.46,FIXED_DEPOSIT
AC04574,71507900004574,CU02740,PR001,BR002,2021-06-17,,DORMANT,INR,59453.49,SAVINGS
AC04575,40599600004575,CU04667,PR003,BR001,2020-03-05,,DORMANT,INR,71224.95,SAVINGS
AC04576,32041800004576,CU02891,PR008,BR008,2024-03-16,2025-01-08,CLOSED,INR,31007.79,FIXED_DEPOSIT
AC04577,88691200004577,CU03037,PR006,BR005,2022-02-22,,ACTIVE,INR,34904.62,CURRENT
AC04578,23604300004578,CU04201,PR004,BR004,2022-08-18,,DORMANT,INR,24561.34,CURRENT
AC04579,95207400004579,CU01371,PR009,BR008,2021-03-29,,ACTIVE,INR,5986.58,FIXED_DEPOSIT
AC04580,42135200004580,CU00968,PR001,BR009,2020-11-23,,ACTIVE,INR,18144.94,SAVINGS
AC04581,11739800004581,CU04568,PR008,BR009,2022-02-15,2025-10-31,CLOSED,INR,41744.11,FIXED_DEPOSIT
AC04582,38457200004582,CU02420,PR005,BR004,2021-06-17,,DORMANT,INR,48289.35,CURRENT
AC04583,57590700004583,CU04309,PR006,BR003,2025-07-21,,DORMANT,INR,28452.48,CURRENT
AC04584,74713300004584,CU03753,PR009,BR001,2021-12-10,,ACTIVE,INR,57253.51,FIXED_DEPOSIT
AC04585,36931400004585,CU01196,PR004,BR005,2024-08-17,,DORMANT,INR,16421.58,CURRENT
AC04586,31534700004586,CU02488,PR007,BR009,2025-12-16,2026-08-20,CLOSED,INR,77183.63,FIXED_DEPOSIT
AC04587,57178400004587,CU01425,PR005,BR002,2021-11-10,,DORMANT,INR,49023.48,CURRENT
AC04588,41767400004588,CU04851,PR006,BR002,2023-08-16,,DORMANT,INR,140176.07,CURRENT
AC04589,90755400004589,CU02191,PR006,BR001,2018-03-28,2020-01-04,CLOSED,INR,234992.65,CURRENT
AC04590,45750600004590,CU00334,PR009,BR006,2022-11-07,2026-08-27,CLOSED,INR,156053.81,FIXED_DEPOSIT
AC04591,42676000004591,CU00684,PR005,BR008,2022-02-06,,DORMANT,INR,176537.99,CURRENT
AC04592,86700700004592,CU02071,PR009,BR001,2024-05-30,2026-08-24,CLOSED,INR,240715.91,FIXED_DEPOSIT
AC04593,68984400004593,CU04695,PR004,BR008,2022-03-02,2025-01-02,CLOSED,INR,95418.71,CURRENT
AC04594,35664200004594,CU00240,PR008,BR002,2018-12-21,2020-10-01,CLOSED,INR,165220.69,FIXED_DEPOSIT
AC04595,59534400004595,CU02942,PR008,BR004,2022-11-25,2024-12-10,CLOSED,INR,233607.14,FIXED_DEPOSIT
AC04596,95440700004596,CU03029,PR003,BR003,2020-01-25,2024-11-15,CLOSED,INR,66490.94,SAVINGS
AC04597,37465500004597,CU04833,PR004,BR010,2021-12-26,2025-02-25,CLOSED,INR,238242.80,CURRENT
AC04598,83746700004598,CU02725,PR006,BR003,2020-10-09,,DORMANT,INR,111033.73,CURRENT
AC04599,89772600004599,CU01447,PR007,BR002,2023-11-06,2026-01-21,CLOSED,INR,130695.66,FIXED_DEPOSIT
AC04600,16544800004600,CU03615,PR003,BR005,2018-11-17,,DORMANT,INR,148002.15,SAVINGS
AC04601,35843100004601,CU04202,PR002,BR010,2020-11-28,,ACTIVE,INR,827.76,SAVINGS
AC04602,56333200004602,CU00496,PR009,BR010,2020-02-14,2022-07-02,CLOSED,INR,152085.58,FIXED_DEPOSIT
AC04603,17937500004603,CU04638,PR001,BR007,2024-11-21,,DORMANT,INR,102842.87,SAVINGS
AC04604,73995000004604,CU02948,PR006,BR008,2022-09-02,,ACTIVE,INR,36434.92,CURRENT
AC04605,15727200004605,CU00722,PR008,BR006,2024-11-07,2025-12-01,CLOSED,INR,213217.70,FIXED_DEPOSIT
AC04606,48603700004606,CU02337,PR008,BR010,2024-06-24,,ACTIVE,INR,205835.93,FIXED_DEPOSIT
AC04607,33146200004607,CU00274,PR001,BR009,2024-12-04,,DORMANT,INR,175619.57,SAVINGS
AC04608,65520100004608,CU01693,PR009,BR008,2021-11-07,,ACTIVE,INR,76.26,FIXED_DEPOSIT
AC04609,98008800004609,CU02285,PR002,BR009,2019-12-27,,DORMANT,INR,115123.24,SAVINGS
AC04610,25437700004610,CU04778,PR008,BR001,2025-08-22,,DORMANT,INR,17551.66,FIXED_DEPOSIT
AC04611,98793100004611,CU04005,PR006,BR006,2023-03-23,2025-08-10,CLOSED,INR,143258.17,CURRENT
AC04612,68678200004612,CU02784,PR009,BR007,2019-04-06,,ACTIVE,INR,36869.31,FIXED_DEPOSIT
AC04613,70823200004613,CU04462,PR009,BR007,2023-12-19,2026-08-21,CLOSED,INR,207044.99,FIXED_DEPOSIT
AC04614,46287100004614,CU00481,PR008,BR008,2018-02-16,,DORMANT,INR,199821.00,FIXED_DEPOSIT
AC04615,51350500004615,CU04254,PR009,BR003,2025-10-24,,DORMANT,INR,62340.61,FIXED_DEPOSIT
AC04616,94084300004616,CU01212,PR005,BR008,2022-07-07,2023-09-15,CLOSED,INR,94954.70,CURRENT
AC04617,43312700004617,CU04424,PR002,BR008,2022-06-22,,ACTIVE,INR,29642.47,SAVINGS
AC04618,11353600004618,CU01079,PR005,BR009,2020-10-19,2024-11-13,CLOSED,INR,99101.56,CURRENT
AC04619,88555600004619,CU01741,PR004,BR009,2023-07-29,,ACTIVE,INR,38199.57,CURRENT
AC04620,98169700004620,CU02343,PR009,BR005,2025-06-11,,ACTIVE,INR,196361.22,FIXED_DEPOSIT
AC04621,14512800004621,CU04676,PR006,BR002,2022-02-01,,ACTIVE,INR,26723.77,CURRENT
AC04622,53057600004622,CU00027,PR007,BR001,2024-04-13,2025-11-12,CLOSED,INR,80485.00,FIXED_DEPOSIT
AC04623,95334900004623,CU03246,PR007,BR008,2024-07-10,,ACTIVE,INR,146454.69,FIXED_DEPOSIT
AC04624,49090200004624,CU03992,PR004,BR008,2023-06-30,,ACTIVE,INR,146210.34,CURRENT
AC04625,77859900004625,CU01901,PR003,BR007,2019-10-09,,ACTIVE,INR,68789.98,SAVINGS
AC04626,64923200004626,CU03582,PR004,BR005,2021-12-08,,ACTIVE,INR,18078.46,CURRENT
AC04627,99041500004627,CU03855,PR002,BR010,2018-10-21,,DORMANT,INR,204131.59,SAVINGS
AC04628,62352200004628,CU02403,PR007,BR002,2021-12-09,2025-06-17,CLOSED,INR,12916.92,FIXED_DEPOSIT
AC04629,50965400004629,CU03973,PR001,BR010,2020-10-01,,ACTIVE,INR,91707.67,SAVINGS
AC04630,18850600004630,CU01319,PR001,BR010,2021-02-11,,ACTIVE,INR,3097.10,SAVINGS
AC04631,43668900004631,CU02083,PR009,BR008,2019-12-13,,ACTIVE,INR,48447.73,FIXED_DEPOSIT
AC04632,60504500004632,CU01020,PR001,BR007,2018-02-03,,DORMANT,INR,150139.82,SAVINGS
AC04633,38772600004633,CU00717,PR001,BR004,2018-07-01,,DORMANT,INR,41233.35,SAVINGS
AC04634,23300800004634,CU00252,PR007,BR002,2024-03-14,,ACTIVE,INR,74735.24,FIXED_DEPOSIT
AC04635,68882100004635,CU00914,PR007,BR003,2018-01-18,,ACTIVE,INR,176501.52,FIXED_DEPOSIT
AC04636,87663800004636,CU01248,PR009,BR003,2018-09-29,,ACTIVE,INR,64168.71,FIXED_DEPOSIT
AC04637,35999300004637,CU03383,PR007,BR007,2025-03-12,,DORMANT,INR,216010.47,FIXED_DEPOSIT
AC04638,37361600004638,CU03106,PR004,BR001,2019-10-13,2021-10-03,CLOSED,INR,153919.29,CURRENT
AC04639,30506900004639,CU04363,PR001,BR008,2023-12-06,2025-10-26,CLOSED,INR,211810.96,SAVINGS
AC04640,79718700004640,CU04475,PR008,BR007,2022-04-06,,ACTIVE,INR,133817.02,FIXED_DEPOSIT
AC04641,91051600004641,CU02808,PR001,BR010,2024-11-06,2026-08-26,CLOSED,INR,23204.77,SAVINGS
AC04642,21167100004642,CU03573,PR007,BR001,2022-06-21,2023-10-19,CLOSED,INR,191065.00,FIXED_DEPOSIT
AC04643,93828200004643,CU01727,PR005,BR006,2025-10-19,2026-08-28,CLOSED,INR,37539.86,CURRENT
AC04644,49515800004644,CU04858,PR005,BR008,2025-03-08,,DORMANT,INR,234822.33,CURRENT
AC04645,51850700004645,CU04894,PR007,BR008,2021-02-01,,DORMANT,INR,45173.63,FIXED_DEPOSIT
AC04646,57500500004646,CU03932,PR007,BR009,2020-04-20,,DORMANT,INR,181911.63,FIXED_DEPOSIT
AC04647,58993800004647,CU03016,PR008,BR009,2022-10-01,,ACTIVE,INR,906.98,FIXED_DEPOSIT
AC04648,57725600004648,CU01433,PR007,BR001,2021-08-20,,ACTIVE,INR,2959.36,FIXED_DEPOSIT
AC04649,89746900004649,CU04453,PR006,BR002,2019-05-20,,ACTIVE,INR,49506.50,CURRENT
AC04650,65438700004650,CU03363,PR006,BR008,2021-10-18,,DORMANT,INR,196069.83,CURRENT
AC04651,79237500004651,CU00413,PR001,BR002,2019-09-19,,ACTIVE,INR,18352.26,SAVINGS
AC04652,58808200004652,CU01639,PR003,BR003,2025-05-22,,DORMANT,INR,85380.99,SAVINGS
AC04653,69765200004653,CU02929,PR007,BR006,2018-10-21,,ACTIVE,INR,124282.43,FIXED_DEPOSIT
AC04654,44180100004654,CU04954,PR009,BR009,2023-01-12,,DORMANT,INR,50193.96,FIXED_DEPOSIT
AC04655,32430600004655,CU00250,PR002,BR007,2020-01-24,2025-03-14,CLOSED,INR,90515.36,SAVINGS
AC04656,14242300004656,CU04172,PR004,BR005,2022-01-01,2023-02-12,CLOSED,INR,78325.40,CURRENT
AC04657,85739500004657,CU00884,PR002,BR002,2020-07-26,2023-11-22,CLOSED,INR,162779.51,SAVINGS
AC04658,39585600004658,CU01165,PR007,BR002,2018-05-13,,ACTIVE,INR,243.11,FIXED_DEPOSIT
AC04659,82992300004659,CU03486,PR008,BR009,2021-03-29,,ACTIVE,INR,73151.21,FIXED_DEPOSIT
AC04660,98895600004660,CU04547,PR007,BR008,2019-06-14,,DORMANT,INR,77223.42,FIXED_DEPOSIT
AC04661,32040800004661,CU03730,PR002,BR003,2023-09-03,,ACTIVE,INR,1294.15,SAVINGS
AC04662,27484200004662,CU02067,PR001,BR004,2019-04-20,,ACTIVE,INR,39153.59,SAVINGS
AC04663,28990200004663,CU04206,PR005,BR004,2023-04-19,2025-05-02,CLOSED,INR,165404.39,CURRENT
AC04664,94388700004664,CU00559,PR006,BR005,2020-06-30,,ACTIVE,INR,4721.77,CURRENT
AC04665,12169100004665,CU04541,PR007,BR006,2020-07-23,,ACTIVE,INR,104575.05,FIXED_DEPOSIT
AC04666,46951600004666,CU00606,PR009,BR009,2021-09-14,2024-05-16,CLOSED,INR,191810.59,FIXED_DEPOSIT
AC04667,10716900004667,CU02313,PR007,BR008,2023-11-15,2025-05-15,CLOSED,INR,215676.45,FIXED_DEPOSIT
AC04668,18521600004668,CU00508,PR008,BR010,2025-01-28,,DORMANT,INR,245572.86,FIXED_DEPOSIT
AC04669,69872600004669,CU01229,PR006,BR010,2018-01-09,,DORMANT,INR,78738.04,CURRENT
AC04670,65568400004670,CU02971,PR002,BR008,2020-09-28,2025-08-19,CLOSED,INR,26102.31,SAVINGS
AC04671,21613600004671,CU00859,PR001,BR003,2020-09-10,,DORMANT,INR,191332.61,SAVINGS
AC04672,69577200004672,CU04204,PR006,BR006,2019-03-03,,DORMANT,INR,72272.23,CURRENT
AC04673,32212600004673,CU00972,PR004,BR007,2025-05-03,,ACTIVE,INR,374.65,CURRENT
AC04674,82538000004674,CU04682,PR001,BR004,2024-12-26,2026-05-27,CLOSED,INR,181732.56,SAVINGS
AC04675,56038000004675,CU00950,PR003,BR007,2024-04-11,,ACTIVE,INR,77943.88,SAVINGS
AC04676,12987200004676,CU01453,PR007,BR010,2025-06-15,2026-08-22,CLOSED,INR,221549.30,FIXED_DEPOSIT
AC04677,41746300004677,CU02443,PR005,BR002,2020-10-26,,DORMANT,INR,13360.82,CURRENT
AC04678,81338800004678,CU00672,PR007,BR004,2019-01-28,,DORMANT,INR,87682.30,FIXED_DEPOSIT
AC04679,47798600004679,CU03658,PR009,BR001,2021-11-09,,DORMANT,INR,56460.29,FIXED_DEPOSIT
AC04680,85142800004680,CU00022,PR001,BR008,2019-08-15,,ACTIVE,INR,52307.33,SAVINGS
AC04681,78334500004681,CU00611,PR005,BR005,2022-10-31,2025-06-12,CLOSED,INR,184326.95,CURRENT
AC04682,32132600004682,CU03830,PR008,BR003,2022-06-26,,DORMANT,INR,192119.12,FIXED_DEPOSIT
AC04683,83783300004683,CU02530,PR006,BR004,2020-04-30,2022-10-17,CLOSED,INR,155133.60,CURRENT
AC04684,18741800004684,CU03103,PR006,BR009,2025-11-10,,DORMANT,INR,67643.65,CURRENT
AC04685,20819600004685,CU01028,PR007,BR007,2019-08-31,2024-02-20,CLOSED,INR,226285.89,FIXED_DEPOSIT
AC04686,54876700004686,CU01490,PR007,BR005,2021-05-13,2025-02-09,CLOSED,INR,12237.68,FIXED_DEPOSIT
AC04687,36645100004687,CU04141,PR007,BR001,2021-11-30,,ACTIVE,INR,44879.12,FIXED_DEPOSIT
AC04688,14802200004688,CU03007,PR009,BR005,2020-11-28,,ACTIVE,INR,0.00,FIXED_DEPOSIT
AC04689,93670100004689,CU01176,PR004,BR004,2023-11-06,,DORMANT,INR,108282.74,CURRENT
AC04690,70916100004690,CU02308,PR002,BR009,2019-12-29,2024-03-28,CLOSED,INR,159016.33,SAVINGS
AC04691,66249200004691,CU04644,PR007,BR002,2018-11-24,2020-04-07,CLOSED,INR,36680.60,FIXED_DEPOSIT
AC04692,66042400004692,CU03121,PR008,BR006,2022-06-19,,DORMANT,INR,235303.69,FIXED_DEPOSIT
AC04693,83890600004693,CU02581,PR004,BR002,2019-10-20,,DORMANT,INR,14144.90,CURRENT
AC04694,16732600004694,CU02428,PR009,BR004,2022-06-04,,DORMANT,INR,26267.22,FIXED_DEPOSIT
AC04695,90360500004695,CU02163,PR006,BR010,2021-07-03,,ACTIVE,INR,46752.22,CURRENT
AC04696,38964900004696,CU04121,PR003,BR008,2024-11-12,2026-08-24,CLOSED,INR,79655.25,SAVINGS
AC04697,75527900004697,CU00855,PR003,BR004,2022-04-27,2023-10-24,CLOSED,INR,17188.76,SAVINGS
AC04698,72611700004698,CU04957,PR007,BR008,2018-08-28,,DORMANT,INR,166277.04,FIXED_DEPOSIT
AC04699,39874500004699,CU04286,PR001,BR004,2019-11-17,,ACTIVE,INR,1966.52,SAVINGS
AC04700,84104800004700,CU01082,PR008,BR005,2018-06-16,,DORMANT,INR,11721.27,FIXED_DEPOSIT
AC04701,56783400004701,CU00937,PR002,BR008,2024-04-23,,ACTIVE,INR,13594.13,SAVINGS
AC04702,26678700004702,CU04454,PR005,BR001,2018-11-15,,DORMANT,INR,190403.76,CURRENT
AC04703,80937400004703,CU01135,PR001,BR002,2022-07-10,,ACTIVE,INR,7578.45,SAVINGS
AC04704,97038100004704,CU01655,PR008,BR004,2018-02-05,,ACTIVE,INR,0.00,FIXED_DEPOSIT
AC04705,28234700004705,CU01036,PR008,BR010,2018-07-21,,DORMANT,INR,65486.16,FIXED_DEPOSIT
AC04706,99202500004706,CU02483,PR003,BR001,2020-04-20,2022-02-24,CLOSED,INR,140273.78,SAVINGS
AC04707,99745300004707,CU03870,PR004,BR007,2025-05-04,2026-08-22,CLOSED,INR,187762.13,CURRENT
AC04708,68993100004708,CU04240,PR008,BR001,2018-12-23,,DORMANT,INR,234991.95,FIXED_DEPOSIT
AC04709,87520500004709,CU03097,PR009,BR007,2022-08-18,,DORMANT,INR,231408.37,FIXED_DEPOSIT
AC04710,43816100004710,CU03003,PR001,BR009,2025-06-14,2026-08-24,CLOSED,INR,163557.19,SAVINGS
AC04711,35857300004711,CU00758,PR007,BR004,2023-08-22,,DORMANT,INR,181669.14,FIXED_DEPOSIT
AC04712,39665200004712,CU01690,PR005,BR001,2018-08-17,,DORMANT,INR,41951.72,CURRENT
AC04713,95800600004713,CU01376,PR007,BR003,2021-08-02,2026-03-17,CLOSED,INR,113657.14,FIXED_DEPOSIT
AC04714,84407900004714,CU01113,PR004,BR003,2020-05-15,,ACTIVE,INR,5768.71,CURRENT
AC04715,18616400004715,CU01038,PR007,BR009,2024-09-15,,DORMANT,INR,90976.23,FIXED_DEPOSIT
AC04716,87465700004716,CU03757,PR009,BR007,2025-12-21,2026-08-27,CLOSED,INR,57382.65,FIXED_DEPOSIT
AC04717,51177400004717,CU04850,PR007,BR010,2019-12-10,,DORMANT,INR,154681.44,FIXED_DEPOSIT
AC04718,70779300004718,CU04468,PR006,BR008,2025-05-08,,ACTIVE,INR,110196.10,CURRENT
AC04719,53581000004719,CU00379,PR006,BR005,2025-11-06,,DORMANT,INR,88066.48,CURRENT
AC04720,47448000004720,CU04891,PR002,BR009,2018-05-31,,ACTIVE,INR,938.78,SAVINGS
AC04721,45890200004721,CU03823,PR004,BR007,2022-05-05,,ACTIVE,INR,266648.08,CURRENT
AC04722,63140200004722,CU02307,PR006,BR002,2023-03-30,,DORMANT,INR,137574.96,CURRENT
AC04723,55782200004723,CU03392,PR004,BR009,2019-07-22,,DORMANT,INR,164287.95,CURRENT
AC04724,73430000004724,CU04164,PR001,BR004,2023-04-14,,DORMANT,INR,195466.05,SAVINGS
AC04725,43582500004725,CU03547,PR007,BR001,2020-05-28,2022-07-02,CLOSED,INR,84360.45,FIXED_DEPOSIT
AC04726,98176800004726,CU00793,PR001,BR010,2020-06-05,2021-11-28,CLOSED,INR,216208.42,SAVINGS
AC04727,82930900004727,CU04271,PR005,BR008,2023-11-23,,DORMANT,INR,145213.24,CURRENT
AC04728,20264200004728,CU03760,PR003,BR004,2024-05-26,2025-04-29,CLOSED,INR,49355.27,SAVINGS
AC04729,32633700004729,CU04683,PR003,BR003,2023-10-31,2026-08-24,CLOSED,INR,232448.76,SAVINGS
AC04730,71845700004730,CU03087,PR009,BR006,2025-06-06,2026-08-28,CLOSED,INR,164164.89,FIXED_DEPOSIT
AC04731,60272100004731,CU00776,PR007,BR007,2024-09-06,2026-08-27,CLOSED,INR,230280.40,FIXED_DEPOSIT
AC04732,22782300004732,CU02733,PR001,BR005,2024-10-05,,DORMANT,INR,202954.25,SAVINGS
AC04733,86781300004733,CU04385,PR003,BR001,2020-12-26,2023-04-21,CLOSED,INR,20804.84,SAVINGS
AC04734,67562100004734,CU01446,PR004,BR001,2020-10-25,2021-08-21,CLOSED,INR,130634.69,CURRENT
AC04735,14701500004735,CU00805,PR004,BR007,2018-05-20,2023-10-26,CLOSED,INR,199562.57,CURRENT
AC04736,91910400004736,CU00594,PR008,BR010,2019-05-28,,DORMANT,INR,234885.27,FIXED_DEPOSIT
AC04737,45201100004737,CU03216,PR009,BR010,2019-03-23,,DORMANT,INR,211122.13,FIXED_DEPOSIT
AC04738,73862500004738,CU00329,PR008,BR003,2020-07-29,,ACTIVE,INR,5351.95,FIXED_DEPOSIT
AC04739,57564600004739,CU00682,PR005,BR010,2024-01-29,2026-08-28,CLOSED,INR,215055.31,CURRENT
AC04740,70113100004740,CU00080,PR004,BR010,2023-06-25,,DORMANT,INR,204764.29,CURRENT
AC04741,20427000004741,CU02827,PR007,BR002,2021-01-17,,ACTIVE,INR,26365.50,FIXED_DEPOSIT
AC04742,63818200004742,CU00038,PR001,BR009,2021-09-24,2025-10-09,CLOSED,INR,127022.13,SAVINGS
AC04743,26391100004743,CU02027,PR003,BR008,2020-06-08,2021-01-03,CLOSED,INR,241709.92,SAVINGS
AC04744,60358700004744,CU00030,PR009,BR002,2020-03-25,,ACTIVE,INR,45728.90,FIXED_DEPOSIT
AC04745,64000900004745,CU03744,PR001,BR007,2025-04-28,,ACTIVE,INR,188540.51,SAVINGS
AC04746,11000500004746,CU01707,PR003,BR009,2018-03-24,,DORMANT,INR,35702.96,SAVINGS
AC04747,32595600004747,CU00310,PR008,BR010,2024-09-01,,DORMANT,INR,248122.01,FIXED_DEPOSIT
AC04748,79274500004748,CU00670,PR009,BR009,2024-09-26,2026-08-23,CLOSED,INR,10261.83,FIXED_DEPOSIT
AC04749,46250600004749,CU02062,PR001,BR010,2025-09-15,,DORMANT,INR,50206.58,SAVINGS
AC04750,84631500004750,CU03569,PR008,BR007,2019-10-19,,DORMANT,INR,85941.32,FIXED_DEPOSIT
AC04751,86681400004751,CU01864,PR004,BR008,2024-07-24,,DORMANT,INR,140914.98,CURRENT
AC04752,61816700004752,CU01756,PR001,BR008,2022-01-26,,DORMANT,INR,148504.12,SAVINGS
AC04753,35705900004753,CU01568,PR001,BR001,2020-10-06,,DORMANT,INR,101228.82,SAVINGS
AC04754,63215500004754,CU01462,PR003,BR001,2019-08-25,,ACTIVE,INR,44776.93,SAVINGS
AC04755,64481500004755,CU04614,PR009,BR008,2018-03-27,,ACTIVE,INR,45040.70,FIXED_DEPOSIT
AC04756,37235800004756,CU02829,PR006,BR002,2021-05-11,,ACTIVE,INR,86483.29,CURRENT
AC04757,29664100004757,CU02303,PR007,BR003,2021-10-10,2022-11-02,CLOSED,INR,230475.74,FIXED_DEPOSIT
AC04758,31147000004758,CU02560,PR008,BR003,2021-06-11,,ACTIVE,INR,8835.84,FIXED_DEPOSIT
AC04759,75116700004759,CU04030,PR008,BR005,2021-09-28,,DORMANT,INR,23012.11,FIXED_DEPOSIT
AC04760,41204100004760,CU02711,PR001,BR010,2022-08-30,,ACTIVE,INR,586.52,SAVINGS
AC04761,28452600004761,CU00105,PR001,BR010,2021-05-11,2025-06-20,CLOSED,INR,180392.46,SAVINGS
AC04762,30053300004762,CU04708,PR007,BR007,2024-03-13,,DORMANT,INR,88671.12,FIXED_DEPOSIT
AC04763,44857800004763,CU01969,PR008,BR007,2019-01-06,,DORMANT,INR,12002.44,FIXED_DEPOSIT
AC04764,60509900004764,CU02524,PR008,BR008,2022-08-06,,ACTIVE,INR,1776.74,FIXED_DEPOSIT
AC04765,42971500004765,CU03449,PR008,BR010,2022-07-19,,DORMANT,INR,125727.11,FIXED_DEPOSIT
AC04766,30299000004766,CU03763,PR002,BR009,2019-11-08,,ACTIVE,INR,28209.22,SAVINGS
AC04767,59467700004767,CU02491,PR008,BR008,2018-11-21,,DORMANT,INR,191958.48,FIXED_DEPOSIT
AC04768,56218000004768,CU04812,PR009,BR002,2020-07-31,,DORMANT,INR,6950.25,FIXED_DEPOSIT
AC04769,51769000004769,CU01820,PR006,BR009,2019-03-02,,DORMANT,INR,197862.93,CURRENT
AC04770,18722900004770,CU03423,PR005,BR009,2020-02-05,,ACTIVE,INR,13905.70,CURRENT
AC04771,54688700004771,CU04049,PR008,BR004,2019-09-24,,DORMANT,INR,249082.57,FIXED_DEPOSIT
AC04772,62337300004772,CU04544,PR004,BR001,2022-10-31,,DORMANT,INR,81623.42,CURRENT
AC04773,85558800004773,CU01573,PR001,BR006,2020-12-28,,ACTIVE,INR,20872.07,SAVINGS
AC04774,39977800004774,CU02516,PR008,BR003,2019-03-22,,DORMANT,INR,104985.07,FIXED_DEPOSIT
AC04775,93954000004775,CU00632,PR003,BR003,2021-05-21,,ACTIVE,INR,23323.02,SAVINGS
AC04776,24763700004776,CU00487,PR005,BR010,2025-03-05,2026-01-19,CLOSED,INR,6586.91,CURRENT
AC04777,98670400004777,CU01574,PR003,BR009,2023-12-21,,DORMANT,INR,206282.43,SAVINGS
AC04778,36294900004778,CU02068,PR003,BR008,2023-11-07,,DORMANT,INR,234055.21,SAVINGS
AC04779,13961500004779,CU02502,PR001,BR007,2020-10-26,,DORMANT,INR,19178.63,SAVINGS
AC04780,87804400004780,CU00521,PR006,BR003,2023-12-31,,ACTIVE,INR,46303.91,CURRENT
AC04781,17569500004781,CU02122,PR004,BR002,2023-12-27,,DORMANT,INR,113281.48,CURRENT
AC04782,49020300004782,CU01394,PR006,BR008,2025-06-02,2026-05-05,CLOSED,INR,151628.26,CURRENT
AC04783,76202000004783,CU03315,PR006,BR001,2023-03-01,,DORMANT,INR,248078.39,CURRENT
AC04784,56870300004784,CU01479,PR005,BR006,2023-10-04,,ACTIVE,INR,24481.84,CURRENT
AC04785,69493400004785,CU02030,PR002,BR001,2019-03-30,2022-04-12,CLOSED,INR,99672.22,SAVINGS
AC04786,75820600004786,CU04431,PR007,BR008,2021-07-03,,ACTIVE,INR,23089.50,FIXED_DEPOSIT
AC04787,41261500004787,CU04016,PR008,BR009,2023-06-26,2024-07-12,CLOSED,INR,108016.12,FIXED_DEPOSIT
AC04788,70318600004788,CU02230,PR005,BR009,2025-07-01,,DORMANT,INR,165261.64,CURRENT
AC04789,84625100004789,CU02509,PR006,BR006,2019-05-10,2022-07-08,CLOSED,INR,28493.69,CURRENT
AC04790,72239000004790,CU02021,PR007,BR005,2019-05-31,,DORMANT,INR,155656.50,FIXED_DEPOSIT
AC04791,70645300004791,CU03136,PR002,BR006,2021-10-31,2024-05-19,CLOSED,INR,176115.28,SAVINGS
AC04792,22213400004792,CU04140,PR008,BR005,2025-10-17,2026-08-23,CLOSED,INR,69868.45,FIXED_DEPOSIT
AC04793,28895500004793,CU02998,PR008,BR001,2024-11-06,,DORMANT,INR,105067.89,FIXED_DEPOSIT
AC04794,94028800004794,CU03295,PR002,BR006,2021-06-16,,DORMANT,INR,193399.35,SAVINGS
AC04795,67923000004795,CU00952,PR009,BR001,2018-04-17,,DORMANT,INR,94099.79,FIXED_DEPOSIT
AC04796,26771200004796,CU02134,PR002,BR004,2023-10-22,,DORMANT,INR,165127.14,SAVINGS
AC04797,15982100004797,CU02239,PR008,BR003,2018-07-05,,ACTIVE,INR,79713.62,FIXED_DEPOSIT
AC04798,26072800004798,CU01264,PR004,BR007,2022-04-04,,ACTIVE,INR,14892.80,CURRENT
AC04799,21212000004799,CU02367,PR006,BR008,2024-08-01,,DORMANT,INR,156096.43,CURRENT
AC04800,46939000004800,CU04077,PR009,BR003,2023-01-07,,ACTIVE,INR,38356.22,FIXED_DEPOSIT
AC04801,64260000004801,CU00679,PR002,BR008,2019-03-22,2020-06-23,CLOSED,INR,131760.75,SAVINGS
AC04802,67006100004802,CU04294,PR008,BR004,2025-03-24,,ACTIVE,INR,71995.92,FIXED_DEPOSIT
AC04803,97529700004803,CU02595,PR006,BR008,2019-03-25,,DORMANT,INR,163361.51,CURRENT
AC04804,41436500004804,CU02646,PR001,BR010,2020-02-02,,ACTIVE,INR,53616.22,SAVINGS
AC04805,48530700004805,CU03084,PR002,BR003,2019-02-08,,DORMANT,INR,172535.41,SAVINGS
AC04806,81317500004806,CU04722,PR008,BR002,2019-04-05,,ACTIVE,INR,8756.99,FIXED_DEPOSIT
AC04807,99188000004807,CU01281,PR007,BR003,2023-10-17,2026-08-20,CLOSED,INR,224766.76,FIXED_DEPOSIT
AC04808,18543800004808,CU03252,PR004,BR001,2020-01-29,,ACTIVE,INR,50185.02,CURRENT
AC04809,37535100004809,CU03630,PR002,BR003,2018-06-04,2023-04-13,CLOSED,INR,158584.24,SAVINGS
AC04810,57147900004810,CU01866,PR008,BR002,2021-02-09,,DORMANT,INR,136999.98,FIXED_DEPOSIT
AC04811,94988700004811,CU01039,PR003,BR008,2018-12-08,,ACTIVE,INR,200418.39,SAVINGS
AC04812,99557500004812,CU03275,PR008,BR009,2025-05-23,,ACTIVE,INR,170.98,FIXED_DEPOSIT
AC04813,70327400004813,CU01103,PR002,BR005,2022-05-22,,ACTIVE,INR,101277.98,SAVINGS
AC04814,50781100004814,CU03393,PR009,BR004,2024-07-22,,ACTIVE,INR,14786.07,FIXED_DEPOSIT
AC04815,67638800004815,CU02693,PR004,BR005,2021-07-02,2022-05-29,CLOSED,INR,42254.07,CURRENT
AC04816,30205300004816,CU01365,PR006,BR008,2020-05-06,2023-03-02,CLOSED,INR,48591.39,CURRENT
AC04817,27475700004817,CU00354,PR001,BR002,2020-08-06,,ACTIVE,INR,104296.28,SAVINGS
AC04818,92687600004818,CU04352,PR007,BR004,2020-09-03,2024-02-02,CLOSED,INR,114704.33,FIXED_DEPOSIT
AC04819,45398000004819,CU01200,PR005,BR004,2023-01-02,2024-06-07,CLOSED,INR,224652.71,CURRENT
AC04820,10626300004820,CU04401,PR001,BR004,2023-12-29,,DORMANT,INR,32742.81,SAVINGS
AC04821,83511400004821,CU01663,PR002,BR010,2023-01-19,,ACTIVE,INR,264.89,SAVINGS
AC04822,81188200004822,CU04026,PR001,BR007,2023-12-23,,DORMANT,INR,62644.25,SAVINGS
AC04823,22288300004823,CU04814,PR004,BR003,2025-10-28,2026-08-29,CLOSED,INR,16809.03,CURRENT
AC04824,53775100004824,CU03436,PR006,BR008,2018-01-13,2019-01-20,CLOSED,INR,145778.26,CURRENT
AC04825,67370000004825,CU02099,PR001,BR009,2024-07-16,,DORMANT,INR,47608.17,SAVINGS
AC04826,19553000004826,CU04326,PR009,BR004,2025-08-19,,ACTIVE,INR,11246.24,FIXED_DEPOSIT
AC04827,89098400004827,CU04827,PR002,BR007,2021-05-26,2025-12-26,CLOSED,INR,179524.23,SAVINGS
AC04828,36924300004828,CU00283,PR004,BR007,2018-03-08,,DORMANT,INR,228148.86,CURRENT
AC04829,98771700004829,CU04314,PR003,BR003,2019-01-20,,DORMANT,INR,126863.89,SAVINGS
AC04830,33547700004830,CU00607,PR001,BR010,2018-05-31,,DORMANT,INR,177350.25,SAVINGS
AC04831,57381400004831,CU03997,PR006,BR008,2021-01-27,2022-11-25,CLOSED,INR,225665.48,CURRENT
AC04832,47762100004832,CU01467,PR004,BR008,2019-09-02,2020-12-21,CLOSED,INR,43042.26,CURRENT
AC04833,92478000004833,CU03975,PR009,BR009,2022-05-24,2026-08-29,CLOSED,INR,75108.71,FIXED_DEPOSIT
AC04834,53256500004834,CU00208,PR009,BR006,2019-07-14,,DORMANT,INR,102782.72,FIXED_DEPOSIT
AC04835,87253200004835,CU02562,PR002,BR008,2020-08-12,,DORMANT,INR,103760.53,SAVINGS
AC04836,29667700004836,CU01400,PR004,BR001,2020-02-19,2023-01-18,CLOSED,INR,172896.29,CURRENT
AC04837,75626300004837,CU01537,PR006,BR007,2020-02-29,,DORMANT,INR,75305.33,CURRENT
AC04838,41795700004838,CU00471,PR009,BR006,2019-01-18,,ACTIVE,INR,76372.15,FIXED_DEPOSIT
AC04839,40496600004839,CU02630,PR006,BR008,2018-01-11,2019-02-13,CLOSED,INR,249913.83,CURRENT
AC04840,57116900004840,CU04880,PR008,BR003,2022-02-17,,ACTIVE,INR,71386.10,FIXED_DEPOSIT
AC04841,25605800004841,CU01593,PR003,BR003,2024-01-29,2026-08-22,CLOSED,INR,90787.85,SAVINGS
AC04842,39593400004842,CU03321,PR004,BR009,2021-09-07,2025-12-14,CLOSED,INR,196389.00,CURRENT
AC04843,44611800004843,CU01461,PR004,BR005,2024-09-30,,ACTIVE,INR,114104.88,CURRENT
AC04844,92275500004844,CU04095,PR001,BR001,2024-07-23,,DORMANT,INR,4489.41,SAVINGS
AC04845,46419900004845,CU03473,PR007,BR004,2020-07-23,,DORMANT,INR,126055.34,FIXED_DEPOSIT
AC04846,87982400004846,CU00516,PR001,BR004,2020-05-23,2024-12-13,CLOSED,INR,215937.63,SAVINGS
AC04847,76115500004847,CU01043,PR006,BR005,2018-04-29,2023-04-15,CLOSED,INR,136787.61,CURRENT
AC04848,53576100004848,CU04902,PR009,BR009,2025-05-16,,DORMANT,INR,25776.76,FIXED_DEPOSIT
AC04849,14208400004849,CU04603,PR002,BR002,2019-10-25,,DORMANT,INR,212411.30,SAVINGS
AC04850,13432900004850,CU00629,PR002,BR002,2022-10-06,,DORMANT,INR,141255.93,SAVINGS
AC04851,68245700004851,CU02814,PR005,BR005,2024-08-05,2026-03-07,CLOSED,INR,192762.65,CURRENT
AC04852,60595300004852,CU02736,PR008,BR004,2020-05-01,2021-12-08,CLOSED,INR,8759.72,FIXED_DEPOSIT
AC04853,23148900004853,CU02954,PR002,BR001,2019-03-01,,ACTIVE,INR,390.37,SAVINGS
AC04854,62003000004854,CU02046,PR004,BR008,2021-04-25,2025-04-16,CLOSED,INR,151364.36,CURRENT
AC04855,85588600004855,CU02297,PR006,BR009,2018-11-25,2020-11-14,CLOSED,INR,145396.16,CURRENT
AC04856,91978700004856,CU00781,PR005,BR004,2020-01-10,2021-07-31,CLOSED,INR,204362.65,CURRENT
AC04857,85810100004857,CU01373,PR008,BR001,2018-12-04,,DORMANT,INR,189900.73,FIXED_DEPOSIT
AC04858,56071600004858,CU01851,PR003,BR008,2023-07-14,,DORMANT,INR,123123.09,SAVINGS
AC04859,45221500004859,CU00297,PR006,BR006,2024-07-15,2025-06-03,CLOSED,INR,149594.62,CURRENT
AC04860,11562800004860,CU01473,PR002,BR005,2020-03-02,,ACTIVE,INR,25056.50,SAVINGS
AC04861,63057300004861,CU03955,PR006,BR003,2024-09-25,,DORMANT,INR,84983.21,CURRENT
AC04862,98985900004862,CU04238,PR004,BR001,2025-07-18,,DORMANT,INR,232421.43,CURRENT
AC04863,76180900004863,CU03110,PR003,BR008,2019-01-07,,DORMANT,INR,93180.02,SAVINGS
AC04864,88949800004864,CU04469,PR002,BR003,2024-02-16,,ACTIVE,INR,17140.99,SAVINGS
AC04865,87647400004865,CU03786,PR009,BR009,2022-05-27,2024-10-27,CLOSED,INR,152525.81,FIXED_DEPOSIT
AC04866,16968700004866,CU00197,PR005,BR001,2019-02-10,,ACTIVE,INR,97105.84,CURRENT
AC04867,78674400004867,CU00073,PR002,BR002,2024-12-04,,DORMANT,INR,138889.04,SAVINGS
AC04868,58531800004868,CU01027,PR009,BR008,2020-10-25,2024-12-22,CLOSED,INR,142995.27,FIXED_DEPOSIT
AC04869,90872100004869,CU02834,PR009,BR002,2025-07-28,,ACTIVE,INR,1299.76,FIXED_DEPOSIT
AC04870,90610100004870,CU01843,PR007,BR007,2025-05-13,,ACTIVE,INR,39559.79,FIXED_DEPOSIT
AC04871,38584400004871,CU04226,PR004,BR007,2019-03-19,,ACTIVE,INR,57346.75,CURRENT
AC04872,73342900004872,CU04503,PR001,BR009,2020-01-19,2025-03-15,CLOSED,INR,63476.14,SAVINGS
AC04873,71873900004873,CU04842,PR001,BR001,2025-03-05,,DORMANT,INR,26899.39,SAVINGS
AC04874,92812200004874,CU03549,PR001,BR005,2024-09-11,,DORMANT,INR,40348.12,SAVINGS
AC04875,91154100004875,CU00307,PR005,BR008,2020-02-05,,ACTIVE,INR,247.02,CURRENT
AC04876,56877100004876,CU02355,PR001,BR004,2020-02-20,,ACTIVE,INR,71264.52,SAVINGS
AC04877,73153600004877,CU02266,PR001,BR001,2020-07-21,2023-11-16,CLOSED,INR,28106.66,SAVINGS
AC04878,24583100004878,CU00837,PR005,BR007,2023-11-19,2026-08-28,CLOSED,INR,226239.79,CURRENT
AC04879,79508400004879,CU01149,PR005,BR004,2018-09-23,,DORMANT,INR,235358.85,CURRENT
AC04880,80646100004880,CU01234,PR004,BR010,2021-09-18,,ACTIVE,INR,15726.52,CURRENT
AC04881,13966900004881,CU03556,PR003,BR006,2025-08-28,,DORMANT,INR,2476.04,SAVINGS
AC04882,36498600004882,CU02044,PR001,BR001,2023-09-25,2025-04-22,CLOSED,INR,247227.93,SAVINGS
AC04883,76315600004883,CU01571,PR004,BR003,2023-03-01,,DORMANT,INR,117667.99,CURRENT
AC04884,16937000004884,CU02547,PR005,BR004,2023-05-01,2026-08-22,CLOSED,INR,66247.05,CURRENT
AC04885,27540000004885,CU00178,PR002,BR003,2024-01-12,,DORMANT,INR,168912.75,SAVINGS
AC04886,11810600004886,CU01314,PR005,BR005,2019-03-31,,DORMANT,INR,1042.06,CURRENT
AC04887,35528400004887,CU02335,PR009,BR002,2019-07-19,2020-11-21,CLOSED,INR,243113.57,FIXED_DEPOSIT
AC04888,98312200004888,CU03492,PR001,BR006,2019-12-13,,DORMANT,INR,188391.84,SAVINGS
AC04889,97745400004889,CU00366,PR003,BR010,2025-05-24,2026-08-27,CLOSED,INR,89937.75,SAVINGS
AC04890,51353600004890,CU04263,PR006,BR001,2019-04-21,,ACTIVE,INR,43432.38,CURRENT
AC04891,85720300004891,CU01090,PR008,BR003,2022-09-27,2026-05-11,CLOSED,INR,204366.68,FIXED_DEPOSIT
AC04892,79681100004892,CU01106,PR008,BR005,2020-11-19,,ACTIVE,INR,20126.09,FIXED_DEPOSIT
AC04893,70148800004893,CU04154,PR005,BR008,2020-06-03,2023-06-20,CLOSED,INR,84044.53,CURRENT
AC04894,36584000004894,CU02791,PR004,BR002,2022-10-16,,ACTIVE,INR,62366.27,CURRENT
AC04895,44919100004895,CU03571,PR005,BR006,2024-07-09,,DORMANT,INR,132461.58,CURRENT
AC04896,64619500004896,CU01255,PR001,BR010,2025-06-16,,DORMANT,INR,244702.84,SAVINGS
AC04897,61610800004897,CU02767,PR005,BR002,2021-03-14,2023-08-27,CLOSED,INR,95070.75,CURRENT
AC04898,67046700004898,CU04084,PR006,BR009,2018-05-09,,ACTIVE,INR,34311.61,CURRENT
AC04899,68872800004899,CU00042,PR009,BR006,2021-03-06,2022-11-18,CLOSED,INR,200792.04,FIXED_DEPOSIT
AC04900,67539300004900,CU02023,PR001,BR007,2025-09-17,,DORMANT,INR,68756.31,SAVINGS
AC04901,38134400004901,CU01382,PR004,BR001,2021-07-22,,DORMANT,INR,22292.75,CURRENT
AC04902,72223200004902,CU01111,PR009,BR007,2021-02-13,,ACTIVE,INR,185024.58,FIXED_DEPOSIT
AC04903,38862700004903,CU04693,PR002,BR008,2024-12-27,,DORMANT,INR,71582.31,SAVINGS
AC04904,23620700004904,CU03777,PR005,BR009,2023-04-18,,ACTIVE,INR,78771.33,CURRENT
AC04905,68747200004905,CU04849,PR003,BR004,2024-11-09,2026-08-25,CLOSED,INR,213100.15,SAVINGS
AC04906,99791500004906,CU03230,PR009,BR005,2020-02-20,,DORMANT,INR,205482.07,FIXED_DEPOSIT
AC04907,31369700004907,CU01005,PR001,BR008,2018-11-14,,DORMANT,INR,141082.29,SAVINGS
AC04908,33399700004908,CU02017,PR006,BR001,2025-05-31,,ACTIVE,INR,29875.03,CURRENT
AC04909,94132400004909,CU04285,PR008,BR002,2021-11-10,,ACTIVE,INR,23119.98,FIXED_DEPOSIT
AC04910,25532400004910,CU03838,PR006,BR002,2018-09-09,,DORMANT,INR,7841.38,CURRENT
AC04911,74113400004911,CU02698,PR002,BR008,2021-05-10,,ACTIVE,INR,48421.88,SAVINGS
AC04912,85543500004912,CU04834,PR007,BR004,2025-04-18,2026-08-25,CLOSED,INR,86464.09,FIXED_DEPOSIT
AC04913,19123700004913,CU04575,PR005,BR001,2025-03-15,2026-08-24,CLOSED,INR,248606.42,CURRENT
AC04914,96000500004914,CU02219,PR004,BR009,2024-01-28,,ACTIVE,INR,270.03,CURRENT
AC04915,27365700004915,CU00389,PR004,BR007,2022-12-08,,ACTIVE,INR,1010.32,CURRENT
AC04916,36743200004916,CU04293,PR003,BR010,2023-08-10,,DORMANT,INR,133371.24,SAVINGS
AC04917,56317500004917,CU01265,PR006,BR009,2022-09-05,2025-04-26,CLOSED,INR,103554.83,CURRENT
AC04918,25497800004918,CU00923,PR008,BR009,2020-02-08,,ACTIVE,INR,90903.62,FIXED_DEPOSIT
AC04919,63075500004919,CU02182,PR005,BR008,2023-05-24,,DORMANT,INR,72435.00,CURRENT
AC04920,33422000004920,CU04951,PR007,BR006,2024-05-07,2026-08-22,CLOSED,INR,199118.42,FIXED_DEPOSIT
AC04921,87342900004921,CU00954,PR001,BR006,2025-05-13,,DORMANT,INR,135247.68,SAVINGS
AC04922,79687300004922,CU04888,PR003,BR005,2018-08-25,,ACTIVE,INR,6788.52,SAVINGS
AC04923,53065500004923,CU02489,PR004,BR004,2025-10-23,,ACTIVE,INR,43522.93,CURRENT
AC04924,61622200004924,CU00006,PR004,BR001,2021-03-29,,ACTIVE,INR,20929.70,CURRENT
AC04925,98668200004925,CU00075,PR003,BR009,2025-07-18,,ACTIVE,INR,2982.92,SAVINGS
AC04926,88497500004926,CU00155,PR006,BR008,2022-09-11,,DORMANT,INR,217704.37,CURRENT
AC04927,90139500004927,CU04006,PR007,BR009,2018-04-17,2019-06-15,CLOSED,INR,234560.09,FIXED_DEPOSIT
AC04928,58345400004928,CU00144,PR009,BR007,2021-04-17,2023-02-19,CLOSED,INR,105249.71,FIXED_DEPOSIT
AC04929,74758300004929,CU02040,PR006,BR003,2021-12-17,,ACTIVE,INR,158721.64,CURRENT
AC04930,61533200004930,CU04759,PR006,BR002,2020-06-28,,DORMANT,INR,90141.68,CURRENT
AC04931,30616800004931,CU04460,PR002,BR002,2021-11-05,2024-07-20,CLOSED,INR,182615.53,SAVINGS
AC04932,30447700004932,CU02369,PR009,BR007,2025-07-02,,ACTIVE,INR,3386.17,FIXED_DEPOSIT
AC04933,24440500004933,CU02867,PR004,BR005,2025-05-29,,ACTIVE,INR,9918.11,CURRENT
AC04934,33739900004934,CU01631,PR009,BR008,2018-03-27,,ACTIVE,INR,46304.72,FIXED_DEPOSIT
AC04935,38302800004935,CU04700,PR003,BR007,2023-05-25,,DORMANT,INR,181783.96,SAVINGS
AC04936,12048100004936,CU03607,PR003,BR008,2019-02-04,,DORMANT,INR,5402.45,SAVINGS
AC04937,38799400004937,CU03590,PR001,BR003,2023-11-23,,ACTIVE,INR,41768.62,SAVINGS
AC04938,44893000004938,CU01668,PR002,BR010,2022-06-07,,DORMANT,INR,239968.46,SAVINGS
AC04939,60595500004939,CU03688,PR003,BR006,2025-03-28,,ACTIVE,INR,104.05,SAVINGS
AC04940,11757700004940,CU03270,PR009,BR003,2024-01-19,,DORMANT,INR,10230.96,FIXED_DEPOSIT
AC04941,72442200004941,CU01932,PR009,BR005,2021-11-24,,DORMANT,INR,11477.42,FIXED_DEPOSIT
AC04942,35473600004942,CU03430,PR004,BR008,2020-01-21,,ACTIVE,INR,11202.53,CURRENT
AC04943,70220900004943,CU04320,PR004,BR008,2018-09-05,2023-01-15,CLOSED,INR,192011.43,CURRENT
AC04944,86526100004944,CU00762,PR006,BR003,2022-03-09,,ACTIVE,INR,29.20,CURRENT
AC04945,59602100004945,CU02136,PR002,BR004,2021-01-23,,DORMANT,INR,198668.71,SAVINGS
AC04946,12223100004946,CU03494,PR007,BR006,2022-05-01,,DORMANT,INR,48431.30,FIXED_DEPOSIT
AC04947,91789800004947,CU04734,PR005,BR001,2019-03-25,,ACTIVE,INR,83947.00,CURRENT
AC04948,99511500004948,CU00096,PR007,BR005,2020-10-02,2022-03-06,CLOSED,INR,45298.69,FIXED_DEPOSIT
AC04949,56895500004949,CU04412,PR007,BR002,2022-07-08,,DORMANT,INR,217701.28,FIXED_DEPOSIT
AC04950,87739700004950,CU01387,PR009,BR010,2020-11-10,,DORMANT,INR,122883.53,FIXED_DEPOSIT
AC04951,61922300004951,CU01416,PR003,BR001,2019-04-13,,ACTIVE,INR,659.37,SAVINGS
AC04952,94256400004952,CU00328,PR008,BR008,2019-08-01,2021-09-30,CLOSED,INR,2467.91,FIXED_DEPOSIT
AC04953,20240000004953,CU02618,PR004,BR010,2020-01-13,2021-03-05,CLOSED,INR,21397.23,CURRENT
AC04954,82362500004954,CU01703,PR003,BR009,2023-05-25,,DORMANT,INR,78913.36,SAVINGS
AC04955,82849100004955,CU04702,PR006,BR010,2019-06-14,,DORMANT,INR,184945.74,CURRENT
AC04956,54510000004956,CU02363,PR002,BR003,2019-07-14,,ACTIVE,INR,15804.34,SAVINGS
AC04957,65562400004957,CU01551,PR003,BR001,2023-07-02,,DORMANT,INR,193597.65,SAVINGS
AC04958,24593700004958,CU02484,PR006,BR005,2022-06-27,,DORMANT,INR,182622.31,CURRENT
AC04959,94908900004959,CU00474,PR004,BR002,2021-01-15,2025-08-19,CLOSED,INR,136185.79,CURRENT
AC04960,47773500004960,CU02152,PR003,BR006,2024-11-14,,DORMANT,INR,228456.71,SAVINGS
AC04961,67811600004961,CU01169,PR002,BR009,2018-11-09,,ACTIVE,INR,3496.88,SAVINGS
AC04962,64602900004962,CU04216,PR001,BR001,2018-12-29,2022-01-27,CLOSED,INR,219572.93,SAVINGS
AC04963,41869000004963,CU03748,PR009,BR006,2021-07-26,,DORMANT,INR,27863.45,FIXED_DEPOSIT
AC04964,18060900004964,CU00367,PR006,BR003,2021-02-15,2026-04-15,CLOSED,INR,192514.82,CURRENT
AC04965,84441800004965,CU01457,PR007,BR006,2025-06-04,,ACTIVE,INR,51055.54,FIXED_DEPOSIT
AC04966,45119800004966,CU04805,PR004,BR010,2018-12-09,2022-04-13,CLOSED,INR,41862.71,CURRENT
AC04967,13871800004967,CU02198,PR009,BR004,2024-05-16,,ACTIVE,INR,383056.84,FIXED_DEPOSIT
AC04968,81679000004968,CU01580,PR001,BR006,2022-01-12,2024-03-29,CLOSED,INR,74798.08,SAVINGS
AC04969,65302000004969,CU04680,PR005,BR001,2023-12-02,,DORMANT,INR,244887.34,CURRENT
AC04970,72170000004970,CU02926,PR009,BR003,2018-01-31,,ACTIVE,INR,35263.92,FIXED_DEPOSIT
AC04971,61270300004971,CU04847,PR001,BR002,2021-08-25,,ACTIVE,INR,112899.06,SAVINGS
AC04972,35668900004972,CU03803,PR003,BR004,2023-07-29,,DORMANT,INR,1594.18,SAVINGS
AC04973,68867200004973,CU04168,PR005,BR006,2020-11-13,,DORMANT,INR,7573.57,CURRENT
AC04974,42775100004974,CU03799,PR004,BR009,2022-04-21,2024-04-06,CLOSED,INR,196573.22,CURRENT
AC04975,79065700004975,CU04755,PR009,BR006,2023-08-24,,DORMANT,INR,199324.09,FIXED_DEPOSIT
AC04976,94256900004976,CU03716,PR001,BR010,2019-08-25,,ACTIVE,INR,3947.71,SAVINGS
AC04977,84047600004977,CU04998,PR001,BR001,2025-02-12,2026-08-27,CLOSED,INR,78812.96,SAVINGS
AC04978,61730800004978,CU04403,PR008,BR006,2024-03-11,,DORMANT,INR,94869.97,FIXED_DEPOSIT
AC04979,58767800004979,CU04372,PR007,BR003,2018-02-15,,ACTIVE,INR,36989.78,FIXED_DEPOSIT
AC04980,74470800004980,CU02775,PR004,BR001,2019-01-18,,DORMANT,INR,28311.65,CURRENT
AC04981,42141700004981,CU02624,PR005,BR007,2025-07-18,,DORMANT,INR,73827.01,CURRENT
AC04982,81059300004982,CU03262,PR003,BR005,2021-04-10,,DORMANT,INR,67201.24,SAVINGS
AC04983,47236600004983,CU02218,PR003,BR010,2018-07-18,,ACTIVE,INR,35476.68,SAVINGS
AC04984,73127200004984,CU03800,PR001,BR007,2019-10-13,,ACTIVE,INR,0.00,SAVINGS
AC04985,86923200004985,CU03035,PR002,BR010,2023-03-25,2024-08-17,CLOSED,INR,54919.12,SAVINGS
AC04986,14018400004986,CU02189,PR001,BR005,2025-11-09,2026-08-29,CLOSED,INR,189831.77,SAVINGS
AC04987,77009700004987,CU02930,PR004,BR001,2018-03-29,,DORMANT,INR,44549.39,CURRENT
AC04988,76570700004988,CU02663,PR005,BR004,2024-04-13,2024-12-07,CLOSED,INR,158955.10,CURRENT
AC04989,94408100004989,CU00084,PR005,BR003,2018-06-15,2019-10-23,CLOSED,INR,29533.69,CURRENT
AC04990,28603400004990,CU03579,PR007,BR006,2018-11-25,,DORMANT,INR,142658.08,FIXED_DEPOSIT
AC04991,37146000004991,CU00584,PR002,BR001,2018-12-01,,DORMANT,INR,17785.69,SAVINGS
AC04992,66474900004992,CU04585,PR003,BR005,2019-06-12,,ACTIVE,INR,45602.14,SAVINGS
AC04993,72023100004993,CU02694,PR009,BR004,2023-08-09,,DORMANT,INR,33353.92,FIXED_DEPOSIT
AC04994,40109800004994,CU01323,PR003,BR001,2020-04-21,,DORMANT,INR,140115.26,SAVINGS
AC04995,88267600004995,CU01015,PR001,BR001,2023-07-30,,ACTIVE,INR,1024.79,SAVINGS
AC04996,99618200004996,CU00255,PR002,BR008,2024-10-12,,ACTIVE,INR,33311.23,SAVINGS
AC04997,74326800004997,CU04933,PR009,BR006,2021-10-18,,ACTIVE,INR,11176.10,FIXED_DEPOSIT
AC04998,31651700004998,CU03149,PR004,BR003,2025-08-10,,ACTIVE,INR,5.18,CURRENT
AC04999,39004500004999,CU03122,PR005,BR009,2023-02-25,,ACTIVE,INR,24097.15,CURRENT
AC05000,85131300005000,CU04670,PR004,BR002,2023-11-02,,DORMANT,INR,196426.40,CURRENT
AC05001,67072200005001,CU04831,PR009,BR005,2023-07-14,,ACTIVE,INR,4165.20,FIXED_DEPOSIT
AC05002,64179700005002,CU03985,PR009,BR006,2025-08-14,,DORMANT,INR,136687.46,FIXED_DEPOSIT
AC05003,56567300005003,CU03034,PR004,BR010,2019-09-01,2021-08-18,CLOSED,INR,124191.93,CURRENT
AC05004,37042600005004,CU04728,PR008,BR010,2022-10-30,,DORMANT,INR,62298.50,FIXED_DEPOSIT
AC05005,69056900005005,CU01792,PR009,BR006,2018-07-09,,ACTIVE,INR,38740.34,FIXED_DEPOSIT
AC05006,16255100005006,CU04265,PR003,BR004,2023-09-16,,ACTIVE,INR,62460.76,SAVINGS
AC05007,45771800005007,CU02642,PR004,BR010,2023-05-27,2026-08-20,CLOSED,INR,97207.30,CURRENT
AC05008,13164400005008,CU00826,PR001,BR010,2023-08-25,2026-08-23,CLOSED,INR,179189.41,SAVINGS
AC05009,70302400005009,CU03477,PR008,BR004,2018-08-15,,ACTIVE,INR,42980.35,FIXED_DEPOSIT
AC05010,20257100005010,CU01438,PR004,BR009,2018-03-27,,ACTIVE,INR,271.56,CURRENT
AC05011,68909900005011,CU04222,PR009,BR005,2021-08-08,,DORMANT,INR,83261.88,FIXED_DEPOSIT
AC05012,51395700005012,CU03120,PR001,BR009,2023-04-26,,DORMANT,INR,62941.88,SAVINGS
AC05013,99801800005013,CU00933,PR007,BR006,2020-10-26,2025-11-08,CLOSED,INR,244616.96,FIXED_DEPOSIT
AC05014,79165900005014,CU02702,PR009,BR009,2025-10-01,,ACTIVE,INR,38533.63,FIXED_DEPOSIT
AC05015,21932900005015,CU00868,PR008,BR007,2025-06-01,2026-08-20,CLOSED,INR,244455.06,FIXED_DEPOSIT
AC05016,34006900005016,CU00734,PR004,BR010,2022-07-23,2023-03-22,CLOSED,INR,92303.88,CURRENT
AC05017,16609000005017,CU01161,PR004,BR007,2018-05-12,,ACTIVE,INR,299529.44,CURRENT
AC05018,36005000005018,CU01355,PR002,BR009,2023-09-08,,ACTIVE,INR,45230.29,SAVINGS
AC05019,31498600005019,CU02867,PR001,BR005,2024-08-13,,ACTIVE,INR,231592.68,SAVINGS
AC05020,13900100005020,CU00833,PR005,BR009,2018-07-02,2023-02-16,CLOSED,INR,118689.74,CURRENT
AC05021,44558200005021,CU00296,PR004,BR007,2021-07-18,,DORMANT,INR,76002.63,CURRENT
AC05022,61859500005022,CU02691,PR009,BR010,2020-07-03,,DORMANT,INR,13706.61,FIXED_DEPOSIT
AC05023,23534300005023,CU03070,PR003,BR010,2023-02-11,,ACTIVE,INR,3491.63,SAVINGS
AC05024,15238100005024,CU04488,PR004,BR007,2023-04-29,,ACTIVE,INR,7376.15,CURRENT
AC05025,98142400005025,CU02719,PR005,BR005,2019-07-05,,DORMANT,INR,42470.26,CURRENT
AC05026,98501100005026,CU04178,PR003,BR001,2022-08-08,,ACTIVE,INR,466.81,SAVINGS
AC05027,33118900005027,CU04002,PR008,BR003,2022-02-12,2026-08-21,CLOSED,INR,230258.42,FIXED_DEPOSIT
AC05028,82708600005028,CU04478,PR005,BR008,2018-12-26,2021-12-20,CLOSED,INR,56159.76,CURRENT
AC05029,98163100005029,CU01956,PR005,BR006,2019-10-25,,ACTIVE,INR,4588.03,CURRENT
AC05030,32635300005030,CU01835,PR001,BR002,2018-10-16,,DORMANT,INR,103365.48,SAVINGS
AC05031,42721100005031,CU02939,PR001,BR008,2021-02-20,2022-01-19,CLOSED,INR,66713.72,SAVINGS
AC05032,15230200005032,CU01314,PR003,BR005,2023-02-28,,DORMANT,INR,54293.16,SAVINGS
AC05033,95648400005033,CU04304,PR009,BR002,2022-02-23,,ACTIVE,INR,8694.03,FIXED_DEPOSIT
AC05034,22769200005034,CU00056,PR006,BR008,2019-05-21,,ACTIVE,INR,145362.94,CURRENT
AC05035,25506400005035,CU02197,PR002,BR009,2019-11-19,2024-01-24,CLOSED,INR,210298.85,SAVINGS
AC05036,16177400005036,CU03077,PR009,BR009,2024-09-30,2026-08-21,CLOSED,INR,233165.22,FIXED_DEPOSIT
AC05037,32170200005037,CU03007,PR007,BR005,2024-04-12,2026-08-22,CLOSED,INR,87019.90,FIXED_DEPOSIT
AC05038,90479600005038,CU03772,PR005,BR001,2021-08-27,,ACTIVE,INR,720.62,CURRENT
AC05039,48221900005039,CU02930,PR002,BR001,2021-11-11,2023-02-21,CLOSED,INR,102425.54,SAVINGS
AC05040,34922700005040,CU01254,PR003,BR007,2022-01-23,,DORMANT,INR,108545.65,SAVINGS
AC05041,30339000005041,CU00940,PR001,BR005,2025-07-12,2026-08-26,CLOSED,INR,171007.28,SAVINGS
AC05042,12831500005042,CU03859,PR004,BR001,2019-03-05,2023-03-17,CLOSED,INR,132803.31,CURRENT
AC05043,63237100005043,CU01724,PR005,BR004,2018-01-31,,DORMANT,INR,74912.88,CURRENT
AC05044,98868900005044,CU04382,PR006,BR010,2021-03-18,,DORMANT,INR,230658.52,CURRENT
AC05045,86898900005045,CU02194,PR003,BR009,2018-02-14,,ACTIVE,INR,1289.40,SAVINGS
AC05046,12439700005046,CU01000,PR002,BR008,2025-04-28,,DORMANT,INR,160188.65,SAVINGS
AC05047,26883100005047,CU02014,PR009,BR006,2024-04-29,2026-08-21,CLOSED,INR,224391.30,FIXED_DEPOSIT
AC05048,91971600005048,CU00993,PR005,BR008,2019-10-27,2025-01-04,CLOSED,INR,58339.26,CURRENT
AC05049,26667400005049,CU04752,PR004,BR002,2025-08-03,,ACTIVE,INR,13558.17,CURRENT
AC05050,83774700005050,CU03597,PR004,BR007,2020-03-06,,ACTIVE,INR,7133.34,CURRENT
AC05051,22035300005051,CU03068,PR007,BR005,2025-05-01,,ACTIVE,INR,24314.73,FIXED_DEPOSIT
AC05052,92591200005052,CU01339,PR002,BR001,2020-10-12,,DORMANT,INR,31281.66,SAVINGS
AC05053,47533400005053,CU00448,PR009,BR010,2025-07-17,2026-08-24,CLOSED,INR,142795.99,FIXED_DEPOSIT
AC05054,15524300005054,CU03547,PR005,BR001,2021-06-21,,DORMANT,INR,33410.17,CURRENT
AC05055,86312900005055,CU03848,PR002,BR004,2021-12-15,,DORMANT,INR,74987.80,SAVINGS
AC05056,97556500005056,CU04481,PR001,BR008,2024-10-24,,DORMANT,INR,161308.27,SAVINGS
AC05057,79564000005057,CU04070,PR001,BR007,2022-02-23,,DORMANT,INR,103638.89,SAVINGS
AC05058,27126500005058,CU00201,PR006,BR007,2018-12-15,,DORMANT,INR,52703.80,CURRENT
AC05059,33756700005059,CU00919,PR002,BR007,2020-12-09,2025-02-19,CLOSED,INR,166274.63,SAVINGS
AC05060,75982700005060,CU04284,PR008,BR006,2019-08-06,2021-04-27,CLOSED,INR,17233.04,FIXED_DEPOSIT
AC05061,41035900005061,CU00738,PR004,BR001,2020-01-10,2024-10-05,CLOSED,INR,176486.92,CURRENT
AC05062,70749600005062,CU04015,PR005,BR002,2024-11-15,2025-11-02,CLOSED,INR,196893.18,CURRENT
AC05063,26612900005063,CU04347,PR006,BR008,2022-09-08,,DORMANT,INR,243661.15,CURRENT
AC05064,55752500005064,CU04404,PR009,BR009,2023-03-03,2026-08-26,CLOSED,INR,39125.01,FIXED_DEPOSIT
AC05065,48423600005065,CU04806,PR007,BR006,2020-03-05,,ACTIVE,INR,55630.69,FIXED_DEPOSIT
AC05066,89623800005066,CU03042,PR005,BR005,2021-06-12,2026-01-05,CLOSED,INR,144304.61,CURRENT
AC05067,84710100005067,CU01632,PR006,BR001,2018-03-11,2022-08-31,CLOSED,INR,166049.15,CURRENT
AC05068,46147900005068,CU00323,PR002,BR007,2021-07-26,,ACTIVE,INR,227145.25,SAVINGS
AC05069,20338200005069,CU00138,PR004,BR008,2022-09-17,,ACTIVE,INR,56024.52,CURRENT
AC05070,51625100005070,CU04332,PR002,BR004,2024-03-31,2024-10-19,CLOSED,INR,100875.18,SAVINGS
AC05071,93976000005071,CU00618,PR006,BR006,2021-02-05,2023-05-09,CLOSED,INR,6484.07,CURRENT
AC05072,72539300005072,CU02483,PR006,BR001,2019-01-04,,DORMANT,INR,176026.81,CURRENT
AC05073,17467400005073,CU03310,PR007,BR007,2022-03-02,,DORMANT,INR,62331.65,FIXED_DEPOSIT
AC05074,98509900005074,CU01692,PR008,BR006,2023-10-04,2026-08-24,CLOSED,INR,178491.58,FIXED_DEPOSIT
AC05075,94775200005075,CU03270,PR004,BR003,2018-04-05,,DORMANT,INR,53502.71,CURRENT
AC05076,10394100005076,CU03068,PR001,BR005,2022-04-11,,DORMANT,INR,40481.02,SAVINGS
AC05077,77346000005077,CU02758,PR005,BR010,2024-09-26,,ACTIVE,INR,58521.22,CURRENT
AC05078,50894800005078,CU04560,PR005,BR002,2024-05-02,2026-08-29,CLOSED,INR,106109.49,CURRENT
AC05079,69610900005079,CU04952,PR007,BR003,2025-05-14,,ACTIVE,INR,51846.45,FIXED_DEPOSIT
AC05080,28800300005080,CU03054,PR001,BR010,2019-01-02,2022-08-23,CLOSED,INR,54740.65,SAVINGS
AC05081,14390800005081,CU00274,PR005,BR009,2023-06-13,,ACTIVE,INR,55295.91,CURRENT
AC05082,46291200005082,CU03807,PR003,BR001,2022-05-05,,DORMANT,INR,57805.50,SAVINGS
AC05083,91843300005083,CU01191,PR007,BR001,2021-12-27,,DORMANT,INR,29365.62,FIXED_DEPOSIT
AC05084,23891400005084,CU02469,PR004,BR010,2019-07-08,,ACTIVE,INR,2537.56,CURRENT
AC05085,23234900005085,CU03181,PR002,BR001,2021-12-21,,ACTIVE,INR,46.53,SAVINGS
AC05086,70473000005086,CU03406,PR005,BR006,2020-08-11,,DORMANT,INR,80836.87,CURRENT
AC05087,70613300005087,CU01755,PR002,BR005,2024-08-14,2026-08-27,CLOSED,INR,192975.27,SAVINGS
AC05088,38345800005088,CU02042,PR003,BR006,2022-06-07,,ACTIVE,INR,109142.84,SAVINGS
AC05089,77668500005089,CU04285,PR003,BR002,2020-10-03,2022-07-01,CLOSED,INR,229189.36,SAVINGS
AC05090,10640900005090,CU04749,PR001,BR001,2024-01-16,,DORMANT,INR,199126.85,SAVINGS
AC05091,78481600005091,CU01663,PR001,BR010,2024-06-11,2026-08-28,CLOSED,INR,233117.58,SAVINGS
AC05092,92204700005092,CU03523,PR007,BR006,2025-07-12,,ACTIVE,INR,149275.64,FIXED_DEPOSIT
AC05093,38156700005093,CU02046,PR005,BR008,2018-10-24,,ACTIVE,INR,0.24,CURRENT
AC05094,14265700005094,CU01904,PR006,BR010,2018-11-24,2023-03-12,CLOSED,INR,30021.64,CURRENT
AC05095,97329700005095,CU01922,PR003,BR003,2018-07-04,,ACTIVE,INR,93.88,SAVINGS
AC05096,52935300005096,CU02557,PR009,BR010,2020-08-26,,ACTIVE,INR,452.65,FIXED_DEPOSIT
AC05097,59284500005097,CU02190,PR007,BR006,2024-10-16,,ACTIVE,INR,18923.76,FIXED_DEPOSIT
AC05098,69557400005098,CU01732,PR001,BR009,2025-09-07,,ACTIVE,INR,7031.50,SAVINGS
AC05099,19459100005099,CU04587,PR009,BR004,2025-10-03,2026-08-28,CLOSED,INR,94974.98,FIXED_DEPOSIT
AC05100,89634700005100,CU02850,PR006,BR003,2018-11-23,,ACTIVE,INR,6727.85,CURRENT
AC05101,98244700005101,CU02497,PR003,BR003,2024-01-27,2026-08-28,CLOSED,INR,28975.82,SAVINGS
AC05102,44711800005102,CU01609,PR003,BR008,2021-02-11,2024-01-01,CLOSED,INR,135461.27,SAVINGS
AC05103,11065500005103,CU04601,PR009,BR006,2025-11-16,,DORMANT,INR,171995.75,FIXED_DEPOSIT
AC05104,87286900005104,CU02027,PR003,BR008,2019-11-29,,ACTIVE,INR,32240.91,SAVINGS
AC05105,65698200005105,CU04538,PR001,BR003,2022-05-01,,DORMANT,INR,121058.79,SAVINGS
AC05106,19275200005106,CU02167,PR006,BR002,2025-03-19,,DORMANT,INR,146393.50,CURRENT
AC05107,35377900005107,CU02503,PR007,BR005,2019-09-08,2023-11-17,CLOSED,INR,120349.56,FIXED_DEPOSIT
AC05108,37916900005108,CU04561,PR007,BR008,2020-08-27,,ACTIVE,INR,132731.11,FIXED_DEPOSIT
AC05109,42102300005109,CU01235,PR006,BR010,2021-12-21,,DORMANT,INR,190026.09,CURRENT
AC05110,55941900005110,CU01726,PR001,BR008,2021-03-10,,DORMANT,INR,245248.80,SAVINGS
AC05111,68714400005111,CU02963,PR005,BR009,2023-07-30,2024-06-15,CLOSED,INR,243350.20,CURRENT
AC05112,20847200005112,CU03569,PR002,BR007,2023-12-15,,DORMANT,INR,62578.85,SAVINGS
AC05113,76595000005113,CU02966,PR005,BR008,2023-02-17,,ACTIVE,INR,9043.62,CURRENT
AC05114,94693400005114,CU03422,PR005,BR007,2025-03-30,2026-08-29,CLOSED,INR,49534.09,CURRENT
AC05115,63590200005115,CU01325,PR009,BR003,2025-01-25,2026-08-28,CLOSED,INR,33598.74,FIXED_DEPOSIT
AC05116,87680500005116,CU02785,PR004,BR008,2022-09-12,2025-07-05,CLOSED,INR,159513.60,CURRENT
AC05117,27489800005117,CU02517,PR005,BR010,2022-06-09,,ACTIVE,INR,29247.94,CURRENT
AC05118,76845700005118,CU01736,PR007,BR002,2021-09-09,2024-11-19,CLOSED,INR,217324.83,FIXED_DEPOSIT
AC05119,56380400005119,CU02247,PR006,BR008,2023-04-10,2024-07-22,CLOSED,INR,147256.59,CURRENT
AC05120,73342100005120,CU00269,PR001,BR007,2019-08-09,,DORMANT,INR,12602.50,SAVINGS
AC05121,99991100005121,CU00373,PR005,BR004,2018-05-18,,DORMANT,INR,86857.56,CURRENT
AC05122,26161900005122,CU00047,PR001,BR004,2020-04-29,,DORMANT,INR,94138.90,SAVINGS
AC05123,46477800005123,CU03188,PR005,BR006,2019-11-13,,DORMANT,INR,146605.77,CURRENT
AC05124,18094600005124,CU04100,PR001,BR002,2023-12-23,,DORMANT,INR,49976.85,SAVINGS
AC05125,11936800005125,CU01038,PR005,BR009,2018-07-12,,DORMANT,INR,202329.37,CURRENT
AC05126,51994000005126,CU02497,PR008,BR003,2023-02-16,,DORMANT,INR,222815.38,FIXED_DEPOSIT
AC05127,35652300005127,CU00308,PR004,BR005,2022-03-19,2025-03-26,CLOSED,INR,173450.45,CURRENT
AC05128,33746500005128,CU02666,PR007,BR006,2024-03-09,,DORMANT,INR,168963.48,FIXED_DEPOSIT
AC05129,46132500005129,CU04919,PR007,BR009,2020-07-18,,ACTIVE,INR,9930.63,FIXED_DEPOSIT
AC05130,36801500005130,CU00739,PR005,BR006,2018-04-27,2020-11-12,CLOSED,INR,226524.46,CURRENT
AC05131,59475100005131,CU01474,PR003,BR001,2025-12-01,,DORMANT,INR,78952.21,SAVINGS
AC05132,11071100005132,CU02807,PR004,BR004,2020-07-19,2021-11-16,CLOSED,INR,8576.63,CURRENT
AC05133,75255000005133,CU04136,PR004,BR004,2024-09-30,2026-08-26,CLOSED,INR,61266.99,CURRENT
AC05134,52251400005134,CU00636,PR009,BR004,2024-04-19,,ACTIVE,INR,56.93,FIXED_DEPOSIT
AC05135,79902600005135,CU00403,PR006,BR005,2025-06-25,,ACTIVE,INR,110354.63,CURRENT
AC05136,76967200005136,CU03857,PR006,BR010,2023-08-12,2026-08-27,CLOSED,INR,82888.54,CURRENT
AC05137,83860600005137,CU00450,PR001,BR001,2022-08-07,,DORMANT,INR,100043.95,SAVINGS
AC05138,25214800005138,CU03326,PR005,BR001,2022-03-07,,ACTIVE,INR,131654.39,CURRENT
AC05139,38161100005139,CU01077,PR009,BR006,2022-08-14,,DORMANT,INR,73446.39,FIXED_DEPOSIT
AC05140,27267400005140,CU03696,PR003,BR008,2021-07-08,,DORMANT,INR,45364.06,SAVINGS
AC05141,77603300005141,CU02678,PR008,BR005,2020-04-24,,ACTIVE,INR,40454.03,FIXED_DEPOSIT
AC05142,97925300005142,CU01531,PR009,BR004,2020-10-29,2021-10-14,CLOSED,INR,19460.80,FIXED_DEPOSIT
AC05143,17120700005143,CU02274,PR002,BR001,2020-08-14,2022-09-08,CLOSED,INR,23198.63,SAVINGS
AC05144,71088200005144,CU02067,PR008,BR004,2025-07-25,,DORMANT,INR,65701.00,FIXED_DEPOSIT
AC05145,59779100005145,CU00254,PR001,BR002,2025-05-31,,DORMANT,INR,170737.35,SAVINGS
AC05146,58262600005146,CU00015,PR003,BR008,2025-12-23,2026-08-01,CLOSED,INR,242241.05,SAVINGS
AC05147,90394400005147,CU03989,PR004,BR003,2022-12-04,,DORMANT,INR,79268.65,CURRENT
AC05148,13613300005148,CU04654,PR002,BR005,2022-02-01,,DORMANT,INR,164704.14,SAVINGS
AC05149,75523600005149,CU04008,PR004,BR010,2019-11-26,2021-03-24,CLOSED,INR,245933.01,CURRENT
AC05150,20307600005150,CU04661,PR008,BR003,2024-09-10,2026-08-21,CLOSED,INR,96398.35,FIXED_DEPOSIT
AC05151,17696400005151,CU00836,PR003,BR009,2019-01-31,,ACTIVE,INR,111302.88,SAVINGS
AC05152,84413400005152,CU01286,PR002,BR008,2021-06-22,2026-08-25,CLOSED,INR,193464.94,SAVINGS
AC05153,37114000005153,CU00634,PR003,BR009,2022-09-29,,DORMANT,INR,123733.99,SAVINGS
AC05154,25419600005154,CU03057,PR009,BR010,2021-09-17,2026-08-24,CLOSED,INR,179924.76,FIXED_DEPOSIT
AC05155,52324900005155,CU01646,PR001,BR008,2025-03-17,,DORMANT,INR,128471.73,SAVINGS
AC05156,12774900005156,CU02340,PR002,BR007,2020-06-26,,DORMANT,INR,220546.91,SAVINGS
AC05157,70880300005157,CU01298,PR004,BR008,2025-03-31,,DORMANT,INR,63154.64,CURRENT
AC05158,67506300005158,CU00727,PR005,BR005,2022-04-14,,DORMANT,INR,225651.04,CURRENT
AC05159,88260400005159,CU02727,PR002,BR001,2020-02-05,,DORMANT,INR,132590.47,SAVINGS
AC05160,80283200005160,CU00626,PR001,BR003,2021-07-02,2022-01-18,CLOSED,INR,143426.75,SAVINGS
AC05161,18842600005161,CU04812,PR008,BR002,2022-02-22,,DORMANT,INR,28091.97,FIXED_DEPOSIT
AC05162,75860700005162,CU03463,PR005,BR002,2021-01-10,2025-10-02,CLOSED,INR,170057.90,CURRENT
AC05163,39426900005163,CU01512,PR006,BR008,2024-02-09,2026-08-29,CLOSED,INR,198585.58,CURRENT
AC05164,53424300005164,CU02321,PR004,BR009,2025-07-08,,ACTIVE,INR,48136.35,CURRENT
AC05165,28446200005165,CU02430,PR003,BR006,2019-10-02,,DORMANT,INR,21767.34,SAVINGS
AC05166,86043900005166,CU03308,PR003,BR003,2020-08-16,2025-05-23,CLOSED,INR,181572.13,SAVINGS
AC05167,18976600005167,CU01155,PR002,BR005,2021-01-27,,ACTIVE,INR,582.15,SAVINGS
AC05168,53057400005168,CU03201,PR002,BR010,2020-03-27,,DORMANT,INR,43785.04,SAVINGS
AC05169,83071600005169,CU01159,PR008,BR005,2024-05-30,,ACTIVE,INR,876.13,FIXED_DEPOSIT
AC05170,14230300005170,CU04092,PR009,BR002,2021-08-25,,DORMANT,INR,33965.85,FIXED_DEPOSIT
AC05171,36295800005171,CU03944,PR009,BR003,2019-03-27,,ACTIVE,INR,172997.47,FIXED_DEPOSIT
AC05172,60152300005172,CU02238,PR007,BR002,2020-05-31,,DORMANT,INR,146262.73,FIXED_DEPOSIT
AC05173,61799700005173,CU04548,PR009,BR010,2019-04-02,2020-06-14,CLOSED,INR,160509.19,FIXED_DEPOSIT
AC05174,14575700005174,CU02299,PR008,BR010,2025-12-30,2026-08-26,CLOSED,INR,69718.12,FIXED_DEPOSIT
AC05175,97251400005175,CU02017,PR005,BR001,2025-10-24,2026-08-24,CLOSED,INR,210419.34,CURRENT
AC05176,99602200005176,CU02864,PR006,BR005,2018-01-03,,DORMANT,INR,98568.42,CURRENT
AC05177,91413500005177,CU00004,PR008,BR005,2024-07-03,,DORMANT,INR,164216.19,FIXED_DEPOSIT
AC05178,61526300005178,CU04947,PR001,BR009,2022-09-06,,DORMANT,INR,62521.74,SAVINGS
AC05179,79334700005179,CU00960,PR002,BR003,2024-06-26,,ACTIVE,INR,3462.72,SAVINGS
AC05180,32961100005180,CU01430,PR001,BR010,2020-07-06,2021-01-07,CLOSED,INR,230279.17,SAVINGS
AC05181,43208000005181,CU03482,PR004,BR005,2021-07-30,,DORMANT,INR,206851.44,CURRENT
AC05182,83279100005182,CU00837,PR008,BR007,2019-03-02,,ACTIVE,INR,170633.96,FIXED_DEPOSIT
AC05183,86496200005183,CU00515,PR005,BR005,2023-08-17,,ACTIVE,INR,74658.98,CURRENT
AC05184,55030600005184,CU00719,PR005,BR003,2025-08-09,,DORMANT,INR,52717.09,CURRENT
AC05185,12487500005185,CU00125,PR002,BR003,2024-06-19,2025-12-19,CLOSED,INR,140081.63,SAVINGS
AC05186,73388700005186,CU04500,PR007,BR009,2020-10-14,,DORMANT,INR,7407.85,FIXED_DEPOSIT
AC05187,49940300005187,CU03537,PR006,BR004,2024-04-02,,ACTIVE,INR,24712.73,CURRENT
AC05188,94187300005188,CU04268,PR008,BR004,2018-10-10,,DORMANT,INR,174511.85,FIXED_DEPOSIT
AC05189,57495500005189,CU00237,PR007,BR002,2024-07-07,2026-08-25,CLOSED,INR,37212.56,FIXED_DEPOSIT
AC05190,59041600005190,CU03421,PR006,BR010,2019-08-18,,ACTIVE,INR,134122.83,CURRENT
AC05191,98209500005191,CU03757,PR008,BR007,2020-03-08,2022-12-08,CLOSED,INR,209601.52,FIXED_DEPOSIT
AC05192,82638000005192,CU04841,PR009,BR009,2024-01-02,2026-08-27,CLOSED,INR,68503.85,FIXED_DEPOSIT
AC05193,34440800005193,CU01763,PR004,BR008,2025-04-03,2026-06-09,CLOSED,INR,59438.32,CURRENT
AC05194,27929500005194,CU01464,PR001,BR002,2024-06-29,2026-06-05,CLOSED,INR,107937.69,SAVINGS
AC05195,54755500005195,CU04325,PR008,BR003,2024-05-27,2026-08-27,CLOSED,INR,157115.68,FIXED_DEPOSIT
AC05196,38262300005196,CU04826,PR001,BR010,2022-10-29,,DORMANT,INR,146713.25,SAVINGS
AC05197,97181400005197,CU00534,PR008,BR004,2024-11-15,,ACTIVE,INR,85087.33,FIXED_DEPOSIT
AC05198,31200700005198,CU01636,PR006,BR008,2021-03-23,,ACTIVE,INR,3561.73,CURRENT
AC05199,67922600005199,CU03191,PR005,BR007,2021-12-09,,DORMANT,INR,45209.48,CURRENT
AC05200,46821900005200,CU04605,PR001,BR010,2023-09-19,,DORMANT,INR,236988.47,SAVINGS
AC05201,25493100005201,CU01600,PR006,BR007,2018-11-23,,ACTIVE,INR,149764.62,CURRENT
AC05202,19697900005202,CU00270,PR005,BR009,2023-08-19,,ACTIVE,INR,15793.00,CURRENT
AC05203,39920500005203,CU03114,PR003,BR001,2019-08-10,2021-02-03,CLOSED,INR,232881.86,SAVINGS
AC05204,35895500005204,CU00030,PR004,BR002,2020-09-02,,DORMANT,INR,212670.57,CURRENT
AC05205,72410600005205,CU01797,PR005,BR009,2019-12-29,,DORMANT,INR,162020.77,CURRENT
AC05206,20417200005206,CU03558,PR006,BR002,2022-04-16,2025-10-04,CLOSED,INR,123964.53,CURRENT
AC05207,53135700005207,CU02360,PR003,BR008,2020-12-20,,ACTIVE,INR,33474.72,SAVINGS
AC05208,32753100005208,CU04560,PR002,BR002,2024-08-29,2026-08-27,CLOSED,INR,74661.46,SAVINGS
AC05209,23390200005209,CU01833,PR005,BR003,2023-09-01,,DORMANT,INR,106368.16,CURRENT
AC05210,48809800005210,CU03387,PR002,BR001,2021-01-17,,ACTIVE,INR,47815.51,SAVINGS
AC05211,22617800005211,CU03368,PR006,BR009,2021-06-14,,DORMANT,INR,123687.72,CURRENT
AC05212,73188500005212,CU04431,PR008,BR008,2022-01-06,,ACTIVE,INR,18171.72,FIXED_DEPOSIT
AC05213,83599100005213,CU02881,PR005,BR005,2020-08-07,,DORMANT,INR,178254.68,CURRENT
AC05214,50045800005214,CU03294,PR001,BR002,2018-05-28,,ACTIVE,INR,78112.28,SAVINGS
AC05215,45547900005215,CU01261,PR009,BR004,2025-10-14,2026-08-20,CLOSED,INR,182889.30,FIXED_DEPOSIT
AC05216,58595500005216,CU01120,PR006,BR010,2019-06-17,,DORMANT,INR,124038.09,CURRENT
AC05217,46026900005217,CU00349,PR006,BR005,2023-01-14,,ACTIVE,INR,93823.83,CURRENT
AC05218,74845200005218,CU04110,PR002,BR005,2018-04-18,,ACTIVE,INR,50702.64,SAVINGS
AC05219,35629200005219,CU01319,PR007,BR010,2019-06-02,,ACTIVE,INR,77659.37,FIXED_DEPOSIT
AC05220,48744800005220,CU00273,PR005,BR006,2020-03-09,2023-06-12,CLOSED,INR,4216.65,CURRENT
AC05221,38100300005221,CU04853,PR005,BR001,2019-09-07,,DORMANT,INR,243731.59,CURRENT
AC05222,20256400005222,CU04569,PR005,BR003,2019-08-13,2020-12-30,CLOSED,INR,152726.66,CURRENT
AC05223,82562600005223,CU02836,PR001,BR003,2021-07-05,,ACTIVE,INR,17516.80,SAVINGS
AC05224,76116400005224,CU02864,PR005,BR005,2024-08-31,,ACTIVE,INR,355.32,CURRENT
AC05225,43945900005225,CU03722,PR006,BR008,2025-06-08,,ACTIVE,INR,32700.59,CURRENT
AC05226,25577800005226,CU04696,PR005,BR008,2025-07-25,2026-08-27,CLOSED,INR,93380.76,CURRENT
AC05227,91844900005227,CU02353,PR008,BR010,2019-02-20,,ACTIVE,INR,9306.96,FIXED_DEPOSIT
AC05228,58646900005228,CU03510,PR007,BR007,2021-11-26,,DORMANT,INR,35199.02,FIXED_DEPOSIT
AC05229,45446400005229,CU04136,PR008,BR004,2021-02-10,,DORMANT,INR,203312.79,FIXED_DEPOSIT
AC05230,88767900005230,CU04682,PR007,BR004,2023-04-14,2025-05-28,CLOSED,INR,211879.86,FIXED_DEPOSIT
AC05231,86802400005231,CU04623,PR003,BR003,2024-02-05,2026-08-23,CLOSED,INR,10748.39,SAVINGS
AC05232,64037700005232,CU03458,PR007,BR005,2025-08-29,,ACTIVE,INR,45654.44,FIXED_DEPOSIT
AC05233,42706600005233,CU00016,PR007,BR007,2018-04-07,,ACTIVE,INR,48678.71,FIXED_DEPOSIT
AC05234,79734500005234,CU02088,PR007,BR009,2023-12-17,2025-03-25,CLOSED,INR,113512.81,FIXED_DEPOSIT
AC05235,17734900005235,CU02914,PR006,BR009,2018-04-11,2019-09-07,CLOSED,INR,242136.74,CURRENT
AC05236,14053500005236,CU03418,PR006,BR001,2018-05-30,,ACTIVE,INR,17133.54,CURRENT
AC05237,42295200005237,CU03597,PR002,BR007,2019-01-04,,DORMANT,INR,50763.31,SAVINGS
AC05238,92913200005238,CU01527,PR002,BR008,2024-10-16,,DORMANT,INR,39257.69,SAVINGS
AC05239,40802000005239,CU01532,PR005,BR008,2023-12-04,,ACTIVE,INR,184737.07,CURRENT
AC05240,40070000005240,CU01171,PR005,BR009,2025-11-14,2026-08-22,CLOSED,INR,230097.35,CURRENT
AC05241,25633000005241,CU02478,PR006,BR010,2018-09-13,,DORMANT,INR,65725.09,CURRENT
AC05242,98541700005242,CU04968,PR006,BR005,2025-10-08,2026-05-07,CLOSED,INR,124518.98,CURRENT
AC05243,95933100005243,CU04069,PR004,BR009,2018-10-23,,ACTIVE,INR,5350.41,CURRENT
AC05244,71430700005244,CU04112,PR009,BR006,2023-06-20,,DORMANT,INR,219665.64,FIXED_DEPOSIT
AC05245,55264400005245,CU04843,PR007,BR005,2023-07-30,,DORMANT,INR,101493.83,FIXED_DEPOSIT
AC05246,15290100005246,CU02936,PR003,BR006,2022-07-20,,DORMANT,INR,47477.22,SAVINGS
AC05247,26782500005247,CU01493,PR005,BR002,2023-09-16,,DORMANT,INR,196838.52,CURRENT
AC05248,38140200005248,CU02403,PR006,BR002,2018-08-07,,ACTIVE,INR,12054.45,CURRENT
AC05249,27378300005249,CU04207,PR002,BR010,2020-04-23,,DORMANT,INR,59230.97,SAVINGS
AC05250,91486800005250,CU00051,PR003,BR009,2018-06-16,,DORMANT,INR,57115.22,SAVINGS
AC05251,54882100005251,CU00437,PR001,BR005,2021-10-26,2022-11-30,CLOSED,INR,48831.52,SAVINGS
AC05252,55752600005252,CU01003,PR006,BR001,2022-03-25,,DORMANT,INR,133041.68,CURRENT
AC05253,79969700005253,CU00593,PR007,BR003,2022-06-13,,DORMANT,INR,93175.30,FIXED_DEPOSIT
AC05254,45446400005254,CU02791,PR008,BR002,2018-03-30,2018-10-28,CLOSED,INR,234429.73,FIXED_DEPOSIT
AC05255,26759500005255,CU01015,PR004,BR001,2024-10-06,,ACTIVE,INR,22312.82,CURRENT
AC05256,50755900005256,CU04578,PR006,BR009,2025-01-31,,ACTIVE,INR,26492.09,CURRENT
AC05257,77920600005257,CU00123,PR005,BR005,2023-04-13,2025-10-22,CLOSED,INR,81875.75,CURRENT
AC05258,17721000005258,CU01415,PR004,BR002,2021-02-23,,DORMANT,INR,97542.58,CURRENT
AC05259,24415500005259,CU01698,PR007,BR010,2020-11-08,,ACTIVE,INR,24341.61,FIXED_DEPOSIT
AC05260,24302400005260,CU03273,PR001,BR008,2020-09-30,,ACTIVE,INR,37210.98,SAVINGS
AC05261,46731800005261,CU03195,PR001,BR001,2018-07-16,,DORMANT,INR,60309.15,SAVINGS
AC05262,68235300005262,CU00877,PR001,BR003,2021-02-21,2025-07-17,CLOSED,INR,43430.54,SAVINGS
AC05263,88806800005263,CU02572,PR008,BR008,2025-05-19,2026-08-27,CLOSED,INR,230524.34,FIXED_DEPOSIT
AC05264,61161700005264,CU02162,PR002,BR010,2022-12-13,,DORMANT,INR,72223.83,SAVINGS
AC05265,87434500005265,CU00342,PR009,BR002,2022-08-29,,DORMANT,INR,102600.20,FIXED_DEPOSIT
AC05266,39625700005266,CU00444,PR003,BR005,2021-04-08,,ACTIVE,INR,29708.49,SAVINGS
AC05267,10499000005267,CU04011,PR003,BR009,2025-06-14,,ACTIVE,INR,4760.03,SAVINGS
AC05268,65014400005268,CU03309,PR006,BR003,2024-05-26,,DORMANT,INR,76538.23,CURRENT
AC05269,13373700005269,CU00438,PR008,BR010,2022-02-20,,ACTIVE,INR,34200.69,FIXED_DEPOSIT
AC05270,45882600005270,CU00846,PR009,BR006,2021-03-07,2022-09-07,CLOSED,INR,139358.49,FIXED_DEPOSIT
AC05271,57900800005271,CU01602,PR002,BR001,2018-09-02,,ACTIVE,INR,197518.87,SAVINGS
AC05272,75666700005272,CU00960,PR005,BR003,2019-09-26,,ACTIVE,INR,47813.07,CURRENT
AC05273,57525900005273,CU01218,PR002,BR010,2023-11-28,,ACTIVE,INR,4563.35,SAVINGS
AC05274,60376400005274,CU02436,PR004,BR002,2020-12-20,2025-07-03,CLOSED,INR,190907.66,CURRENT
AC05275,97413300005275,CU04070,PR007,BR007,2023-05-10,,DORMANT,INR,120918.93,FIXED_DEPOSIT
AC05276,25238700005276,CU04828,PR007,BR006,2019-11-12,2024-12-15,CLOSED,INR,135356.07,FIXED_DEPOSIT
AC05277,13294600005277,CU03735,PR002,BR003,2025-06-19,2026-08-28,CLOSED,INR,62125.31,SAVINGS
AC05278,25420500005278,CU03053,PR008,BR005,2023-09-25,2025-12-17,CLOSED,INR,226545.51,FIXED_DEPOSIT
AC05279,78139900005279,CU01737,PR009,BR004,2020-09-20,,DORMANT,INR,205255.47,FIXED_DEPOSIT
AC05280,63068600005280,CU04468,PR008,BR008,2018-02-22,2019-09-18,CLOSED,INR,158105.04,FIXED_DEPOSIT
AC05281,41981900005281,CU01766,PR006,BR010,2024-06-11,,DORMANT,INR,3927.49,CURRENT
AC05282,29051900005282,CU04040,PR004,BR001,2024-10-17,,DORMANT,INR,129253.41,CURRENT
AC05283,54087400005283,CU02740,PR005,BR002,2024-12-24,,ACTIVE,INR,3524.88,CURRENT
AC05284,21856900005284,CU04411,PR003,BR006,2021-08-09,,DORMANT,INR,156448.87,SAVINGS
AC05285,99433700005285,CU01269,PR006,BR002,2024-01-20,2026-08-23,CLOSED,INR,102970.78,CURRENT
AC05286,97030600005286,CU04769,PR007,BR004,2021-08-13,2023-09-30,CLOSED,INR,74257.59,FIXED_DEPOSIT
AC05287,14494500005287,CU03982,PR002,BR009,2025-07-10,,ACTIVE,INR,26587.91,SAVINGS
AC05288,13503800005288,CU03414,PR001,BR001,2024-01-16,2026-08-23,CLOSED,INR,75288.39,SAVINGS
AC05289,96309800005289,CU00090,PR006,BR006,2021-02-25,2024-06-04,CLOSED,INR,230930.18,CURRENT
AC05290,61156300005290,CU01230,PR009,BR008,2019-07-04,,ACTIVE,INR,1469.54,FIXED_DEPOSIT
AC05291,29815000005291,CU01443,PR005,BR001,2018-12-31,,ACTIVE,INR,3497.74,CURRENT
AC05292,31221400005292,CU04955,PR008,BR006,2024-10-18,2026-08-22,CLOSED,INR,105007.71,FIXED_DEPOSIT
AC05293,72548900005293,CU02362,PR004,BR005,2023-04-26,,ACTIVE,INR,191083.44,CURRENT
AC05294,46148700005294,CU00221,PR004,BR009,2021-09-19,,DORMANT,INR,170578.13,CURRENT
AC05295,37551600005295,CU03029,PR006,BR003,2020-12-25,,DORMANT,INR,209280.96,CURRENT
AC05296,87308700005296,CU04325,PR007,BR003,2018-07-12,,ACTIVE,INR,2794.78,FIXED_DEPOSIT
AC05297,15795600005297,CU01876,PR005,BR008,2021-06-17,,ACTIVE,INR,1601.57,CURRENT
AC05298,86702500005298,CU01375,PR004,BR009,2018-08-26,2020-03-20,CLOSED,INR,215092.56,CURRENT
AC05299,28910300005299,CU00967,PR007,BR007,2024-07-08,,ACTIVE,INR,61784.52,FIXED_DEPOSIT
AC05300,98475000005300,CU02671,PR001,BR007,2020-02-03,2023-09-14,CLOSED,INR,36723.56,SAVINGS
AC05301,58427400005301,CU01516,PR002,BR008,2021-07-20,,ACTIVE,INR,237.04,SAVINGS
AC05302,97510300005302,CU04127,PR001,BR006,2023-11-12,,ACTIVE,INR,30114.20,SAVINGS
AC05303,41529500005303,CU02449,PR006,BR009,2024-03-13,2026-08-28,CLOSED,INR,15333.56,CURRENT
AC05304,14236000005304,CU02652,PR002,BR004,2021-07-02,2023-08-10,CLOSED,INR,75209.14,SAVINGS
AC05305,13914700005305,CU02488,PR003,BR009,2022-09-21,,ACTIVE,INR,894.01,SAVINGS
AC05306,66862600005306,CU02885,PR002,BR004,2024-07-09,,ACTIVE,INR,40503.51,SAVINGS
AC05307,34816900005307,CU03326,PR006,BR001,2019-02-01,,ACTIVE,INR,25353.52,CURRENT
AC05308,32145600005308,CU03132,PR004,BR005,2025-09-12,,DORMANT,INR,97953.59,CURRENT
AC05309,33442900005309,CU03061,PR009,BR010,2021-08-20,,ACTIVE,INR,7806.62,FIXED_DEPOSIT
AC05310,43884700005310,CU00767,PR005,BR001,2019-12-09,,DORMANT,INR,169097.38,CURRENT
AC05311,71161700005311,CU01063,PR003,BR002,2024-03-29,,DORMANT,INR,25896.41,SAVINGS
AC05312,85847900005312,CU00067,PR002,BR004,2022-10-06,,DORMANT,INR,239955.28,SAVINGS
AC05313,92327900005313,CU00740,PR005,BR009,2019-12-25,2020-06-28,CLOSED,INR,109149.20,CURRENT
AC05314,77506700005314,CU03413,PR006,BR008,2018-09-25,2022-10-29,CLOSED,INR,122897.98,CURRENT
AC05315,68219000005315,CU01936,PR009,BR005,2024-08-05,2025-06-02,CLOSED,INR,61213.43,FIXED_DEPOSIT
AC05316,39825800005316,CU01736,PR007,BR002,2024-05-09,2025-01-22,CLOSED,INR,41696.36,FIXED_DEPOSIT
AC05317,15831700005317,CU04987,PR005,BR008,2020-12-13,2025-01-14,CLOSED,INR,157498.73,CURRENT
AC05318,64394900005318,CU01921,PR009,BR001,2025-02-18,,DORMANT,INR,244236.28,FIXED_DEPOSIT
AC05319,52436900005319,CU02973,PR009,BR005,2023-04-24,2026-06-08,CLOSED,INR,215215.54,FIXED_DEPOSIT
AC05320,46058700005320,CU04243,PR008,BR007,2023-05-29,2026-08-27,CLOSED,INR,71848.90,FIXED_DEPOSIT
AC05321,33423100005321,CU03219,PR001,BR004,2022-07-22,,ACTIVE,INR,31763.61,SAVINGS
AC05322,16490000005322,CU01546,PR004,BR009,2018-02-14,,DORMANT,INR,226488.83,CURRENT
AC05323,22742300005323,CU02077,PR008,BR008,2020-09-09,,ACTIVE,INR,686.86,FIXED_DEPOSIT
AC05324,16359200005324,CU02709,PR008,BR002,2023-12-28,2026-08-29,CLOSED,INR,144337.02,FIXED_DEPOSIT
AC05325,15849200005325,CU04181,PR002,BR006,2018-04-13,2023-05-02,CLOSED,INR,46957.77,SAVINGS
AC05326,21663400005326,CU00631,PR003,BR007,2021-10-02,,DORMANT,INR,189408.51,SAVINGS
AC05327,49753400005327,CU01138,PR001,BR001,2020-10-15,,DORMANT,INR,187615.53,SAVINGS
AC05328,78121900005328,CU03378,PR005,BR006,2025-11-03,,DORMANT,INR,154152.30,CURRENT
AC05329,74653300005329,CU04794,PR008,BR006,2023-10-13,2026-08-24,CLOSED,INR,187626.70,FIXED_DEPOSIT
AC05330,41570700005330,CU00967,PR004,BR007,2022-11-30,2023-07-08,CLOSED,INR,58564.40,CURRENT
AC05331,19539700005331,CU03750,PR002,BR006,2021-08-26,,ACTIVE,INR,6922.40,SAVINGS
AC05332,72003800005332,CU02508,PR001,BR004,2019-01-11,,ACTIVE,INR,35133.65,SAVINGS
AC05333,42027300005333,CU00599,PR002,BR010,2020-09-30,,DORMANT,INR,223798.02,SAVINGS
AC05334,60812800005334,CU00095,PR001,BR002,2025-12-17,,ACTIVE,INR,3651.42,SAVINGS
AC05335,68366400005335,CU03845,PR004,BR002,2018-11-11,,DORMANT,INR,38430.95,CURRENT
AC05336,21578800005336,CU02341,PR009,BR001,2020-01-22,2022-12-12,CLOSED,INR,194501.71,FIXED_DEPOSIT
AC05337,10653100005337,CU03039,PR004,BR009,2021-01-06,,DORMANT,INR,175168.02,CURRENT
AC05338,90665500005338,CU00196,PR005,BR006,2025-05-03,,DORMANT,INR,11101.02,CURRENT
AC05339,57248900005339,CU00299,PR006,BR001,2021-04-25,,ACTIVE,INR,5875.47,CURRENT
AC05340,58382800005340,CU02801,PR003,BR003,2024-07-26,,DORMANT,INR,204792.23,SAVINGS
AC05341,86598700005341,CU00614,PR007,BR008,2024-08-02,,ACTIVE,INR,103241.57,FIXED_DEPOSIT
AC05342,31956600005342,CU00653,PR008,BR004,2025-06-13,2026-08-20,CLOSED,INR,193590.05,FIXED_DEPOSIT
AC05343,22050700005343,CU04914,PR008,BR007,2023-09-02,,ACTIVE,INR,29473.02,FIXED_DEPOSIT
AC05344,43311700005344,CU00268,PR003,BR006,2018-09-24,,DORMANT,INR,193345.37,SAVINGS
AC05345,10568600005345,CU02478,PR004,BR010,2021-12-18,,DORMANT,INR,244436.30,CURRENT
AC05346,77592200005346,CU04129,PR006,BR007,2019-12-21,,DORMANT,INR,91694.33,CURRENT
AC05347,15225000005347,CU01139,PR006,BR004,2024-03-10,,ACTIVE,INR,296584.99,CURRENT
AC05348,65498000005348,CU04532,PR008,BR001,2021-12-16,,ACTIVE,INR,11505.00,FIXED_DEPOSIT
AC05349,25879200005349,CU02677,PR002,BR005,2024-11-01,,ACTIVE,INR,134318.86,SAVINGS
AC05350,33984600005350,CU03951,PR004,BR004,2019-10-04,2024-03-09,CLOSED,INR,107035.66,CURRENT
AC05351,80235900005351,CU00213,PR005,BR007,2022-05-17,,ACTIVE,INR,3357.38,CURRENT
AC05352,92754000005352,CU02217,PR003,BR007,2019-01-15,,ACTIVE,INR,90461.90,SAVINGS
AC05353,91643900005353,CU02295,PR009,BR008,2023-05-11,2025-10-18,CLOSED,INR,175090.74,FIXED_DEPOSIT
AC05354,85864300005354,CU01348,PR008,BR010,2020-10-26,,ACTIVE,INR,424.54,FIXED_DEPOSIT
AC05355,20955700005355,CU00514,PR009,BR005,2019-02-26,2023-05-09,CLOSED,INR,134154.66,FIXED_DEPOSIT
AC05356,55728300005356,CU03750,PR006,BR006,2023-02-13,2026-02-17,CLOSED,INR,104805.23,CURRENT
AC05357,59283900005357,CU00239,PR001,BR006,2024-01-12,,DORMANT,INR,80538.84,SAVINGS
AC05358,54852800005358,CU04476,PR009,BR003,2022-05-27,2025-09-01,CLOSED,INR,20037.13,FIXED_DEPOSIT
AC05359,61579300005359,CU02766,PR003,BR008,2018-08-27,,DORMANT,INR,200819.27,SAVINGS
AC05360,86536300005360,CU00946,PR009,BR006,2020-10-20,,ACTIVE,INR,107272.12,FIXED_DEPOSIT
AC05361,99888200005361,CU04188,PR007,BR007,2020-06-04,2025-05-13,CLOSED,INR,214085.99,FIXED_DEPOSIT
AC05362,57763900005362,CU02092,PR008,BR004,2025-05-14,2026-08-21,CLOSED,INR,99559.22,FIXED_DEPOSIT
AC05363,29202900005363,CU02986,PR002,BR006,2018-02-28,,DORMANT,INR,94121.52,SAVINGS
AC05364,55941400005364,CU00297,PR001,BR006,2025-05-06,,ACTIVE,INR,39058.19,SAVINGS
AC05365,18516300005365,CU03301,PR006,BR003,2025-07-18,,DORMANT,INR,194268.72,CURRENT
AC05366,27509200005366,CU00440,PR001,BR001,2020-05-30,,DORMANT,INR,203865.87,SAVINGS
AC05367,98417700005367,CU03063,PR008,BR008,2021-01-11,,ACTIVE,INR,200865.35,FIXED_DEPOSIT
AC05368,55783200005368,CU01919,PR009,BR007,2021-10-24,,DORMANT,INR,114849.72,FIXED_DEPOSIT
AC05369,25102800005369,CU00115,PR007,BR003,2019-07-28,,ACTIVE,INR,1180.36,FIXED_DEPOSIT
AC05370,68148000005370,CU00416,PR002,BR008,2021-11-09,,DORMANT,INR,205943.89,SAVINGS
AC05371,78788500005371,CU00511,PR009,BR002,2018-11-14,,ACTIVE,INR,7036.49,FIXED_DEPOSIT
AC05372,75195100005372,CU01657,PR007,BR009,2021-11-03,,DORMANT,INR,66846.78,FIXED_DEPOSIT
AC05373,26126000005373,CU00274,PR007,BR009,2025-06-19,,DORMANT,INR,209173.08,FIXED_DEPOSIT
AC05374,21614700005374,CU00827,PR004,BR001,2019-03-04,,ACTIVE,INR,166595.71,CURRENT
AC05375,45554500005375,CU02551,PR002,BR007,2021-03-22,,DORMANT,INR,230887.93,SAVINGS
AC05376,25502800005376,CU02642,PR009,BR010,2025-04-15,2026-08-25,CLOSED,INR,222155.67,FIXED_DEPOSIT
AC05377,24808300005377,CU01516,PR004,BR008,2019-08-08,,ACTIVE,INR,30191.29,CURRENT
AC05378,19614700005378,CU01094,PR008,BR010,2020-12-16,,DORMANT,INR,203174.64,FIXED_DEPOSIT
AC05379,16237100005379,CU02429,PR001,BR001,2022-07-27,2026-08-02,CLOSED,INR,22363.91,SAVINGS
AC05380,79083500005380,CU02415,PR003,BR005,2025-07-15,,ACTIVE,INR,22270.96,SAVINGS
AC05381,38012800005381,CU00659,PR002,BR009,2021-06-07,2023-02-06,CLOSED,INR,234153.02,SAVINGS
AC05382,10388300005382,CU02548,PR004,BR004,2024-10-06,,ACTIVE,INR,180854.20,CURRENT
AC05383,16877600005383,CU01419,PR006,BR004,2020-08-18,,ACTIVE,INR,18663.61,CURRENT
AC05384,52157500005384,CU02753,PR008,BR002,2019-01-13,,DORMANT,INR,94390.15,FIXED_DEPOSIT
AC05385,53244300005385,CU02957,PR003,BR006,2024-05-06,2026-08-25,CLOSED,INR,34299.88,SAVINGS
AC05386,84941200005386,CU00665,PR008,BR001,2023-10-23,,ACTIVE,INR,108542.54,FIXED_DEPOSIT
AC05387,81257900005387,CU02942,PR003,BR004,2023-03-08,,ACTIVE,INR,29523.72,SAVINGS
AC05388,15623600005388,CU01875,PR009,BR005,2018-11-11,,DORMANT,INR,194228.06,FIXED_DEPOSIT
AC05389,69887400005389,CU04145,PR006,BR007,2024-07-09,,ACTIVE,INR,13712.68,CURRENT
AC05390,63663800005390,CU03112,PR002,BR003,2025-09-15,2026-08-23,CLOSED,INR,138793.55,SAVINGS
AC05391,77982700005391,CU03005,PR009,BR002,2023-03-05,,DORMANT,INR,35311.22,FIXED_DEPOSIT
AC05392,54399300005392,CU04021,PR002,BR001,2025-09-18,,ACTIVE,INR,160.00,SAVINGS
AC05393,34082600005393,CU00749,PR008,BR003,2018-08-08,2021-04-04,CLOSED,INR,123009.70,FIXED_DEPOSIT
AC05394,95640000005394,CU01783,PR006,BR002,2025-02-17,,DORMANT,INR,249213.33,CURRENT
AC05395,24659100005395,CU03411,PR004,BR009,2023-09-14,,DORMANT,INR,181795.52,CURRENT
AC05396,25561600005396,CU02852,PR007,BR006,2025-06-16,2025-12-20,CLOSED,INR,46504.04,FIXED_DEPOSIT
AC05397,89999100005397,CU03500,PR002,BR007,2022-04-05,,ACTIVE,INR,2930.76,SAVINGS
AC05398,88318600005398,CU03598,PR003,BR010,2025-04-30,,ACTIVE,INR,421.88,SAVINGS
AC05399,15788800005399,CU03186,PR001,BR004,2023-02-01,,DORMANT,INR,158877.58,SAVINGS
AC05400,98316700005400,CU03287,PR008,BR006,2022-10-15,2023-08-06,CLOSED,INR,22561.50,FIXED_DEPOSIT
AC05401,15752700005401,CU03443,PR005,BR005,2023-02-13,,DORMANT,INR,244383.42,CURRENT
AC05402,54812000005402,CU03372,PR008,BR010,2018-05-12,,DORMANT,INR,153707.89,FIXED_DEPOSIT
AC05403,77188100005403,CU00204,PR001,BR002,2025-10-22,2026-08-28,CLOSED,INR,193854.61,SAVINGS
AC05404,92479100005404,CU00292,PR005,BR009,2020-04-13,,ACTIVE,INR,20605.76,CURRENT
AC05405,70948200005405,CU02960,PR003,BR005,2023-07-16,,DORMANT,INR,228561.15,SAVINGS
AC05406,32448800005406,CU02506,PR004,BR006,2020-08-16,,DORMANT,INR,225168.89,CURRENT
AC05407,16089400005407,CU03180,PR007,BR004,2020-04-03,,ACTIVE,INR,100034.60,FIXED_DEPOSIT
AC05408,80390700005408,CU04278,PR002,BR010,2020-09-04,,DORMANT,INR,218926.98,SAVINGS
AC05409,60133600005409,CU04968,PR004,BR005,2021-03-10,,ACTIVE,INR,132965.54,CURRENT
AC05410,62223500005410,CU01863,PR009,BR004,2018-04-16,,DORMANT,INR,118854.45,FIXED_DEPOSIT
AC05411,18837600005411,CU00837,PR005,BR007,2023-11-23,2025-11-18,CLOSED,INR,153942.89,CURRENT
AC05412,18433800005412,CU04402,PR004,BR004,2019-10-07,,DORMANT,INR,127435.75,CURRENT
AC05413,13924600005413,CU02471,PR002,BR003,2022-01-29,,ACTIVE,INR,60972.83,SAVINGS
AC05414,98001300005414,CU03178,PR008,BR006,2024-04-01,,DORMANT,INR,103627.28,FIXED_DEPOSIT
AC05415,18926200005415,CU04306,PR009,BR003,2025-11-20,,DORMANT,INR,66832.04,FIXED_DEPOSIT
AC05416,52273400005416,CU00390,PR001,BR008,2019-02-04,2019-08-27,CLOSED,INR,53249.51,SAVINGS
AC05417,85574800005417,CU02226,PR002,BR002,2024-09-12,2026-02-22,CLOSED,INR,96217.32,SAVINGS
AC05418,98460300005418,CU03460,PR009,BR002,2024-04-24,2026-08-22,CLOSED,INR,203158.68,FIXED_DEPOSIT
AC05419,91927900005419,CU02293,PR009,BR004,2025-05-05,,DORMANT,INR,104519.51,FIXED_DEPOSIT
AC05420,12024800005420,CU03475,PR005,BR010,2024-12-10,2026-08-24,CLOSED,INR,22264.07,CURRENT
AC05421,59174300005421,CU02325,PR008,BR001,2024-05-06,,DORMANT,INR,45228.24,FIXED_DEPOSIT
AC05422,75187100005422,CU00647,PR008,BR005,2019-05-12,,ACTIVE,INR,66580.24,FIXED_DEPOSIT
AC05423,58067500005423,CU03183,PR008,BR002,2021-06-03,,DORMANT,INR,129458.28,FIXED_DEPOSIT
AC05424,53212700005424,CU00649,PR006,BR007,2021-09-26,2022-09-04,CLOSED,INR,59852.38,CURRENT
AC05425,27364000005425,CU04064,PR001,BR010,2020-09-04,,DORMANT,INR,227743.87,SAVINGS
AC05426,53107900005426,CU03923,PR008,BR006,2022-04-28,2026-08-24,CLOSED,INR,63856.22,FIXED_DEPOSIT
AC05427,61026300005427,CU01320,PR004,BR008,2024-10-27,,DORMANT,INR,235492.67,CURRENT
AC05428,48426300005428,CU03128,PR005,BR009,2020-12-07,,DORMANT,INR,45769.48,CURRENT
AC05429,13259900005429,CU01168,PR005,BR010,2022-03-21,,ACTIVE,INR,74855.13,CURRENT
AC05430,42547900005430,CU00304,PR009,BR009,2021-03-07,,ACTIVE,INR,4115.90,FIXED_DEPOSIT
AC05431,28019400005431,CU03861,PR001,BR003,2024-11-24,,ACTIVE,INR,169235.74,SAVINGS
AC05432,87250500005432,CU02326,PR009,BR004,2023-03-05,,DORMANT,INR,116753.80,FIXED_DEPOSIT
AC05433,84975700005433,CU00634,PR001,BR009,2025-08-29,2026-08-27,CLOSED,INR,86405.88,SAVINGS
AC05434,45652800005434,CU01514,PR005,BR004,2025-04-07,,DORMANT,INR,138027.17,CURRENT
AC05435,81658400005435,CU01992,PR004,BR003,2019-07-31,2021-03-15,CLOSED,INR,206584.47,CURRENT
AC05436,34414100005436,CU00037,PR006,BR008,2018-08-13,,ACTIVE,INR,19633.77,CURRENT
AC05437,93049300005437,CU02386,PR009,BR001,2022-08-22,,ACTIVE,INR,1782.22,FIXED_DEPOSIT
AC05438,55242100005438,CU01260,PR005,BR003,2024-09-06,,DORMANT,INR,61047.32,CURRENT
AC05439,15949900005439,CU02276,PR006,BR002,2025-12-12,,DORMANT,INR,139714.76,CURRENT
AC05440,59188700005440,CU04897,PR008,BR001,2018-11-13,,DORMANT,INR,169231.00,FIXED_DEPOSIT
AC05441,50886600005441,CU03755,PR002,BR002,2020-08-13,,DORMANT,INR,67964.22,SAVINGS
AC05442,38564300005442,CU03653,PR004,BR008,2018-12-20,,DORMANT,INR,246866.78,CURRENT
AC05443,65229500005443,CU04633,PR001,BR010,2024-05-15,,DORMANT,INR,19670.95,SAVINGS
AC05444,48876700005444,CU00570,PR006,BR001,2019-06-11,2020-04-09,CLOSED,INR,246385.52,CURRENT
AC05445,74627700005445,CU02310,PR005,BR002,2022-12-21,,DORMANT,INR,171250.61,CURRENT
AC05446,52317700005446,CU00981,PR004,BR008,2023-01-06,,ACTIVE,INR,196316.57,CURRENT
AC05447,78454300005447,CU00749,PR003,BR003,2021-03-16,2026-01-21,CLOSED,INR,43491.03,SAVINGS
AC05448,18230100005448,CU04365,PR006,BR006,2018-01-09,,DORMANT,INR,12909.65,CURRENT
AC05449,96973400005449,CU03789,PR006,BR008,2025-01-09,,DORMANT,INR,97628.01,CURRENT
AC05450,22531000005450,CU00388,PR004,BR009,2018-11-22,,DORMANT,INR,242181.95,CURRENT
AC05451,48883400005451,CU04006,PR004,BR009,2022-05-16,2026-08-20,CLOSED,INR,213060.47,CURRENT
AC05452,14145000005452,CU04408,PR004,BR004,2022-06-15,2026-08-29,CLOSED,INR,188506.58,CURRENT
AC05453,28916500005453,CU01496,PR002,BR007,2020-12-23,,DORMANT,INR,192355.77,SAVINGS
AC05454,41654900005454,CU00757,PR009,BR001,2022-11-06,2025-02-21,CLOSED,INR,2783.93,FIXED_DEPOSIT
AC05455,93102300005455,CU00044,PR001,BR003,2023-02-12,,DORMANT,INR,49404.42,SAVINGS
AC05456,63755300005456,CU01527,PR001,BR008,2024-12-11,2026-08-22,CLOSED,INR,24885.45,SAVINGS
AC05457,70319200005457,CU00858,PR007,BR006,2024-11-28,,ACTIVE,INR,85995.38,FIXED_DEPOSIT
AC05458,70175800005458,CU00339,PR005,BR003,2023-05-16,,DORMANT,INR,167164.17,CURRENT
AC05459,42915200005459,CU04607,PR009,BR004,2018-08-18,,ACTIVE,INR,65742.96,FIXED_DEPOSIT
AC05460,25924600005460,CU04419,PR005,BR001,2020-10-28,,ACTIVE,INR,19717.32,CURRENT
AC05461,19533500005461,CU00722,PR002,BR006,2024-06-25,,DORMANT,INR,133593.13,SAVINGS
AC05462,85587800005462,CU02513,PR005,BR010,2024-06-05,,ACTIVE,INR,49592.13,CURRENT
AC05463,21447800005463,CU04240,PR009,BR001,2024-05-31,,DORMANT,INR,140357.95,FIXED_DEPOSIT
AC05464,17813000005464,CU03036,PR003,BR003,2018-06-21,,DORMANT,INR,167144.44,SAVINGS
AC05465,74527700005465,CU04315,PR003,BR002,2019-06-11,,DORMANT,INR,235966.48,SAVINGS
AC05466,34466900005466,CU04754,PR002,BR010,2023-12-10,,DORMANT,INR,133640.55,SAVINGS
AC05467,10346400005467,CU04378,PR002,BR005,2019-12-12,,ACTIVE,INR,94312.99,SAVINGS
AC05468,75224800005468,CU01406,PR004,BR006,2024-12-11,,DORMANT,INR,107023.23,CURRENT
AC05469,68636500005469,CU00743,PR004,BR002,2019-11-11,,DORMANT,INR,169789.34,CURRENT
AC05470,84921200005470,CU03679,PR006,BR009,2025-06-01,,ACTIVE,INR,18416.65,CURRENT
AC05471,42471300005471,CU01017,PR004,BR009,2019-02-10,,ACTIVE,INR,170348.15,CURRENT
AC05472,98629300005472,CU01958,PR005,BR005,2024-03-26,,DORMANT,INR,242202.48,CURRENT
AC05473,67278500005473,CU03923,PR009,BR006,2024-05-03,,DORMANT,INR,130814.52,FIXED_DEPOSIT
AC05474,35967500005474,CU04027,PR004,BR005,2020-10-10,,ACTIVE,INR,6666.66,CURRENT
AC05475,37164400005475,CU02430,PR007,BR006,2021-03-06,,ACTIVE,INR,215590.48,FIXED_DEPOSIT
AC05476,77983500005476,CU02108,PR001,BR004,2023-10-27,,ACTIVE,INR,3514.78,SAVINGS
AC05477,93823500005477,CU01684,PR002,BR005,2025-07-09,2026-08-21,CLOSED,INR,88906.10,SAVINGS
AC05478,68065600005478,CU00505,PR008,BR006,2019-02-11,2020-02-03,CLOSED,INR,187407.98,FIXED_DEPOSIT
AC05479,59861900005479,CU00046,PR008,BR005,2019-03-15,,ACTIVE,INR,5668.67,FIXED_DEPOSIT
AC05480,64326800005480,CU02900,PR009,BR008,2023-10-26,,DORMANT,INR,160952.99,FIXED_DEPOSIT
AC05481,83207600005481,CU01125,PR003,BR006,2018-05-31,,ACTIVE,INR,5515.48,SAVINGS
AC05482,85280700005482,CU00315,PR001,BR003,2025-03-14,2026-08-26,CLOSED,INR,102803.35,SAVINGS
AC05483,83129000005483,CU01224,PR008,BR002,2020-05-13,,ACTIVE,INR,122820.06,FIXED_DEPOSIT
AC05484,54860200005484,CU04905,PR003,BR005,2024-09-26,,DORMANT,INR,204974.57,SAVINGS
AC05485,73383300005485,CU01070,PR007,BR009,2025-10-24,,DORMANT,INR,105420.64,FIXED_DEPOSIT
AC05486,66815500005486,CU01193,PR009,BR007,2018-05-03,,DORMANT,INR,80489.93,FIXED_DEPOSIT
AC05487,24179100005487,CU03571,PR008,BR006,2019-07-17,2022-06-17,CLOSED,INR,181385.81,FIXED_DEPOSIT
AC05488,51785400005488,CU02941,PR005,BR007,2021-12-06,,DORMANT,INR,119102.31,CURRENT
AC05489,29270600005489,CU02797,PR009,BR007,2018-03-17,,ACTIVE,INR,58074.02,FIXED_DEPOSIT
AC05490,91751000005490,CU04427,PR002,BR009,2022-05-29,,DORMANT,INR,247642.74,SAVINGS
AC05491,38664700005491,CU00948,PR002,BR009,2022-04-24,2026-08-20,CLOSED,INR,23007.72,SAVINGS
AC05492,91867700005492,CU00880,PR008,BR001,2025-07-26,2026-08-21,CLOSED,INR,63508.52,FIXED_DEPOSIT
AC05493,95352900005493,CU03115,PR004,BR006,2025-05-08,,ACTIVE,INR,68378.07,CURRENT
AC05494,29352000005494,CU03098,PR004,BR005,2024-02-13,,ACTIVE,INR,203819.44,CURRENT
AC05495,24524000005495,CU04677,PR003,BR010,2025-10-07,,ACTIVE,INR,29142.75,SAVINGS
AC05496,91523600005496,CU01230,PR001,BR008,2020-10-01,2024-02-04,CLOSED,INR,120543.48,SAVINGS
AC05497,65750100005497,CU00657,PR002,BR001,2025-01-17,,ACTIVE,INR,65636.92,SAVINGS
AC05498,95628900005498,CU04349,PR005,BR009,2023-12-24,,ACTIVE,INR,27431.13,CURRENT
AC05499,80299500005499,CU04073,PR008,BR008,2020-10-14,,DORMANT,INR,208431.67,FIXED_DEPOSIT
AC05500,22128300005500,CU02047,PR005,BR005,2021-11-22,,ACTIVE,INR,16975.39,CURRENT
AC05501,49546800005501,CU01257,PR009,BR010,2022-09-01,2025-07-26,CLOSED,INR,231773.82,FIXED_DEPOSIT
AC05502,36778900005502,CU00677,PR006,BR008,2019-02-18,,DORMANT,INR,63570.05,CURRENT
AC05503,24571800005503,CU01591,PR006,BR003,2025-08-05,2026-08-27,CLOSED,INR,15651.30,CURRENT
AC05504,40693700005504,CU04442,PR007,BR003,2019-08-01,,ACTIVE,INR,282787.08,FIXED_DEPOSIT
AC05505,49496900005505,CU01031,PR008,BR007,2025-10-11,,ACTIVE,INR,63443.86,FIXED_DEPOSIT
AC05506,11464800005506,CU03494,PR008,BR006,2023-10-21,2025-11-26,CLOSED,INR,242374.06,FIXED_DEPOSIT
AC05507,46541800005507,CU03881,PR006,BR009,2024-02-03,,ACTIVE,INR,70488.04,CURRENT
AC05508,86915700005508,CU01007,PR002,BR006,2021-12-13,2024-03-22,CLOSED,INR,157932.59,SAVINGS
AC05509,69464500005509,CU02957,PR009,BR006,2025-04-12,,DORMANT,INR,92385.69,FIXED_DEPOSIT
AC05510,67093300005510,CU01952,PR002,BR003,2019-03-09,,DORMANT,INR,115733.57,SAVINGS
AC05511,96712300005511,CU02916,PR005,BR009,2018-08-06,,DORMANT,INR,100505.70,CURRENT
AC05512,77821400005512,CU02971,PR002,BR008,2025-02-01,,DORMANT,INR,58769.21,SAVINGS
AC05513,77179600005513,CU01140,PR004,BR005,2021-09-17,,ACTIVE,INR,236982.98,CURRENT
AC05514,47513000005514,CU00910,PR004,BR002,2022-03-16,,ACTIVE,INR,0.00,CURRENT
AC05515,58205500005515,CU01562,PR002,BR002,2020-05-02,,DORMANT,INR,35980.98,SAVINGS
AC05516,49077700005516,CU04927,PR007,BR009,2022-06-24,2024-08-06,CLOSED,INR,240864.35,FIXED_DEPOSIT
AC05517,39316200005517,CU03494,PR004,BR006,2021-09-08,,DORMANT,INR,188309.78,CURRENT
AC05518,92728100005518,CU01312,PR006,BR007,2025-06-28,,ACTIVE,INR,16576.48,CURRENT
AC05519,33189500005519,CU02628,PR002,BR005,2024-06-14,,ACTIVE,INR,228769.08,SAVINGS
AC05520,71003400005520,CU02614,PR004,BR004,2019-02-01,2022-02-20,CLOSED,INR,65420.45,CURRENT
AC05521,85333300005521,CU04434,PR008,BR005,2023-07-25,,DORMANT,INR,1255.51,FIXED_DEPOSIT
AC05522,50661800005522,CU00587,PR007,BR010,2024-03-02,,ACTIVE,INR,45107.03,FIXED_DEPOSIT
AC05523,39558400005523,CU02368,PR007,BR009,2022-06-26,,DORMANT,INR,101589.06,FIXED_DEPOSIT
AC05524,94705200005524,CU02071,PR002,BR001,2024-08-24,,ACTIVE,INR,49062.67,SAVINGS
AC05525,65953800005525,CU00712,PR002,BR008,2022-01-26,2024-04-24,CLOSED,INR,32593.60,SAVINGS
AC05526,77087100005526,CU04603,PR007,BR002,2019-08-11,,DORMANT,INR,149249.57,FIXED_DEPOSIT
AC05527,23738500005527,CU02567,PR004,BR004,2021-12-28,,DORMANT,INR,140857.00,CURRENT
AC05528,57929300005528,CU01483,PR002,BR003,2019-05-09,,DORMANT,INR,36441.13,SAVINGS
AC05529,88901400005529,CU02064,PR003,BR010,2020-03-14,2023-10-26,CLOSED,INR,214569.64,SAVINGS
AC05530,19145800005530,CU01104,PR002,BR004,2025-09-18,2026-08-11,CLOSED,INR,127096.02,SAVINGS
AC05531,83280900005531,CU04459,PR005,BR008,2020-08-25,2025-04-06,CLOSED,INR,180889.07,CURRENT
AC05532,67795300005532,CU04327,PR005,BR010,2019-11-03,,ACTIVE,INR,186007.81,CURRENT
AC05533,52463700005533,CU01411,PR006,BR008,2019-01-04,,DORMANT,INR,114251.38,CURRENT
AC05534,78461600005534,CU03426,PR006,BR010,2023-01-15,,DORMANT,INR,8060.51,CURRENT
AC05535,13710800005535,CU01172,PR009,BR009,2018-08-04,,ACTIVE,INR,180071.25,FIXED_DEPOSIT
AC05536,73158500005536,CU04143,PR007,BR002,2019-10-24,2025-02-06,CLOSED,INR,9884.56,FIXED_DEPOSIT
AC05537,83820000005537,CU01663,PR007,BR010,2025-03-01,2026-08-28,CLOSED,INR,224469.00,FIXED_DEPOSIT
AC05538,18226100005538,CU00411,PR001,BR008,2021-12-02,2026-08-25,CLOSED,INR,16470.58,SAVINGS
AC05539,29797900005539,CU02871,PR008,BR001,2024-06-18,,ACTIVE,INR,12413.69,FIXED_DEPOSIT
AC05540,18098800005540,CU01848,PR005,BR003,2025-05-22,,ACTIVE,INR,167531.51,CURRENT
AC05541,68326000005541,CU03988,PR002,BR001,2022-04-08,2026-08-24,CLOSED,INR,243063.54,SAVINGS
AC05542,37979800005542,CU01011,PR008,BR010,2025-10-17,2026-04-15,CLOSED,INR,132743.46,FIXED_DEPOSIT
AC05543,29617800005543,CU01518,PR007,BR007,2019-09-25,2021-12-02,CLOSED,INR,246439.10,FIXED_DEPOSIT
AC05544,27071700005544,CU04948,PR002,BR001,2021-05-01,,ACTIVE,INR,44202.75,SAVINGS
AC05545,26407600005545,CU01767,PR005,BR001,2018-10-03,,DORMANT,INR,157078.53,CURRENT
AC05546,97722600005546,CU02453,PR004,BR005,2018-03-24,2023-04-21,CLOSED,INR,116372.24,CURRENT
AC05547,30989900005547,CU00727,PR005,BR005,2022-05-16,,ACTIVE,INR,7999.33,CURRENT
AC05548,46853000005548,CU02217,PR007,BR007,2021-08-15,2025-10-06,CLOSED,INR,231307.42,FIXED_DEPOSIT
AC05549,62934800005549,CU02849,PR004,BR005,2021-06-15,,ACTIVE,INR,80428.07,CURRENT
AC05550,99558100005550,CU02831,PR001,BR007,2025-11-10,,ACTIVE,INR,6638.67,SAVINGS
AC05551,78937200005551,CU02489,PR002,BR004,2021-05-24,2024-04-14,CLOSED,INR,85250.00,SAVINGS
AC05552,95721300005552,CU00476,PR008,BR008,2021-08-21,,DORMANT,INR,195801.22,FIXED_DEPOSIT
AC05553,33160500005553,CU02626,PR002,BR009,2019-05-14,,ACTIVE,INR,6319.69,SAVINGS
AC05554,52515900005554,CU00720,PR003,BR002,2021-06-14,2026-08-27,CLOSED,INR,197711.92,SAVINGS
AC05555,57676000005555,CU01422,PR009,BR010,2018-01-04,,ACTIVE,INR,22381.68,FIXED_DEPOSIT
AC05556,20676600005556,CU04921,PR006,BR005,2022-11-02,2023-11-10,CLOSED,INR,20872.39,CURRENT
AC05557,92345700005557,CU01421,PR009,BR007,2023-04-24,,ACTIVE,INR,71107.12,FIXED_DEPOSIT
AC05558,76083400005558,CU01970,PR007,BR007,2018-01-07,2019-04-07,CLOSED,INR,28861.93,FIXED_DEPOSIT
AC05559,97427300005559,CU04630,PR002,BR010,2023-07-13,2026-08-05,CLOSED,INR,123266.50,SAVINGS
AC05560,33369300005560,CU00898,PR001,BR010,2018-03-17,2023-07-04,CLOSED,INR,242949.47,SAVINGS
AC05561,39324200005561,CU04974,PR002,BR002,2025-09-17,,ACTIVE,INR,0.00,SAVINGS
AC05562,89554000005562,CU00074,PR005,BR002,2021-01-24,,ACTIVE,INR,64873.73,CURRENT
AC05563,66610900005563,CU04533,PR003,BR006,2019-10-05,,DORMANT,INR,177165.61,SAVINGS
AC05564,55173600005564,CU00723,PR007,BR003,2022-02-11,,DORMANT,INR,14003.11,FIXED_DEPOSIT
AC05565,35769100005565,CU03604,PR006,BR006,2021-04-29,,DORMANT,INR,176057.65,CURRENT
AC05566,79599800005566,CU02912,PR008,BR009,2023-06-21,,ACTIVE,INR,61134.60,FIXED_DEPOSIT
AC05567,50163600005567,CU00297,PR006,BR006,2018-01-12,,DORMANT,INR,210771.83,CURRENT
AC05568,49334700005568,CU01624,PR003,BR010,2020-03-30,,ACTIVE,INR,123054.38,SAVINGS
AC05569,87301900005569,CU00731,PR006,BR009,2020-10-06,2024-02-11,CLOSED,INR,130258.70,CURRENT
AC05570,37576200005570,CU03398,PR006,BR002,2023-11-17,2026-08-26,CLOSED,INR,20937.81,CURRENT
AC05571,17898400005571,CU00277,PR003,BR006,2021-05-13,,DORMANT,INR,106348.90,SAVINGS
AC05572,62834100005572,CU02269,PR001,BR009,2021-05-04,,ACTIVE,INR,7846.53,SAVINGS
AC05573,95679500005573,CU04133,PR009,BR007,2020-09-03,,DORMANT,INR,33710.37,FIXED_DEPOSIT
AC05574,53194800005574,CU04299,PR007,BR004,2019-02-18,2023-11-20,CLOSED,INR,11039.76,FIXED_DEPOSIT
AC05575,96272900005575,CU03516,PR006,BR001,2025-11-11,,ACTIVE,INR,42164.76,CURRENT
AC05576,78245100005576,CU02439,PR006,BR007,2018-02-03,,DORMANT,INR,206400.51,CURRENT
AC05577,21241600005577,CU03749,PR003,BR008,2025-12-08,,DORMANT,INR,35304.69,SAVINGS
AC05578,74263400005578,CU03287,PR006,BR006,2025-10-03,,ACTIVE,INR,163994.83,CURRENT
AC05579,25474100005579,CU02598,PR005,BR007,2020-11-26,2025-11-12,CLOSED,INR,4981.23,CURRENT
AC05580,92266700005580,CU03815,PR006,BR006,2022-07-06,2023-03-22,CLOSED,INR,104196.75,CURRENT
AC05581,54152400005581,CU01106,PR003,BR005,2021-06-25,,DORMANT,INR,193625.99,SAVINGS
AC05582,88270300005582,CU04722,PR002,BR002,2021-01-17,2024-04-07,CLOSED,INR,52215.88,SAVINGS
AC05583,45564500005583,CU02701,PR009,BR003,2025-09-05,,DORMANT,INR,176148.51,FIXED_DEPOSIT
AC05584,85372300005584,CU01157,PR007,BR007,2024-02-14,2026-08-20,CLOSED,INR,159753.23,FIXED_DEPOSIT
AC05585,50493100005585,CU03851,PR002,BR004,2020-11-15,,DORMANT,INR,57465.15,SAVINGS
AC05586,27756000005586,CU04427,PR006,BR009,2022-08-01,,DORMANT,INR,219057.96,CURRENT
AC05587,28454900005587,CU01417,PR001,BR008,2018-01-31,2023-05-18,CLOSED,INR,224009.52,SAVINGS
AC05588,26376800005588,CU04718,PR006,BR008,2019-04-11,,DORMANT,INR,193213.03,CURRENT
AC05589,57820000005589,CU00531,PR007,BR003,2025-04-08,,ACTIVE,INR,1035.49,FIXED_DEPOSIT
AC05590,27040900005590,CU00003,PR006,BR008,2023-01-14,,DORMANT,INR,3184.08,CURRENT
AC05591,19426800005591,CU00633,PR008,BR001,2024-12-15,,ACTIVE,INR,11741.68,FIXED_DEPOSIT
AC05592,17895600005592,CU04285,PR003,BR002,2022-10-04,,ACTIVE,INR,23659.46,SAVINGS
AC05593,62536200005593,CU04394,PR007,BR007,2019-09-30,,ACTIVE,INR,29322.05,FIXED_DEPOSIT
AC05594,75545700005594,CU03087,PR007,BR006,2018-02-22,2020-02-02,CLOSED,INR,171878.93,FIXED_DEPOSIT
AC05595,25793900005595,CU00655,PR008,BR010,2019-06-05,,ACTIVE,INR,425033.38,FIXED_DEPOSIT
AC05596,87941500005596,CU03555,PR008,BR002,2023-08-09,,ACTIVE,INR,73411.68,FIXED_DEPOSIT
AC05597,93176800005597,CU01509,PR005,BR003,2024-02-01,,ACTIVE,INR,24262.46,CURRENT
AC05598,38511500005598,CU03261,PR008,BR001,2022-03-24,2026-08-29,CLOSED,INR,158572.60,FIXED_DEPOSIT
AC05599,95538900005599,CU04450,PR007,BR005,2025-01-27,,DORMANT,INR,184612.60,FIXED_DEPOSIT
AC05600,48564100005600,CU02191,PR006,BR001,2025-11-22,,DORMANT,INR,115212.87,CURRENT
AC05601,64020300005601,CU04530,PR005,BR002,2022-06-15,,ACTIVE,INR,11897.95,CURRENT
AC05602,75395300005602,CU01288,PR009,BR004,2020-06-14,,ACTIVE,INR,2116.23,FIXED_DEPOSIT
AC05603,10666500005603,CU02964,PR008,BR009,2025-11-30,,DORMANT,INR,104132.73,FIXED_DEPOSIT
AC05604,73594500005604,CU00133,PR002,BR008,2023-05-13,,DORMANT,INR,121121.07,SAVINGS
AC05605,70375200005605,CU03952,PR004,BR010,2025-10-02,2026-08-26,CLOSED,INR,41879.43,CURRENT
AC05606,16772900005606,CU01427,PR003,BR004,2024-07-23,,DORMANT,INR,177836.91,SAVINGS
AC05607,41186600005607,CU03057,PR009,BR010,2023-07-31,,DORMANT,INR,24748.32,FIXED_DEPOSIT
AC05608,63533500005608,CU00410,PR007,BR004,2022-01-14,2022-08-29,CLOSED,INR,153856.86,FIXED_DEPOSIT
AC05609,41415200005609,CU04572,PR006,BR006,2019-05-13,,ACTIVE,INR,2172.66,CURRENT
AC05610,29594900005610,CU02155,PR002,BR006,2020-06-19,,ACTIVE,INR,2392.73,SAVINGS
AC05611,88793800005611,CU04352,PR008,BR004,2022-11-09,,ACTIVE,INR,103735.29,FIXED_DEPOSIT
AC05612,38402300005612,CU02591,PR008,BR006,2021-12-08,,DORMANT,INR,62788.63,FIXED_DEPOSIT
AC05613,52005800005613,CU03847,PR003,BR008,2018-01-31,,ACTIVE,INR,45666.22,SAVINGS
AC05614,89241000005614,CU00781,PR004,BR004,2022-01-02,2024-05-09,CLOSED,INR,66785.80,CURRENT
AC05615,39226600005615,CU03854,PR003,BR005,2019-07-06,,DORMANT,INR,240174.68,SAVINGS
AC05616,71196500005616,CU00574,PR001,BR001,2021-08-03,,ACTIVE,INR,31767.84,SAVINGS
AC05617,51463800005617,CU03594,PR001,BR005,2018-07-17,,ACTIVE,INR,91746.96,SAVINGS
AC05618,27304900005618,CU03773,PR002,BR006,2019-08-16,,ACTIVE,INR,24593.95,SAVINGS
AC05619,96795000005619,CU00003,PR004,BR008,2018-06-11,,DORMANT,INR,11389.38,CURRENT
AC05620,84580700005620,CU03944,PR002,BR003,2024-10-23,2026-08-21,CLOSED,INR,136035.43,SAVINGS
AC05621,43104700005621,CU02413,PR004,BR008,2025-01-06,2026-08-23,CLOSED,INR,158047.19,CURRENT
AC05622,89056000005622,CU04313,PR003,BR005,2024-03-13,,ACTIVE,INR,44.11,SAVINGS
AC05623,79030300005623,CU00736,PR008,BR003,2024-05-30,2026-08-27,CLOSED,INR,175829.48,FIXED_DEPOSIT
AC05624,87244100005624,CU03747,PR008,BR009,2018-04-16,,ACTIVE,INR,21479.56,FIXED_DEPOSIT
AC05625,66649300005625,CU01084,PR002,BR004,2018-11-26,2024-04-22,CLOSED,INR,208412.08,SAVINGS
AC05626,79624500005626,CU00078,PR008,BR008,2019-06-20,,DORMANT,INR,101959.96,FIXED_DEPOSIT
AC05627,25351200005627,CU03724,PR001,BR008,2020-05-22,,ACTIVE,INR,39724.57,SAVINGS
AC05628,99796600005628,CU00285,PR008,BR007,2021-04-02,2022-07-10,CLOSED,INR,32116.92,FIXED_DEPOSIT
AC05629,56528900005629,CU04750,PR008,BR005,2025-07-18,,ACTIVE,INR,17281.63,FIXED_DEPOSIT
AC05630,50673500005630,CU00977,PR005,BR008,2018-02-06,,ACTIVE,INR,148803.07,CURRENT
AC05631,67531700005631,CU01195,PR002,BR004,2025-05-23,,ACTIVE,INR,35893.37,SAVINGS
AC05632,21725500005632,CU00491,PR008,BR002,2022-06-04,2026-08-29,CLOSED,INR,106230.14,FIXED_DEPOSIT
AC05633,87592000005633,CU00486,PR002,BR008,2018-04-17,,ACTIVE,INR,147194.29,SAVINGS
AC05634,48413000005634,CU00513,PR001,BR003,2025-05-25,,DORMANT,INR,78035.58,SAVINGS
AC05635,65892900005635,CU01379,PR009,BR005,2025-12-18,,ACTIVE,INR,176733.77,FIXED_DEPOSIT
AC05636,84499900005636,CU00022,PR005,BR008,2019-02-02,,ACTIVE,INR,77426.89,CURRENT
AC05637,46671300005637,CU01219,PR008,BR009,2018-05-25,,DORMANT,INR,218351.77,FIXED_DEPOSIT
AC05638,36808100005638,CU04378,PR008,BR005,2024-01-13,2026-08-26,CLOSED,INR,98322.73,FIXED_DEPOSIT
AC05639,91367600005639,CU02734,PR006,BR008,2021-12-12,2024-01-20,CLOSED,INR,56127.90,CURRENT
AC05640,48306300005640,CU04328,PR005,BR010,2018-12-31,2020-02-20,CLOSED,INR,234792.38,CURRENT
AC05641,62921200005641,CU03958,PR008,BR010,2024-06-13,2026-01-11,CLOSED,INR,145577.84,FIXED_DEPOSIT
AC05642,43712900005642,CU02279,PR009,BR001,2025-11-18,2026-08-23,CLOSED,INR,186975.42,FIXED_DEPOSIT
AC05643,29968800005643,CU03734,PR005,BR008,2024-01-10,2024-10-27,CLOSED,INR,192349.20,CURRENT
AC05644,29528200005644,CU00502,PR006,BR001,2020-12-22,,DORMANT,INR,205780.42,CURRENT
AC05645,27870300005645,CU02007,PR004,BR010,2024-03-02,,ACTIVE,INR,301704.37,CURRENT
AC05646,31142100005646,CU01702,PR003,BR001,2018-10-13,,DORMANT,INR,235330.02,SAVINGS
AC05647,66120500005647,CU03027,PR007,BR007,2018-02-12,,DORMANT,INR,117551.81,FIXED_DEPOSIT
AC05648,30690500005648,CU00162,PR009,BR009,2020-04-20,2023-11-21,CLOSED,INR,54635.57,FIXED_DEPOSIT
AC05649,16204300005649,CU00123,PR009,BR005,2025-09-09,2026-05-29,CLOSED,INR,13668.86,FIXED_DEPOSIT
AC05650,45843800005650,CU01360,PR009,BR006,2020-05-19,,DORMANT,INR,6993.95,FIXED_DEPOSIT
AC05651,53398200005651,CU04070,PR006,BR007,2024-04-27,,ACTIVE,INR,2547.22,CURRENT
AC05652,23485000005652,CU04178,PR006,BR001,2023-03-09,,ACTIVE,INR,24118.59,CURRENT
AC05653,43877500005653,CU04940,PR002,BR004,2018-07-16,,DORMANT,INR,134875.87,SAVINGS
AC05654,14460200005654,CU03207,PR003,BR010,2018-06-05,,ACTIVE,INR,29780.83,SAVINGS
AC05655,14457400005655,CU04899,PR003,BR007,2025-11-24,,ACTIVE,INR,76641.60,SAVINGS
AC05656,26750300005656,CU01084,PR006,BR004,2023-05-06,,ACTIVE,INR,88756.94,CURRENT
AC05657,70205800005657,CU04427,PR003,BR009,2021-08-08,2022-12-15,CLOSED,INR,129858.00,SAVINGS
AC05658,53452600005658,CU02139,PR007,BR006,2018-05-26,2021-10-22,CLOSED,INR,15563.07,FIXED_DEPOSIT
AC05659,57066000005659,CU04947,PR003,BR009,2024-03-05,,ACTIVE,INR,74923.49,SAVINGS
AC05660,69466600005660,CU03675,PR005,BR007,2019-09-28,,DORMANT,INR,148383.41,CURRENT
AC05661,37010200005661,CU01543,PR007,BR010,2025-12-08,,DORMANT,INR,221846.73,FIXED_DEPOSIT
AC05662,71255200005662,CU02200,PR006,BR005,2019-01-02,2020-12-22,CLOSED,INR,148035.73,CURRENT
AC05663,29081200005663,CU03220,PR004,BR007,2022-03-07,2026-06-18,CLOSED,INR,140895.82,CURRENT
AC05664,90515400005664,CU01827,PR005,BR002,2021-06-15,,ACTIVE,INR,85271.78,CURRENT
AC05665,17041300005665,CU04179,PR007,BR008,2018-11-05,,DORMANT,INR,113249.81,FIXED_DEPOSIT
AC05666,62045100005666,CU00926,PR009,BR010,2023-09-04,,ACTIVE,INR,68479.21,FIXED_DEPOSIT
AC05667,49957000005667,CU04404,PR008,BR009,2025-06-23,2026-08-29,CLOSED,INR,67605.89,FIXED_DEPOSIT
AC05668,65718400005668,CU01581,PR007,BR006,2020-11-15,,DORMANT,INR,100048.38,FIXED_DEPOSIT
AC05669,35168100005669,CU04957,PR006,BR008,2023-04-21,,DORMANT,INR,63623.74,CURRENT
AC05670,64039700005670,CU03658,PR006,BR001,2021-07-15,,ACTIVE,INR,4167.79,CURRENT
AC05671,37758000005671,CU01714,PR001,BR009,2021-03-18,,ACTIVE,INR,300928.86,SAVINGS
AC05672,77587900005672,CU01781,PR006,BR003,2025-10-05,,ACTIVE,INR,17567.28,CURRENT
AC05673,49443700005673,CU03309,PR001,BR003,2021-05-19,2025-03-24,CLOSED,INR,27528.74,SAVINGS
AC05674,54821300005674,CU01612,PR002,BR004,2023-03-25,,DORMANT,INR,10997.00,SAVINGS
AC05675,39057200005675,CU03375,PR009,BR010,2024-05-25,2025-09-22,CLOSED,INR,196549.49,FIXED_DEPOSIT
AC05676,61688900005676,CU01693,PR004,BR008,2021-08-17,,ACTIVE,INR,86.14,CURRENT
AC05677,25715100005677,CU00781,PR005,BR004,2022-11-25,2024-05-10,CLOSED,INR,214919.65,CURRENT
AC05678,97242200005678,CU02964,PR006,BR009,2025-05-03,2026-02-21,CLOSED,INR,102477.99,CURRENT
AC05679,30304100005679,CU02355,PR006,BR004,2021-07-08,2026-08-24,CLOSED,INR,150167.90,CURRENT
AC05680,18202900005680,CU02053,PR007,BR006,2021-01-10,,DORMANT,INR,88360.39,FIXED_DEPOSIT
AC05681,53595300005681,CU00605,PR007,BR008,2022-09-29,2024-10-10,CLOSED,INR,54854.80,FIXED_DEPOSIT
AC05682,79069300005682,CU01888,PR007,BR007,2022-11-28,,DORMANT,INR,199879.75,FIXED_DEPOSIT
AC05683,36494800005683,CU00216,PR003,BR008,2020-09-10,,DORMANT,INR,205118.16,SAVINGS
AC05684,44048900005684,CU03104,PR001,BR008,2024-09-01,,ACTIVE,INR,342854.83,SAVINGS
AC05685,23272300005685,CU04975,PR007,BR010,2020-03-06,2025-08-01,CLOSED,INR,103665.31,FIXED_DEPOSIT
AC05686,50829000005686,CU03297,PR003,BR004,2023-02-05,,DORMANT,INR,82239.39,SAVINGS
AC05687,44778500005687,CU03076,PR009,BR002,2024-09-06,2026-08-23,CLOSED,INR,139011.05,FIXED_DEPOSIT
AC05688,84093900005688,CU03264,PR004,BR004,2018-07-03,,DORMANT,INR,132222.48,CURRENT
AC05689,85519200005689,CU02958,PR006,BR010,2019-03-21,,ACTIVE,INR,176327.79,CURRENT
AC05690,52975400005690,CU01281,PR003,BR003,2022-12-20,2026-08-21,CLOSED,INR,117134.37,SAVINGS
AC05691,88433800005691,CU02259,PR002,BR010,2021-10-27,2023-02-06,CLOSED,INR,211518.71,SAVINGS
AC05692,86655600005692,CU03409,PR004,BR006,2025-05-21,,ACTIVE,INR,1084.90,CURRENT
AC05693,73876000005693,CU02920,PR005,BR008,2023-03-13,2023-10-13,CLOSED,INR,94450.51,CURRENT
AC05694,37934900005694,CU00813,PR003,BR001,2018-01-03,,ACTIVE,INR,47131.77,SAVINGS
AC05695,84517000005695,CU00349,PR006,BR005,2023-01-29,,ACTIVE,INR,215416.61,CURRENT
AC05696,52233700005696,CU04785,PR002,BR005,2019-12-16,,ACTIVE,INR,18.95,SAVINGS
AC05697,88586800005697,CU01275,PR005,BR006,2018-02-24,,ACTIVE,INR,245.82,CURRENT
AC05698,62676700005698,CU00053,PR008,BR010,2021-08-18,,ACTIVE,INR,22171.04,FIXED_DEPOSIT
AC05699,39332500005699,CU01348,PR009,BR010,2023-03-20,,DORMANT,INR,183792.07,FIXED_DEPOSIT
AC05700,31379400005700,CU01156,PR004,BR008,2024-04-20,,ACTIVE,INR,3406.62,CURRENT
AC05701,95062100005701,CU00197,PR001,BR001,2019-04-03,,ACTIVE,INR,18653.45,SAVINGS
AC05702,57917600005702,CU01508,PR006,BR006,2024-07-13,,DORMANT,INR,207371.94,CURRENT
AC05703,60754400005703,CU02729,PR005,BR002,2024-07-22,,ACTIVE,INR,44274.03,CURRENT
AC05704,91734500005704,CU02637,PR004,BR008,2025-05-15,,ACTIVE,INR,4828.63,CURRENT
AC05705,65545700005705,CU04332,PR008,BR004,2019-10-08,2020-09-03,CLOSED,INR,186756.53,FIXED_DEPOSIT
AC05706,18713100005706,CU03896,PR006,BR005,2019-09-30,,ACTIVE,INR,70550.52,CURRENT
AC05707,53793900005707,CU04141,PR003,BR001,2020-05-04,,DORMANT,INR,116255.24,SAVINGS
AC05708,58089200005708,CU03287,PR002,BR006,2024-11-01,,ACTIVE,INR,71631.20,SAVINGS
AC05709,90134800005709,CU02770,PR009,BR001,2018-06-04,,DORMANT,INR,215495.49,FIXED_DEPOSIT
AC05710,96462300005710,CU00204,PR005,BR002,2018-07-04,2023-02-04,CLOSED,INR,120470.16,CURRENT
AC05711,28307600005711,CU01870,PR002,BR009,2024-02-13,,DORMANT,INR,109628.33,SAVINGS
AC05712,61064200005712,CU01438,PR004,BR009,2019-08-09,,DORMANT,INR,35345.78,CURRENT
AC05713,43384000005713,CU02347,PR005,BR005,2023-12-23,2026-08-24,CLOSED,INR,61023.86,CURRENT
AC05714,34784500005714,CU02404,PR005,BR009,2024-08-03,2026-08-28,CLOSED,INR,106742.42,CURRENT
AC05715,78083100005715,CU04610,PR006,BR009,2020-06-23,,ACTIVE,INR,7974.40,CURRENT
AC05716,43810400005716,CU03394,PR001,BR001,2025-08-28,,ACTIVE,INR,88548.06,SAVINGS
AC05717,55937300005717,CU03741,PR008,BR001,2023-11-26,,ACTIVE,INR,99266.42,FIXED_DEPOSIT
AC05718,21102400005718,CU01311,PR002,BR006,2019-07-11,,ACTIVE,INR,73406.87,SAVINGS
AC05719,54017800005719,CU03446,PR006,BR002,2020-10-15,,DORMANT,INR,118799.82,CURRENT
AC05720,89023600005720,CU04101,PR005,BR010,2025-01-27,2025-09-26,CLOSED,INR,193089.95,CURRENT
AC05721,14559100005721,CU03805,PR002,BR010,2024-11-20,,DORMANT,INR,170027.74,SAVINGS
AC05722,58090500005722,CU03624,PR002,BR010,2022-09-04,2023-03-06,CLOSED,INR,217698.35,SAVINGS
AC05723,62814200005723,CU01271,PR005,BR010,2022-06-14,,DORMANT,INR,231677.01,CURRENT
AC05724,84290400005724,CU00427,PR001,BR005,2025-10-13,2026-08-25,CLOSED,INR,216388.73,SAVINGS
AC05725,72433600005725,CU03133,PR009,BR008,2023-09-20,,ACTIVE,INR,200344.17,FIXED_DEPOSIT
AC05726,15052800005726,CU03858,PR008,BR007,2023-10-30,,ACTIVE,INR,71520.69,FIXED_DEPOSIT
AC05727,43751600005727,CU03113,PR004,BR003,2023-11-25,,ACTIVE,INR,7021.42,CURRENT
AC05728,89777000005728,CU01237,PR008,BR010,2022-05-04,,DORMANT,INR,94308.25,FIXED_DEPOSIT
AC05729,88020700005729,CU04076,PR009,BR006,2025-04-17,,ACTIVE,INR,26470.87,FIXED_DEPOSIT
AC05730,99212000005730,CU02686,PR006,BR006,2020-12-06,,DORMANT,INR,106408.85,CURRENT
AC05731,23289600005731,CU02869,PR007,BR010,2021-05-02,,DORMANT,INR,240581.32,FIXED_DEPOSIT
AC05732,90023400005732,CU02159,PR001,BR008,2025-07-01,,DORMANT,INR,69355.65,SAVINGS
AC05733,74166700005733,CU02991,PR008,BR007,2021-07-11,,ACTIVE,INR,66091.46,FIXED_DEPOSIT
AC05734,79869100005734,CU04450,PR003,BR005,2020-08-14,2024-08-21,CLOSED,INR,117593.20,SAVINGS
AC05735,37311000005735,CU03026,PR008,BR007,2023-10-16,2026-08-24,CLOSED,INR,188631.56,FIXED_DEPOSIT
AC05736,57849900005736,CU04906,PR006,BR008,2025-01-29,,DORMANT,INR,102538.97,CURRENT
AC05737,55726800005737,CU01287,PR004,BR001,2024-07-04,,DORMANT,INR,68740.67,CURRENT
AC05738,63884800005738,CU02057,PR006,BR001,2019-07-29,,ACTIVE,INR,24094.84,CURRENT
AC05739,80103100005739,CU03932,PR001,BR009,2020-01-24,2021-05-02,CLOSED,INR,138413.98,SAVINGS
AC05740,10433900005740,CU03371,PR007,BR006,2019-01-26,,ACTIVE,INR,23652.73,FIXED_DEPOSIT
AC05741,18573600005741,CU04226,PR005,BR007,2018-08-06,2021-07-12,CLOSED,INR,117510.94,CURRENT
AC05742,82903400005742,CU02483,PR007,BR001,2020-02-10,2023-03-15,CLOSED,INR,55243.99,FIXED_DEPOSIT
AC05743,40731500005743,CU01211,PR008,BR003,2021-09-12,2022-07-10,CLOSED,INR,5427.65,FIXED_DEPOSIT
AC05744,93091300005744,CU04449,PR001,BR008,2021-08-14,,ACTIVE,INR,196725.76,SAVINGS
AC05745,55423700005745,CU04125,PR003,BR005,2023-04-27,,DORMANT,INR,190729.28,SAVINGS
AC05746,56459600005746,CU00169,PR001,BR003,2018-02-23,,ACTIVE,INR,50494.04,SAVINGS
AC05747,50919200005747,CU01344,PR009,BR009,2024-06-18,2026-08-23,CLOSED,INR,89315.87,FIXED_DEPOSIT
AC05748,11704400005748,CU04436,PR003,BR002,2020-12-29,,DORMANT,INR,216455.19,SAVINGS
AC05749,86474800005749,CU04734,PR004,BR001,2021-06-28,,DORMANT,INR,32202.48,CURRENT
AC05750,38033600005750,CU03064,PR002,BR005,2020-10-05,2021-10-10,CLOSED,INR,128655.77,SAVINGS
AC05751,56802600005751,CU03938,PR003,BR001,2023-09-29,,ACTIVE,INR,87293.05,SAVINGS
AC05752,48299100005752,CU01284,PR002,BR008,2020-01-10,,ACTIVE,INR,9377.97,SAVINGS
AC05753,35360400005753,CU00748,PR001,BR006,2023-12-08,,ACTIVE,INR,379280.29,SAVINGS
AC05754,30899000005754,CU01904,PR006,BR010,2025-07-12,2026-08-23,CLOSED,INR,212383.25,CURRENT
AC05755,78018500005755,CU03315,PR006,BR001,2023-03-15,,ACTIVE,INR,149366.29,CURRENT
AC05756,37361100005756,CU01246,PR008,BR007,2021-05-21,,DORMANT,INR,231966.22,FIXED_DEPOSIT
AC05757,78806700005757,CU01128,PR002,BR006,2022-10-07,2024-09-24,CLOSED,INR,196629.99,SAVINGS
AC05758,64879800005758,CU04637,PR009,BR003,2018-05-21,2022-09-09,CLOSED,INR,148716.32,FIXED_DEPOSIT
AC05759,99194900005759,CU02233,PR006,BR008,2022-11-20,,DORMANT,INR,132124.71,CURRENT
AC05760,54845000005760,CU02837,PR002,BR004,2018-01-01,,DORMANT,INR,181546.23,SAVINGS
AC05761,32160200005761,CU04917,PR003,BR001,2023-07-22,,ACTIVE,INR,84061.73,SAVINGS
AC05762,58044200005762,CU00748,PR004,BR006,2020-11-09,2022-08-14,CLOSED,INR,24053.05,CURRENT
AC05763,79082400005763,CU02298,PR005,BR009,2021-08-05,,ACTIVE,INR,290976.96,CURRENT
AC05764,93348300005764,CU00532,PR003,BR005,2024-11-28,2026-08-20,CLOSED,INR,101779.22,SAVINGS
AC05765,65456600005765,CU02474,PR002,BR001,2020-08-19,2025-08-22,CLOSED,INR,54652.60,SAVINGS
AC05766,84758700005766,CU01894,PR001,BR004,2022-12-11,2025-03-12,CLOSED,INR,113073.98,SAVINGS
AC05767,12479800005767,CU03391,PR003,BR001,2022-04-11,2023-09-05,CLOSED,INR,105062.03,SAVINGS
AC05768,33535900005768,CU01852,PR003,BR006,2025-09-29,2026-08-23,CLOSED,INR,240968.84,SAVINGS
AC05769,21035300005769,CU01797,PR002,BR009,2025-07-23,2026-08-24,CLOSED,INR,120607.85,SAVINGS
AC05770,25530700005770,CU04012,PR008,BR005,2022-11-02,,DORMANT,INR,163252.05,FIXED_DEPOSIT
AC05771,24134600005771,CU03824,PR004,BR008,2018-07-25,2021-10-18,CLOSED,INR,120155.29,CURRENT
AC05772,25664900005772,CU04430,PR005,BR004,2018-01-31,2021-03-01,CLOSED,INR,77195.66,CURRENT
AC05773,68917300005773,CU02868,PR009,BR003,2020-11-04,,ACTIVE,INR,4027.31,FIXED_DEPOSIT
AC05774,18534400005774,CU01576,PR005,BR007,2024-06-17,2026-08-24,CLOSED,INR,107468.51,CURRENT
AC05775,80821400005775,CU01703,PR008,BR009,2021-10-01,,ACTIVE,INR,887.38,FIXED_DEPOSIT
AC05776,99010300005776,CU01630,PR005,BR009,2021-06-28,,ACTIVE,INR,702.00,CURRENT
AC05777,87724000005777,CU02209,PR009,BR006,2025-01-11,2026-08-27,CLOSED,INR,223663.61,FIXED_DEPOSIT
AC05778,65859300005778,CU01547,PR007,BR010,2021-11-12,,ACTIVE,INR,52419.93,FIXED_DEPOSIT
AC05779,68027200005779,CU03645,PR009,BR004,2018-11-10,,DORMANT,INR,40247.06,FIXED_DEPOSIT
AC05780,58404700005780,CU00014,PR006,BR005,2020-11-11,,DORMANT,INR,83320.45,CURRENT
AC05781,74897000005781,CU02483,PR002,BR001,2023-05-13,2026-08-26,CLOSED,INR,140853.61,SAVINGS
AC05782,67950700005782,CU00333,PR001,BR009,2025-08-23,2026-08-22,CLOSED,INR,24159.61,SAVINGS
AC05783,80631600005783,CU01735,PR004,BR010,2019-02-19,,DORMANT,INR,241374.32,CURRENT
AC05784,54635100005784,CU04482,PR004,BR009,2022-08-20,,ACTIVE,INR,22512.47,CURRENT
AC05785,14365000005785,CU00291,PR003,BR007,2025-03-27,,DORMANT,INR,73806.94,SAVINGS
AC05786,34094600005786,CU00530,PR005,BR004,2021-12-17,,DORMANT,INR,53317.26,CURRENT
AC05787,58324600005787,CU00132,PR006,BR009,2023-08-03,2026-08-26,CLOSED,INR,68548.37,CURRENT
AC05788,75704600005788,CU02194,PR006,BR009,2024-09-21,2025-07-23,CLOSED,INR,58543.27,CURRENT
AC05789,86193800005789,CU01766,PR008,BR010,2021-02-08,,DORMANT,INR,118163.58,FIXED_DEPOSIT
AC05790,70341700005790,CU03281,PR003,BR002,2025-10-11,,ACTIVE,INR,5720.30,SAVINGS
AC05791,27912500005791,CU04791,PR004,BR003,2020-11-01,2022-10-03,CLOSED,INR,161015.39,CURRENT
AC05792,94960700005792,CU02982,PR008,BR009,2019-09-22,,ACTIVE,INR,31886.68,FIXED_DEPOSIT
AC05793,51788400005793,CU01107,PR002,BR010,2021-12-16,,ACTIVE,INR,885.06,SAVINGS
AC05794,31529400005794,CU00597,PR001,BR010,2018-10-07,,ACTIVE,INR,75.68,SAVINGS
AC05795,53244000005795,CU01014,PR007,BR007,2019-10-05,,DORMANT,INR,163503.74,FIXED_DEPOSIT
AC05796,41550000005796,CU02912,PR008,BR009,2019-01-19,2024-04-11,CLOSED,INR,149346.51,FIXED_DEPOSIT
AC05797,55341100005797,CU04251,PR003,BR005,2023-08-29,2025-12-11,CLOSED,INR,171166.93,SAVINGS
AC05798,48255500005798,CU04385,PR008,BR001,2020-06-11,,DORMANT,INR,47779.20,FIXED_DEPOSIT
AC05799,28318400005799,CU04919,PR002,BR009,2020-06-24,2023-09-09,CLOSED,INR,41271.66,SAVINGS
AC05800,73003800005800,CU03910,PR004,BR010,2018-01-22,,ACTIVE,INR,10411.33,CURRENT
AC05801,60963500005801,CU00443,PR005,BR009,2018-02-12,2019-10-27,CLOSED,INR,54896.38,CURRENT
AC05802,68269800005802,CU04516,PR006,BR004,2023-09-13,,ACTIVE,INR,11349.96,CURRENT
AC05803,97673700005803,CU04763,PR006,BR002,2020-01-11,,DORMANT,INR,67925.06,CURRENT
AC05804,21707700005804,CU00178,PR007,BR003,2019-09-24,2022-01-03,CLOSED,INR,78341.22,FIXED_DEPOSIT
AC05805,25546700005805,CU04986,PR001,BR001,2022-10-10,,DORMANT,INR,240662.18,SAVINGS
AC05806,24664100005806,CU03550,PR006,BR009,2022-03-09,,DORMANT,INR,72772.53,CURRENT
AC05807,94942300005807,CU03695,PR009,BR004,2022-07-23,,ACTIVE,INR,20573.45,FIXED_DEPOSIT
AC05808,33050100005808,CU03908,PR004,BR009,2022-03-11,,DORMANT,INR,241917.83,CURRENT
AC05809,43888400005809,CU03186,PR001,BR004,2023-10-31,2026-08-26,CLOSED,INR,123540.90,SAVINGS
AC05810,69314800005810,CU02004,PR005,BR001,2018-03-31,,ACTIVE,INR,80922.85,CURRENT
AC05811,83574500005811,CU03566,PR008,BR010,2021-04-13,,ACTIVE,INR,2353.07,FIXED_DEPOSIT
AC05812,58771800005812,CU01571,PR008,BR003,2019-04-08,,ACTIVE,INR,369.83,FIXED_DEPOSIT
AC05813,33284200005813,CU03279,PR004,BR001,2019-05-29,2020-06-07,CLOSED,INR,212292.00,CURRENT
AC05814,94734500005814,CU01203,PR006,BR006,2024-02-17,2026-08-25,CLOSED,INR,193693.82,CURRENT
AC05815,75747200005815,CU02757,PR007,BR006,2025-12-23,2026-08-22,CLOSED,INR,124288.36,FIXED_DEPOSIT
AC05816,56951100005816,CU00642,PR004,BR002,2025-03-12,,DORMANT,INR,95618.19,CURRENT
AC05817,55729500005817,CU03184,PR006,BR009,2018-06-13,2019-02-21,CLOSED,INR,19804.40,CURRENT
AC05818,98580800005818,CU03330,PR004,BR006,2025-05-31,2026-08-25,CLOSED,INR,237561.79,CURRENT
AC05819,74212700005819,CU00185,PR008,BR003,2022-07-15,,ACTIVE,INR,88820.25,FIXED_DEPOSIT
AC05820,58586500005820,CU00022,PR009,BR008,2019-11-28,,ACTIVE,INR,145135.79,FIXED_DEPOSIT
AC05821,55324500005821,CU03515,PR006,BR003,2024-10-28,,DORMANT,INR,198306.11,CURRENT
AC05822,39944900005822,CU02075,PR008,BR006,2021-11-13,,ACTIVE,INR,70390.38,FIXED_DEPOSIT
AC05823,69331500005823,CU01423,PR004,BR007,2024-05-13,2026-08-27,CLOSED,INR,29261.69,CURRENT
AC05824,70978300005824,CU04753,PR007,BR006,2022-11-17,,DORMANT,INR,161756.55,FIXED_DEPOSIT
AC05825,72611800005825,CU01404,PR001,BR010,2025-06-08,,ACTIVE,INR,100772.00,SAVINGS
AC05826,45296200005826,CU03689,PR001,BR008,2018-06-25,,DORMANT,INR,192404.38,SAVINGS
AC05827,53533900005827,CU01790,PR005,BR007,2024-11-09,,ACTIVE,INR,44831.79,CURRENT
AC05828,74523300005828,CU01298,PR003,BR008,2025-12-20,,ACTIVE,INR,3080.06,SAVINGS
AC05829,18322700005829,CU01074,PR008,BR002,2019-12-24,,ACTIVE,INR,16613.37,FIXED_DEPOSIT
AC05830,62425700005830,CU00141,PR007,BR010,2025-02-25,2026-06-27,CLOSED,INR,210555.86,FIXED_DEPOSIT
AC05831,82441200005831,CU03174,PR002,BR003,2022-09-07,,ACTIVE,INR,40243.18,SAVINGS
AC05832,22694400005832,CU01442,PR002,BR001,2023-09-28,,ACTIVE,INR,136828.85,SAVINGS
AC05833,81142700005833,CU03835,PR005,BR008,2022-08-09,,ACTIVE,INR,159871.54,CURRENT
AC05834,97503100005834,CU04477,PR007,BR004,2020-07-10,,DORMANT,INR,38979.52,FIXED_DEPOSIT
AC05835,45182100005835,CU02096,PR002,BR008,2023-02-27,2023-12-13,CLOSED,INR,207757.25,SAVINGS
AC05836,29383600005836,CU01443,PR001,BR001,2022-02-17,,ACTIVE,INR,57088.39,SAVINGS
AC05837,64657000005837,CU00177,PR009,BR002,2023-02-28,2025-02-12,CLOSED,INR,194555.32,FIXED_DEPOSIT
AC05838,43558900005838,CU03585,PR005,BR006,2022-05-30,,ACTIVE,INR,887.34,CURRENT
AC05839,27847900005839,CU03137,PR008,BR003,2020-04-07,2020-11-26,CLOSED,INR,247631.53,FIXED_DEPOSIT
AC05840,93572400005840,CU02900,PR003,BR008,2020-04-06,,ACTIVE,INR,733.88,SAVINGS
AC05841,83916300005841,CU01382,PR009,BR001,2024-09-18,,ACTIVE,INR,9626.13,FIXED_DEPOSIT
AC05842,89158400005842,CU04731,PR003,BR006,2023-07-17,,ACTIVE,INR,28336.07,SAVINGS
AC05843,85407500005843,CU00171,PR004,BR008,2025-04-14,,DORMANT,INR,129809.05,CURRENT
AC05844,33084600005844,CU00140,PR005,BR008,2024-06-02,,DORMANT,INR,6616.30,CURRENT
AC05845,28500000005845,CU04735,PR006,BR005,2021-08-18,,DORMANT,INR,214165.02,CURRENT
AC05846,23420800005846,CU00468,PR003,BR005,2021-10-01,,ACTIVE,INR,11951.84,SAVINGS
AC05847,29473100005847,CU00870,PR005,BR006,2023-12-12,,DORMANT,INR,199860.91,CURRENT
AC05848,68868000005848,CU04650,PR008,BR003,2023-08-14,2025-04-30,CLOSED,INR,228544.88,FIXED_DEPOSIT
AC05849,36698800005849,CU02004,PR008,BR001,2018-12-23,2021-10-09,CLOSED,INR,172710.67,FIXED_DEPOSIT
AC05850,44237300005850,CU02369,PR008,BR007,2019-01-09,2019-09-30,CLOSED,INR,97360.52,FIXED_DEPOSIT
AC05851,57364800005851,CU01717,PR008,BR008,2019-02-22,,DORMANT,INR,222160.75,FIXED_DEPOSIT
AC05852,18370700005852,CU02075,PR006,BR006,2020-12-15,,DORMANT,INR,22712.57,CURRENT
AC05853,83531200005853,CU03659,PR001,BR009,2021-07-18,,ACTIVE,INR,88756.69,SAVINGS
AC05854,83169500005854,CU03122,PR004,BR009,2022-05-10,2024-10-28,CLOSED,INR,65846.76,CURRENT
AC05855,97259400005855,CU03967,PR009,BR006,2021-09-29,,ACTIVE,INR,70334.09,FIXED_DEPOSIT
AC05856,33492700005856,CU03082,PR007,BR002,2019-06-27,2023-01-05,CLOSED,INR,19311.17,FIXED_DEPOSIT
AC05857,13265700005857,CU04070,PR008,BR007,2021-06-21,2025-08-14,CLOSED,INR,16538.83,FIXED_DEPOSIT
AC05858,45725200005858,CU01476,PR007,BR004,2022-03-03,,DORMANT,INR,37729.84,FIXED_DEPOSIT
AC05859,13322300005859,CU04147,PR001,BR010,2024-05-05,,DORMANT,INR,30280.46,SAVINGS
AC05860,60592400005860,CU03830,PR008,BR003,2023-03-04,,ACTIVE,INR,42784.53,FIXED_DEPOSIT
AC05861,44297900005861,CU01663,PR009,BR010,2024-02-01,,ACTIVE,INR,40169.44,FIXED_DEPOSIT
AC05862,15789700005862,CU04664,PR008,BR010,2018-11-12,2019-05-28,CLOSED,INR,209568.66,FIXED_DEPOSIT
AC05863,44751700005863,CU02142,PR002,BR008,2021-02-20,2025-01-08,CLOSED,INR,97417.27,SAVINGS
AC05864,17523300005864,CU02106,PR008,BR010,2018-06-26,2022-04-23,CLOSED,INR,19384.57,FIXED_DEPOSIT
AC05865,47667400005865,CU03915,PR008,BR006,2018-03-04,2021-04-21,CLOSED,INR,149551.89,FIXED_DEPOSIT
AC05866,98647300005866,CU00366,PR002,BR010,2023-12-24,,DORMANT,INR,3792.74,SAVINGS
AC05867,64045100005867,CU02371,PR007,BR005,2022-06-15,,ACTIVE,INR,38263.07,FIXED_DEPOSIT
AC05868,73295400005868,CU02099,PR001,BR009,2019-11-30,2020-06-12,CLOSED,INR,234685.87,SAVINGS
AC05869,21152500005869,CU04508,PR007,BR008,2020-02-14,,DORMANT,INR,164065.40,FIXED_DEPOSIT
AC05870,64571300005870,CU01743,PR006,BR007,2025-10-28,2026-08-27,CLOSED,INR,46984.41,CURRENT
AC05871,44524100005871,CU04532,PR003,BR001,2025-02-08,,DORMANT,INR,96797.75,SAVINGS
AC05872,10383300005872,CU00136,PR003,BR010,2020-06-21,,DORMANT,INR,215130.27,SAVINGS
AC05873,67294800005873,CU04091,PR003,BR005,2020-07-06,,ACTIVE,INR,4688.68,SAVINGS
AC05874,59956900005874,CU02045,PR001,BR005,2019-08-02,,DORMANT,INR,148790.26,SAVINGS
AC05875,44576100005875,CU03505,PR007,BR003,2019-04-28,,DORMANT,INR,30207.75,FIXED_DEPOSIT
AC05876,60551700005876,CU01369,PR006,BR009,2019-10-10,,ACTIVE,INR,26838.76,CURRENT
AC05877,38807000005877,CU01093,PR001,BR009,2022-07-09,2025-02-10,CLOSED,INR,36549.19,SAVINGS
AC05878,99105900005878,CU04402,PR004,BR004,2019-02-04,,DORMANT,INR,52794.50,CURRENT
AC05879,77379300005879,CU04635,PR006,BR008,2023-11-27,2026-08-29,CLOSED,INR,126659.46,CURRENT
AC05880,58827100005880,CU00371,PR001,BR009,2020-12-22,,ACTIVE,INR,1513.30,SAVINGS
AC05881,93421200005881,CU00836,PR009,BR009,2023-03-16,2026-08-25,CLOSED,INR,89045.44,FIXED_DEPOSIT
AC05882,44400700005882,CU02324,PR005,BR004,2025-11-14,,DORMANT,INR,35180.54,CURRENT
AC05883,45650100005883,CU02650,PR002,BR006,2021-02-14,2025-06-29,CLOSED,INR,136036.64,SAVINGS
AC05884,61704000005884,CU02480,PR004,BR009,2025-02-28,,DORMANT,INR,190327.65,CURRENT
AC05885,75912400005885,CU03916,PR009,BR009,2022-01-05,,ACTIVE,INR,11579.84,FIXED_DEPOSIT
AC05886,43755700005886,CU02073,PR006,BR010,2018-03-19,,ACTIVE,INR,18191.74,CURRENT
AC05887,91614200005887,CU01672,PR006,BR010,2022-02-01,,ACTIVE,INR,66032.18,CURRENT
AC05888,67438300005888,CU01281,PR003,BR003,2025-05-01,,DORMANT,INR,236137.45,SAVINGS
AC05889,62173800005889,CU04686,PR009,BR006,2025-09-01,,ACTIVE,INR,129732.31,FIXED_DEPOSIT
AC05890,29296100005890,CU04395,PR008,BR003,2021-10-10,2023-05-23,CLOSED,INR,88089.65,FIXED_DEPOSIT
AC05891,70441700005891,CU03430,PR004,BR008,2020-12-19,,ACTIVE,INR,6624.41,CURRENT
AC05892,90167000005892,CU01351,PR008,BR008,2024-04-03,,DORMANT,INR,30365.45,FIXED_DEPOSIT
AC05893,36747800005893,CU00566,PR008,BR004,2021-08-19,2026-08-29,CLOSED,INR,246125.40,FIXED_DEPOSIT
AC05894,20227300005894,CU01330,PR002,BR003,2019-11-24,,ACTIVE,INR,213.71,SAVINGS
AC05895,80988900005895,CU00170,PR002,BR003,2024-06-07,,ACTIVE,INR,70856.20,SAVINGS
AC05896,31362700005896,CU04271,PR007,BR008,2021-04-26,,DORMANT,INR,173196.98,FIXED_DEPOSIT
AC05897,65506300005897,CU01997,PR004,BR009,2018-07-19,2023-08-26,CLOSED,INR,84553.67,CURRENT
AC05898,82903600005898,CU00046,PR001,BR005,2019-04-22,,ACTIVE,INR,176285.34,SAVINGS
AC05899,66722400005899,CU01788,PR006,BR002,2025-08-08,,DORMANT,INR,202024.82,CURRENT
AC05900,75082000005900,CU03786,PR002,BR009,2023-08-25,2025-08-07,CLOSED,INR,49492.64,SAVINGS
AC05901,71315100005901,CU00177,PR004,BR002,2018-01-01,,ACTIVE,INR,140.01,CURRENT
AC05902,13661900005902,CU00367,PR006,BR003,2019-06-22,2024-04-15,CLOSED,INR,125534.61,CURRENT
AC05903,24175800005903,CU02612,PR007,BR009,2022-08-29,,DORMANT,INR,86559.82,FIXED_DEPOSIT
AC05904,49926000005904,CU03260,PR008,BR010,2020-05-22,,ACTIVE,INR,77184.39,FIXED_DEPOSIT
AC05905,95669800005905,CU02164,PR009,BR001,2019-07-09,,DORMANT,INR,214416.29,FIXED_DEPOSIT
AC05906,50689700005906,CU01594,PR009,BR004,2023-05-01,,DORMANT,INR,82823.98,FIXED_DEPOSIT
AC05907,38130300005907,CU01899,PR008,BR007,2023-11-10,,ACTIVE,INR,104255.82,FIXED_DEPOSIT
AC05908,83843700005908,CU01163,PR005,BR006,2018-02-18,,DORMANT,INR,57958.24,CURRENT
AC05909,25303200005909,CU04320,PR004,BR008,2021-08-08,,ACTIVE,INR,3509.79,CURRENT
AC05910,33194400005910,CU02078,PR001,BR003,2025-11-26,2026-08-27,CLOSED,INR,220528.07,SAVINGS
AC05911,77629000005911,CU01097,PR009,BR007,2024-03-17,,ACTIVE,INR,16230.94,FIXED_DEPOSIT
AC05912,66304400005912,CU01297,PR005,BR004,2022-05-27,,DORMANT,INR,133989.44,CURRENT
AC05913,81312600005913,CU01324,PR006,BR007,2022-11-24,,DORMANT,INR,177822.31,CURRENT
AC05914,57907400005914,CU00564,PR001,BR004,2021-07-03,,DORMANT,INR,144049.06,SAVINGS
AC05915,78818200005915,CU03452,PR003,BR003,2023-10-05,,ACTIVE,INR,59120.43,SAVINGS
AC05916,85760700005916,CU01370,PR003,BR006,2018-01-13,,ACTIVE,INR,13155.81,SAVINGS
AC05917,65193600005917,CU00853,PR002,BR008,2018-05-24,,DORMANT,INR,231155.06,SAVINGS
AC05918,43184400005918,CU00127,PR006,BR001,2021-06-04,,ACTIVE,INR,3775.86,CURRENT
AC05919,74128900005919,CU02525,PR002,BR005,2020-01-06,,DORMANT,INR,170836.14,SAVINGS
AC05920,69240600005920,CU00518,PR001,BR002,2023-04-30,2026-04-01,CLOSED,INR,70007.27,SAVINGS
AC05921,44704600005921,CU00001,PR002,BR009,2022-09-18,,ACTIVE,INR,37859.43,SAVINGS
AC05922,95771900005922,CU01214,PR007,BR007,2025-06-05,,ACTIVE,INR,3400.68,FIXED_DEPOSIT
AC05923,66762500005923,CU01781,PR002,BR003,2021-02-19,,ACTIVE,INR,85875.31,SAVINGS
AC05924,73081600005924,CU00662,PR008,BR002,2024-04-23,2026-08-28,CLOSED,INR,140065.05,FIXED_DEPOSIT
AC05925,30368700005925,CU01819,PR002,BR004,2021-01-31,2026-07-17,CLOSED,INR,202578.91,SAVINGS
AC05926,23245800005926,CU02890,PR002,BR010,2023-07-10,2026-05-25,CLOSED,INR,186989.68,SAVINGS
AC05927,25986200005927,CU03423,PR007,BR009,2024-05-06,2026-02-03,CLOSED,INR,36889.94,FIXED_DEPOSIT
AC05928,30080000005928,CU04462,PR003,BR007,2024-10-07,,DORMANT,INR,217332.43,SAVINGS
AC05929,85087100005929,CU00510,PR002,BR002,2020-02-05,,ACTIVE,INR,0.51,SAVINGS
AC05930,25939300005930,CU04401,PR008,BR004,2018-07-22,2023-07-04,CLOSED,INR,154785.10,FIXED_DEPOSIT
AC05931,82371800005931,CU03834,PR005,BR001,2021-10-08,,ACTIVE,INR,101943.45,CURRENT
AC05932,19376400005932,CU01901,PR007,BR007,2025-08-22,,DORMANT,INR,109605.22,FIXED_DEPOSIT
AC05933,21436100005933,CU00305,PR002,BR004,2020-10-04,2022-10-06,CLOSED,INR,241423.55,SAVINGS
AC05934,89122600005934,CU02801,PR001,BR003,2018-06-12,,DORMANT,INR,3022.58,SAVINGS
AC05935,87652900005935,CU01707,PR008,BR009,2020-01-08,2023-03-15,CLOSED,INR,153028.79,FIXED_DEPOSIT
AC05936,99730300005936,CU04498,PR001,BR005,2025-08-19,,DORMANT,INR,187337.39,SAVINGS
AC05937,52687800005937,CU01148,PR002,BR009,2019-04-25,,ACTIVE,INR,31084.60,SAVINGS
AC05938,92879600005938,CU04877,PR003,BR007,2020-07-08,,DORMANT,INR,222325.34,SAVINGS
AC05939,84600300005939,CU00459,PR006,BR007,2019-01-22,,ACTIVE,INR,519.71,CURRENT
AC05940,35167100005940,CU02013,PR001,BR002,2020-06-25,,DORMANT,INR,15289.42,SAVINGS
AC05941,25326100005941,CU01433,PR001,BR001,2024-01-25,2026-08-26,CLOSED,INR,26029.92,SAVINGS
AC05942,93633600005942,CU03662,PR007,BR005,2021-03-31,,DORMANT,INR,57409.30,FIXED_DEPOSIT
AC05943,98032300005943,CU04802,PR007,BR005,2021-04-25,,DORMANT,INR,78680.43,FIXED_DEPOSIT
AC05944,55974600005944,CU02113,PR003,BR009,2019-05-15,,ACTIVE,INR,132373.02,SAVINGS
AC05945,39301300005945,CU03524,PR009,BR006,2021-11-29,2022-12-19,CLOSED,INR,224077.59,FIXED_DEPOSIT
AC05946,44703100005946,CU01384,PR004,BR004,2023-05-28,,DORMANT,INR,72207.23,CURRENT
AC05947,10169400005947,CU03343,PR004,BR009,2025-07-10,2026-03-14,CLOSED,INR,160959.27,CURRENT
AC05948,80590900005948,CU03585,PR004,BR006,2023-07-06,,ACTIVE,INR,19864.94,CURRENT
AC05949,58910700005949,CU01721,PR008,BR010,2021-09-09,2023-06-13,CLOSED,INR,241862.15,FIXED_DEPOSIT
AC05950,24540400005950,CU01575,PR005,BR006,2025-10-28,,ACTIVE,INR,70398.95,CURRENT
AC05951,28691600005951,CU01973,PR001,BR007,2025-09-17,2026-08-21,CLOSED,INR,249113.55,SAVINGS
AC05952,13063600005952,CU03572,PR003,BR008,2019-01-26,,ACTIVE,INR,142101.90,SAVINGS
AC05953,20017500005953,CU02648,PR004,BR003,2024-08-07,2025-12-30,CLOSED,INR,4893.59,CURRENT
AC05954,79206900005954,CU04674,PR003,BR003,2019-02-11,,DORMANT,INR,222668.38,SAVINGS
AC05955,99778800005955,CU01270,PR001,BR002,2018-06-08,,ACTIVE,INR,127801.85,SAVINGS
AC05956,10833600005956,CU01931,PR005,BR008,2018-09-26,,DORMANT,INR,86965.04,CURRENT
AC05957,87980500005957,CU04640,PR004,BR008,2023-03-28,,ACTIVE,INR,72171.28,CURRENT
AC05958,70916200005958,CU04450,PR007,BR005,2023-01-11,,ACTIVE,INR,14586.78,FIXED_DEPOSIT
AC05959,32074300005959,CU00911,PR001,BR010,2025-04-12,2026-08-26,CLOSED,INR,6514.46,SAVINGS
AC05960,69879800005960,CU04275,PR006,BR004,2020-01-24,,DORMANT,INR,228038.59,CURRENT
AC05961,41989600005961,CU01374,PR001,BR006,2023-11-11,2026-08-21,CLOSED,INR,59062.59,SAVINGS
AC05962,85282700005962,CU00953,PR004,BR008,2022-02-08,2024-09-27,CLOSED,INR,10635.66,CURRENT
AC05963,33301100005963,CU04493,PR004,BR009,2020-03-09,2021-10-24,CLOSED,INR,126613.17,CURRENT
AC05964,17258400005964,CU00058,PR009,BR004,2023-03-01,2024-07-05,CLOSED,INR,76332.29,FIXED_DEPOSIT
AC05965,64160900005965,CU03761,PR007,BR010,2025-09-07,2026-08-25,CLOSED,INR,247266.26,FIXED_DEPOSIT
AC05966,61464200005966,CU02444,PR007,BR010,2022-01-07,,DORMANT,INR,63737.76,FIXED_DEPOSIT
AC05967,28683600005967,CU00801,PR006,BR002,2023-03-20,2026-01-06,CLOSED,INR,178112.25,CURRENT
AC05968,70220100005968,CU00427,PR008,BR005,2025-10-27,,DORMANT,INR,151224.04,FIXED_DEPOSIT
AC05969,98234900005969,CU00178,PR008,BR003,2022-08-16,,ACTIVE,INR,7372.01,FIXED_DEPOSIT
AC05970,67775700005970,CU01394,PR001,BR008,2021-04-21,,DORMANT,INR,145406.52,SAVINGS
AC05971,81933600005971,CU00438,PR009,BR010,2023-12-09,,ACTIVE,INR,22885.41,FIXED_DEPOSIT
AC05972,14223400005972,CU04688,PR005,BR003,2025-10-26,2026-08-26,CLOSED,INR,152155.75,CURRENT
AC05973,68613800005973,CU02180,PR002,BR001,2020-01-30,,ACTIVE,INR,9479.87,SAVINGS
AC05974,56755100005974,CU01520,PR005,BR006,2020-03-01,,DORMANT,INR,160714.60,CURRENT
AC05975,19481100005975,CU02990,PR008,BR010,2020-01-25,,DORMANT,INR,192792.93,FIXED_DEPOSIT
AC05976,27304700005976,CU04443,PR004,BR005,2025-11-28,,DORMANT,INR,223412.23,CURRENT
AC05977,78242300005977,CU02237,PR004,BR003,2018-03-12,,ACTIVE,INR,166359.88,CURRENT
AC05978,73569800005978,CU04190,PR002,BR006,2024-04-17,,DORMANT,INR,5009.69,SAVINGS
AC05979,24505900005979,CU03728,PR009,BR009,2019-04-12,,DORMANT,INR,79126.07,FIXED_DEPOSIT
AC05980,10892600005980,CU01155,PR003,BR005,2023-09-02,2026-04-19,CLOSED,INR,237303.26,SAVINGS
AC05981,77046800005981,CU00174,PR005,BR005,2023-02-20,,ACTIVE,INR,68582.94,CURRENT
AC05982,80937800005982,CU02771,PR003,BR005,2024-07-31,,ACTIVE,INR,133084.60,SAVINGS
AC05983,51224200005983,CU04078,PR009,BR002,2025-07-22,,ACTIVE,INR,184768.19,FIXED_DEPOSIT
AC05984,82102100005984,CU01415,PR004,BR002,2022-10-23,,ACTIVE,INR,18105.47,CURRENT
AC05985,85998800005985,CU02398,PR007,BR008,2020-07-02,,DORMANT,INR,48833.24,FIXED_DEPOSIT
AC05986,32272100005986,CU03939,PR008,BR007,2021-11-02,,ACTIVE,INR,277.50,FIXED_DEPOSIT
AC05987,95263700005987,CU00171,PR007,BR008,2022-05-22,,ACTIVE,INR,197122.49,FIXED_DEPOSIT
AC05988,25419300005988,CU04526,PR004,BR003,2025-11-12,,ACTIVE,INR,104158.71,CURRENT
AC05989,19349400005989,CU01060,PR008,BR006,2018-07-10,,DORMANT,INR,172770.48,FIXED_DEPOSIT
AC05990,41953800005990,CU03997,PR005,BR008,2018-03-16,2022-03-19,CLOSED,INR,22440.37,CURRENT
AC05991,24854000005991,CU03154,PR003,BR009,2018-11-27,2021-04-10,CLOSED,INR,94064.20,SAVINGS
AC05992,40410200005992,CU04392,PR008,BR004,2023-09-04,,DORMANT,INR,157159.78,FIXED_DEPOSIT
AC05993,60383900005993,CU03487,PR009,BR010,2019-03-27,,ACTIVE,INR,31160.02,FIXED_DEPOSIT
AC05994,50751900005994,CU01039,PR001,BR008,2024-10-04,,DORMANT,INR,7861.90,SAVINGS
AC05995,57605800005995,CU00728,PR007,BR007,2025-01-08,2026-08-21,CLOSED,INR,162968.45,FIXED_DEPOSIT
AC05996,47183100005996,CU02513,PR009,BR010,2019-08-17,,DORMANT,INR,247825.94,FIXED_DEPOSIT
AC05997,48945400005997,CU00457,PR005,BR004,2018-10-27,,DORMANT,INR,196595.37,CURRENT
AC05998,35465100005998,CU02012,PR003,BR006,2025-10-10,,DORMANT,INR,94598.87,SAVINGS
AC05999,34750900005999,CU04509,PR009,BR003,2024-07-20,,ACTIVE,INR,61523.16,FIXED_DEPOSIT
AC06000,92994100006000,CU00475,PR004,BR004,2024-01-30,,ACTIVE,INR,4548.02,CURRENT
AC06001,45089400006001,CU00602,PR004,BR005,2022-07-20,,DORMANT,INR,53227.69,CURRENT
AC06002,73201000006002,CU03896,PR008,BR005,2025-01-02,,ACTIVE,INR,342004.51,FIXED_DEPOSIT
AC06003,36931000006003,CU03562,PR005,BR010,2022-10-03,2026-01-23,CLOSED,INR,54553.35,CURRENT
AC06004,98459800006004,CU01538,PR009,BR006,2023-09-21,,ACTIVE,INR,52420.75,FIXED_DEPOSIT
AC06005,73675500006005,CU02741,PR006,BR001,2022-03-08,,ACTIVE,INR,74931.59,CURRENT
AC06006,43163700006006,CU03013,PR006,BR007,2023-03-19,2026-08-21,CLOSED,INR,190162.48,CURRENT
AC06007,96501500006007,CU02784,PR006,BR007,2024-06-04,,ACTIVE,INR,108130.40,CURRENT
AC06008,83159000006008,CU04126,PR003,BR006,2018-04-27,,ACTIVE,INR,13872.88,SAVINGS
AC06009,99779200006009,CU04825,PR004,BR007,2018-11-05,2020-11-18,CLOSED,INR,75296.35,CURRENT
AC06010,30274000006010,CU02129,PR009,BR003,2019-06-15,,DORMANT,INR,28385.55,FIXED_DEPOSIT
AC06011,95066800006011,CU04011,PR005,BR009,2023-01-21,2026-08-20,CLOSED,INR,166559.73,CURRENT
AC06012,83526500006012,CU04798,PR004,BR010,2022-11-12,,ACTIVE,INR,55.81,CURRENT
AC06013,68105100006013,CU03447,PR001,BR002,2024-04-24,,ACTIVE,INR,92090.89,SAVINGS
AC06014,54266300006014,CU03870,PR002,BR007,2018-12-19,,DORMANT,INR,93861.11,SAVINGS
AC06015,64206300006015,CU02345,PR006,BR010,2025-12-15,,DORMANT,INR,138851.90,CURRENT
AC06016,72723900006016,CU00908,PR001,BR010,2021-08-19,2022-04-12,CLOSED,INR,198097.69,SAVINGS
AC06017,68533900006017,CU02405,PR002,BR002,2019-01-21,,ACTIVE,INR,90042.63,SAVINGS
AC06018,97965400006018,CU02647,PR003,BR003,2019-03-03,2019-11-21,CLOSED,INR,84787.83,SAVINGS
AC06019,83856600006019,CU04092,PR008,BR002,2024-05-13,,DORMANT,INR,18880.20,FIXED_DEPOSIT
AC06020,29789800006020,CU00862,PR008,BR002,2021-03-24,,ACTIVE,INR,13667.80,FIXED_DEPOSIT
AC06021,81397800006021,CU00596,PR006,BR003,2020-08-08,,ACTIVE,INR,6855.72,CURRENT
AC06022,57315300006022,CU01197,PR005,BR008,2021-04-01,2024-03-28,CLOSED,INR,3941.71,CURRENT
AC06023,84134200006023,CU03570,PR001,BR002,2020-03-10,,ACTIVE,INR,11123.94,SAVINGS
AC06024,73236500006024,CU00421,PR006,BR007,2024-11-05,2026-08-28,CLOSED,INR,126600.43,CURRENT
AC06025,78548800006025,CU04233,PR004,BR002,2021-05-23,2026-08-19,CLOSED,INR,206456.53,CURRENT
AC06026,49602300006026,CU04030,PR004,BR005,2020-01-01,,ACTIVE,INR,245193.57,CURRENT
AC06027,86625800006027,CU03706,PR009,BR010,2022-03-23,,DORMANT,INR,92365.35,FIXED_DEPOSIT
AC06028,79380900006028,CU00334,PR006,BR006,2022-01-17,2025-05-04,CLOSED,INR,20531.80,CURRENT
AC06029,63795400006029,CU01287,PR002,BR001,2020-08-09,,ACTIVE,INR,4782.70,SAVINGS
AC06030,86776700006030,CU04823,PR009,BR001,2020-04-14,2024-11-22,CLOSED,INR,13747.58,FIXED_DEPOSIT
AC06031,30706300006031,CU04344,PR001,BR010,2025-12-23,2026-08-21,CLOSED,INR,66949.26,SAVINGS
AC06032,18410600006032,CU04700,PR006,BR007,2022-07-01,2026-05-17,CLOSED,INR,15970.92,CURRENT
AC06033,18544100006033,CU00809,PR005,BR007,2023-07-29,,ACTIVE,INR,538.88,CURRENT
AC06034,90137100006034,CU04167,PR002,BR007,2023-03-23,,ACTIVE,INR,4637.55,SAVINGS
AC06035,71557100006035,CU02904,PR001,BR002,2025-12-18,,ACTIVE,INR,44951.87,SAVINGS
AC06036,88567100006036,CU00057,PR003,BR005,2021-10-02,,DORMANT,INR,63732.29,SAVINGS
AC06037,16242100006037,CU01915,PR001,BR008,2021-02-05,,DORMANT,INR,163034.00,SAVINGS
AC06038,42359400006038,CU01685,PR001,BR003,2021-09-12,,ACTIVE,INR,4632.33,SAVINGS
AC06039,38311600006039,CU03271,PR007,BR002,2018-10-15,,ACTIVE,INR,68087.92,FIXED_DEPOSIT
AC06040,87766500006040,CU02070,PR004,BR001,2024-11-17,2026-08-29,CLOSED,INR,17227.19,CURRENT
AC06041,58917500006041,CU03646,PR004,BR006,2019-06-08,,ACTIVE,INR,2040.91,CURRENT
AC06042,40033600006042,CU04688,PR004,BR003,2020-08-16,,DORMANT,INR,238499.16,CURRENT
AC06043,20584500006043,CU00029,PR003,BR008,2018-03-02,2018-10-21,CLOSED,INR,242277.23,SAVINGS
AC06044,23848700006044,CU04084,PR001,BR009,2024-08-17,,ACTIVE,INR,18213.03,SAVINGS
AC06045,75544700006045,CU00553,PR009,BR006,2025-06-27,,ACTIVE,INR,56208.61,FIXED_DEPOSIT
AC06046,95551100006046,CU03934,PR009,BR004,2019-03-01,2021-12-06,CLOSED,INR,71532.02,FIXED_DEPOSIT
AC06047,18564600006047,CU00939,PR003,BR010,2025-04-09,,ACTIVE,INR,529.32,SAVINGS
AC06048,89099500006048,CU03001,PR004,BR003,2019-04-14,2023-08-01,CLOSED,INR,216183.68,CURRENT
AC06049,45137300006049,CU00317,PR008,BR006,2022-01-31,2023-06-06,CLOSED,INR,154622.70,FIXED_DEPOSIT
AC06050,65523700006050,CU00033,PR004,BR002,2019-04-22,2020-01-27,CLOSED,INR,72984.32,CURRENT
AC06051,71488400006051,CU01274,PR002,BR010,2019-09-25,2020-11-05,CLOSED,INR,208027.37,SAVINGS
AC06052,77498700006052,CU04314,PR002,BR003,2021-03-17,2023-06-06,CLOSED,INR,226449.02,SAVINGS
AC06053,50797800006053,CU00449,PR004,BR006,2023-12-18,2025-08-18,CLOSED,INR,4173.35,CURRENT
AC06054,55769200006054,CU02645,PR007,BR004,2025-04-17,,ACTIVE,INR,8210.01,FIXED_DEPOSIT
AC06055,95388400006055,CU03795,PR003,BR008,2019-10-10,2023-06-01,CLOSED,INR,189268.30,SAVINGS
AC06056,19841100006056,CU02033,PR001,BR003,2019-04-06,2020-06-29,CLOSED,INR,128724.83,SAVINGS
AC06057,92019800006057,CU00562,PR003,BR008,2021-11-06,2026-06-28,CLOSED,INR,93465.34,SAVINGS
AC06058,38299500006058,CU01160,PR007,BR008,2025-02-06,,ACTIVE,INR,340939.75,FIXED_DEPOSIT
AC06059,47382600006059,CU04604,PR005,BR009,2023-11-14,2024-12-05,CLOSED,INR,178306.11,CURRENT
AC06060,30418700006060,CU02761,PR004,BR001,2018-01-20,,ACTIVE,INR,59006.23,CURRENT
AC06061,92925300006061,CU00425,PR007,BR008,2024-10-02,,ACTIVE,INR,6590.51,FIXED_DEPOSIT
AC06062,52125500006062,CU00571,PR005,BR006,2024-08-01,2026-08-29,CLOSED,INR,196361.17,CURRENT
AC06063,62084300006063,CU04442,PR006,BR003,2023-10-02,,DORMANT,INR,146131.29,CURRENT
AC06064,41016200006064,CU01486,PR008,BR008,2019-06-19,,ACTIVE,INR,7729.69,FIXED_DEPOSIT
AC06065,57903600006065,CU04476,PR004,BR003,2024-11-18,,DORMANT,INR,167911.35,CURRENT
AC06066,14703300006066,CU02254,PR001,BR002,2019-12-04,,ACTIVE,INR,24185.19,SAVINGS
AC06067,47154600006067,CU03940,PR004,BR010,2024-05-06,,DORMANT,INR,24597.26,CURRENT
AC06068,66028400006068,CU00699,PR001,BR009,2023-08-04,,DORMANT,INR,221365.41,SAVINGS
AC06069,66435900006069,CU01118,PR009,BR005,2022-05-31,,DORMANT,INR,197825.75,FIXED_DEPOSIT
AC06070,64735400006070,CU00845,PR005,BR002,2019-03-24,,ACTIVE,INR,93661.47,CURRENT
AC06071,97156600006071,CU04894,PR007,BR008,2023-10-23,,DORMANT,INR,221577.92,FIXED_DEPOSIT
AC06072,83685700006072,CU03962,PR003,BR002,2020-04-16,,DORMANT,INR,6909.09,SAVINGS
AC06073,73690600006073,CU02401,PR005,BR008,2020-01-27,2024-05-04,CLOSED,INR,248554.08,CURRENT
AC06074,32439200006074,CU01275,PR003,BR006,2018-09-21,,DORMANT,INR,186879.13,SAVINGS
AC06075,83793400006075,CU02545,PR008,BR010,2025-12-20,,ACTIVE,INR,48316.26,FIXED_DEPOSIT
AC06076,97695400006076,CU02209,PR002,BR006,2020-08-09,,DORMANT,INR,92058.68,SAVINGS
AC06077,20411600006077,CU01227,PR003,BR003,2021-09-16,2024-08-08,CLOSED,INR,11040.69,SAVINGS
AC06078,28804800006078,CU00243,PR006,BR006,2024-01-04,,DORMANT,INR,215615.26,CURRENT
AC06079,18603900006079,CU03028,PR004,BR005,2022-09-17,2026-08-25,CLOSED,INR,46055.16,CURRENT
AC06080,63483300006080,CU03809,PR005,BR003,2021-04-25,,DORMANT,INR,199249.73,CURRENT
AC06081,80561800006081,CU00129,PR008,BR004,2020-02-01,,DORMANT,INR,180501.30,FIXED_DEPOSIT
AC06082,22647300006082,CU01149,PR009,BR004,2024-08-19,2026-08-28,CLOSED,INR,75494.08,FIXED_DEPOSIT
AC06083,90734400006083,CU01803,PR002,BR003,2019-05-07,,DORMANT,INR,87875.08,SAVINGS
AC06084,21460900006084,CU04002,PR001,BR003,2019-06-17,2020-06-29,CLOSED,INR,69945.80,SAVINGS
AC06085,54289000006085,CU02651,PR005,BR006,2022-02-25,,ACTIVE,INR,1515.38,CURRENT
AC06086,10211500006086,CU03388,PR005,BR007,2021-03-31,,ACTIVE,INR,969.54,CURRENT
AC06087,18280900006087,CU01071,PR006,BR008,2020-05-12,,DORMANT,INR,20915.48,CURRENT
AC06088,12660200006088,CU00470,PR002,BR004,2020-03-23,,ACTIVE,INR,8343.74,SAVINGS
AC06089,75460100006089,CU00668,PR003,BR010,2024-10-03,,DORMANT,INR,39207.01,SAVINGS
AC06090,66949900006090,CU00255,PR003,BR008,2025-04-30,2026-08-26,CLOSED,INR,129348.69,SAVINGS
AC06091,40543400006091,CU02039,PR002,BR001,2025-01-30,2026-08-26,CLOSED,INR,141518.31,SAVINGS
AC06092,64217000006092,CU04196,PR009,BR003,2019-05-29,2021-01-26,CLOSED,INR,210380.70,FIXED_DEPOSIT
AC06093,85159900006093,CU02952,PR008,BR009,2022-04-29,2024-08-26,CLOSED,INR,38257.75,FIXED_DEPOSIT
AC06094,74329200006094,CU00744,PR003,BR005,2020-10-25,,ACTIVE,INR,2176.18,SAVINGS
AC06095,15164100006095,CU04149,PR006,BR010,2024-06-01,,DORMANT,INR,97869.66,CURRENT
AC06096,53162800006096,CU01835,PR004,BR002,2022-09-16,2024-03-04,CLOSED,INR,120233.85,CURRENT
AC06097,95573400006097,CU04074,PR008,BR005,2021-11-04,,ACTIVE,INR,12311.17,FIXED_DEPOSIT
AC06098,70451000006098,CU04149,PR003,BR010,2019-11-24,2022-07-11,CLOSED,INR,197396.20,SAVINGS
AC06099,74772800006099,CU04875,PR005,BR008,2019-03-21,,DORMANT,INR,184543.71,CURRENT
AC06100,15655900006100,CU00530,PR008,BR004,2019-05-06,,DORMANT,INR,79819.69,FIXED_DEPOSIT
AC06101,31345600006101,CU03518,PR003,BR008,2022-12-24,2026-08-21,CLOSED,INR,66954.27,SAVINGS
AC06102,74333800006102,CU02795,PR009,BR007,2021-03-01,,DORMANT,INR,15397.43,FIXED_DEPOSIT
AC06103,25681700006103,CU03055,PR009,BR002,2020-12-08,,DORMANT,INR,35695.77,FIXED_DEPOSIT
AC06104,29330700006104,CU00683,PR005,BR006,2019-11-24,,ACTIVE,INR,103960.29,CURRENT
AC06105,28779700006105,CU03524,PR005,BR006,2025-09-12,2026-08-24,CLOSED,INR,15545.23,CURRENT
AC06106,69215100006106,CU02197,PR007,BR009,2022-04-28,,ACTIVE,INR,92677.63,FIXED_DEPOSIT
AC06107,15826500006107,CU02113,PR006,BR009,2021-08-25,,DORMANT,INR,31141.41,CURRENT
AC06108,90412300006108,CU01838,PR003,BR005,2023-12-23,,DORMANT,INR,232742.08,SAVINGS
AC06109,70769400006109,CU02206,PR002,BR004,2025-12-14,,ACTIVE,INR,19719.40,SAVINGS
AC06110,41925000006110,CU03688,PR006,BR006,2024-04-05,,ACTIVE,INR,423.66,CURRENT
AC06111,94034500006111,CU02226,PR009,BR002,2021-02-26,2025-01-28,CLOSED,INR,40016.56,FIXED_DEPOSIT
AC06112,86328700006112,CU04656,PR005,BR003,2022-06-04,,DORMANT,INR,137011.16,CURRENT
AC06113,52401500006113,CU02055,PR003,BR010,2019-11-14,2023-06-07,CLOSED,INR,45646.00,SAVINGS
AC06114,28459500006114,CU00739,PR002,BR006,2024-02-05,2026-08-24,CLOSED,INR,26703.00,SAVINGS
AC06115,92639300006115,CU02924,PR004,BR010,2018-02-17,2020-03-15,CLOSED,INR,249779.46,CURRENT
AC06116,12496300006116,CU03430,PR002,BR008,2023-04-12,2025-03-25,CLOSED,INR,16130.98,SAVINGS
AC06117,29343200006117,CU03868,PR005,BR002,2023-07-01,,ACTIVE,INR,104247.12,CURRENT
AC06118,63947900006118,CU02038,PR002,BR009,2020-09-21,,DORMANT,INR,164597.15,SAVINGS
AC06119,31105100006119,CU04458,PR008,BR003,2022-01-06,2026-08-24,CLOSED,INR,156760.72,FIXED_DEPOSIT
AC06120,75495600006120,CU02389,PR002,BR006,2023-10-07,,ACTIVE,INR,17442.86,SAVINGS
AC06121,31583100006121,CU02397,PR009,BR007,2023-02-11,,ACTIVE,INR,9615.77,FIXED_DEPOSIT
AC06122,32305100006122,CU01458,PR007,BR005,2023-09-11,,DORMANT,INR,9806.77,FIXED_DEPOSIT
AC06123,62234900006123,CU03722,PR009,BR008,2019-03-10,,DORMANT,INR,74723.32,FIXED_DEPOSIT
AC06124,61624800006124,CU03880,PR003,BR006,2021-01-22,2022-10-27,CLOSED,INR,94260.44,SAVINGS
AC06125,73767700006125,CU01932,PR003,BR005,2024-10-08,,ACTIVE,INR,2448.81,SAVINGS
AC06126,91345800006126,CU01987,PR005,BR004,2018-05-05,2019-03-11,CLOSED,INR,195901.10,CURRENT
AC06127,76604400006127,CU01435,PR003,BR009,2024-01-28,,ACTIVE,INR,20991.10,SAVINGS
AC06128,12430700006128,CU02934,PR007,BR010,2025-07-05,,ACTIVE,INR,68410.25,FIXED_DEPOSIT
AC06129,50735000006129,CU01878,PR003,BR003,2024-08-19,2026-08-20,CLOSED,INR,111688.19,SAVINGS
AC06130,69882500006130,CU01154,PR007,BR005,2023-02-12,,DORMANT,INR,64024.34,FIXED_DEPOSIT
AC06131,39523200006131,CU00192,PR001,BR006,2021-03-28,,DORMANT,INR,9934.34,SAVINGS
AC06132,92264600006132,CU01548,PR009,BR003,2021-02-17,,DORMANT,INR,21057.95,FIXED_DEPOSIT
AC06133,87020800006133,CU03719,PR009,BR010,2025-01-01,,ACTIVE,INR,47349.04,FIXED_DEPOSIT
AC06134,60138800006134,CU01508,PR004,BR006,2023-10-29,2026-08-29,CLOSED,INR,142274.60,CURRENT
AC06135,40294300006135,CU02221,PR002,BR003,2020-04-12,,ACTIVE,INR,1751.94,SAVINGS
AC06136,16044900006136,CU04507,PR004,BR002,2018-12-23,2022-11-03,CLOSED,INR,226929.25,CURRENT
AC06137,24175800006137,CU04240,PR003,BR001,2021-01-08,2024-07-19,CLOSED,INR,164945.57,SAVINGS
AC06138,86721700006138,CU02466,PR006,BR007,2021-07-20,2023-07-18,CLOSED,INR,97821.29,CURRENT
AC06139,43523900006139,CU01010,PR008,BR002,2024-09-09,,ACTIVE,INR,22835.16,FIXED_DEPOSIT
AC06140,55082800006140,CU02235,PR009,BR005,2023-11-28,2024-07-26,CLOSED,INR,90067.11,FIXED_DEPOSIT
AC06141,30813200006141,CU03478,PR001,BR003,2018-09-01,,ACTIVE,INR,223939.54,SAVINGS
AC06142,68780400006142,CU02138,PR006,BR010,2023-05-05,,DORMANT,INR,60584.36,CURRENT
AC06143,99474500006143,CU03216,PR006,BR010,2020-07-03,,ACTIVE,INR,5722.55,CURRENT
AC06144,44783800006144,CU01152,PR008,BR006,2019-02-06,,DORMANT,INR,201147.37,FIXED_DEPOSIT
AC06145,47416700006145,CU03104,PR002,BR008,2025-06-01,,ACTIVE,INR,34524.22,SAVINGS
AC06146,11144200006146,CU02053,PR009,BR006,2022-12-14,2026-08-28,CLOSED,INR,161329.92,FIXED_DEPOSIT
AC06147,51530000006147,CU01046,PR008,BR002,2019-07-09,2024-11-25,CLOSED,INR,18438.92,FIXED_DEPOSIT
AC06148,68730600006148,CU03274,PR003,BR009,2019-09-26,,ACTIVE,INR,13791.92,SAVINGS
AC06149,56616200006149,CU01036,PR002,BR010,2018-08-15,,DORMANT,INR,38402.36,SAVINGS
AC06150,30751400006150,CU04522,PR002,BR004,2018-12-10,,DORMANT,INR,172260.81,SAVINGS
AC06151,28789900006151,CU04842,PR006,BR001,2021-04-21,,ACTIVE,INR,18539.92,CURRENT
AC06152,66689200006152,CU02093,PR006,BR009,2020-05-24,,ACTIVE,INR,8156.49,CURRENT
AC06153,62978000006153,CU01835,PR005,BR002,2022-04-27,,DORMANT,INR,154403.07,CURRENT
AC06154,10149000006154,CU04124,PR004,BR006,2020-10-31,,ACTIVE,INR,94316.42,CURRENT
AC06155,10671400006155,CU01091,PR009,BR009,2023-10-21,2025-01-03,CLOSED,INR,82039.81,FIXED_DEPOSIT
AC06156,42822700006156,CU00475,PR005,BR004,2023-01-08,,DORMANT,INR,53434.47,CURRENT
AC06157,74919800006157,CU01838,PR008,BR005,2024-08-27,2026-08-26,CLOSED,INR,18821.36,FIXED_DEPOSIT
AC06158,43396300006158,CU01248,PR005,BR003,2021-04-11,,DORMANT,INR,202408.33,CURRENT
AC06159,39446200006159,CU04407,PR001,BR003,2022-12-23,2024-06-21,CLOSED,INR,244190.54,SAVINGS
AC06160,94252700006160,CU01089,PR008,BR005,2018-11-29,2022-03-15,CLOSED,INR,213796.27,FIXED_DEPOSIT
AC06161,94074100006161,CU02079,PR008,BR008,2019-03-17,,DORMANT,INR,144852.62,FIXED_DEPOSIT
AC06162,25123200006162,CU01584,PR005,BR010,2022-06-08,2026-08-28,CLOSED,INR,178236.48,CURRENT
AC06163,91689100006163,CU02390,PR004,BR009,2023-09-28,2026-08-27,CLOSED,INR,88701.28,CURRENT
AC06164,31881800006164,CU01951,PR003,BR003,2024-02-03,2026-06-30,CLOSED,INR,82890.13,SAVINGS
AC06165,63878000006165,CU02772,PR005,BR010,2018-11-05,,DORMANT,INR,208418.25,CURRENT
AC06166,54753900006166,CU04177,PR002,BR006,2025-04-02,,DORMANT,INR,25252.97,SAVINGS
AC06167,78109200006167,CU00803,PR007,BR002,2019-09-23,,DORMANT,INR,34485.41,FIXED_DEPOSIT
AC06168,98603600006168,CU03491,PR006,BR010,2019-07-19,,ACTIVE,INR,325179.72,CURRENT
AC06169,54004700006169,CU02677,PR002,BR005,2020-08-17,,DORMANT,INR,94082.93,SAVINGS
AC06170,66603000006170,CU01492,PR006,BR004,2020-10-28,,DORMANT,INR,109983.55,CURRENT
AC06171,52782800006171,CU01028,PR005,BR007,2023-10-17,,ACTIVE,INR,20700.67,CURRENT
AC06172,76463000006172,CU04279,PR004,BR008,2019-07-14,,DORMANT,INR,128584.80,CURRENT
AC06173,95440000006173,CU04941,PR007,BR001,2024-02-17,2026-08-29,CLOSED,INR,230399.38,FIXED_DEPOSIT
AC06174,80634800006174,CU02392,PR003,BR010,2022-12-11,,ACTIVE,INR,18527.20,SAVINGS
AC06175,82284500006175,CU04692,PR004,BR010,2024-01-11,,ACTIVE,INR,1786.43,CURRENT
AC06176,49072500006176,CU01240,PR002,BR006,2019-01-12,,ACTIVE,INR,79329.01,SAVINGS
AC06177,81885700006177,CU03664,PR002,BR005,2023-02-03,,DORMANT,INR,156010.64,SAVINGS
AC06178,72437400006178,CU01453,PR005,BR010,2024-02-16,2026-08-25,CLOSED,INR,56376.91,CURRENT
AC06179,46242400006179,CU02039,PR008,BR001,2025-02-26,2026-08-29,CLOSED,INR,136106.01,FIXED_DEPOSIT
AC06180,89677000006180,CU04667,PR003,BR001,2018-09-10,,ACTIVE,INR,20051.64,SAVINGS
AC06181,23717100006181,CU03213,PR006,BR004,2018-11-08,,DORMANT,INR,112613.62,CURRENT
AC06182,15575700006182,CU03881,PR003,BR009,2020-02-16,2022-08-16,CLOSED,INR,220124.71,SAVINGS
AC06183,19007200006183,CU01092,PR009,BR005,2022-03-07,2023-03-10,CLOSED,INR,68755.43,FIXED_DEPOSIT
AC06184,26150400006184,CU02100,PR002,BR003,2020-03-21,2022-06-07,CLOSED,INR,243708.41,SAVINGS
AC06185,58112600006185,CU02130,PR007,BR001,2021-02-03,2021-09-17,CLOSED,INR,189670.63,FIXED_DEPOSIT
AC06186,81512700006186,CU03268,PR002,BR009,2021-04-01,,ACTIVE,INR,45158.97,SAVINGS
AC06187,63802900006187,CU00093,PR004,BR007,2019-09-21,2024-04-03,CLOSED,INR,114801.76,CURRENT
AC06188,47998500006188,CU00318,PR007,BR009,2022-09-06,,DORMANT,INR,229466.22,FIXED_DEPOSIT
AC06189,94516900006189,CU02364,PR007,BR003,2024-09-03,2026-08-29,CLOSED,INR,159798.95,FIXED_DEPOSIT
AC06190,26179100006190,CU00370,PR005,BR004,2019-10-02,2023-09-04,CLOSED,INR,146862.86,CURRENT
AC06191,14231200006191,CU02519,PR006,BR006,2019-07-04,,ACTIVE,INR,0.00,CURRENT
AC06192,64004800006192,CU02850,PR009,BR003,2018-09-17,2023-12-20,CLOSED,INR,233535.58,FIXED_DEPOSIT
AC06193,98039100006193,CU04149,PR001,BR010,2025-06-03,2026-08-29,CLOSED,INR,25210.96,SAVINGS
AC06194,87880800006194,CU04883,PR009,BR005,2019-08-06,2022-11-27,CLOSED,INR,228062.60,FIXED_DEPOSIT
AC06195,24264100006195,CU04796,PR005,BR002,2024-07-11,,DORMANT,INR,159131.66,CURRENT
AC06196,97428300006196,CU03407,PR005,BR004,2021-07-19,,ACTIVE,INR,30178.20,CURRENT
AC06197,50285300006197,CU02559,PR003,BR009,2021-10-15,,DORMANT,INR,165063.89,SAVINGS
AC06198,12074600006198,CU03722,PR005,BR008,2019-07-30,2020-09-04,CLOSED,INR,220446.17,CURRENT
AC06199,39607700006199,CU00081,PR002,BR001,2018-04-29,,DORMANT,INR,214045.76,SAVINGS
AC06200,47118600006200,CU04953,PR002,BR001,2025-11-19,,ACTIVE,INR,5146.04,SAVINGS
AC06201,33290700006201,CU04494,PR009,BR001,2021-07-14,2022-03-07,CLOSED,INR,249980.19,FIXED_DEPOSIT
AC06202,44773200006202,CU00705,PR004,BR002,2024-02-10,2026-08-22,CLOSED,INR,153559.42,CURRENT
AC06203,13330000006203,CU03901,PR005,BR004,2020-04-05,,ACTIVE,INR,31556.23,CURRENT
AC06204,49228400006204,CU00268,PR004,BR006,2018-03-13,,ACTIVE,INR,115930.91,CURRENT
AC06205,96344400006205,CU01930,PR001,BR001,2019-08-03,,ACTIVE,INR,733.55,SAVINGS
AC06206,37548700006206,CU03596,PR007,BR008,2025-10-04,,DORMANT,INR,173891.54,FIXED_DEPOSIT
AC06207,14168000006207,CU02259,PR008,BR010,2018-01-02,2021-08-14,CLOSED,INR,49830.44,FIXED_DEPOSIT
AC06208,59432600006208,CU00073,PR006,BR002,2024-02-17,2024-12-08,CLOSED,INR,228995.61,CURRENT
AC06209,16516100006209,CU00946,PR003,BR006,2024-11-02,,ACTIVE,INR,63675.29,SAVINGS
AC06210,80748000006210,CU02685,PR008,BR004,2024-07-21,,DORMANT,INR,93241.22,FIXED_DEPOSIT
AC06211,48533300006211,CU00282,PR004,BR006,2022-01-14,,ACTIVE,INR,75.29,CURRENT
AC06212,37670100006212,CU03482,PR002,BR005,2022-02-06,,ACTIVE,INR,2710.47,SAVINGS
AC06213,30465800006213,CU01138,PR006,BR001,2024-12-18,,ACTIVE,INR,24824.32,CURRENT
AC06214,73078800006214,CU00748,PR007,BR006,2019-09-27,,DORMANT,INR,38683.48,FIXED_DEPOSIT
AC06215,70442900006215,CU03148,PR005,BR004,2024-12-12,2026-08-25,CLOSED,INR,22462.75,CURRENT
AC06216,72855200006216,CU00978,PR006,BR002,2023-07-18,,ACTIVE,INR,14791.12,CURRENT
AC06217,49716500006217,CU00597,PR007,BR010,2019-10-02,,DORMANT,INR,7571.00,FIXED_DEPOSIT
AC06218,92991100006218,CU03658,PR001,BR001,2018-10-08,,ACTIVE,INR,1957.16,SAVINGS
AC06219,91536900006219,CU02978,PR008,BR002,2023-02-16,,ACTIVE,INR,10386.69,FIXED_DEPOSIT
AC06220,97430600006220,CU00608,PR007,BR005,2021-04-21,,ACTIVE,INR,84073.59,FIXED_DEPOSIT
AC06221,93946500006221,CU03092,PR007,BR003,2022-06-14,,ACTIVE,INR,41592.42,FIXED_DEPOSIT
AC06222,55445600006222,CU01837,PR003,BR008,2018-12-05,2020-04-20,CLOSED,INR,46066.10,SAVINGS
AC06223,57114700006223,CU01835,PR001,BR002,2024-07-25,2026-08-20,CLOSED,INR,145421.57,SAVINGS
AC06224,18913800006224,CU00074,PR007,BR002,2020-06-05,,DORMANT,INR,150879.15,FIXED_DEPOSIT
AC06225,49487000006225,CU03901,PR005,BR004,2024-02-05,2024-08-20,CLOSED,INR,80360.03,CURRENT
AC06226,44613200006226,CU01782,PR003,BR004,2021-03-17,2024-04-05,CLOSED,INR,83322.36,SAVINGS
AC06227,96471900006227,CU02375,PR009,BR002,2025-05-05,,DORMANT,INR,88984.77,FIXED_DEPOSIT
AC06228,64278300006228,CU01173,PR003,BR005,2018-03-04,,ACTIVE,INR,14457.16,SAVINGS
AC06229,14613400006229,CU01064,PR002,BR004,2019-09-16,,DORMANT,INR,142059.56,SAVINGS
AC06230,74423800006230,CU02846,PR006,BR004,2019-02-17,2023-05-10,CLOSED,INR,37918.41,CURRENT
AC06231,39061700006231,CU01929,PR008,BR005,2025-02-28,,DORMANT,INR,93900.81,FIXED_DEPOSIT
AC06232,34226900006232,CU03563,PR005,BR005,2018-09-18,2021-11-01,CLOSED,INR,207083.23,CURRENT
AC06233,73926100006233,CU02089,PR002,BR005,2020-03-23,,ACTIVE,INR,20909.41,SAVINGS
AC06234,90277300006234,CU01152,PR002,BR006,2020-09-17,,DORMANT,INR,247078.27,SAVINGS
AC06235,96376500006235,CU00242,PR006,BR005,2024-07-04,,ACTIVE,INR,154636.87,CURRENT
AC06236,78092700006236,CU03750,PR008,BR006,2025-08-05,,ACTIVE,INR,38064.13,FIXED_DEPOSIT
AC06237,33696300006237,CU01614,PR007,BR002,2018-08-07,,DORMANT,INR,31825.21,FIXED_DEPOSIT
AC06238,28982500006238,CU03530,PR004,BR005,2024-01-20,2026-08-28,CLOSED,INR,68103.48,CURRENT
AC06239,25818300006239,CU01975,PR009,BR004,2020-03-15,,DORMANT,INR,106205.58,FIXED_DEPOSIT
AC06240,54740400006240,CU04203,PR003,BR008,2019-09-17,2020-12-26,CLOSED,INR,185209.62,SAVINGS
AC06241,99964100006241,CU02641,PR009,BR007,2019-05-14,2023-01-24,CLOSED,INR,148786.09,FIXED_DEPOSIT
AC06242,25447100006242,CU03465,PR006,BR006,2022-10-15,2023-06-30,CLOSED,INR,167243.08,CURRENT
AC06243,33681100006243,CU03449,PR009,BR010,2019-06-21,,DORMANT,INR,70354.90,FIXED_DEPOSIT
AC06244,16890900006244,CU04802,PR002,BR005,2024-10-21,2025-05-16,CLOSED,INR,143061.00,SAVINGS
AC06245,94367800006245,CU03908,PR007,BR009,2020-10-02,,ACTIVE,INR,108.80,FIXED_DEPOSIT
AC06246,31771700006246,CU04103,PR009,BR005,2018-09-18,2022-04-26,CLOSED,INR,209288.39,FIXED_DEPOSIT
AC06247,50272600006247,CU02209,PR005,BR006,2022-11-03,2025-12-28,CLOSED,INR,129890.64,CURRENT
AC06248,78169400006248,CU04101,PR001,BR010,2024-11-01,2026-08-22,CLOSED,INR,118776.73,SAVINGS
AC06249,63512600006249,CU01682,PR006,BR008,2019-05-04,2019-11-03,CLOSED,INR,163632.84,CURRENT
AC06250,25550800006250,CU03392,PR005,BR009,2023-10-17,2026-04-07,CLOSED,INR,206897.06,CURRENT
AC06251,48889300006251,CU02012,PR004,BR006,2022-11-10,,ACTIVE,INR,33201.96,CURRENT
AC06252,61262200006252,CU00057,PR005,BR005,2018-07-19,,DORMANT,INR,148549.30,CURRENT
AC06253,33214900006253,CU00356,PR003,BR004,2024-01-16,,DORMANT,INR,226234.89,SAVINGS
AC06254,61827900006254,CU00179,PR004,BR006,2025-08-24,,DORMANT,INR,161737.89,CURRENT
AC06255,42873900006255,CU02786,PR004,BR010,2021-03-17,2024-11-10,CLOSED,INR,103812.54,CURRENT
AC06256,70628800006256,CU04837,PR009,BR001,2025-12-23,,ACTIVE,INR,65197.09,FIXED_DEPOSIT
AC06257,32129400006257,CU00686,PR003,BR004,2019-12-05,,ACTIVE,INR,8470.42,SAVINGS
AC06258,14381600006258,CU04180,PR008,BR001,2018-12-04,,DORMANT,INR,108490.32,FIXED_DEPOSIT
AC06259,43670600006259,CU03234,PR009,BR006,2023-02-22,,DORMANT,INR,224425.34,FIXED_DEPOSIT
AC06260,49974600006260,CU04177,PR006,BR006,2025-11-04,,ACTIVE,INR,117030.19,CURRENT
AC06261,91069600006261,CU00238,PR004,BR007,2019-10-31,,ACTIVE,INR,20575.14,CURRENT
AC06262,88720200006262,CU02583,PR009,BR004,2024-01-02,,ACTIVE,INR,57797.12,FIXED_DEPOSIT
AC06263,74809600006263,CU03386,PR007,BR005,2023-05-03,2025-08-24,CLOSED,INR,125005.44,FIXED_DEPOSIT
AC06264,47396700006264,CU04953,PR009,BR001,2021-01-04,,ACTIVE,INR,64706.20,FIXED_DEPOSIT
AC06265,13638000006265,CU03206,PR001,BR003,2024-05-06,2026-06-03,CLOSED,INR,169837.18,SAVINGS
AC06266,15762800006266,CU04629,PR002,BR006,2025-03-25,,DORMANT,INR,65687.13,SAVINGS
AC06267,58021500006267,CU03422,PR002,BR007,2022-08-12,,DORMANT,INR,241091.99,SAVINGS
AC06268,35941100006268,CU01165,PR001,BR002,2021-11-28,,DORMANT,INR,64774.22,SAVINGS
AC06269,84382700006269,CU00672,PR003,BR004,2024-07-30,,DORMANT,INR,13657.83,SAVINGS
AC06270,83767200006270,CU00739,PR004,BR006,2022-07-27,,DORMANT,INR,6076.18,CURRENT
AC06271,89252600006271,CU03612,PR006,BR006,2021-09-21,,ACTIVE,INR,12330.85,CURRENT
AC06272,74006900006272,CU01205,PR005,BR001,2022-02-15,,DORMANT,INR,149927.49,CURRENT
AC06273,64154900006273,CU02646,PR009,BR010,2023-06-21,,ACTIVE,INR,55096.66,FIXED_DEPOSIT
AC06274,96963900006274,CU00793,PR003,BR010,2021-11-09,,ACTIVE,INR,41841.14,SAVINGS
AC06275,35391600006275,CU02605,PR007,BR002,2018-07-16,,ACTIVE,INR,58931.01,FIXED_DEPOSIT
AC06276,68074100006276,CU03870,PR005,BR007,2022-10-13,2025-07-03,CLOSED,INR,15939.87,CURRENT
AC06277,72370700006277,CU03487,PR003,BR010,2021-06-14,2025-02-26,CLOSED,INR,130305.22,SAVINGS
AC06278,51346300006278,CU02492,PR009,BR006,2021-06-18,,ACTIVE,INR,38616.56,FIXED_DEPOSIT
AC06279,31194000006279,CU01914,PR001,BR008,2019-10-13,,ACTIVE,INR,1531.04,SAVINGS
AC06280,93894100006280,CU02634,PR004,BR006,2025-01-01,2026-08-29,CLOSED,INR,8316.99,CURRENT
AC06281,92132800006281,CU02830,PR008,BR009,2019-03-14,2022-05-22,CLOSED,INR,246336.96,FIXED_DEPOSIT
AC06282,25277500006282,CU02360,PR007,BR008,2023-03-14,,ACTIVE,INR,8114.59,FIXED_DEPOSIT
AC06283,16112500006283,CU03674,PR002,BR008,2022-07-21,,ACTIVE,INR,82114.26,SAVINGS
AC06284,97755100006284,CU03222,PR007,BR004,2018-08-04,,DORMANT,INR,22600.90,FIXED_DEPOSIT
AC06285,81093100006285,CU02102,PR008,BR009,2023-11-26,,ACTIVE,INR,8658.90,FIXED_DEPOSIT
AC06286,89780800006286,CU00229,PR005,BR002,2024-05-16,,ACTIVE,INR,330224.20,CURRENT
AC06287,86600100006287,CU00614,PR002,BR008,2025-07-19,,DORMANT,INR,102018.15,SAVINGS
AC06288,77357300006288,CU00561,PR005,BR003,2021-06-20,2022-11-29,CLOSED,INR,43445.08,CURRENT
AC06289,93341500006289,CU03576,PR002,BR007,2025-05-09,2026-08-20,CLOSED,INR,32382.45,SAVINGS
AC06290,65308700006290,CU01737,PR004,BR004,2018-01-31,2023-01-13,CLOSED,INR,183481.85,CURRENT
AC06291,22728600006291,CU00378,PR003,BR002,2019-06-01,,ACTIVE,INR,3978.51,SAVINGS
AC06292,75626000006292,CU04393,PR009,BR010,2021-05-25,,DORMANT,INR,240985.63,FIXED_DEPOSIT
AC06293,32821000006293,CU01262,PR003,BR004,2021-06-05,,ACTIVE,INR,6.04,SAVINGS
AC06294,86997000006294,CU01620,PR002,BR001,2023-08-09,,DORMANT,INR,92995.68,SAVINGS
AC06295,40342100006295,CU02086,PR002,BR006,2025-10-23,,DORMANT,INR,117981.96,SAVINGS
AC06296,21334700006296,CU03052,PR007,BR004,2018-07-28,2021-09-15,CLOSED,INR,137416.05,FIXED_DEPOSIT
AC06297,10016900006297,CU00542,PR002,BR005,2020-10-15,,DORMANT,INR,99353.36,SAVINGS
AC06298,67852700006298,CU01929,PR003,BR005,2024-01-12,,DORMANT,INR,164803.45,SAVINGS
AC06299,37548800006299,CU02550,PR007,BR007,2023-05-20,,ACTIVE,INR,61247.26,FIXED_DEPOSIT
AC06300,97544400006300,CU01930,PR008,BR001,2025-11-01,2026-08-21,CLOSED,INR,210773.66,FIXED_DEPOSIT
AC06301,68332900006301,CU00939,PR008,BR010,2019-11-15,,ACTIVE,INR,77279.36,FIXED_DEPOSIT
AC06302,90971900006302,CU00677,PR004,BR008,2021-10-24,,ACTIVE,INR,36828.56,CURRENT
AC06303,51858700006303,CU02877,PR002,BR006,2018-01-21,,ACTIVE,INR,19238.27,SAVINGS
AC06304,33146600006304,CU00005,PR005,BR008,2023-10-03,,DORMANT,INR,208603.44,CURRENT
AC06305,29490900006305,CU00220,PR001,BR006,2025-09-14,,ACTIVE,INR,68592.76,SAVINGS
AC06306,98288900006306,CU00850,PR009,BR005,2019-09-04,,ACTIVE,INR,49093.41,FIXED_DEPOSIT
AC06307,77203300006307,CU04135,PR001,BR006,2021-11-05,,ACTIVE,INR,90850.90,SAVINGS
AC06308,20711600006308,CU00856,PR009,BR006,2020-01-04,2024-12-22,CLOSED,INR,106534.16,FIXED_DEPOSIT
AC06309,35638400006309,CU04477,PR006,BR004,2024-11-23,,ACTIVE,INR,44038.22,CURRENT
AC06310,85572700006310,CU00075,PR003,BR009,2025-09-26,,DORMANT,INR,186350.87,SAVINGS
AC06311,35776300006311,CU03058,PR009,BR007,2025-08-04,2026-08-26,CLOSED,INR,50315.57,FIXED_DEPOSIT
AC06312,71931300006312,CU00905,PR005,BR003,2023-05-09,2024-02-15,CLOSED,INR,105204.71,CURRENT
AC06313,27625300006313,CU00433,PR007,BR006,2020-05-18,,DORMANT,INR,51703.02,FIXED_DEPOSIT
AC06314,21738300006314,CU03982,PR008,BR009,2025-04-22,2026-08-21,CLOSED,INR,110613.95,FIXED_DEPOSIT
AC06315,71923300006315,CU00038,PR001,BR009,2019-02-11,,DORMANT,INR,21829.98,SAVINGS
AC06316,69967700006316,CU01265,PR007,BR009,2020-10-23,2021-08-05,CLOSED,INR,60047.14,FIXED_DEPOSIT
AC06317,39752500006317,CU02029,PR004,BR009,2018-06-25,2021-02-10,CLOSED,INR,4703.86,CURRENT
AC06318,49891700006318,CU03887,PR005,BR007,2020-02-14,2024-01-28,CLOSED,INR,220757.38,CURRENT
AC06319,84470500006319,CU04326,PR006,BR004,2020-02-06,,ACTIVE,INR,5377.02,CURRENT
AC06320,65560900006320,CU02567,PR005,BR004,2023-06-07,,DORMANT,INR,198480.62,CURRENT
AC06321,62343400006321,CU02146,PR007,BR004,2025-12-23,,DORMANT,INR,85575.42,FIXED_DEPOSIT
AC06322,41098300006322,CU02479,PR007,BR007,2023-08-17,,ACTIVE,INR,44662.43,FIXED_DEPOSIT
AC06323,89173500006323,CU01571,PR004,BR003,2024-01-18,,ACTIVE,INR,72921.77,CURRENT
AC06324,73522600006324,CU04362,PR002,BR007,2019-01-01,2022-01-03,CLOSED,INR,77186.52,SAVINGS
AC06325,56146900006325,CU03596,PR005,BR008,2022-01-30,,ACTIVE,INR,46023.76,CURRENT
AC06326,47044200006326,CU02803,PR005,BR010,2021-07-03,,DORMANT,INR,30486.58,CURRENT
AC06327,20030400006327,CU01338,PR001,BR005,2020-12-06,2021-08-23,CLOSED,INR,177505.81,SAVINGS
AC06328,57973800006328,CU03483,PR004,BR008,2024-01-15,,DORMANT,INR,240143.06,CURRENT
AC06329,67411600006329,CU00779,PR001,BR006,2021-03-17,,DORMANT,INR,245528.10,SAVINGS
AC06330,22546900006330,CU00896,PR005,BR003,2021-08-07,2025-04-09,CLOSED,INR,97986.77,CURRENT
AC06331,35383100006331,CU04824,PR008,BR008,2018-03-16,2018-10-03,CLOSED,INR,82503.06,FIXED_DEPOSIT
AC06332,46170500006332,CU00640,PR004,BR007,2020-05-28,,DORMANT,INR,231564.23,CURRENT
AC06333,63128200006333,CU00007,PR005,BR002,2020-07-04,,ACTIVE,INR,31836.45,CURRENT
AC06334,21570400006334,CU01900,PR009,BR007,2020-06-13,2022-07-22,CLOSED,INR,163392.24,FIXED_DEPOSIT
AC06335,67732800006335,CU04548,PR005,BR010,2024-11-19,,ACTIVE,INR,14867.44,CURRENT
AC06336,28330100006336,CU04291,PR006,BR007,2021-07-07,,DORMANT,INR,247121.29,CURRENT
AC06337,61602800006337,CU04965,PR004,BR003,2022-07-10,,ACTIVE,INR,39630.73,CURRENT
AC06338,27175800006338,CU00163,PR004,BR002,2023-03-02,,ACTIVE,INR,11548.28,CURRENT
AC06339,80412500006339,CU00398,PR001,BR010,2025-03-28,,ACTIVE,INR,272634.89,SAVINGS
AC06340,25888200006340,CU01258,PR008,BR001,2018-09-29,2023-03-06,CLOSED,INR,20062.81,FIXED_DEPOSIT
AC06341,70826400006341,CU00800,PR009,BR005,2020-09-26,,ACTIVE,INR,32492.48,FIXED_DEPOSIT
AC06342,71562900006342,CU04933,PR004,BR006,2023-04-09,,DORMANT,INR,106067.67,CURRENT
AC06343,95047300006343,CU03981,PR007,BR008,2018-11-06,2024-04-19,CLOSED,INR,44000.19,FIXED_DEPOSIT
AC06344,22404500006344,CU04014,PR006,BR004,2018-08-20,,ACTIVE,INR,33863.70,CURRENT
AC06345,20063300006345,CU02580,PR003,BR008,2025-09-07,,DORMANT,INR,217538.58,SAVINGS
AC06346,63605800006346,CU04945,PR008,BR008,2023-01-10,2026-08-21,CLOSED,INR,63016.24,FIXED_DEPOSIT
AC06347,42611400006347,CU04622,PR003,BR006,2022-02-02,,ACTIVE,INR,1704.63,SAVINGS
AC06348,92679800006348,CU04276,PR009,BR010,2021-12-08,2023-06-13,CLOSED,INR,156335.98,FIXED_DEPOSIT
AC06349,24274900006349,CU01522,PR004,BR002,2018-05-23,,DORMANT,INR,81955.55,CURRENT
AC06350,23231700006350,CU02032,PR009,BR002,2019-10-04,,ACTIVE,INR,44050.64,FIXED_DEPOSIT
AC06351,88847200006351,CU00414,PR006,BR005,2023-12-03,,ACTIVE,INR,20177.51,CURRENT
AC06352,30901500006352,CU02044,PR007,BR001,2018-01-28,,ACTIVE,INR,11126.27,FIXED_DEPOSIT
AC06353,36975800006353,CU00326,PR002,BR010,2021-10-14,,DORMANT,INR,226247.45,SAVINGS
AC06354,74858900006354,CU00941,PR001,BR006,2024-08-23,,ACTIVE,INR,22067.07,SAVINGS
AC06355,87381000006355,CU04277,PR007,BR004,2024-01-03,,DORMANT,INR,55483.22,FIXED_DEPOSIT
AC06356,28382000006356,CU01211,PR008,BR003,2024-09-14,,ACTIVE,INR,136975.31,FIXED_DEPOSIT
AC06357,93213400006357,CU02814,PR003,BR005,2020-10-11,2024-04-18,CLOSED,INR,89663.25,SAVINGS
AC06358,48036800006358,CU01471,PR004,BR003,2018-10-23,,ACTIVE,INR,1701.85,CURRENT
AC06359,17244600006359,CU03089,PR001,BR002,2023-03-09,,ACTIVE,INR,31473.19,SAVINGS
AC06360,45413600006360,CU02126,PR001,BR002,2020-12-04,,DORMANT,INR,63957.28,SAVINGS
AC06361,12438800006361,CU02351,PR001,BR008,2020-12-12,,ACTIVE,INR,1596.94,SAVINGS
AC06362,37060700006362,CU03416,PR005,BR005,2020-12-27,,ACTIVE,INR,12082.82,CURRENT
AC06363,52530600006363,CU02179,PR003,BR006,2019-07-07,,ACTIVE,INR,170344.03,SAVINGS
AC06364,88508400006364,CU00913,PR006,BR001,2024-10-22,2026-08-28,CLOSED,INR,118356.17,CURRENT
AC06365,78473700006365,CU04126,PR002,BR006,2019-06-14,,ACTIVE,INR,49.27,SAVINGS
AC06366,82237600006366,CU02937,PR007,BR010,2018-08-17,2019-03-14,CLOSED,INR,95107.95,FIXED_DEPOSIT
AC06367,14594200006367,CU03686,PR007,BR006,2024-02-28,2026-08-29,CLOSED,INR,234993.91,FIXED_DEPOSIT
AC06368,30148500006368,CU04031,PR007,BR002,2018-06-28,2021-04-23,CLOSED,INR,190587.48,FIXED_DEPOSIT
AC06369,50122300006369,CU04600,PR004,BR009,2022-06-15,,ACTIVE,INR,80479.96,CURRENT
AC06370,38638600006370,CU01830,PR008,BR007,2023-02-12,2026-05-31,CLOSED,INR,151052.91,FIXED_DEPOSIT
AC06371,60918200006371,CU04949,PR003,BR005,2023-12-17,2026-01-25,CLOSED,INR,142594.17,SAVINGS
AC06372,72848600006372,CU01486,PR006,BR008,2022-10-19,,ACTIVE,INR,77921.27,CURRENT
AC06373,84199500006373,CU00223,PR004,BR004,2022-08-13,2026-05-17,CLOSED,INR,143781.65,CURRENT
AC06374,29096100006374,CU02411,PR005,BR005,2020-01-16,2022-11-27,CLOSED,INR,219290.32,CURRENT
AC06375,79670500006375,CU04905,PR005,BR005,2022-08-13,,DORMANT,INR,62751.59,CURRENT
AC06376,34904300006376,CU01873,PR005,BR006,2018-10-27,2021-09-08,CLOSED,INR,77099.92,CURRENT
AC06377,40328200006377,CU00978,PR007,BR002,2020-11-17,2022-09-13,CLOSED,INR,119087.46,FIXED_DEPOSIT
AC06378,61225300006378,CU02054,PR001,BR002,2019-04-17,,DORMANT,INR,47160.26,SAVINGS
AC06379,98282400006379,CU03985,PR008,BR006,2020-12-07,2022-03-13,CLOSED,INR,78511.42,FIXED_DEPOSIT
AC06380,44396900006380,CU00480,PR008,BR002,2018-07-22,,DORMANT,INR,136613.84,FIXED_DEPOSIT
AC06381,26242800006381,CU02489,PR001,BR004,2019-10-24,,ACTIVE,INR,188.12,SAVINGS
AC06382,89754800006382,CU01180,PR002,BR003,2020-02-13,,ACTIVE,INR,801.49,SAVINGS
AC06383,95176600006383,CU01190,PR009,BR004,2021-08-23,,DORMANT,INR,147281.43,FIXED_DEPOSIT
AC06384,23741200006384,CU02784,PR005,BR007,2022-05-13,2023-12-26,CLOSED,INR,5433.18,CURRENT
AC06385,65206000006385,CU03609,PR004,BR010,2020-05-03,,ACTIVE,INR,163182.86,CURRENT
AC06386,24165200006386,CU04369,PR007,BR008,2022-09-17,2025-11-21,CLOSED,INR,173893.96,FIXED_DEPOSIT
AC06387,40549000006387,CU04464,PR003,BR007,2024-07-18,,ACTIVE,INR,78473.95,SAVINGS
AC06388,68214500006388,CU00565,PR009,BR005,2020-07-02,,DORMANT,INR,51492.60,FIXED_DEPOSIT
AC06389,22207000006389,CU03070,PR005,BR010,2025-04-08,,DORMANT,INR,217342.94,CURRENT
AC06390,21180600006390,CU00382,PR009,BR010,2022-12-14,,ACTIVE,INR,137.69,FIXED_DEPOSIT
AC06391,95321500006391,CU01371,PR004,BR008,2024-08-05,,DORMANT,INR,80286.48,CURRENT
AC06392,87755500006392,CU00978,PR006,BR002,2020-12-31,,DORMANT,INR,112807.61,CURRENT
AC06393,84160000006393,CU01333,PR009,BR010,2024-05-28,,DORMANT,INR,136203.69,FIXED_DEPOSIT
AC06394,21741300006394,CU00836,PR006,BR009,2018-03-19,,ACTIVE,INR,58250.75,CURRENT
AC06395,27046900006395,CU03400,PR002,BR005,2025-09-08,,ACTIVE,INR,17250.02,SAVINGS
AC06396,20226000006396,CU01071,PR007,BR008,2022-08-23,2025-07-29,CLOSED,INR,191704.48,FIXED_DEPOSIT
AC06397,32303200006397,CU00052,PR002,BR009,2019-03-13,,DORMANT,INR,78335.21,SAVINGS
AC06398,89791500006398,CU00692,PR008,BR003,2021-07-07,2025-09-05,CLOSED,INR,141617.80,FIXED_DEPOSIT
AC06399,74075500006399,CU03452,PR001,BR003,2023-11-07,,DORMANT,INR,1793.61,SAVINGS
AC06400,12757300006400,CU04748,PR003,BR003,2021-03-07,,DORMANT,INR,160027.82,SAVINGS
AC06401,15775100006401,CU03149,PR008,BR003,2023-07-25,,ACTIVE,INR,98454.42,FIXED_DEPOSIT
AC06402,94868600006402,CU03697,PR008,BR006,2025-01-10,,DORMANT,INR,190635.93,FIXED_DEPOSIT
AC06403,45118400006403,CU02716,PR001,BR007,2020-10-06,,ACTIVE,INR,4266.92,SAVINGS
AC06404,74638600006404,CU01812,PR004,BR010,2019-11-11,2025-01-13,CLOSED,INR,180340.76,CURRENT
AC06405,85087900006405,CU02152,PR005,BR006,2022-01-25,,DORMANT,INR,99728.82,CURRENT
AC06406,66716200006406,CU02059,PR006,BR001,2018-06-10,,ACTIVE,INR,104270.11,CURRENT
AC06407,68466900006407,CU03611,PR001,BR002,2025-04-30,,DORMANT,INR,79382.24,SAVINGS
AC06408,29960000006408,CU02960,PR002,BR005,2025-02-27,2026-08-26,CLOSED,INR,236647.00,SAVINGS
AC06409,91559900006409,CU03319,PR003,BR004,2025-11-21,,ACTIVE,INR,95601.19,SAVINGS
AC06410,77806400006410,CU00889,PR004,BR008,2019-06-23,,DORMANT,INR,148495.56,CURRENT
AC06411,49769900006411,CU02716,PR005,BR007,2020-03-05,,DORMANT,INR,172538.86,CURRENT
AC06412,42648800006412,CU01713,PR009,BR009,2021-11-26,,DORMANT,INR,32716.33,FIXED_DEPOSIT
AC06413,66038100006413,CU00688,PR005,BR004,2019-04-02,,DORMANT,INR,51066.61,CURRENT
AC06414,64528000006414,CU04074,PR002,BR005,2021-01-10,,ACTIVE,INR,9.06,SAVINGS
AC06415,86270800006415,CU01523,PR005,BR006,2018-01-16,,DORMANT,INR,216993.32,CURRENT
AC06416,85984600006416,CU01848,PR001,BR003,2019-02-10,,DORMANT,INR,97416.33,SAVINGS
AC06417,97240800006417,CU03134,PR004,BR010,2019-05-17,,DORMANT,INR,60508.59,CURRENT
AC06418,28515300006418,CU00675,PR005,BR003,2023-02-02,2026-08-23,CLOSED,INR,31831.70,CURRENT
AC06419,77488400006419,CU02249,PR009,BR008,2019-11-12,,DORMANT,INR,198464.22,FIXED_DEPOSIT
AC06420,99921200006420,CU03387,PR002,BR001,2024-08-28,,DORMANT,INR,78492.94,SAVINGS
AC06421,44482700006421,CU02801,PR002,BR003,2018-08-26,2019-09-26,CLOSED,INR,244455.13,SAVINGS
AC06422,90654900006422,CU01871,PR002,BR007,2020-10-02,2022-05-30,CLOSED,INR,35402.37,SAVINGS
AC06423,31678700006423,CU04352,PR009,BR004,2024-01-25,,ACTIVE,INR,46275.98,FIXED_DEPOSIT
AC06424,12588800006424,CU04702,PR003,BR010,2022-03-03,,DORMANT,INR,104775.87,SAVINGS
AC06425,94242100006425,CU01166,PR003,BR009,2019-10-20,,ACTIVE,INR,32059.66,SAVINGS
AC06426,80348300006426,CU00129,PR009,BR004,2025-05-08,,DORMANT,INR,43523.83,FIXED_DEPOSIT
AC06427,19455200006427,CU01918,PR009,BR008,2019-05-07,,ACTIVE,INR,11758.34,FIXED_DEPOSIT
AC06428,33548200006428,CU04980,PR008,BR005,2022-11-05,2026-02-23,CLOSED,INR,216950.51,FIXED_DEPOSIT
AC06429,89121300006429,CU01395,PR003,BR005,2021-08-26,2025-07-23,CLOSED,INR,183644.02,SAVINGS
AC06430,23427400006430,CU04504,PR008,BR010,2019-09-11,2024-11-09,CLOSED,INR,100398.58,FIXED_DEPOSIT
AC06431,24546000006431,CU01539,PR004,BR003,2025-08-04,,DORMANT,INR,27556.90,CURRENT
AC06432,14491800006432,CU03271,PR006,BR002,2020-07-28,,DORMANT,INR,181536.26,CURRENT
AC06433,99818300006433,CU04293,PR009,BR010,2024-10-10,,DORMANT,INR,42949.49,FIXED_DEPOSIT
AC06434,62888500006434,CU01011,PR005,BR010,2020-08-14,,ACTIVE,INR,40.20,CURRENT
AC06435,66079400006435,CU02198,PR005,BR004,2023-08-08,2026-08-20,CLOSED,INR,149997.02,CURRENT
AC06436,96218600006436,CU00310,PR005,BR010,2019-05-20,,ACTIVE,INR,13216.06,CURRENT
AC06437,93861900006437,CU02265,PR005,BR005,2020-07-19,,DORMANT,INR,114076.50,CURRENT
AC06438,13468500006438,CU04099,PR002,BR010,2023-04-26,,ACTIVE,INR,119531.80,SAVINGS
AC06439,95002000006439,CU00590,PR002,BR002,2018-12-14,,DORMANT,INR,75874.29,SAVINGS
AC06440,15752100006440,CU03480,PR005,BR001,2018-09-22,2022-10-22,CLOSED,INR,60765.42,CURRENT
AC06441,79296600006441,CU01704,PR009,BR003,2019-04-30,,ACTIVE,INR,143.97,FIXED_DEPOSIT
AC06442,14917400006442,CU04197,PR002,BR002,2018-12-23,2021-03-10,CLOSED,INR,77396.05,SAVINGS
AC06443,64523000006443,CU04206,PR009,BR004,2024-07-28,2025-09-30,CLOSED,INR,167624.68,FIXED_DEPOSIT
AC06444,70056000006444,CU01911,PR004,BR001,2021-02-14,,DORMANT,INR,138262.69,CURRENT
AC06445,48760100006445,CU00171,PR002,BR008,2024-03-21,2026-08-26,CLOSED,INR,35760.77,SAVINGS
AC06446,47198400006446,CU00318,PR007,BR009,2025-11-18,,ACTIVE,INR,1682.38,FIXED_DEPOSIT
AC06447,16872400006447,CU01542,PR004,BR002,2022-05-05,,ACTIVE,INR,55110.25,CURRENT
AC06448,22886600006448,CU04452,PR002,BR003,2024-05-08,,DORMANT,INR,5223.24,SAVINGS
AC06449,35804300006449,CU02639,PR008,BR004,2022-05-01,,DORMANT,INR,166739.51,FIXED_DEPOSIT
AC06450,79292800006450,CU03724,PR009,BR008,2023-08-15,2025-01-23,CLOSED,INR,105760.34,FIXED_DEPOSIT
AC06451,59759400006451,CU03024,PR009,BR009,2023-01-31,,DORMANT,INR,242251.92,FIXED_DEPOSIT
AC06452,38274200006452,CU04767,PR006,BR007,2019-07-03,,DORMANT,INR,96172.79,CURRENT
AC06453,76273400006453,CU04014,PR005,BR004,2025-10-18,2026-08-25,CLOSED,INR,9664.14,CURRENT
AC06454,81983300006454,CU02950,PR005,BR007,2024-12-28,2026-08-21,CLOSED,INR,95511.36,CURRENT
AC06455,94642200006455,CU01149,PR008,BR004,2021-09-14,,DORMANT,INR,6982.16,FIXED_DEPOSIT
AC06456,44400900006456,CU03622,PR003,BR008,2022-04-17,,DORMANT,INR,227198.30,SAVINGS
AC06457,40689300006457,CU03330,PR007,BR006,2025-11-17,,DORMANT,INR,146900.99,FIXED_DEPOSIT
AC06458,78075700006458,CU01818,PR002,BR010,2018-05-28,,ACTIVE,INR,0.00,SAVINGS
AC06459,77933500006459,CU02330,PR006,BR010,2023-11-07,,ACTIVE,INR,17201.78,CURRENT
AC06460,55516800006460,CU04557,PR009,BR005,2022-01-31,,ACTIVE,INR,113956.07,FIXED_DEPOSIT
AC06461,51821300006461,CU03332,PR009,BR003,2021-08-07,,ACTIVE,INR,33353.96,FIXED_DEPOSIT
AC06462,81657600006462,CU03683,PR004,BR008,2023-05-17,,DORMANT,INR,200160.55,CURRENT
AC06463,51164800006463,CU04499,PR006,BR010,2022-10-13,,DORMANT,INR,190095.90,CURRENT
AC06464,64915600006464,CU00188,PR006,BR010,2018-04-17,,ACTIVE,INR,5086.65,CURRENT
AC06465,62944800006465,CU01839,PR006,BR010,2021-04-21,,ACTIVE,INR,62772.54,CURRENT
AC06466,95045600006466,CU01057,PR001,BR008,2025-02-18,2026-08-23,CLOSED,INR,82184.68,SAVINGS
AC06467,19751100006467,CU03914,PR001,BR001,2021-08-10,2024-11-24,CLOSED,INR,220788.77,SAVINGS
AC06468,77784200006468,CU03145,PR007,BR001,2024-04-22,2024-11-12,CLOSED,INR,78536.00,FIXED_DEPOSIT
AC06469,65088400006469,CU03988,PR005,BR001,2024-05-19,,ACTIVE,INR,117937.79,CURRENT
AC06470,39711900006470,CU02064,PR002,BR010,2018-01-15,2020-09-27,CLOSED,INR,28082.74,SAVINGS
AC06471,46749900006471,CU02349,PR004,BR010,2025-01-02,,DORMANT,INR,33873.45,CURRENT
AC06472,38310800006472,CU02513,PR005,BR010,2018-05-29,2020-10-17,CLOSED,INR,68268.17,CURRENT
AC06473,75402100006473,CU03931,PR008,BR003,2020-01-10,,ACTIVE,INR,156758.95,FIXED_DEPOSIT
AC06474,34942900006474,CU02938,PR001,BR005,2025-02-09,,ACTIVE,INR,150167.75,SAVINGS
AC06475,78438100006475,CU01199,PR008,BR005,2025-04-08,2026-08-23,CLOSED,INR,192355.58,FIXED_DEPOSIT
AC06476,50996900006476,CU04036,PR003,BR008,2020-07-18,,ACTIVE,INR,80030.12,SAVINGS
AC06477,86143900006477,CU00864,PR004,BR004,2021-01-02,,ACTIVE,INR,140.35,CURRENT
AC06478,52227300006478,CU00562,PR002,BR008,2019-02-04,,DORMANT,INR,191932.02,SAVINGS
AC06479,59660000006479,CU01715,PR009,BR001,2020-02-21,,DORMANT,INR,108259.23,FIXED_DEPOSIT
AC06480,58069800006480,CU00080,PR002,BR010,2020-04-12,2021-12-06,CLOSED,INR,52680.51,SAVINGS
AC06481,48771100006481,CU01664,PR007,BR009,2025-07-08,2026-08-26,CLOSED,INR,199264.11,FIXED_DEPOSIT
AC06482,95893400006482,CU03972,PR001,BR003,2022-07-28,2025-08-20,CLOSED,INR,147810.99,SAVINGS
AC06483,17903300006483,CU04933,PR009,BR006,2020-07-27,,DORMANT,INR,118623.04,FIXED_DEPOSIT
AC06484,90997200006484,CU00739,PR004,BR006,2021-10-01,2023-10-01,CLOSED,INR,10174.85,CURRENT
AC06485,74290200006485,CU02669,PR002,BR008,2025-11-23,,DORMANT,INR,100972.27,SAVINGS
AC06486,40637800006486,CU02471,PR006,BR003,2022-03-06,,ACTIVE,INR,74702.13,CURRENT
AC06487,28734500006487,CU01796,PR005,BR006,2023-03-21,,ACTIVE,INR,8937.04,CURRENT
AC06488,85860300006488,CU04958,PR003,BR006,2023-01-23,,ACTIVE,INR,6229.78,SAVINGS
AC06489,90591500006489,CU00889,PR006,BR008,2024-03-05,,DORMANT,INR,200537.62,CURRENT
AC06490,22377200006490,CU00955,PR006,BR001,2019-09-11,,DORMANT,INR,129086.04,CURRENT
AC06491,61152100006491,CU02722,PR007,BR002,2020-09-07,,DORMANT,INR,118153.90,FIXED_DEPOSIT
AC06492,91289900006492,CU04198,PR008,BR006,2020-03-03,,DORMANT,INR,143465.25,FIXED_DEPOSIT
AC06493,74067900006493,CU04657,PR002,BR007,2020-07-01,,ACTIVE,INR,61652.46,SAVINGS
AC06494,41444100006494,CU00308,PR009,BR005,2019-12-10,,ACTIVE,INR,105916.93,FIXED_DEPOSIT
AC06495,21172400006495,CU04485,PR005,BR005,2020-05-16,,ACTIVE,INR,14824.23,CURRENT
AC06496,85677600006496,CU04014,PR006,BR004,2022-09-23,,ACTIVE,INR,35825.37,CURRENT
AC06497,92507100006497,CU02408,PR001,BR010,2019-05-04,2020-10-23,CLOSED,INR,209554.01,SAVINGS
AC06498,50858900006498,CU00924,PR002,BR001,2022-05-20,,DORMANT,INR,196432.57,SAVINGS
AC06499,99139800006499,CU00552,PR008,BR008,2019-09-15,,DORMANT,INR,43908.41,FIXED_DEPOSIT
AC06500,44182500006500,CU03512,PR008,BR001,2022-08-25,2026-03-03,CLOSED,INR,46530.23,FIXED_DEPOSIT
AC06501,33549200006501,CU00580,PR009,BR009,2018-06-29,,DORMANT,INR,41401.16,FIXED_DEPOSIT
AC06502,72191700006502,CU01621,PR005,BR006,2025-03-17,,DORMANT,INR,133574.52,CURRENT
AC06503,99241500006503,CU02467,PR009,BR005,2019-07-24,2021-02-16,CLOSED,INR,73665.79,FIXED_DEPOSIT
AC06504,17795500006504,CU02936,PR005,BR006,2024-06-15,2026-08-23,CLOSED,INR,126778.48,CURRENT
AC06505,52940900006505,CU03147,PR004,BR003,2018-02-24,,ACTIVE,INR,69081.26,CURRENT
AC06506,83900400006506,CU00263,PR007,BR008,2023-03-10,,DORMANT,INR,208168.00,FIXED_DEPOSIT
AC06507,40650200006507,CU01773,PR006,BR006,2019-10-17,2024-02-22,CLOSED,INR,68590.69,CURRENT
AC06508,14050000006508,CU00601,PR003,BR010,2023-07-17,,DORMANT,INR,105054.12,SAVINGS
AC06509,99043200006509,CU03751,PR004,BR007,2021-12-19,,DORMANT,INR,130739.37,CURRENT
AC06510,29149200006510,CU00783,PR009,BR009,2020-08-18,2021-10-21,CLOSED,INR,196599.56,FIXED_DEPOSIT
AC06511,76410100006511,CU01854,PR007,BR010,2024-12-17,2026-08-23,CLOSED,INR,161863.33,FIXED_DEPOSIT
AC06512,78728400006512,CU03595,PR003,BR010,2023-08-22,,ACTIVE,INR,3001.24,SAVINGS
AC06513,40039000006513,CU03309,PR009,BR003,2024-07-20,2026-08-26,CLOSED,INR,206844.65,FIXED_DEPOSIT
AC06514,20703800006514,CU00043,PR007,BR002,2025-08-16,2026-04-21,CLOSED,INR,181690.00,FIXED_DEPOSIT
AC06515,59965400006515,CU01407,PR007,BR004,2021-02-14,,ACTIVE,INR,211082.00,FIXED_DEPOSIT
AC06516,12980800006516,CU01458,PR001,BR005,2024-08-31,2026-08-21,CLOSED,INR,23431.24,SAVINGS
AC06517,27138800006517,CU00823,PR002,BR010,2025-08-15,,DORMANT,INR,132853.20,SAVINGS
AC06518,94007800006518,CU01465,PR009,BR003,2019-05-31,,ACTIVE,INR,45.08,FIXED_DEPOSIT
AC06519,85908700006519,CU02254,PR001,BR002,2020-10-10,,DORMANT,INR,169184.42,SAVINGS
AC06520,28598000006520,CU00165,PR005,BR009,2023-01-22,,DORMANT,INR,217259.74,CURRENT
AC06521,41920000006521,CU02820,PR004,BR001,2019-09-16,,DORMANT,INR,94129.36,CURRENT
AC06522,64857600006522,CU03161,PR005,BR004,2020-05-29,,DORMANT,INR,241261.50,CURRENT
AC06523,50612100006523,CU02476,PR007,BR008,2018-06-21,2021-04-08,CLOSED,INR,170760.38,FIXED_DEPOSIT
AC06524,76560400006524,CU03535,PR006,BR010,2018-02-12,,DORMANT,INR,176852.65,CURRENT
AC06525,54525700006525,CU02423,PR003,BR005,2019-09-05,2024-02-26,CLOSED,INR,88523.49,SAVINGS
AC06526,54496800006526,CU01650,PR009,BR002,2020-09-04,,ACTIVE,INR,150368.95,FIXED_DEPOSIT
AC06527,44561900006527,CU01696,PR002,BR005,2022-07-19,,ACTIVE,INR,4290.15,SAVINGS
AC06528,80168000006528,CU02033,PR006,BR003,2025-03-03,,ACTIVE,INR,50051.30,CURRENT
AC06529,64185300006529,CU04144,PR009,BR003,2023-10-16,,DORMANT,INR,123800.04,FIXED_DEPOSIT
AC06530,24916600006530,CU02427,PR009,BR003,2024-03-20,2026-08-17,CLOSED,INR,143966.98,FIXED_DEPOSIT
AC06531,47937400006531,CU04837,PR006,BR001,2021-09-15,,ACTIVE,INR,9946.28,CURRENT
AC06532,64016900006532,CU03024,PR009,BR009,2024-03-17,2026-08-29,CLOSED,INR,69483.37,FIXED_DEPOSIT
AC06533,45588400006533,CU02764,PR005,BR009,2025-02-16,2026-08-21,CLOSED,INR,222557.09,CURRENT
AC06534,76274800006534,CU01656,PR001,BR007,2018-11-20,,DORMANT,INR,176582.39,SAVINGS
AC06535,51396100006535,CU03792,PR004,BR002,2025-11-03,,DORMANT,INR,223465.86,CURRENT
AC06536,93284200006536,CU04377,PR007,BR001,2021-04-25,2025-01-31,CLOSED,INR,158691.14,FIXED_DEPOSIT
AC06537,54960700006537,CU01661,PR002,BR009,2019-02-15,,DORMANT,INR,119103.25,SAVINGS
AC06538,60197700006538,CU00627,PR002,BR006,2019-12-24,,DORMANT,INR,56491.62,SAVINGS
AC06539,55946700006539,CU00250,PR006,BR007,2025-06-07,,DORMANT,INR,20139.90,CURRENT
AC06540,93897000006540,CU01043,PR005,BR005,2018-08-02,,DORMANT,INR,190166.24,CURRENT
AC06541,90978800006541,CU00521,PR001,BR003,2024-07-25,,ACTIVE,INR,54691.97,SAVINGS
AC06542,20531100006542,CU02468,PR001,BR009,2019-03-11,,DORMANT,INR,187256.29,SAVINGS
AC06543,20521000006543,CU02909,PR006,BR009,2018-04-02,2021-12-30,CLOSED,INR,34063.66,CURRENT
AC06544,47984000006544,CU00833,PR005,BR009,2019-10-06,,DORMANT,INR,180800.80,CURRENT
AC06545,35100400006545,CU04418,PR003,BR008,2019-12-29,,ACTIVE,INR,40189.81,SAVINGS
AC06546,99598600006546,CU03156,PR007,BR002,2018-08-29,,ACTIVE,INR,27475.06,FIXED_DEPOSIT
AC06547,43717200006547,CU02966,PR001,BR008,2025-04-15,,ACTIVE,INR,11286.02,SAVINGS
AC06548,49988800006548,CU03212,PR002,BR002,2025-11-18,2026-08-22,CLOSED,INR,54077.18,SAVINGS
AC06549,28302100006549,CU01742,PR004,BR009,2022-04-08,,DORMANT,INR,56453.09,CURRENT
AC06550,97043400006550,CU02984,PR001,BR010,2020-03-12,,DORMANT,INR,105246.21,SAVINGS
AC06551,33340500006551,CU01149,PR005,BR004,2024-07-20,2026-08-27,CLOSED,INR,2851.35,CURRENT
AC06552,86354500006552,CU00466,PR005,BR009,2024-09-01,2025-03-25,CLOSED,INR,28345.39,CURRENT
AC06553,87952700006553,CU02386,PR007,BR001,2023-07-20,,ACTIVE,INR,79746.49,FIXED_DEPOSIT
AC06554,89125200006554,CU03435,PR006,BR007,2018-03-17,,ACTIVE,INR,1387.31,CURRENT
AC06555,58595400006555,CU01133,PR007,BR001,2024-10-12,2026-08-30,CLOSED,INR,245824.27,FIXED_DEPOSIT
AC06556,11741800006556,CU01823,PR001,BR003,2022-02-18,,DORMANT,INR,216469.26,SAVINGS
AC06557,46168000006557,CU01565,PR008,BR002,2018-08-13,2024-02-02,CLOSED,INR,239693.71,FIXED_DEPOSIT
AC06558,66455500006558,CU00265,PR001,BR005,2022-11-14,2026-08-22,CLOSED,INR,27406.11,SAVINGS
AC06559,11749900006559,CU03522,PR004,BR001,2019-12-15,,ACTIVE,INR,114684.90,CURRENT
AC06560,94970700006560,CU02533,PR004,BR003,2022-07-27,,DORMANT,INR,205839.80,CURRENT
AC06561,27047000006561,CU01352,PR005,BR007,2021-08-03,,DORMANT,INR,177143.57,CURRENT
AC06562,93511400006562,CU01161,PR003,BR007,2024-09-19,,ACTIVE,INR,4556.19,SAVINGS
AC06563,23876800006563,CU00008,PR009,BR003,2023-08-29,,DORMANT,INR,39682.75,FIXED_DEPOSIT
AC06564,68454100006564,CU04067,PR005,BR006,2023-01-19,,DORMANT,INR,249387.06,CURRENT
AC06565,26754000006565,CU03047,PR008,BR004,2018-11-21,,ACTIVE,INR,115242.65,FIXED_DEPOSIT
AC06566,42116900006566,CU02462,PR001,BR004,2019-09-29,,DORMANT,INR,192475.77,SAVINGS
AC06567,40764700006567,CU04148,PR002,BR002,2021-10-29,2024-06-29,CLOSED,INR,27713.95,SAVINGS
AC06568,50558900006568,CU02449,PR009,BR009,2021-01-17,2023-06-27,CLOSED,INR,230508.97,FIXED_DEPOSIT
AC06569,74106100006569,CU01647,PR009,BR003,2021-07-21,2023-10-28,CLOSED,INR,129616.12,FIXED_DEPOSIT
AC06570,67255100006570,CU03848,PR005,BR004,2023-07-03,,ACTIVE,INR,184564.69,CURRENT
AC06571,89568100006571,CU02648,PR006,BR003,2024-10-15,,ACTIVE,INR,7559.29,CURRENT
AC06572,93950400006572,CU03679,PR005,BR009,2018-07-20,2019-04-29,CLOSED,INR,158592.74,CURRENT
AC06573,63305100006573,CU01162,PR002,BR003,2018-10-28,,ACTIVE,INR,218920.41,SAVINGS
AC06574,55217500006574,CU04217,PR005,BR010,2018-11-29,,ACTIVE,INR,1129.77,CURRENT
AC06575,76242100006575,CU04299,PR006,BR004,2024-05-09,,ACTIVE,INR,653.22,CURRENT
AC06576,87498700006576,CU04270,PR009,BR010,2022-10-25,,ACTIVE,INR,94445.81,FIXED_DEPOSIT
AC06577,37856300006577,CU03508,PR001,BR006,2019-09-19,,DORMANT,INR,119602.67,SAVINGS
AC06578,65153900006578,CU01046,PR009,BR002,2020-03-09,,ACTIVE,INR,1199.46,FIXED_DEPOSIT
AC06579,93365000006579,CU01772,PR006,BR004,2022-07-24,2026-08-22,CLOSED,INR,84101.05,CURRENT
AC06580,52245400006580,CU02440,PR001,BR005,2023-01-21,2026-01-15,CLOSED,INR,108382.01,SAVINGS
AC06581,77669800006581,CU02718,PR007,BR007,2024-10-07,2025-07-05,CLOSED,INR,37936.34,FIXED_DEPOSIT
AC06582,92156000006582,CU02974,PR003,BR005,2021-01-31,2024-12-13,CLOSED,INR,161831.10,SAVINGS
AC06583,23749300006583,CU03804,PR002,BR010,2018-09-11,,DORMANT,INR,245031.34,SAVINGS
AC06584,76071000006584,CU03025,PR009,BR004,2022-03-22,,DORMANT,INR,17531.24,FIXED_DEPOSIT
AC06585,44768400006585,CU02484,PR001,BR005,2019-04-04,2021-01-11,CLOSED,INR,62390.10,SAVINGS
AC06586,18542200006586,CU00799,PR003,BR005,2024-10-16,2025-04-15,CLOSED,INR,242502.25,SAVINGS
AC06587,17623600006587,CU04325,PR002,BR003,2019-04-23,,DORMANT,INR,205992.42,SAVINGS
AC06588,84298900006588,CU03891,PR007,BR007,2023-09-23,,ACTIVE,INR,81112.33,FIXED_DEPOSIT
AC06589,18389900006589,CU04964,PR001,BR003,2019-04-25,,DORMANT,INR,66153.45,SAVINGS
AC06590,21941800006590,CU02935,PR007,BR007,2023-02-16,2026-01-03,CLOSED,INR,78837.82,FIXED_DEPOSIT
AC06591,27170300006591,CU03512,PR005,BR001,2025-12-22,,ACTIVE,INR,121688.28,CURRENT
AC06592,20381100006592,CU00994,PR004,BR008,2019-08-28,,ACTIVE,INR,62678.81,CURRENT
AC06593,15450400006593,CU01580,PR003,BR006,2022-07-05,,ACTIVE,INR,21859.87,SAVINGS
AC06594,46952400006594,CU04799,PR004,BR006,2019-11-22,2021-10-21,CLOSED,INR,241710.37,CURRENT
AC06595,29688400006595,CU00358,PR008,BR004,2023-07-31,,DORMANT,INR,207196.04,FIXED_DEPOSIT
AC06596,32806600006596,CU00262,PR007,BR010,2022-10-13,,DORMANT,INR,30978.60,FIXED_DEPOSIT
AC06597,70790400006597,CU00215,PR006,BR007,2022-01-29,,ACTIVE,INR,275566.74,CURRENT
AC06598,33074000006598,CU03585,PR008,BR006,2019-03-17,,ACTIVE,INR,41539.39,FIXED_DEPOSIT
AC06599,24332900006599,CU03766,PR002,BR009,2022-09-25,,DORMANT,INR,127732.01,SAVINGS
AC06600,61464500006600,CU02335,PR005,BR002,2024-09-16,2026-08-22,CLOSED,INR,153473.49,CURRENT
AC06601,20493600006601,CU04111,PR007,BR004,2022-12-26,,DORMANT,INR,147716.27,FIXED_DEPOSIT
AC06602,85349700006602,CU00053,PR003,BR010,2023-03-22,,ACTIVE,INR,12157.94,SAVINGS
AC06603,77739400006603,CU01406,PR009,BR006,2022-08-18,,DORMANT,INR,151656.46,FIXED_DEPOSIT
AC06604,18499500006604,CU04560,PR003,BR002,2019-09-15,,ACTIVE,INR,103845.34,SAVINGS
AC06605,50255300006605,CU00966,PR001,BR005,2023-08-09,,ACTIVE,INR,82634.72,SAVINGS
AC06606,85479600006606,CU04581,PR008,BR010,2019-01-22,,ACTIVE,INR,73120.50,FIXED_DEPOSIT
AC06607,24848500006607,CU01809,PR001,BR003,2019-11-28,2023-06-30,CLOSED,INR,159137.06,SAVINGS
AC06608,20473000006608,CU03007,PR002,BR005,2025-03-08,2026-08-26,CLOSED,INR,113905.47,SAVINGS
AC06609,23272700006609,CU02855,PR008,BR004,2022-09-02,,ACTIVE,INR,9766.39,FIXED_DEPOSIT
AC06610,92162800006610,CU00924,PR005,BR001,2024-01-23,2026-08-26,CLOSED,INR,182524.29,CURRENT
AC06611,40860200006611,CU00127,PR003,BR001,2021-09-24,,DORMANT,INR,29414.35,SAVINGS
AC06612,97722400006612,CU04434,PR008,BR005,2019-09-10,,ACTIVE,INR,133346.16,FIXED_DEPOSIT
AC06613,43384200006613,CU01679,PR003,BR003,2022-05-23,,ACTIVE,INR,5261.25,SAVINGS
AC06614,61633400006614,CU01156,PR003,BR008,2024-04-27,,DORMANT,INR,1187.25,SAVINGS
AC06615,98095800006615,CU01170,PR009,BR004,2023-02-26,2026-03-15,CLOSED,INR,33370.64,FIXED_DEPOSIT
AC06616,10554600006616,CU03975,PR004,BR009,2024-03-04,,DORMANT,INR,89150.04,CURRENT
AC06617,52229800006617,CU02864,PR002,BR005,2018-09-04,,DORMANT,INR,67733.64,SAVINGS
AC06618,41677300006618,CU01026,PR004,BR003,2025-03-17,2026-08-25,CLOSED,INR,114373.88,CURRENT
AC06619,70806700006619,CU01419,PR006,BR004,2020-04-27,,ACTIVE,INR,24866.33,CURRENT
AC06620,95468400006620,CU01288,PR008,BR004,2019-05-05,,ACTIVE,INR,6590.59,FIXED_DEPOSIT
AC06621,62368500006621,CU02395,PR001,BR008,2018-11-22,,DORMANT,INR,86491.72,SAVINGS
AC06622,50601100006622,CU00267,PR009,BR001,2023-02-11,,ACTIVE,INR,89.42,FIXED_DEPOSIT
AC06623,29632100006623,CU02185,PR005,BR006,2022-02-05,,DORMANT,INR,135035.62,CURRENT
AC06624,91715900006624,CU03451,PR005,BR005,2019-06-04,,DORMANT,INR,132986.78,CURRENT
AC06625,42384000006625,CU01783,PR009,BR002,2022-09-16,2024-08-01,CLOSED,INR,53305.07,FIXED_DEPOSIT
AC06626,95418100006626,CU00568,PR002,BR007,2022-09-05,,DORMANT,INR,210248.89,SAVINGS
AC06627,93496000006627,CU02257,PR005,BR006,2019-07-29,,DORMANT,INR,56768.66,CURRENT
AC06628,70748400006628,CU03948,PR002,BR009,2025-02-16,2026-08-28,CLOSED,INR,51680.03,SAVINGS
AC06629,64337900006629,CU02584,PR006,BR002,2021-03-08,,ACTIVE,INR,5871.88,CURRENT
AC06630,89856900006630,CU02447,PR004,BR006,2018-08-11,,ACTIVE,INR,2408.24,CURRENT
AC06631,68366300006631,CU01809,PR003,BR003,2019-05-17,2023-01-27,CLOSED,INR,162654.53,SAVINGS
AC06632,96669500006632,CU03284,PR004,BR005,2023-07-12,2026-08-22,CLOSED,INR,204360.48,CURRENT
AC06633,64583400006633,CU04078,PR001,BR002,2025-11-08,,DORMANT,INR,174078.61,SAVINGS
AC06634,35554000006634,CU00574,PR001,BR001,2019-07-26,2021-07-17,CLOSED,INR,93041.53,SAVINGS
AC06635,81537700006635,CU00640,PR007,BR007,2023-11-12,,DORMANT,INR,118223.43,FIXED_DEPOSIT
AC06636,99466700006636,CU00814,PR007,BR002,2025-10-05,,DORMANT,INR,208285.22,FIXED_DEPOSIT
AC06637,47486000006637,CU04026,PR008,BR007,2020-06-19,,DORMANT,INR,135786.80,FIXED_DEPOSIT
AC06638,97127300006638,CU03581,PR001,BR010,2022-01-28,2026-08-24,CLOSED,INR,62216.94,SAVINGS
AC06639,20815400006639,CU00477,PR006,BR008,2020-11-02,2022-11-06,CLOSED,INR,45939.16,CURRENT
AC06640,36875600006640,CU01516,PR001,BR008,2022-08-07,,ACTIVE,INR,237167.27,SAVINGS
AC06641,14170000006641,CU00864,PR004,BR004,2021-09-09,,ACTIVE,INR,2461.33,CURRENT
AC06642,70234600006642,CU03822,PR009,BR003,2024-02-09,,ACTIVE,INR,108393.34,FIXED_DEPOSIT
AC06643,13150700006643,CU00471,PR005,BR006,2022-10-24,,ACTIVE,INR,3183.16,CURRENT
AC06644,96004300006644,CU03283,PR007,BR010,2019-04-22,2024-01-08,CLOSED,INR,166534.66,FIXED_DEPOSIT
AC06645,21743500006645,CU00418,PR007,BR009,2025-07-31,,DORMANT,INR,171878.29,FIXED_DEPOSIT
AC06646,94028100006646,CU04995,PR005,BR002,2022-08-01,2023-12-16,CLOSED,INR,193279.45,CURRENT
AC06647,82093900006647,CU00109,PR005,BR010,2023-09-21,2024-10-01,CLOSED,INR,222027.27,CURRENT
AC06648,88861600006648,CU04303,PR008,BR006,2022-07-24,2025-06-06,CLOSED,INR,152721.00,FIXED_DEPOSIT
AC06649,72833500006649,CU04573,PR009,BR007,2025-11-28,2026-08-22,CLOSED,INR,12497.26,FIXED_DEPOSIT
AC06650,54458600006650,CU04171,PR005,BR002,2021-04-28,2025-11-20,CLOSED,INR,207476.43,CURRENT
AC06651,51032200006651,CU03901,PR002,BR004,2022-06-15,,DORMANT,INR,109329.39,SAVINGS
AC06652,39095800006652,CU02347,PR006,BR005,2024-08-11,,DORMANT,INR,17000.80,CURRENT
AC06653,40010000006653,CU01317,PR009,BR004,2018-12-29,,ACTIVE,INR,48963.96,FIXED_DEPOSIT
AC06654,97288800006654,CU04880,PR004,BR003,2023-12-20,2026-01-17,CLOSED,INR,7350.47,CURRENT
AC06655,65268500006655,CU02771,PR009,BR005,2021-09-08,2026-02-19,CLOSED,INR,207422.55,FIXED_DEPOSIT
AC06656,81727800006656,CU04379,PR009,BR002,2023-07-26,,DORMANT,INR,19490.34,FIXED_DEPOSIT
AC06657,10049800006657,CU02457,PR007,BR001,2018-04-02,,DORMANT,INR,172151.23,FIXED_DEPOSIT
AC06658,32689600006658,CU00776,PR009,BR007,2018-11-23,2023-11-09,CLOSED,INR,157167.54,FIXED_DEPOSIT
AC06659,35561700006659,CU04107,PR002,BR005,2024-09-29,,ACTIVE,INR,31567.88,SAVINGS
AC06660,60059400006660,CU02942,PR004,BR004,2025-05-08,,DORMANT,INR,227842.59,CURRENT
AC06661,14071900006661,CU02175,PR001,BR006,2022-05-26,,DORMANT,INR,240612.16,SAVINGS
AC06662,11816000006662,CU04516,PR005,BR004,2023-09-23,,DORMANT,INR,50442.20,CURRENT
AC06663,18602400006663,CU03880,PR004,BR006,2023-01-06,,DORMANT,INR,123324.11,CURRENT
AC06664,26787400006664,CU04158,PR006,BR009,2021-10-12,,ACTIVE,INR,26380.38,CURRENT
AC06665,43096900006665,CU00642,PR005,BR002,2024-10-12,2026-07-16,CLOSED,INR,78867.08,CURRENT
AC06666,49167300006666,CU03218,PR002,BR003,2020-05-16,,DORMANT,INR,222778.19,SAVINGS
AC06667,91236100006667,CU02540,PR003,BR006,2019-05-15,,DORMANT,INR,171208.54,SAVINGS
AC06668,45490200006668,CU04000,PR002,BR006,2020-03-07,,ACTIVE,INR,99262.23,SAVINGS
AC06669,13670900006669,CU00776,PR009,BR007,2024-06-11,2026-08-21,CLOSED,INR,168169.78,FIXED_DEPOSIT
AC06670,70431600006670,CU00475,PR001,BR004,2025-07-28,,ACTIVE,INR,28146.95,SAVINGS
AC06671,47207700006671,CU03158,PR006,BR007,2025-06-16,,DORMANT,INR,238133.73,CURRENT
AC06672,87831000006672,CU00850,PR007,BR005,2019-06-27,,DORMANT,INR,235225.74,FIXED_DEPOSIT
AC06673,31114300006673,CU01034,PR004,BR004,2023-03-02,,ACTIVE,INR,44190.59,CURRENT
AC06674,17042400006674,CU02938,PR006,BR005,2021-01-20,2022-11-22,CLOSED,INR,29022.88,CURRENT
AC06675,21031800006675,CU01519,PR003,BR009,2025-05-13,,DORMANT,INR,60887.73,SAVINGS
AC06676,16592900006676,CU02340,PR003,BR007,2020-08-20,2022-09-03,CLOSED,INR,197677.29,SAVINGS
AC06677,57021000006677,CU00639,PR005,BR002,2025-08-14,,ACTIVE,INR,55917.26,CURRENT
AC06678,51756400006678,CU03744,PR002,BR007,2025-09-03,,DORMANT,INR,189167.79,SAVINGS
AC06679,40241600006679,CU04556,PR009,BR004,2025-12-06,,DORMANT,INR,237987.72,FIXED_DEPOSIT
AC06680,64550100006680,CU02361,PR006,BR009,2024-01-28,,DORMANT,INR,58318.33,CURRENT
AC06681,52099200006681,CU02561,PR009,BR009,2018-02-06,,ACTIVE,INR,84101.72,FIXED_DEPOSIT
AC06682,59313400006682,CU00413,PR005,BR002,2022-11-11,,ACTIVE,INR,35130.08,CURRENT
AC06683,29981300006683,CU02365,PR005,BR001,2018-02-24,,ACTIVE,INR,114539.40,CURRENT
AC06684,32715700006684,CU01920,PR005,BR010,2022-03-21,,DORMANT,INR,240027.11,CURRENT
AC06685,78995800006685,CU04956,PR009,BR009,2021-01-21,,ACTIVE,INR,3149.85,FIXED_DEPOSIT
AC06686,32535900006686,CU02143,PR005,BR006,2021-03-13,,DORMANT,INR,52812.00,CURRENT
AC06687,57715200006687,CU04891,PR001,BR009,2020-03-04,,ACTIVE,INR,195673.54,SAVINGS
AC06688,51699000006688,CU00603,PR001,BR007,2024-01-27,,DORMANT,INR,106550.75,SAVINGS
AC06689,89992400006689,CU02138,PR009,BR010,2021-08-14,,ACTIVE,INR,11573.47,FIXED_DEPOSIT
AC06690,41351900006690,CU01473,PR008,BR005,2023-02-26,2025-08-03,CLOSED,INR,194507.08,FIXED_DEPOSIT
AC06691,93041300006691,CU04658,PR002,BR010,2018-11-16,2023-08-04,CLOSED,INR,163320.02,SAVINGS
AC06692,85127300006692,CU00996,PR005,BR003,2019-11-24,,ACTIVE,INR,345.36,CURRENT
AC06693,17749000006693,CU03495,PR001,BR006,2025-05-01,,ACTIVE,INR,138078.11,SAVINGS
AC06694,92647600006694,CU03865,PR002,BR003,2025-11-19,2026-08-20,CLOSED,INR,62650.61,SAVINGS
AC06695,63318200006695,CU01968,PR004,BR003,2025-11-06,,DORMANT,INR,1433.33,CURRENT
AC06696,88532800006696,CU01110,PR007,BR010,2020-07-22,2022-01-03,CLOSED,INR,1907.71,FIXED_DEPOSIT
AC06697,91737400006697,CU02253,PR009,BR006,2024-03-21,2026-08-29,CLOSED,INR,112959.81,FIXED_DEPOSIT
AC06698,74038900006698,CU02518,PR002,BR006,2022-04-07,,DORMANT,INR,148107.91,SAVINGS
AC06699,56291500006699,CU02419,PR003,BR001,2024-03-23,,ACTIVE,INR,79137.22,SAVINGS
AC06700,85947900006700,CU01299,PR005,BR004,2023-06-19,,ACTIVE,INR,97.93,CURRENT
AC06701,15058600006701,CU04351,PR002,BR002,2024-01-22,2026-08-26,CLOSED,INR,153469.86,SAVINGS
AC06702,92355500006702,CU02776,PR006,BR009,2025-10-01,,ACTIVE,INR,528.02,CURRENT
AC06703,42395800006703,CU00074,PR006,BR002,2022-07-29,2024-12-17,CLOSED,INR,189389.48,CURRENT
AC06704,39507300006704,CU04990,PR003,BR003,2025-04-01,,ACTIVE,INR,215.04,SAVINGS
AC06705,75219500006705,CU02647,PR002,BR003,2021-09-03,,DORMANT,INR,134485.88,SAVINGS
AC06706,71148600006706,CU03143,PR001,BR009,2022-04-27,,ACTIVE,INR,256.31,SAVINGS
AC06707,41914800006707,CU03333,PR009,BR010,2023-09-05,2024-06-20,CLOSED,INR,227366.81,FIXED_DEPOSIT
AC06708,71719200006708,CU00664,PR008,BR004,2021-01-08,2021-10-24,CLOSED,INR,241891.29,FIXED_DEPOSIT
AC06709,91618300006709,CU03465,PR004,BR006,2019-08-30,,DORMANT,INR,163893.27,CURRENT
AC06710,59673000006710,CU00223,PR004,BR004,2022-12-08,,ACTIVE,INR,115248.65,CURRENT
AC06711,81507300006711,CU04603,PR003,BR002,2023-10-22,,DORMANT,INR,242215.76,SAVINGS
AC06712,22299900006712,CU02306,PR003,BR006,2022-07-25,,DORMANT,INR,203750.00,SAVINGS
AC06713,26714400006713,CU03503,PR002,BR004,2019-10-21,,ACTIVE,INR,7912.10,SAVINGS
AC06714,63116600006714,CU03743,PR008,BR001,2021-06-14,,DORMANT,INR,45580.97,FIXED_DEPOSIT
AC06715,67557500006715,CU00540,PR002,BR001,2024-05-19,,DORMANT,INR,126937.67,SAVINGS
AC06716,70308600006716,CU01352,PR008,BR007,2023-06-29,2026-05-07,CLOSED,INR,52421.00,FIXED_DEPOSIT
AC06717,53491000006717,CU04127,PR006,BR006,2018-07-03,,ACTIVE,INR,150048.79,CURRENT
AC06718,14550300006718,CU02115,PR008,BR010,2023-05-07,,ACTIVE,INR,84008.05,FIXED_DEPOSIT
AC06719,87103600006719,CU02181,PR009,BR010,2018-02-16,,ACTIVE,INR,108852.52,FIXED_DEPOSIT
AC06720,37707600006720,CU03248,PR008,BR008,2021-04-10,2024-06-19,CLOSED,INR,118899.02,FIXED_DEPOSIT
AC06721,34892300006721,CU00712,PR009,BR008,2025-06-29,,ACTIVE,INR,50131.76,FIXED_DEPOSIT
AC06722,45890000006722,CU00119,PR006,BR004,2018-09-15,2019-06-30,CLOSED,INR,117754.63,CURRENT
AC06723,42011600006723,CU03530,PR007,BR005,2019-04-24,,DORMANT,INR,58635.35,FIXED_DEPOSIT
AC06724,28005800006724,CU00288,PR006,BR009,2021-06-03,,ACTIVE,INR,178.95,CURRENT
AC06725,94689400006725,CU02627,PR004,BR005,2018-03-19,,ACTIVE,INR,0.00,CURRENT
AC06726,12221500006726,CU01119,PR003,BR007,2018-05-06,2021-11-20,CLOSED,INR,50628.34,SAVINGS
AC06727,11416100006727,CU03320,PR002,BR009,2019-01-25,2019-09-23,CLOSED,INR,6711.88,SAVINGS
AC06728,27166900006728,CU01044,PR001,BR001,2022-12-01,,DORMANT,INR,119664.89,SAVINGS
AC06729,11683700006729,CU00494,PR005,BR005,2021-07-20,,DORMANT,INR,209083.67,CURRENT
AC06730,19952000006730,CU03266,PR008,BR009,2025-07-14,,ACTIVE,INR,74051.41,FIXED_DEPOSIT
AC06731,11448900006731,CU04908,PR008,BR001,2018-11-27,,ACTIVE,INR,2226.40,FIXED_DEPOSIT
AC06732,22862600006732,CU04351,PR006,BR002,2025-02-01,2026-08-23,CLOSED,INR,52054.75,CURRENT
AC06733,52604800006733,CU03061,PR003,BR010,2019-09-04,2020-05-16,CLOSED,INR,231428.41,SAVINGS
AC06734,27939700006734,CU00891,PR008,BR008,2025-08-31,,DORMANT,INR,138002.34,FIXED_DEPOSIT
AC06735,11375200006735,CU01491,PR002,BR009,2021-08-19,,DORMANT,INR,140905.44,SAVINGS
AC06736,16391800006736,CU02435,PR002,BR006,2018-10-22,,ACTIVE,INR,15372.82,SAVINGS
AC06737,17543900006737,CU03567,PR007,BR006,2023-07-17,,DORMANT,INR,208626.47,FIXED_DEPOSIT
AC06738,71226400006738,CU04503,PR004,BR009,2022-03-07,,ACTIVE,INR,53829.30,CURRENT
AC06739,39012500006739,CU02346,PR005,BR003,2025-06-19,,ACTIVE,INR,27319.52,CURRENT
AC06740,69912800006740,CU03607,PR007,BR008,2022-08-25,,DORMANT,INR,180020.73,FIXED_DEPOSIT
AC06741,18060900006741,CU01712,PR008,BR010,2024-04-04,,ACTIVE,INR,28755.11,FIXED_DEPOSIT
AC06742,19592800006742,CU03712,PR006,BR006,2020-10-10,,ACTIVE,INR,144888.71,CURRENT
AC06743,96206500006743,CU00249,PR007,BR006,2024-10-22,,ACTIVE,INR,67473.88,FIXED_DEPOSIT
AC06744,67586900006744,CU02901,PR009,BR002,2020-01-15,,ACTIVE,INR,110753.17,FIXED_DEPOSIT
AC06745,23790500006745,CU04396,PR006,BR009,2025-01-02,2026-08-28,CLOSED,INR,121114.44,CURRENT
AC06746,34057400006746,CU00840,PR005,BR006,2021-08-30,,DORMANT,INR,245378.73,CURRENT
AC06747,92671400006747,CU03980,PR008,BR002,2022-08-10,,DORMANT,INR,125392.58,FIXED_DEPOSIT
AC06748,69885100006748,CU01595,PR005,BR004,2018-02-15,2021-11-09,CLOSED,INR,199454.60,CURRENT
AC06749,81689100006749,CU00892,PR005,BR001,2025-08-12,,ACTIVE,INR,7726.26,CURRENT
AC06750,76126000006750,CU01796,PR002,BR006,2020-04-11,2023-07-16,CLOSED,INR,208085.00,SAVINGS
AC06751,92243100006751,CU01423,PR007,BR007,2018-11-17,2022-05-30,CLOSED,INR,150176.29,FIXED_DEPOSIT
AC06752,19893400006752,CU02016,PR001,BR001,2024-01-15,,DORMANT,INR,83411.65,SAVINGS
AC06753,28736600006753,CU03401,PR004,BR008,2025-01-12,,ACTIVE,INR,171981.68,CURRENT
AC06754,87026500006754,CU00035,PR006,BR009,2022-07-08,2026-08-25,CLOSED,INR,66674.19,CURRENT
AC06755,46988500006755,CU04127,PR008,BR006,2022-07-08,,DORMANT,INR,197553.72,FIXED_DEPOSIT
AC06756,39934600006756,CU01449,PR004,BR004,2019-06-05,2024-10-04,CLOSED,INR,23081.64,CURRENT
AC06757,16233700006757,CU00770,PR006,BR010,2024-12-24,2025-09-28,CLOSED,INR,213291.04,CURRENT
AC06758,56646300006758,CU00927,PR004,BR002,2023-10-23,2026-08-24,CLOSED,INR,21416.66,CURRENT
AC06759,18269700006759,CU00253,PR001,BR010,2021-12-11,,DORMANT,INR,103715.33,SAVINGS
AC06760,46585200006760,CU00578,PR004,BR008,2025-12-11,,ACTIVE,INR,71140.29,CURRENT
AC06761,63185700006761,CU01078,PR009,BR010,2019-04-16,,ACTIVE,INR,19417.87,FIXED_DEPOSIT
AC06762,60858800006762,CU00106,PR003,BR007,2022-09-02,,DORMANT,INR,214084.22,SAVINGS
AC06763,68016800006763,CU04564,PR008,BR002,2019-02-24,,ACTIVE,INR,44742.05,FIXED_DEPOSIT
AC06764,27775500006764,CU04076,PR001,BR006,2023-02-25,,ACTIVE,INR,177521.62,SAVINGS
AC06765,30284200006765,CU02518,PR004,BR006,2021-11-09,,DORMANT,INR,88045.49,CURRENT
AC06766,36229800006766,CU00755,PR007,BR003,2019-06-01,,ACTIVE,INR,115920.48,FIXED_DEPOSIT
AC06767,64801000006767,CU03286,PR001,BR002,2020-04-08,,DORMANT,INR,157210.73,SAVINGS
AC06768,98681900006768,CU03707,PR002,BR006,2022-08-07,2024-07-29,CLOSED,INR,203539.29,SAVINGS
AC06769,63875000006769,CU04270,PR009,BR010,2018-05-21,2021-08-20,CLOSED,INR,219719.49,FIXED_DEPOSIT
AC06770,73740700006770,CU04397,PR006,BR006,2025-10-10,,ACTIVE,INR,186538.82,CURRENT
AC06771,24657600006771,CU03139,PR006,BR001,2020-12-23,,DORMANT,INR,54286.84,CURRENT
AC06772,31855800006772,CU01623,PR002,BR006,2020-02-26,2023-05-10,CLOSED,INR,237151.38,SAVINGS
AC06773,48823400006773,CU04374,PR008,BR009,2024-07-05,2025-11-18,CLOSED,INR,191978.62,FIXED_DEPOSIT
AC06774,71922100006774,CU00949,PR007,BR005,2021-11-17,2022-05-18,CLOSED,INR,29774.85,FIXED_DEPOSIT
AC06775,57981400006775,CU01445,PR006,BR005,2024-01-03,,ACTIVE,INR,15489.18,CURRENT
AC06776,84015400006776,CU00519,PR005,BR010,2023-07-09,,DORMANT,INR,198098.59,CURRENT
AC06777,66608500006777,CU04993,PR002,BR003,2018-10-01,,ACTIVE,INR,134156.44,SAVINGS
AC06778,55331500006778,CU04198,PR007,BR006,2019-07-15,2024-08-17,CLOSED,INR,184597.43,FIXED_DEPOSIT
AC06779,34694800006779,CU01157,PR008,BR007,2019-09-29,,DORMANT,INR,239046.96,FIXED_DEPOSIT
AC06780,55544600006780,CU00337,PR004,BR008,2025-09-05,,DORMANT,INR,56085.17,CURRENT
AC06781,67176100006781,CU00521,PR003,BR003,2018-01-28,,ACTIVE,INR,122659.19,SAVINGS
AC06782,71548900006782,CU03354,PR008,BR001,2023-06-30,,ACTIVE,INR,84527.68,FIXED_DEPOSIT
AC06783,24543300006783,CU04729,PR007,BR006,2025-07-17,,DORMANT,INR,81559.49,FIXED_DEPOSIT
AC06784,87080100006784,CU01963,PR003,BR001,2024-03-08,,ACTIVE,INR,45840.59,SAVINGS
AC06785,83570300006785,CU04673,PR001,BR010,2024-06-16,2026-05-15,CLOSED,INR,27280.17,SAVINGS
AC06786,15810000006786,CU03482,PR008,BR005,2023-08-06,,ACTIVE,INR,152694.73,FIXED_DEPOSIT
AC06787,47115700006787,CU03661,PR006,BR005,2020-06-26,,ACTIVE,INR,6317.15,CURRENT
AC06788,39424800006788,CU00076,PR005,BR002,2018-01-20,,DORMANT,INR,174328.09,CURRENT
AC06789,65755900006789,CU01332,PR003,BR008,2022-10-31,,ACTIVE,INR,33.97,SAVINGS
AC06790,30233200006790,CU00269,PR007,BR007,2020-08-10,,ACTIVE,INR,71524.51,FIXED_DEPOSIT
AC06791,83823500006791,CU01804,PR007,BR004,2025-07-05,2026-08-24,CLOSED,INR,247091.88,FIXED_DEPOSIT
AC06792,77105600006792,CU02746,PR006,BR009,2022-05-12,,ACTIVE,INR,96680.83,CURRENT
AC06793,51452900006793,CU03098,PR006,BR005,2022-11-29,2026-06-06,CLOSED,INR,46585.63,CURRENT
AC06794,82077200006794,CU01908,PR006,BR007,2021-12-14,,ACTIVE,INR,225467.35,CURRENT
AC06795,73448800006795,CU03949,PR004,BR001,2022-08-28,2023-03-25,CLOSED,INR,42146.73,CURRENT
AC06796,29631600006796,CU04660,PR009,BR003,2025-02-06,,ACTIVE,INR,149886.70,FIXED_DEPOSIT
AC06797,77366400006797,CU00276,PR007,BR009,2023-10-26,2026-08-24,CLOSED,INR,147898.88,FIXED_DEPOSIT
AC06798,57910800006798,CU02895,PR009,BR001,2022-08-02,,DORMANT,INR,89842.56,FIXED_DEPOSIT
AC06799,20387700006799,CU01153,PR006,BR010,2023-06-02,,ACTIVE,INR,150245.56,CURRENT
AC06800,83287600006800,CU04835,PR001,BR009,2020-03-21,2025-08-21,CLOSED,INR,113254.16,SAVINGS
AC06801,13033100006801,CU03174,PR002,BR003,2018-08-08,,DORMANT,INR,209490.54,SAVINGS
AC06802,81683800006802,CU04550,PR005,BR009,2025-10-30,2026-08-22,CLOSED,INR,248646.92,CURRENT
AC06803,34414400006803,CU03690,PR004,BR004,2019-10-19,,ACTIVE,INR,16702.60,CURRENT
AC06804,32291400006804,CU04081,PR005,BR006,2022-10-03,,ACTIVE,INR,378.16,CURRENT
AC06805,91190000006805,CU00364,PR003,BR006,2019-02-12,,ACTIVE,INR,4657.97,SAVINGS
AC06806,38545000006806,CU00973,PR009,BR001,2018-10-18,,ACTIVE,INR,3706.14,FIXED_DEPOSIT
AC06807,51879300006807,CU03664,PR003,BR005,2025-05-13,,DORMANT,INR,191894.26,SAVINGS
AC06808,60620800006808,CU04709,PR004,BR005,2025-11-04,,DORMANT,INR,226569.56,CURRENT
AC06809,55904000006809,CU01589,PR003,BR005,2021-12-10,2026-03-30,CLOSED,INR,42786.06,SAVINGS
AC06810,25542200006810,CU00960,PR005,BR003,2025-10-21,,DORMANT,INR,151428.44,CURRENT
AC06811,49133100006811,CU02056,PR003,BR005,2023-10-12,,DORMANT,INR,185581.62,SAVINGS
AC06812,80195600006812,CU03582,PR006,BR005,2025-08-14,,ACTIVE,INR,97950.40,CURRENT
AC06813,89868600006813,CU01277,PR006,BR004,2018-08-02,2021-02-08,CLOSED,INR,96895.13,CURRENT
AC06814,86084300006814,CU00449,PR003,BR006,2018-02-26,2022-09-21,CLOSED,INR,244593.59,SAVINGS
AC06815,69046600006815,CU03745,PR007,BR002,2024-01-29,2026-08-25,CLOSED,INR,80197.46,FIXED_DEPOSIT
AC06816,83042900006816,CU00923,PR009,BR009,2024-06-27,,ACTIVE,INR,55504.85,FIXED_DEPOSIT
AC06817,92992700006817,CU03929,PR004,BR005,2023-07-21,2026-04-12,CLOSED,INR,146204.06,CURRENT
AC06818,98492700006818,CU02313,PR007,BR008,2020-11-01,,ACTIVE,INR,8356.78,FIXED_DEPOSIT
AC06819,31511900006819,CU02637,PR005,BR008,2024-08-12,,DORMANT,INR,41578.28,CURRENT
AC06820,41116500006820,CU03285,PR003,BR006,2022-10-05,,ACTIVE,INR,76010.89,SAVINGS
AC06821,24476300006821,CU01994,PR002,BR005,2025-04-25,,DORMANT,INR,232354.69,SAVINGS
AC06822,12595400006822,CU03620,PR004,BR006,2021-06-22,,ACTIVE,INR,109575.68,CURRENT
AC06823,29346100006823,CU04301,PR002,BR007,2021-08-23,,ACTIVE,INR,54738.89,SAVINGS
AC06824,53761800006824,CU04276,PR003,BR010,2022-07-07,,DORMANT,INR,42149.17,SAVINGS
AC06825,39305600006825,CU01561,PR002,BR006,2023-08-14,,ACTIVE,INR,135320.55,SAVINGS
AC06826,26272700006826,CU03239,PR004,BR009,2025-07-28,2026-08-21,CLOSED,INR,90810.96,CURRENT
AC06827,61893400006827,CU02264,PR005,BR001,2024-05-16,,DORMANT,INR,28525.37,CURRENT
AC06828,51951600006828,CU03141,PR004,BR003,2025-01-16,2026-08-29,CLOSED,INR,2089.18,CURRENT
AC06829,86436200006829,CU01891,PR009,BR007,2021-09-04,,ACTIVE,INR,11503.31,FIXED_DEPOSIT
AC06830,93906600006830,CU02994,PR003,BR010,2020-04-26,,DORMANT,INR,146555.86,SAVINGS
AC06831,72449300006831,CU02405,PR006,BR002,2019-06-07,,DORMANT,INR,25605.32,CURRENT
AC06832,71463500006832,CU04076,PR002,BR006,2022-04-09,2025-07-04,CLOSED,INR,35183.15,SAVINGS
AC06833,46786100006833,CU04964,PR008,BR003,2019-05-18,,DORMANT,INR,174149.30,FIXED_DEPOSIT
AC06834,29486900006834,CU00194,PR002,BR006,2021-02-26,,ACTIVE,INR,7218.79,SAVINGS
AC06835,64135200006835,CU04991,PR009,BR006,2018-01-20,,DORMANT,INR,51424.90,FIXED_DEPOSIT
AC06836,12876700006836,CU01816,PR003,BR001,2021-01-31,2022-01-05,CLOSED,INR,19902.67,SAVINGS
AC06837,68342000006837,CU01862,PR002,BR009,2021-10-03,2023-12-01,CLOSED,INR,59973.42,SAVINGS
AC06838,80798600006838,CU04951,PR003,BR006,2018-03-27,,ACTIVE,INR,23.26,SAVINGS
AC06839,94117000006839,CU01745,PR008,BR001,2023-07-06,,DORMANT,INR,10906.65,FIXED_DEPOSIT
AC06840,52598000006840,CU00621,PR008,BR007,2018-12-26,,ACTIVE,INR,117448.71,FIXED_DEPOSIT
AC06841,68856700006841,CU04686,PR001,BR006,2020-09-17,,DORMANT,INR,215094.78,SAVINGS
AC06842,56146500006842,CU00019,PR004,BR010,2023-01-02,,DORMANT,INR,143866.24,CURRENT
AC06843,25240100006843,CU00279,PR009,BR002,2025-03-31,,ACTIVE,INR,101061.78,FIXED_DEPOSIT
AC06844,34768400006844,CU02311,PR008,BR007,2018-03-22,2018-09-21,CLOSED,INR,108971.59,FIXED_DEPOSIT
AC06845,42740800006845,CU01848,PR002,BR003,2024-03-10,,DORMANT,INR,121378.62,SAVINGS
AC06846,29520800006846,CU03498,PR009,BR005,2018-03-31,2023-02-25,CLOSED,INR,154483.66,FIXED_DEPOSIT
AC06847,46522200006847,CU04700,PR003,BR007,2019-09-21,,DORMANT,INR,72504.10,SAVINGS
AC06848,76838600006848,CU03285,PR006,BR006,2023-06-22,,ACTIVE,INR,32.81,CURRENT
AC06849,27659300006849,CU02723,PR006,BR006,2022-08-30,,DORMANT,INR,160946.21,CURRENT
AC06850,85808700006850,CU02802,PR004,BR006,2025-07-25,,ACTIVE,INR,83.23,CURRENT
AC06851,65948800006851,CU02231,PR004,BR007,2025-09-20,2026-08-26,CLOSED,INR,208221.45,CURRENT
AC06852,22547900006852,CU00136,PR003,BR010,2020-01-14,,ACTIVE,INR,3166.12,SAVINGS
AC06853,31331900006853,CU00108,PR001,BR003,2024-08-10,,DORMANT,INR,10727.34,SAVINGS
AC06854,35866000006854,CU03520,PR008,BR005,2021-10-24,,DORMANT,INR,239072.21,FIXED_DEPOSIT
AC06855,97104300006855,CU03838,PR002,BR002,2023-08-16,2025-09-26,CLOSED,INR,206438.91,SAVINGS
AC06856,43994500006856,CU00201,PR007,BR007,2021-04-04,2021-12-20,CLOSED,INR,146184.38,FIXED_DEPOSIT
AC06857,88424500006857,CU00561,PR001,BR003,2024-05-02,2025-08-04,CLOSED,INR,227257.45,SAVINGS
AC06858,62653000006858,CU04696,PR003,BR008,2022-01-08,,ACTIVE,INR,542999.29,SAVINGS
AC06859,77085500006859,CU03419,PR001,BR009,2022-06-05,,ACTIVE,INR,23046.23,SAVINGS
AC06860,63539100006860,CU04855,PR004,BR005,2024-03-18,,ACTIVE,INR,87332.09,CURRENT
AC06861,50825300006861,CU03219,PR008,BR004,2021-08-26,,DORMANT,INR,216916.06,FIXED_DEPOSIT
AC06862,80259800006862,CU03102,PR001,BR003,2019-11-29,,ACTIVE,INR,442958.85,SAVINGS
AC06863,42134600006863,CU02198,PR004,BR004,2024-09-08,,DORMANT,INR,203341.23,CURRENT
AC06864,30055700006864,CU04548,PR006,BR010,2024-08-21,2026-08-07,CLOSED,INR,101644.17,CURRENT
AC06865,58585400006865,CU02827,PR005,BR002,2022-05-17,,ACTIVE,INR,69198.61,CURRENT
AC06866,98257300006866,CU01512,PR009,BR008,2024-08-21,,DORMANT,INR,200052.08,FIXED_DEPOSIT
AC06867,42947400006867,CU02899,PR006,BR006,2020-12-12,,ACTIVE,INR,104386.42,CURRENT
AC06868,14589300006868,CU03495,PR002,BR006,2025-10-20,,ACTIVE,INR,2783.18,SAVINGS
AC06869,32250500006869,CU04002,PR003,BR003,2025-04-17,,ACTIVE,INR,0.00,SAVINGS
AC06870,10202400006870,CU01539,PR002,BR003,2020-02-24,2022-11-12,CLOSED,INR,125619.08,SAVINGS
AC06871,94797500006871,CU01901,PR001,BR007,2024-05-21,,DORMANT,INR,192602.23,SAVINGS
AC06872,74208400006872,CU00544,PR006,BR001,2018-06-09,,ACTIVE,INR,131251.58,CURRENT
AC06873,98367800006873,CU00884,PR009,BR002,2022-07-26,2024-05-25,CLOSED,INR,73852.13,FIXED_DEPOSIT
AC06874,95015400006874,CU04961,PR009,BR009,2018-07-24,,DORMANT,INR,195789.38,FIXED_DEPOSIT
AC06875,90230500006875,CU03735,PR001,BR003,2023-12-27,,ACTIVE,INR,69773.74,SAVINGS
AC06876,14577400006876,CU03451,PR002,BR005,2018-04-04,2019-05-24,CLOSED,INR,21227.01,SAVINGS
AC06877,15276100006877,CU04645,PR002,BR003,2025-03-13,,ACTIVE,INR,47288.38,SAVINGS
AC06878,64669200006878,CU04813,PR002,BR004,2018-02-20,,ACTIVE,INR,44925.38,SAVINGS
AC06879,39595600006879,CU02390,PR008,BR009,2022-07-31,2023-05-09,CLOSED,INR,146510.23,FIXED_DEPOSIT
AC06880,79172600006880,CU02796,PR002,BR008,2020-05-23,,ACTIVE,INR,117073.11,SAVINGS
AC06881,99130400006881,CU04667,PR005,BR001,2025-03-20,,DORMANT,INR,232789.63,CURRENT
AC06882,43814500006882,CU04731,PR005,BR006,2020-09-01,,ACTIVE,INR,41216.24,CURRENT
AC06883,26575700006883,CU03883,PR008,BR002,2020-02-27,,ACTIVE,INR,163455.65,FIXED_DEPOSIT
AC06884,92408500006884,CU03180,PR003,BR004,2018-10-21,2023-01-04,CLOSED,INR,42731.97,SAVINGS
AC06885,18798100006885,CU01506,PR003,BR002,2019-06-29,2023-10-11,CLOSED,INR,159861.53,SAVINGS
AC06886,99866600006886,CU03013,PR001,BR007,2023-12-30,,DORMANT,INR,243307.24,SAVINGS
AC06887,13017900006887,CU01128,PR009,BR006,2025-06-03,,DORMANT,INR,209607.14,FIXED_DEPOSIT
AC06888,98941400006888,CU04862,PR008,BR005,2024-02-10,2026-08-25,CLOSED,INR,160899.99,FIXED_DEPOSIT
AC06889,73557900006889,CU01219,PR003,BR009,2019-01-04,2024-01-12,CLOSED,INR,34295.93,SAVINGS
AC06890,55002100006890,CU00330,PR001,BR007,2019-02-26,2021-07-07,CLOSED,INR,76869.39,SAVINGS
AC06891,43145900006891,CU00736,PR008,BR003,2022-06-21,2023-10-17,CLOSED,INR,84984.78,FIXED_DEPOSIT
AC06892,88295400006892,CU04546,PR001,BR008,2023-04-18,,ACTIVE,INR,31779.51,SAVINGS
AC06893,86953600006893,CU01904,PR006,BR010,2018-06-19,,ACTIVE,INR,531.87,CURRENT
AC06894,47822400006894,CU03359,PR009,BR010,2022-06-23,2023-04-02,CLOSED,INR,127093.60,FIXED_DEPOSIT
AC06895,68410400006895,CU01425,PR005,BR002,2019-04-11,,DORMANT,INR,82158.58,CURRENT
AC06896,18481300006896,CU03905,PR002,BR001,2023-08-03,,ACTIVE,INR,415.50,SAVINGS
AC06897,52011000006897,CU01295,PR007,BR002,2022-03-07,,ACTIVE,INR,236491.24,FIXED_DEPOSIT
AC06898,12788100006898,CU00056,PR004,BR008,2022-11-11,,DORMANT,INR,27524.65,CURRENT
AC06899,46261900006899,CU03592,PR006,BR003,2025-05-17,,ACTIVE,INR,61167.10,CURRENT
AC06900,80166800006900,CU01521,PR002,BR008,2022-05-18,2024-03-09,CLOSED,INR,42695.22,SAVINGS
AC06901,76166400006901,CU00673,PR002,BR007,2024-05-25,,DORMANT,INR,157751.89,SAVINGS
AC06902,90170200006902,CU04040,PR004,BR001,2018-08-07,,DORMANT,INR,83276.67,CURRENT
AC06903,29178500006903,CU04857,PR007,BR004,2019-08-27,,DORMANT,INR,75814.65,FIXED_DEPOSIT
AC06904,66461400006904,CU02985,PR004,BR005,2022-10-04,,DORMANT,INR,36946.86,CURRENT
AC06905,33882700006905,CU03713,PR007,BR001,2019-04-04,2020-08-13,CLOSED,INR,179930.41,FIXED_DEPOSIT
AC06906,88325900006906,CU02472,PR004,BR009,2021-03-31,,ACTIVE,INR,94549.62,CURRENT
AC06907,24838000006907,CU01219,PR003,BR009,2018-02-25,,ACTIVE,INR,14582.16,SAVINGS
AC06908,62528300006908,CU02684,PR005,BR007,2021-09-30,,ACTIVE,INR,46448.22,CURRENT
AC06909,79362500006909,CU02753,PR008,BR002,2020-01-23,,DORMANT,INR,87284.62,FIXED_DEPOSIT
AC06910,97011800006910,CU04702,PR003,BR010,2018-08-04,,DORMANT,INR,227883.88,SAVINGS
AC06911,96725900006911,CU00116,PR003,BR005,2021-08-18,,ACTIVE,INR,39382.30,SAVINGS
AC06912,39831400006912,CU01174,PR008,BR010,2020-11-09,,ACTIVE,INR,36749.35,FIXED_DEPOSIT
AC06913,65647600006913,CU02232,PR004,BR005,2020-05-17,2021-09-19,CLOSED,INR,185069.52,CURRENT
AC06914,41419600006914,CU04312,PR002,BR003,2019-04-28,2024-01-31,CLOSED,INR,235452.88,SAVINGS
AC06915,33346000006915,CU01694,PR008,BR001,2023-08-10,2026-08-26,CLOSED,INR,211691.43,FIXED_DEPOSIT
AC06916,42414800006916,CU00027,PR008,BR001,2022-02-23,2026-08-28,CLOSED,INR,143458.94,FIXED_DEPOSIT
AC06917,17696100006917,CU01415,PR003,BR002,2018-08-19,,DORMANT,INR,234639.52,SAVINGS
AC06918,12608800006918,CU01758,PR003,BR008,2025-01-22,,DORMANT,INR,203882.43,SAVINGS
AC06919,76858000006919,CU01866,PR005,BR002,2022-11-05,,DORMANT,INR,38631.75,CURRENT
AC06920,18873800006920,CU01792,PR001,BR006,2024-05-18,,DORMANT,INR,247992.12,SAVINGS
AC06921,73120200006921,CU02606,PR007,BR004,2018-06-25,2020-02-01,CLOSED,INR,111664.35,FIXED_DEPOSIT
AC06922,49843100006922,CU01944,PR009,BR007,2018-05-21,2023-07-10,CLOSED,INR,36676.71,FIXED_DEPOSIT
AC06923,94147600006923,CU03166,PR003,BR006,2024-04-18,,DORMANT,INR,44026.95,SAVINGS
AC06924,16150100006924,CU04329,PR005,BR007,2018-04-23,,ACTIVE,INR,10378.30,CURRENT
AC06925,63159100006925,CU01134,PR004,BR004,2020-09-16,,DORMANT,INR,203175.79,CURRENT
AC06926,60777800006926,CU04284,PR004,BR006,2018-10-11,2021-12-24,CLOSED,INR,202615.32,CURRENT
AC06927,86561600006927,CU02571,PR003,BR005,2019-04-07,,ACTIVE,INR,2661.76,SAVINGS
AC06928,68579000006928,CU01945,PR002,BR009,2022-07-14,,DORMANT,INR,110122.05,SAVINGS
AC06929,78270300006929,CU02210,PR008,BR002,2018-05-21,2019-08-10,CLOSED,INR,30366.52,FIXED_DEPOSIT
AC06930,83518200006930,CU01038,PR007,BR009,2020-09-27,2022-02-02,CLOSED,INR,201284.53,FIXED_DEPOSIT
AC06931,39752600006931,CU02289,PR007,BR006,2023-08-22,,DORMANT,INR,139759.47,FIXED_DEPOSIT
AC06932,42088900006932,CU02317,PR008,BR005,2023-12-05,2026-08-26,CLOSED,INR,1143.53,FIXED_DEPOSIT
AC06933,67769600006933,CU02646,PR002,BR010,2023-11-29,,DORMANT,INR,168288.08,SAVINGS
AC06934,82984100006934,CU03019,PR005,BR002,2024-05-24,,ACTIVE,INR,31156.11,CURRENT
AC06935,26535700006935,CU00942,PR008,BR008,2021-10-15,,ACTIVE,INR,53666.39,FIXED_DEPOSIT
AC06936,42911800006936,CU01510,PR004,BR001,2024-10-04,,DORMANT,INR,70369.60,CURRENT
AC06937,98038300006937,CU03803,PR004,BR004,2022-12-05,2026-08-29,CLOSED,INR,230006.50,CURRENT
AC06938,91812400006938,CU02238,PR002,BR002,2019-02-09,2019-09-07,CLOSED,INR,150668.42,SAVINGS
AC06939,14442900006939,CU04267,PR002,BR006,2019-05-29,2020-06-28,CLOSED,INR,127594.96,SAVINGS
AC06940,98788000006940,CU03230,PR004,BR005,2018-08-21,,ACTIVE,INR,64862.57,CURRENT
AC06941,39643800006941,CU00794,PR006,BR010,2023-12-30,,ACTIVE,INR,55536.49,CURRENT
AC06942,65745200006942,CU00896,PR005,BR003,2025-02-27,,ACTIVE,INR,153575.68,CURRENT
AC06943,56441000006943,CU03494,PR001,BR006,2023-09-26,2024-12-21,CLOSED,INR,242072.02,SAVINGS
AC06944,30851900006944,CU00586,PR001,BR007,2024-06-13,2026-08-20,CLOSED,INR,176416.28,SAVINGS
AC06945,19908500006945,CU01901,PR004,BR007,2018-01-07,2022-10-09,CLOSED,INR,79879.37,CURRENT
AC06946,40292100006946,CU03536,PR002,BR009,2018-11-03,,ACTIVE,INR,11818.24,SAVINGS
AC06947,10054200006947,CU03280,PR005,BR006,2020-07-08,2022-05-05,CLOSED,INR,157097.31,CURRENT
AC06948,79401100006948,CU02133,PR003,BR004,2022-03-29,,ACTIVE,INR,2120.32,SAVINGS
AC06949,43830100006949,CU00655,PR003,BR010,2019-05-21,,DORMANT,INR,232839.47,SAVINGS
AC06950,37238300006950,CU00499,PR002,BR005,2021-06-20,2026-06-16,CLOSED,INR,23532.48,SAVINGS
AC06951,57526100006951,CU01731,PR002,BR005,2020-12-13,2024-07-27,CLOSED,INR,51887.40,SAVINGS
AC06952,29403500006952,CU03312,PR004,BR009,2018-03-18,2019-09-05,CLOSED,INR,167776.99,CURRENT
AC06953,62246700006953,CU00017,PR003,BR001,2025-04-28,2026-08-21,CLOSED,INR,46651.97,SAVINGS
AC06954,73478500006954,CU00344,PR001,BR008,2019-07-28,,DORMANT,INR,64297.05,SAVINGS
AC06955,20828800006955,CU02016,PR003,BR001,2020-12-01,2023-08-20,CLOSED,INR,7052.78,SAVINGS
AC06956,19802400006956,CU01002,PR009,BR007,2018-01-07,2020-10-21,CLOSED,INR,83316.06,FIXED_DEPOSIT
AC06957,90733400006957,CU03004,PR001,BR006,2020-06-25,,DORMANT,INR,184756.90,SAVINGS
AC06958,39151200006958,CU02106,PR004,BR010,2020-11-01,,ACTIVE,INR,57579.58,CURRENT
AC06959,31634700006959,CU04234,PR005,BR001,2020-09-20,2021-05-11,CLOSED,INR,16294.81,CURRENT
AC06960,72746000006960,CU02403,PR001,BR002,2023-08-10,2025-11-13,CLOSED,INR,112267.49,SAVINGS
AC06961,33161600006961,CU00967,PR009,BR007,2018-08-15,,ACTIVE,INR,26655.88,FIXED_DEPOSIT
AC06962,19237600006962,CU02347,PR008,BR005,2022-10-29,2024-08-18,CLOSED,INR,236106.26,FIXED_DEPOSIT
AC06963,46481500006963,CU02596,PR002,BR002,2022-02-09,,ACTIVE,INR,56294.39,SAVINGS
AC06964,43292200006964,CU02554,PR003,BR006,2023-08-12,2024-04-16,CLOSED,INR,178211.33,SAVINGS
AC06965,14241700006965,CU04569,PR008,BR003,2019-10-26,2023-11-12,CLOSED,INR,248190.14,FIXED_DEPOSIT
AC06966,10462200006966,CU00562,PR008,BR008,2019-02-08,,DORMANT,INR,134244.66,FIXED_DEPOSIT
AC06967,40556200006967,CU04439,PR009,BR005,2021-02-28,,ACTIVE,INR,69536.96,FIXED_DEPOSIT
AC06968,83941800006968,CU04453,PR008,BR002,2018-08-14,2023-09-04,CLOSED,INR,43012.87,FIXED_DEPOSIT
AC06969,23068200006969,CU02485,PR002,BR004,2021-09-21,,DORMANT,INR,168187.74,SAVINGS
AC06970,28076100006970,CU03619,PR002,BR003,2019-09-29,,ACTIVE,INR,38394.27,SAVINGS
AC06971,95318000006971,CU02210,PR007,BR002,2021-01-05,2023-06-05,CLOSED,INR,67420.89,FIXED_DEPOSIT
AC06972,29211100006972,CU02850,PR008,BR003,2023-01-29,,DORMANT,INR,52324.44,FIXED_DEPOSIT
AC06973,34907100006973,CU00878,PR001,BR001,2019-03-16,,ACTIVE,INR,36936.16,SAVINGS
AC06974,38852800006974,CU03648,PR004,BR007,2024-09-19,2026-02-21,CLOSED,INR,149987.53,CURRENT
AC06975,88713700006975,CU03241,PR003,BR003,2019-01-17,2022-10-31,CLOSED,INR,83479.16,SAVINGS
AC06976,82583400006976,CU04423,PR005,BR009,2023-11-02,,DORMANT,INR,159846.10,CURRENT
AC06977,12944800006977,CU02170,PR008,BR003,2021-12-01,,DORMANT,INR,239846.18,FIXED_DEPOSIT
AC06978,88309800006978,CU04104,PR005,BR006,2018-11-13,,ACTIVE,INR,70794.41,CURRENT
AC06979,10441700006979,CU02845,PR007,BR009,2021-01-19,,ACTIVE,INR,39945.78,FIXED_DEPOSIT
AC06980,79846800006980,CU04059,PR007,BR006,2023-03-08,,ACTIVE,INR,116983.90,FIXED_DEPOSIT
AC06981,24382000006981,CU00432,PR009,BR007,2024-10-19,2026-03-30,CLOSED,INR,1302.10,FIXED_DEPOSIT
AC06982,72522100006982,CU04474,PR003,BR007,2019-07-17,2022-01-28,CLOSED,INR,199963.72,SAVINGS
AC06983,42340400006983,CU03903,PR002,BR008,2024-10-03,,DORMANT,INR,105883.02,SAVINGS
AC06984,37456000006984,CU00271,PR008,BR010,2025-01-31,,DORMANT,INR,75746.09,FIXED_DEPOSIT
AC06985,87464000006985,CU04040,PR005,BR001,2022-03-18,,DORMANT,INR,229799.60,CURRENT
AC06986,59161600006986,CU02731,PR006,BR006,2018-12-01,,DORMANT,INR,83782.44,CURRENT
AC06987,50991500006987,CU03952,PR005,BR010,2024-06-05,2026-08-20,CLOSED,INR,103735.74,CURRENT
AC06988,34002300006988,CU04885,PR008,BR003,2021-06-27,,ACTIVE,INR,15989.93,FIXED_DEPOSIT
AC06989,56490500006989,CU01167,PR004,BR001,2023-11-23,,DORMANT,INR,101643.41,CURRENT
AC06990,75202200006990,CU04073,PR009,BR008,2018-10-24,,ACTIVE,INR,4979.22,FIXED_DEPOSIT
AC06991,84902800006991,CU00450,PR006,BR001,2025-05-07,,ACTIVE,INR,4444.70,CURRENT
AC06992,54926900006992,CU01644,PR006,BR007,2019-06-18,2024-06-09,CLOSED,INR,229358.56,CURRENT
AC06993,46923600006993,CU00059,PR007,BR001,2024-03-10,2026-08-21,CLOSED,INR,143532.80,FIXED_DEPOSIT
AC06994,56645300006994,CU04472,PR007,BR005,2022-01-07,,DORMANT,INR,170732.40,FIXED_DEPOSIT
AC06995,81880700006995,CU02193,PR002,BR007,2023-12-03,,ACTIVE,INR,3137.36,SAVINGS
AC06996,93256600006996,CU02440,PR003,BR005,2019-01-09,2019-09-03,CLOSED,INR,38165.31,SAVINGS
AC06997,19233300006997,CU04855,PR008,BR005,2022-06-25,2024-09-02,CLOSED,INR,231820.38,FIXED_DEPOSIT
AC06998,48176200006998,CU00136,PR001,BR010,2018-03-31,2021-10-10,CLOSED,INR,35096.93,SAVINGS
AC06999,67067000006999,CU04680,PR009,BR001,2025-12-26,,ACTIVE,INR,339.65,FIXED_DEPOSIT
AC07000,93232900007000,CU03863,PR006,BR006,2018-06-11,,DORMANT,INR,117370.44,CURRENT
AC07001,75463100007001,CU03082,PR002,BR002,2019-03-09,,ACTIVE,INR,8262.13,SAVINGS
AC07002,47427500007002,CU00080,PR004,BR010,2023-07-17,,DORMANT,INR,54883.64,CURRENT
AC07003,91129900007003,CU04470,PR008,BR005,2023-11-02,2026-04-02,CLOSED,INR,100594.90,FIXED_DEPOSIT
AC07004,36543100007004,CU02759,PR003,BR003,2021-05-03,2025-02-13,CLOSED,INR,173275.66,SAVINGS
AC07005,96614900007005,CU00436,PR009,BR001,2023-11-21,,ACTIVE,INR,1996.71,FIXED_DEPOSIT
AC07006,57765600007006,CU04667,PR005,BR001,2019-09-05,2020-07-12,CLOSED,INR,65463.04,CURRENT
AC07007,14928300007007,CU01473,PR002,BR005,2024-05-06,,DORMANT,INR,148253.50,SAVINGS
AC07008,54351300007008,CU03188,PR004,BR006,2025-04-12,2026-08-22,CLOSED,INR,21764.04,CURRENT
AC07009,90264000007009,CU01902,PR004,BR002,2020-10-11,,DORMANT,INR,31491.97,CURRENT
AC07010,80140300007010,CU03582,PR009,BR005,2018-01-14,,ACTIVE,INR,1377.18,FIXED_DEPOSIT
AC07011,42913600007011,CU03265,PR009,BR008,2021-11-22,,ACTIVE,INR,8684.38,FIXED_DEPOSIT
AC07012,13474700007012,CU01741,PR001,BR009,2024-01-04,2026-08-22,CLOSED,INR,185937.04,SAVINGS
AC07013,84654600007013,CU01614,PR003,BR002,2018-08-11,2022-04-07,CLOSED,INR,96851.73,SAVINGS
AC07014,10086900007014,CU02402,PR003,BR009,2021-04-14,2025-08-16,CLOSED,INR,200300.99,SAVINGS
AC07015,83888100007015,CU03383,PR002,BR007,2019-06-27,,DORMANT,INR,164223.77,SAVINGS
AC07016,62745700007016,CU04142,PR003,BR001,2024-03-07,,ACTIVE,INR,21953.94,SAVINGS
AC07017,44056600007017,CU04112,PR005,BR006,2019-10-14,,DORMANT,INR,54084.22,CURRENT
AC07018,94781500007018,CU01721,PR003,BR010,2023-08-24,,ACTIVE,INR,94382.18,SAVINGS
AC07019,87501700007019,CU04670,PR008,BR002,2021-09-20,2025-07-26,CLOSED,INR,69871.28,FIXED_DEPOSIT
AC07020,90686600007020,CU01819,PR003,BR004,2019-02-24,,ACTIVE,INR,51106.34,SAVINGS
AC07021,38376000007021,CU03011,PR001,BR001,2021-12-19,,DORMANT,INR,32689.36,SAVINGS
AC07022,91089300007022,CU02521,PR008,BR003,2023-03-24,,ACTIVE,INR,12732.31,FIXED_DEPOSIT
AC07023,22497600007023,CU02946,PR006,BR008,2024-11-26,2026-08-24,CLOSED,INR,177790.31,CURRENT
AC07024,45278000007024,CU01199,PR001,BR005,2018-07-28,2022-10-29,CLOSED,INR,146557.69,SAVINGS
AC07025,87025100007025,CU01598,PR006,BR004,2019-12-10,2021-02-08,CLOSED,INR,12188.52,CURRENT
AC07026,25054300007026,CU02902,PR001,BR002,2025-04-12,,ACTIVE,INR,10161.07,SAVINGS
AC07027,29502400007027,CU03205,PR006,BR003,2024-05-25,2026-08-20,CLOSED,INR,97258.59,CURRENT
AC07028,76317800007028,CU02598,PR008,BR007,2025-03-31,2026-08-28,CLOSED,INR,96802.53,FIXED_DEPOSIT
AC07029,54313400007029,CU02236,PR007,BR003,2023-11-21,,ACTIVE,INR,103557.78,FIXED_DEPOSIT
AC07030,36173800007030,CU04090,PR008,BR001,2022-07-11,2026-08-21,CLOSED,INR,199003.82,FIXED_DEPOSIT
AC07031,79126500007031,CU02888,PR005,BR002,2025-11-14,2026-08-24,CLOSED,INR,111236.74,CURRENT
AC07032,91032500007032,CU04754,PR004,BR010,2021-10-21,,DORMANT,INR,161364.55,CURRENT
AC07033,47182700007033,CU03728,PR003,BR009,2018-08-31,,ACTIVE,INR,74455.76,SAVINGS
AC07034,68792000007034,CU04336,PR003,BR002,2021-06-28,,DORMANT,INR,217641.41,SAVINGS
AC07035,14972100007035,CU02273,PR001,BR005,2020-02-22,2020-10-18,CLOSED,INR,121644.27,SAVINGS
AC07036,12026700007036,CU04337,PR005,BR010,2021-02-27,,ACTIVE,INR,52300.75,CURRENT
AC07037,68186500007037,CU04198,PR007,BR006,2023-08-07,,ACTIVE,INR,170904.99,FIXED_DEPOSIT
AC07038,11238400007038,CU02319,PR006,BR010,2021-02-24,2025-01-31,CLOSED,INR,143103.70,CURRENT
AC07039,35258200007039,CU01952,PR007,BR003,2021-05-12,,DORMANT,INR,174355.01,FIXED_DEPOSIT
AC07040,42456300007040,CU03074,PR002,BR005,2024-08-07,,ACTIVE,INR,247.06,SAVINGS
AC07041,46011000007041,CU04976,PR005,BR010,2025-01-04,,ACTIVE,INR,52556.92,CURRENT
AC07042,29796700007042,CU03875,PR001,BR007,2018-09-14,,ACTIVE,INR,112130.29,SAVINGS
AC07043,72581800007043,CU01585,PR005,BR007,2025-10-08,,ACTIVE,INR,33461.69,CURRENT
AC07044,43013900007044,CU04231,PR002,BR004,2021-06-06,,ACTIVE,INR,117992.07,SAVINGS
AC07045,82562900007045,CU01193,PR009,BR007,2019-02-27,,ACTIVE,INR,108986.88,FIXED_DEPOSIT
AC07046,58125300007046,CU03361,PR002,BR005,2020-03-23,2022-02-26,CLOSED,INR,65357.98,SAVINGS
AC07047,27022200007047,CU04399,PR009,BR002,2020-03-25,,ACTIVE,INR,313118.05,FIXED_DEPOSIT
AC07048,44474400007048,CU04058,PR009,BR002,2024-03-22,2026-08-23,CLOSED,INR,67713.53,FIXED_DEPOSIT
AC07049,89775900007049,CU03930,PR008,BR009,2024-01-11,2026-08-09,CLOSED,INR,228864.05,FIXED_DEPOSIT
AC07050,78850100007050,CU03175,PR002,BR006,2025-04-18,,ACTIVE,INR,44058.02,SAVINGS
AC07051,66308500007051,CU04413,PR005,BR005,2019-12-25,,ACTIVE,INR,111487.08,CURRENT
AC07052,31796000007052,CU04814,PR006,BR003,2025-01-10,,DORMANT,INR,176407.66,CURRENT
AC07053,16629500007053,CU01195,PR002,BR004,2021-02-23,,DORMANT,INR,16358.35,SAVINGS
AC07054,66734000007054,CU02660,PR001,BR003,2022-06-06,,ACTIVE,INR,6977.96,SAVINGS
AC07055,72862400007055,CU02175,PR002,BR006,2024-01-08,,ACTIVE,INR,68359.66,SAVINGS
AC07056,81058900007056,CU01233,PR004,BR003,2022-06-16,,ACTIVE,INR,1333.39,CURRENT
AC07057,77819100007057,CU04661,PR007,BR003,2019-03-11,,ACTIVE,INR,41009.22,FIXED_DEPOSIT
AC07058,91985700007058,CU01051,PR007,BR008,2024-01-29,,ACTIVE,INR,14672.26,FIXED_DEPOSIT
AC07059,53710800007059,CU02926,PR009,BR003,2018-02-21,2020-04-06,CLOSED,INR,54726.92,FIXED_DEPOSIT
AC07060,39118600007060,CU03773,PR005,BR006,2018-06-12,2019-06-01,CLOSED,INR,22096.50,CURRENT
AC07061,73749800007061,CU03756,PR001,BR002,2018-10-05,2023-08-03,CLOSED,INR,121253.93,SAVINGS
AC07062,16554100007062,CU01806,PR005,BR010,2024-03-02,,DORMANT,INR,101250.12,CURRENT
AC07063,80295900007063,CU02352,PR008,BR010,2022-06-16,,ACTIVE,INR,37467.89,FIXED_DEPOSIT
AC07064,94445200007064,CU00765,PR004,BR003,2025-06-07,2026-08-20,CLOSED,INR,164527.64,CURRENT
AC07065,78503000007065,CU00074,PR001,BR002,2024-09-04,,ACTIVE,INR,269041.42,SAVINGS
AC07066,18959100007066,CU04900,PR009,BR003,2022-05-07,,DORMANT,INR,107208.06,FIXED_DEPOSIT
AC07067,64965900007067,CU02227,PR004,BR004,2020-02-12,2023-11-28,CLOSED,INR,224068.45,CURRENT
AC07068,51904800007068,CU03271,PR005,BR002,2020-09-20,,DORMANT,INR,132146.50,CURRENT
AC07069,77274800007069,CU03039,PR009,BR009,2023-06-04,2026-01-29,CLOSED,INR,61662.82,FIXED_DEPOSIT
AC07070,69728800007070,CU02252,PR008,BR004,2025-08-28,2026-08-25,CLOSED,INR,60630.30,FIXED_DEPOSIT
AC07071,26014700007071,CU01129,PR007,BR001,2024-06-17,2026-08-21,CLOSED,INR,22407.26,FIXED_DEPOSIT
AC07072,22565800007072,CU02481,PR005,BR004,2020-09-21,,DORMANT,INR,207109.32,CURRENT
AC07073,14044900007073,CU03688,PR004,BR006,2023-09-22,,DORMANT,INR,2034.27,CURRENT
AC07074,25907400007074,CU01852,PR006,BR006,2021-02-02,2024-04-14,CLOSED,INR,15530.06,CURRENT
AC07075,36342600007075,CU00442,PR004,BR010,2023-05-15,2026-08-22,CLOSED,INR,241281.21,CURRENT
AC07076,27007500007076,CU02472,PR003,BR009,2019-10-05,,DORMANT,INR,47341.26,SAVINGS
AC07077,11720600007077,CU00901,PR003,BR006,2024-11-25,,DORMANT,INR,79622.10,SAVINGS
AC07078,38598700007078,CU03878,PR009,BR008,2019-11-19,,DORMANT,INR,44086.77,FIXED_DEPOSIT
AC07079,14665300007079,CU02276,PR009,BR002,2020-10-03,,DORMANT,INR,52124.24,FIXED_DEPOSIT
AC07080,34008100007080,CU04672,PR005,BR007,2022-09-10,2024-01-17,CLOSED,INR,133180.01,CURRENT
AC07081,13234400007081,CU03895,PR003,BR006,2024-09-01,,ACTIVE,INR,181.18,SAVINGS
AC07082,86543000007082,CU04048,PR006,BR001,2018-06-22,,ACTIVE,INR,9144.40,CURRENT
AC07083,33812500007083,CU01817,PR003,BR010,2023-03-03,2026-08-23,CLOSED,INR,238366.09,SAVINGS
AC07084,34283000007084,CU02828,PR002,BR003,2025-09-12,,ACTIVE,INR,89154.32,SAVINGS
AC07085,67810300007085,CU03356,PR006,BR006,2022-04-06,,DORMANT,INR,102081.05,CURRENT
AC07086,14494600007086,CU03082,PR008,BR002,2019-12-08,,ACTIVE,INR,31690.09,FIXED_DEPOSIT
AC07087,59036900007087,CU04553,PR006,BR003,2018-10-27,,DORMANT,INR,206541.63,CURRENT
AC07088,79874400007088,CU00750,PR008,BR004,2024-01-17,,DORMANT,INR,4637.74,FIXED_DEPOSIT
AC07089,28761300007089,CU03862,PR005,BR002,2019-10-13,,DORMANT,INR,57099.36,CURRENT
AC07090,33961200007090,CU04473,PR002,BR010,2025-11-12,2026-08-25,CLOSED,INR,71786.24,SAVINGS
AC07091,88348700007091,CU00030,PR009,BR002,2019-09-08,2024-04-19,CLOSED,INR,2239.81,FIXED_DEPOSIT
AC07092,32082200007092,CU01743,PR007,BR007,2018-08-28,2022-01-29,CLOSED,INR,105750.71,FIXED_DEPOSIT
AC07093,69643700007093,CU04787,PR004,BR008,2018-06-26,,DORMANT,INR,118987.79,CURRENT
AC07094,30316900007094,CU04937,PR008,BR001,2023-10-05,2025-11-06,CLOSED,INR,42668.72,FIXED_DEPOSIT
AC07095,92635400007095,CU04654,PR001,BR005,2025-12-21,,ACTIVE,INR,308.63,SAVINGS
AC07096,16794300007096,CU04017,PR006,BR006,2024-10-19,,ACTIVE,INR,15296.92,CURRENT
AC07097,46160400007097,CU04290,PR004,BR005,2025-01-14,,ACTIVE,INR,70284.07,CURRENT
AC07098,68656500007098,CU03950,PR008,BR005,2023-12-27,,ACTIVE,INR,112589.31,FIXED_DEPOSIT
AC07099,99089100007099,CU03039,PR006,BR009,2022-10-26,,ACTIVE,INR,130157.29,CURRENT
AC07100,36420100007100,CU02735,PR001,BR007,2019-10-02,2024-11-09,CLOSED,INR,202737.59,SAVINGS
AC07101,51215900007101,CU03103,PR009,BR009,2020-06-24,2023-10-28,CLOSED,INR,193596.30,FIXED_DEPOSIT
AC07102,76697000007102,CU01542,PR009,BR002,2019-04-10,,ACTIVE,INR,141.85,FIXED_DEPOSIT
AC07103,58991200007103,CU04562,PR008,BR003,2024-02-10,,ACTIVE,INR,9504.47,FIXED_DEPOSIT
AC07104,11644600007104,CU00022,PR008,BR008,2018-11-10,2020-06-25,CLOSED,INR,130571.81,FIXED_DEPOSIT
AC07105,31292200007105,CU02490,PR002,BR004,2021-08-18,,ACTIVE,INR,2105.66,SAVINGS
AC07106,45014500007106,CU00780,PR001,BR002,2024-11-20,,DORMANT,INR,38512.38,SAVINGS
AC07107,73158200007107,CU03269,PR005,BR009,2025-04-04,,DORMANT,INR,77387.49,CURRENT
AC07108,61076900007108,CU02255,PR003,BR004,2019-10-21,2022-09-04,CLOSED,INR,168442.36,SAVINGS
AC07109,74479400007109,CU00546,PR007,BR004,2022-08-08,,ACTIVE,INR,71288.19,FIXED_DEPOSIT
AC07110,48890400007110,CU00177,PR009,BR002,2024-11-09,,DORMANT,INR,87220.43,FIXED_DEPOSIT
AC07111,81137700007111,CU00853,PR003,BR008,2025-02-20,2026-08-21,CLOSED,INR,169335.15,SAVINGS
AC07112,10962600007112,CU02306,PR001,BR006,2023-06-06,2024-10-03,CLOSED,INR,30934.67,SAVINGS
AC07113,47876800007113,CU04382,PR003,BR010,2021-12-12,,DORMANT,INR,126908.37,SAVINGS
AC07114,23858500007114,CU02444,PR001,BR010,2023-02-27,,ACTIVE,INR,110415.72,SAVINGS
AC07115,34561700007115,CU02325,PR007,BR001,2018-12-02,,ACTIVE,INR,188196.81,FIXED_DEPOSIT
AC07116,24806900007116,CU02104,PR007,BR010,2025-08-08,2026-08-28,CLOSED,INR,17067.50,FIXED_DEPOSIT
AC07117,75368000007117,CU04650,PR008,BR003,2022-09-13,,ACTIVE,INR,126520.05,FIXED_DEPOSIT
AC07118,26530700007118,CU04763,PR006,BR002,2020-05-01,,ACTIVE,INR,154206.09,CURRENT
AC07119,84890800007119,CU02008,PR006,BR005,2023-06-14,2026-08-25,CLOSED,INR,93046.67,CURRENT
AC07120,30370200007120,CU00886,PR002,BR001,2024-01-29,,ACTIVE,INR,201007.52,SAVINGS
AC07121,28283100007121,CU04360,PR002,BR005,2024-12-02,,DORMANT,INR,168700.75,SAVINGS
AC07122,70477700007122,CU04758,PR003,BR003,2018-01-18,,ACTIVE,INR,27335.51,SAVINGS
AC07123,87983500007123,CU03350,PR004,BR007,2024-06-15,2025-12-17,CLOSED,INR,134463.65,CURRENT
AC07124,84107800007124,CU04435,PR001,BR006,2022-08-24,2024-03-18,CLOSED,INR,131996.02,SAVINGS
AC07125,99510600007125,CU02033,PR006,BR003,2022-05-17,2026-08-24,CLOSED,INR,145935.03,CURRENT
AC07126,14279900007126,CU00486,PR005,BR008,2022-05-13,2024-01-02,CLOSED,INR,191244.76,CURRENT
AC07127,19845600007127,CU01215,PR001,BR009,2022-01-03,2023-01-14,CLOSED,INR,174337.88,SAVINGS
AC07128,73969400007128,CU00806,PR009,BR003,2022-01-26,,ACTIVE,INR,73362.22,FIXED_DEPOSIT
AC07129,95593700007129,CU00921,PR005,BR007,2020-05-08,,DORMANT,INR,103298.23,CURRENT
AC07130,94993800007130,CU02239,PR002,BR003,2019-01-21,,DORMANT,INR,132195.87,SAVINGS
AC07131,92421900007131,CU03450,PR007,BR002,2020-05-10,2020-11-07,CLOSED,INR,46447.56,FIXED_DEPOSIT
AC07132,75010400007132,CU02754,PR009,BR005,2018-05-24,2019-11-21,CLOSED,INR,97313.69,FIXED_DEPOSIT
AC07133,69469200007133,CU03447,PR003,BR002,2019-02-12,,ACTIVE,INR,128.78,SAVINGS
AC07134,56794000007134,CU03102,PR006,BR003,2019-12-19,2025-05-15,CLOSED,INR,64754.61,CURRENT
AC07135,77280200007135,CU03707,PR008,BR006,2020-12-05,,DORMANT,INR,187787.76,FIXED_DEPOSIT
AC07136,20992200007136,CU02501,PR007,BR006,2020-12-14,,ACTIVE,INR,40.59,FIXED_DEPOSIT
AC07137,20325200007137,CU03742,PR004,BR009,2021-08-20,,ACTIVE,INR,146.23,CURRENT
AC07138,33043500007138,CU00960,PR008,BR003,2025-08-12,2026-08-26,CLOSED,INR,123905.17,FIXED_DEPOSIT
AC07139,40088300007139,CU03667,PR002,BR003,2019-06-24,2024-05-13,CLOSED,INR,117359.98,SAVINGS
AC07140,30435300007140,CU04831,PR006,BR005,2022-06-26,,DORMANT,INR,200470.86,CURRENT
AC07141,34908300007141,CU03308,PR004,BR003,2019-07-19,,ACTIVE,INR,32534.19,CURRENT
AC07142,60418300007142,CU00262,PR006,BR010,2019-06-22,,ACTIVE,INR,2516.26,CURRENT
AC07143,24927100007143,CU03756,PR003,BR002,2018-11-17,,ACTIVE,INR,68352.68,SAVINGS
AC07144,73399900007144,CU00234,PR008,BR004,2019-11-11,,DORMANT,INR,145701.07,FIXED_DEPOSIT
AC07145,14793400007145,CU02804,PR009,BR005,2025-09-22,,DORMANT,INR,102841.68,FIXED_DEPOSIT
AC07146,22345500007146,CU00326,PR006,BR010,2024-03-23,,DORMANT,INR,51701.99,CURRENT
AC07147,15628200007147,CU00527,PR002,BR003,2023-01-10,2025-07-01,CLOSED,INR,56305.40,SAVINGS
AC07148,54091200007148,CU04581,PR004,BR010,2020-01-14,2022-02-24,CLOSED,INR,120836.62,CURRENT
AC07149,22762200007149,CU04357,PR001,BR009,2021-04-04,,DORMANT,INR,201544.28,SAVINGS
AC07150,10672600007150,CU00472,PR004,BR008,2025-01-31,2026-08-29,CLOSED,INR,94859.44,CURRENT
AC07151,98084200007151,CU01235,PR007,BR010,2025-06-24,2026-08-23,CLOSED,INR,210234.11,FIXED_DEPOSIT
AC07152,55287600007152,CU01712,PR007,BR010,2025-01-15,,ACTIVE,INR,26229.97,FIXED_DEPOSIT
AC07153,36601700007153,CU01067,PR003,BR008,2018-04-12,2023-07-01,CLOSED,INR,32821.33,SAVINGS
AC07154,24965300007154,CU02772,PR001,BR010,2019-06-12,,DORMANT,INR,51281.94,SAVINGS
AC07155,38333500007155,CU04766,PR005,BR005,2018-09-27,,DORMANT,INR,206870.72,CURRENT
AC07156,25159300007156,CU03664,PR002,BR005,2019-05-24,,ACTIVE,INR,1087.58,SAVINGS
AC07157,99014700007157,CU01726,PR008,BR008,2020-02-13,,ACTIVE,INR,29981.81,FIXED_DEPOSIT
AC07158,23587900007158,CU03442,PR009,BR010,2023-04-04,,DORMANT,INR,225597.53,FIXED_DEPOSIT
AC07159,57633200007159,CU03551,PR008,BR001,2020-11-29,2025-08-30,CLOSED,INR,54221.91,FIXED_DEPOSIT
AC07160,93151700007160,CU04299,PR009,BR004,2020-07-09,,DORMANT,INR,27789.49,FIXED_DEPOSIT
AC07161,75682800007161,CU03902,PR004,BR005,2024-08-27,,ACTIVE,INR,3997.25,CURRENT
AC07162,20266000007162,CU02825,PR002,BR006,2022-08-24,,ACTIVE,INR,102827.64,SAVINGS
AC07163,19328000007163,CU02797,PR001,BR007,2021-07-22,,DORMANT,INR,244111.13,SAVINGS
AC07164,11734600007164,CU02928,PR009,BR003,2023-03-16,,ACTIVE,INR,348273.66,FIXED_DEPOSIT
AC07165,76003800007165,CU03150,PR003,BR004,2025-02-08,2026-07-03,CLOSED,INR,26743.43,SAVINGS
AC07166,26111000007166,CU03877,PR004,BR009,2018-02-18,2020-08-14,CLOSED,INR,42505.49,CURRENT
AC07167,82554800007167,CU00964,PR005,BR001,2021-11-10,,ACTIVE,INR,3472.98,CURRENT
AC07168,77605600007168,CU00296,PR004,BR007,2018-01-06,,DORMANT,INR,19296.50,CURRENT
AC07169,69258400007169,CU04931,PR008,BR009,2024-11-01,,DORMANT,INR,150543.21,FIXED_DEPOSIT
AC07170,33434000007170,CU01295,PR006,BR002,2019-05-13,2024-05-17,CLOSED,INR,40956.82,CURRENT
AC07171,15543100007171,CU03670,PR005,BR005,2023-07-17,,ACTIVE,INR,126.68,CURRENT
AC07172,77150900007172,CU01848,PR009,BR003,2024-06-21,,DORMANT,INR,131200.58,FIXED_DEPOSIT
AC07173,58331000007173,CU01151,PR007,BR003,2019-12-21,,DORMANT,INR,19454.35,FIXED_DEPOSIT
AC07174,67145600007174,CU02131,PR005,BR007,2022-09-17,2026-07-06,CLOSED,INR,230144.35,CURRENT
AC07175,38712400007175,CU04138,PR003,BR005,2018-09-28,,DORMANT,INR,66393.85,SAVINGS
AC07176,54904100007176,CU00506,PR008,BR006,2025-01-05,,DORMANT,INR,57697.91,FIXED_DEPOSIT
AC07177,12841200007177,CU02391,PR003,BR004,2025-04-27,,DORMANT,INR,19974.24,SAVINGS
AC07178,44156100007178,CU01383,PR001,BR008,2019-09-04,,ACTIVE,INR,69.21,SAVINGS
AC07179,96964200007179,CU02124,PR003,BR008,2021-07-29,,DORMANT,INR,232867.48,SAVINGS
AC07180,14302400007180,CU00966,PR007,BR005,2018-09-08,2019-11-27,CLOSED,INR,99543.75,FIXED_DEPOSIT
AC07181,59199200007181,CU03155,PR008,BR005,2020-05-02,2021-04-08,CLOSED,INR,201570.89,FIXED_DEPOSIT
AC07182,84997100007182,CU01586,PR008,BR010,2024-04-08,,ACTIVE,INR,151586.98,FIXED_DEPOSIT
AC07183,99347500007183,CU02317,PR006,BR005,2019-05-11,,DORMANT,INR,1077.04,CURRENT
AC07184,35319800007184,CU01817,PR009,BR010,2024-11-15,2026-08-21,CLOSED,INR,118468.30,FIXED_DEPOSIT
AC07185,41612900007185,CU02285,PR002,BR009,2019-10-22,,DORMANT,INR,104235.94,SAVINGS
AC07186,96552700007186,CU03021,PR006,BR009,2019-05-09,,DORMANT,INR,186856.54,CURRENT
AC07187,56700000007187,CU03684,PR003,BR004,2021-09-22,2026-04-14,CLOSED,INR,229818.55,SAVINGS
AC07188,85751500007188,CU03606,PR002,BR003,2019-06-04,,DORMANT,INR,94869.32,SAVINGS
AC07189,46139400007189,CU02241,PR006,BR002,2019-10-06,2024-06-29,CLOSED,INR,15739.68,CURRENT
AC07190,79796300007190,CU03282,PR001,BR001,2023-04-09,2026-08-20,CLOSED,INR,90836.23,SAVINGS
AC07191,45714400007191,CU01848,PR008,BR003,2021-11-17,,ACTIVE,INR,10044.35,FIXED_DEPOSIT
AC07192,53820300007192,CU04131,PR003,BR007,2022-05-14,2024-09-27,CLOSED,INR,158564.30,SAVINGS
AC07193,86682400007193,CU00805,PR004,BR007,2018-06-22,,ACTIVE,INR,105930.81,CURRENT
AC07194,24767800007194,CU04521,PR008,BR005,2022-07-11,,DORMANT,INR,176375.53,FIXED_DEPOSIT
AC07195,88494700007195,CU00865,PR006,BR007,2023-03-28,2024-09-04,CLOSED,INR,89916.79,CURRENT
AC07196,17361200007196,CU01757,PR008,BR008,2023-12-03,,ACTIVE,INR,240.86,FIXED_DEPOSIT
AC07197,33606500007197,CU00233,PR002,BR008,2022-11-02,,DORMANT,INR,77331.03,SAVINGS
AC07198,88155100007198,CU01235,PR009,BR010,2018-11-29,,DORMANT,INR,205912.16,FIXED_DEPOSIT
AC07199,63747500007199,CU02647,PR004,BR003,2024-11-13,,DORMANT,INR,117394.63,CURRENT
AC07200,76032000007200,CU02632,PR007,BR005,2020-11-14,2024-12-10,CLOSED,INR,208859.23,FIXED_DEPOSIT
AC07201,45661100007201,CU02075,PR001,BR006,2019-05-14,2022-10-04,CLOSED,INR,117750.29,SAVINGS
AC07202,18794400007202,CU03671,PR009,BR001,2025-06-08,,ACTIVE,INR,7806.70,FIXED_DEPOSIT
AC07203,56388500007203,CU02178,PR008,BR010,2019-06-11,,ACTIVE,INR,107013.30,FIXED_DEPOSIT
AC07204,73355700007204,CU03106,PR003,BR001,2018-09-07,,DORMANT,INR,44579.08,SAVINGS
AC07205,55168300007205,CU02711,PR006,BR010,2022-04-20,,DORMANT,INR,74495.39,CURRENT
AC07206,66714000007206,CU00320,PR007,BR006,2020-08-15,,ACTIVE,INR,2857.23,FIXED_DEPOSIT
AC07207,29629700007207,CU01733,PR006,BR001,2024-07-10,,DORMANT,INR,232264.53,CURRENT
AC07208,99299800007208,CU01300,PR009,BR003,2025-11-01,,ACTIVE,INR,1084.74,FIXED_DEPOSIT
AC07209,63218900007209,CU02474,PR006,BR001,2021-08-12,,DORMANT,INR,98009.63,CURRENT
AC07210,24471500007210,CU04380,PR005,BR010,2021-05-12,,DORMANT,INR,152136.71,CURRENT
AC07211,19850300007211,CU00903,PR007,BR005,2021-12-04,,ACTIVE,INR,5541.38,FIXED_DEPOSIT
AC07212,52042900007212,CU04383,PR006,BR010,2020-11-02,,DORMANT,INR,202907.44,CURRENT
AC07213,34067300007213,CU01419,PR004,BR004,2023-01-28,,DORMANT,INR,31085.86,CURRENT
AC07214,13280100007214,CU00159,PR001,BR001,2022-07-30,,ACTIVE,INR,80386.69,SAVINGS
AC07215,38029600007215,CU01692,PR007,BR006,2025-10-17,,ACTIVE,INR,1143.43,FIXED_DEPOSIT
AC07216,78062100007216,CU04634,PR004,BR008,2022-04-28,2026-08-20,CLOSED,INR,237066.34,CURRENT
AC07217,23125900007217,CU03749,PR001,BR008,2023-11-02,2026-08-22,CLOSED,INR,175741.88,SAVINGS
AC07218,38749400007218,CU02047,PR005,BR005,2020-04-03,2022-12-31,CLOSED,INR,42888.42,CURRENT
AC07219,62079300007219,CU02563,PR008,BR003,2021-09-23,2022-05-26,CLOSED,INR,85798.81,FIXED_DEPOSIT
AC07220,45261200007220,CU02166,PR007,BR009,2024-01-02,,DORMANT,INR,50705.85,FIXED_DEPOSIT
AC07221,61965700007221,CU00162,PR007,BR009,2024-02-18,,ACTIVE,INR,29251.80,FIXED_DEPOSIT
AC07222,77011500007222,CU00278,PR006,BR010,2018-02-28,2022-09-24,CLOSED,INR,171930.05,CURRENT
AC07223,71887000007223,CU02573,PR002,BR007,2020-01-23,2020-10-22,CLOSED,INR,42555.39,SAVINGS
AC07224,55170100007224,CU02104,PR008,BR010,2022-08-27,,DORMANT,INR,143152.09,FIXED_DEPOSIT
AC07225,15972400007225,CU01544,PR002,BR003,2018-01-20,,ACTIVE,INR,142882.18,SAVINGS
AC07226,64598100007226,CU02867,PR007,BR005,2019-12-29,2020-09-25,CLOSED,INR,179764.68,FIXED_DEPOSIT
AC07227,70887100007227,CU01323,PR008,BR001,2020-08-14,2022-11-10,CLOSED,INR,122576.25,FIXED_DEPOSIT
AC07228,54249600007228,CU03985,PR002,BR006,2018-11-28,,DORMANT,INR,47828.58,SAVINGS
AC07229,36226200007229,CU01193,PR005,BR007,2019-08-30,,ACTIVE,INR,7.62,CURRENT
AC07230,62554100007230,CU04866,PR006,BR001,2024-10-20,,DORMANT,INR,151737.87,CURRENT
AC07231,67698900007231,CU04644,PR008,BR002,2018-08-05,,ACTIVE,INR,42171.25,FIXED_DEPOSIT
AC07232,31615800007232,CU03271,PR001,BR002,2019-01-30,,DORMANT,INR,17139.45,SAVINGS
AC07233,58816600007233,CU02965,PR003,BR002,2021-10-23,,ACTIVE,INR,2276.95,SAVINGS
AC07234,52457500007234,CU00318,PR009,BR009,2020-06-09,2025-01-20,CLOSED,INR,161122.67,FIXED_DEPOSIT
AC07235,97142100007235,CU01876,PR007,BR008,2025-01-27,2026-05-30,CLOSED,INR,38963.72,FIXED_DEPOSIT
AC07236,27311500007236,CU01446,PR003,BR001,2025-05-08,,DORMANT,INR,154429.20,SAVINGS
AC07237,27185600007237,CU02261,PR002,BR010,2021-07-12,,ACTIVE,INR,18129.05,SAVINGS
AC07238,75653400007238,CU02342,PR004,BR006,2019-06-02,2021-10-02,CLOSED,INR,244096.90,CURRENT
AC07239,55087500007239,CU04018,PR008,BR001,2020-10-09,2022-12-16,CLOSED,INR,150156.19,FIXED_DEPOSIT
AC07240,50036000007240,CU02911,PR003,BR010,2018-04-28,2022-12-03,CLOSED,INR,165063.68,SAVINGS
AC07241,22920100007241,CU00961,PR005,BR005,2020-12-24,,ACTIVE,INR,120205.86,CURRENT
AC07242,90677900007242,CU03545,PR005,BR006,2021-09-30,,DORMANT,INR,167442.06,CURRENT
AC07243,10938800007243,CU01989,PR003,BR001,2021-03-03,,DORMANT,INR,31510.74,SAVINGS
AC07244,70963000007244,CU00166,PR005,BR008,2020-09-21,,DORMANT,INR,187698.51,CURRENT
AC07245,98660000007245,CU04790,PR001,BR010,2019-09-14,,ACTIVE,INR,19587.20,SAVINGS
AC07246,75341600007246,CU00146,PR009,BR009,2024-02-12,,ACTIVE,INR,5431.00,FIXED_DEPOSIT
AC07247,75017900007247,CU04434,PR005,BR005,2023-05-07,2026-08-26,CLOSED,INR,76283.58,CURRENT
AC07248,92748800007248,CU01688,PR007,BR003,2019-01-31,2021-06-14,CLOSED,INR,172733.10,FIXED_DEPOSIT
AC07249,28547800007249,CU04445,PR005,BR004,2020-01-05,,ACTIVE,INR,2157.78,CURRENT
AC07250,11291600007250,CU03901,PR006,BR004,2022-10-20,,ACTIVE,INR,73878.54,CURRENT
AC07251,51922900007251,CU04149,PR009,BR010,2019-03-25,,DORMANT,INR,183253.46,FIXED_DEPOSIT
AC07252,77110100007252,CU02554,PR002,BR006,2025-06-13,,DORMANT,INR,138521.61,SAVINGS
AC07253,85799700007253,CU01615,PR009,BR004,2023-05-20,2025-11-05,CLOSED,INR,229055.89,FIXED_DEPOSIT
AC07254,27391200007254,CU01262,PR009,BR004,2019-06-20,,DORMANT,INR,32197.71,FIXED_DEPOSIT
AC07255,86077500007255,CU01109,PR005,BR002,2021-01-05,,DORMANT,INR,66912.14,CURRENT
AC07256,57046400007256,CU01563,PR003,BR002,2022-12-26,,DORMANT,INR,7423.15,SAVINGS
AC07257,99232800007257,CU02726,PR003,BR004,2024-01-24,,ACTIVE,INR,4550.31,SAVINGS
AC07258,73253600007258,CU04985,PR001,BR009,2021-04-09,2026-06-14,CLOSED,INR,197006.30,SAVINGS
AC07259,71792900007259,CU02218,PR002,BR010,2018-06-23,,ACTIVE,INR,87495.26,SAVINGS
AC07260,60730000007260,CU01095,PR004,BR006,2022-07-29,2026-08-27,CLOSED,INR,39772.42,CURRENT
AC07261,18341100007261,CU01204,PR002,BR001,2025-05-08,,ACTIVE,INR,9368.32,SAVINGS
AC07262,92777800007262,CU00881,PR009,BR008,2022-09-20,2024-10-21,CLOSED,INR,190473.54,FIXED_DEPOSIT
AC07263,44994900007263,CU00079,PR003,BR009,2025-01-04,2026-08-24,CLOSED,INR,209754.73,SAVINGS
AC07264,88140600007264,CU04167,PR004,BR007,2022-05-10,,DORMANT,INR,161693.73,CURRENT
AC07265,88751100007265,CU00270,PR004,BR009,2025-07-17,,ACTIVE,INR,64155.33,CURRENT
AC07266,13514600007266,CU04387,PR006,BR008,2024-06-18,,ACTIVE,INR,136757.59,CURRENT
AC07267,86093800007267,CU01182,PR003,BR007,2025-05-10,,ACTIVE,INR,28507.79,SAVINGS
AC07268,75423500007268,CU04622,PR001,BR006,2018-12-13,,DORMANT,INR,106678.82,SAVINGS
AC07269,82480400007269,CU01843,PR007,BR007,2021-11-05,,ACTIVE,INR,70101.29,FIXED_DEPOSIT
AC07270,71467200007270,CU04331,PR009,BR007,2023-07-11,,DORMANT,INR,52431.40,FIXED_DEPOSIT
AC07271,83588900007271,CU03598,PR007,BR010,2020-10-31,,ACTIVE,INR,175388.67,FIXED_DEPOSIT
AC07272,99078500007272,CU00482,PR009,BR002,2025-12-13,,ACTIVE,INR,58008.08,FIXED_DEPOSIT
AC07273,47425600007273,CU01464,PR006,BR002,2024-04-30,2026-08-23,CLOSED,INR,160223.67,CURRENT
AC07274,70847700007274,CU02342,PR002,BR006,2018-07-01,,ACTIVE,INR,145.53,SAVINGS
AC07275,94330200007275,CU00791,PR004,BR005,2024-05-23,,ACTIVE,INR,38925.36,CURRENT
AC07276,63719200007276,CU04640,PR002,BR008,2020-01-20,2021-05-14,CLOSED,INR,178070.67,SAVINGS
AC07277,19205800007277,CU03542,PR003,BR005,2018-01-19,,ACTIVE,INR,137129.73,SAVINGS
AC07278,88612100007278,CU01240,PR001,BR006,2023-07-23,,ACTIVE,INR,2359.37,SAVINGS
AC07279,80117000007279,CU00716,PR007,BR010,2019-04-04,,ACTIVE,INR,326732.82,FIXED_DEPOSIT
AC07280,34252900007280,CU01625,PR004,BR005,2019-03-17,2020-08-21,CLOSED,INR,246513.04,CURRENT
AC07281,99270200007281,CU00131,PR006,BR003,2023-07-07,,ACTIVE,INR,62950.50,CURRENT
AC07282,56546200007282,CU03135,PR005,BR002,2021-01-05,,ACTIVE,INR,30094.11,CURRENT
AC07283,77800300007283,CU01774,PR006,BR007,2019-08-22,,DORMANT,INR,127273.32,CURRENT
AC07284,84325400007284,CU00641,PR003,BR009,2024-02-03,,DORMANT,INR,106207.67,SAVINGS
AC07285,30147100007285,CU02459,PR003,BR005,2021-08-20,,DORMANT,INR,227738.58,SAVINGS
AC07286,36541100007286,CU01483,PR006,BR003,2023-05-21,2026-08-28,CLOSED,INR,217502.18,CURRENT
AC07287,68113700007287,CU00368,PR001,BR006,2020-02-20,,ACTIVE,INR,0.00,SAVINGS
AC07288,63405800007288,CU02982,PR005,BR009,2023-04-05,,DORMANT,INR,146687.83,CURRENT
AC07289,61036800007289,CU02356,PR003,BR010,2023-03-27,,ACTIVE,INR,2036.56,SAVINGS
AC07290,59358200007290,CU00943,PR005,BR009,2019-01-14,,ACTIVE,INR,50872.19,CURRENT
AC07291,12377800007291,CU00311,PR004,BR005,2019-03-22,,ACTIVE,INR,137169.47,CURRENT
AC07292,90321700007292,CU03031,PR005,BR007,2019-04-09,2022-02-02,CLOSED,INR,133439.95,CURRENT
AC07293,67462000007293,CU05000,PR002,BR006,2024-09-19,,DORMANT,INR,77569.44,SAVINGS
AC07294,84375300007294,CU01174,PR006,BR010,2024-09-14,2026-08-24,CLOSED,INR,146551.13,CURRENT
AC07295,61838700007295,CU04261,PR006,BR010,2019-12-10,,DORMANT,INR,118172.26,CURRENT
AC07296,60835200007296,CU02284,PR006,BR006,2018-08-17,,ACTIVE,INR,654.16,CURRENT
AC07297,56882100007297,CU04360,PR008,BR005,2019-01-13,,DORMANT,INR,62624.61,FIXED_DEPOSIT
AC07298,65428800007298,CU03720,PR001,BR009,2022-09-14,,ACTIVE,INR,51270.80,SAVINGS
AC07299,34287100007299,CU00009,PR006,BR002,2019-05-08,2023-01-26,CLOSED,INR,144376.86,CURRENT
AC07300,58682000007300,CU00286,PR009,BR006,2025-10-02,2026-08-26,CLOSED,INR,34752.33,FIXED_DEPOSIT
AC07301,53924800007301,CU03382,PR004,BR003,2019-04-13,2020-11-28,CLOSED,INR,124533.71,CURRENT
AC07302,83398200007302,CU04469,PR005,BR003,2022-04-02,,ACTIVE,INR,40255.62,CURRENT
AC07303,55985400007303,CU01193,PR005,BR007,2022-02-07,2023-07-06,CLOSED,INR,119983.66,CURRENT
AC07304,14320300007304,CU01083,PR008,BR010,2018-12-02,,DORMANT,INR,131017.23,FIXED_DEPOSIT
AC07305,72145100007305,CU00489,PR001,BR008,2025-05-16,2026-08-27,CLOSED,INR,221338.79,SAVINGS
AC07306,33683500007306,CU02411,PR005,BR005,2021-01-08,,DORMANT,INR,139126.44,CURRENT
AC07307,45644200007307,CU03097,PR008,BR007,2020-03-24,,ACTIVE,INR,10705.42,FIXED_DEPOSIT
AC07308,96021200007308,CU04697,PR003,BR002,2025-10-12,,ACTIVE,INR,3863.39,SAVINGS
AC07309,44514500007309,CU02743,PR007,BR008,2025-03-21,2026-08-25,CLOSED,INR,177348.97,FIXED_DEPOSIT
AC07310,89331600007310,CU01643,PR008,BR005,2020-09-29,,DORMANT,INR,247762.13,FIXED_DEPOSIT
AC07311,50204900007311,CU04635,PR008,BR008,2019-01-29,,ACTIVE,INR,170011.61,FIXED_DEPOSIT
AC07312,49598100007312,CU03515,PR003,BR003,2018-08-28,,ACTIVE,INR,165855.13,SAVINGS
AC07313,24029700007313,CU04948,PR008,BR001,2022-04-21,,DORMANT,INR,231557.77,FIXED_DEPOSIT
AC07314,27581100007314,CU04438,PR005,BR008,2022-12-20,2026-08-23,CLOSED,INR,121575.09,CURRENT
AC07315,97459700007315,CU00071,PR005,BR004,2025-11-29,,DORMANT,INR,82275.30,CURRENT
AC07316,50994200007316,CU00121,PR009,BR006,2025-04-02,,ACTIVE,INR,270.13,FIXED_DEPOSIT
AC07317,83993000007317,CU04102,PR004,BR007,2021-05-19,,ACTIVE,INR,75346.56,CURRENT
AC07318,38052400007318,CU02131,PR006,BR007,2020-03-17,2022-08-06,CLOSED,INR,175621.57,CURRENT
AC07319,28487700007319,CU03006,PR005,BR001,2020-01-20,2020-11-07,CLOSED,INR,229134.75,CURRENT
AC07320,99162200007320,CU03233,PR002,BR008,2018-07-12,2023-08-01,CLOSED,INR,25007.26,SAVINGS
AC07321,17418500007321,CU01176,PR003,BR004,2019-12-30,,ACTIVE,INR,55300.20,SAVINGS
AC07322,82251400007322,CU00575,PR006,BR003,2025-07-16,2026-02-25,CLOSED,INR,94744.80,CURRENT
AC07323,25383700007323,CU00692,PR005,BR003,2021-10-17,,DORMANT,INR,110007.47,CURRENT
AC07324,86745200007324,CU01917,PR007,BR009,2024-05-01,,ACTIVE,INR,48843.28,FIXED_DEPOSIT
AC07325,89755600007325,CU02521,PR002,BR003,2019-11-07,,DORMANT,INR,113272.61,SAVINGS
AC07326,22018400007326,CU03452,PR005,BR003,2019-01-03,2024-05-18,CLOSED,INR,99913.60,CURRENT
AC07327,31115400007327,CU00932,PR005,BR005,2023-12-27,,DORMANT,INR,99817.30,CURRENT
AC07328,74696000007328,CU01357,PR006,BR010,2022-01-15,2022-11-14,CLOSED,INR,82448.32,CURRENT
AC07329,21385300007329,CU00735,PR003,BR008,2021-08-16,,DORMANT,INR,44985.99,SAVINGS
AC07330,95615500007330,CU02956,PR002,BR008,2020-06-12,,ACTIVE,INR,32624.12,SAVINGS
AC07331,22380100007331,CU02174,PR008,BR009,2025-03-26,2026-08-25,CLOSED,INR,227284.65,FIXED_DEPOSIT
AC07332,76635400007332,CU01527,PR002,BR008,2020-09-19,,ACTIVE,INR,19509.69,SAVINGS
AC07333,74271500007333,CU00118,PR006,BR002,2018-03-06,,ACTIVE,INR,186.18,CURRENT
AC07334,20790800007334,CU04299,PR007,BR004,2024-11-08,,ACTIVE,INR,53845.00,FIXED_DEPOSIT
AC07335,98503200007335,CU02371,PR008,BR005,2019-11-04,,ACTIVE,INR,50319.30,FIXED_DEPOSIT
AC07336,19748000007336,CU02391,PR005,BR004,2025-01-31,,ACTIVE,INR,70314.88,CURRENT
AC07337,65040000007337,CU02480,PR003,BR009,2025-01-07,2026-05-19,CLOSED,INR,128226.23,SAVINGS
AC07338,79648700007338,CU00119,PR008,BR004,2022-08-09,2024-01-15,CLOSED,INR,86343.18,FIXED_DEPOSIT
AC07339,72717100007339,CU02198,PR003,BR004,2020-02-01,,ACTIVE,INR,25328.31,SAVINGS
AC07340,31645700007340,CU00612,PR008,BR004,2021-12-12,,ACTIVE,INR,25739.52,FIXED_DEPOSIT
AC07341,95073600007341,CU01628,PR008,BR006,2021-07-09,,ACTIVE,INR,70929.25,FIXED_DEPOSIT
AC07342,87843600007342,CU00810,PR007,BR001,2025-05-18,2026-08-24,CLOSED,INR,115722.94,FIXED_DEPOSIT
AC07343,51220100007343,CU02977,PR004,BR009,2023-01-28,,ACTIVE,INR,128922.85,CURRENT
AC07344,98174700007344,CU03087,PR002,BR006,2019-03-15,2022-06-07,CLOSED,INR,57371.76,SAVINGS
AC07345,21041200007345,CU00365,PR003,BR008,2019-04-21,,DORMANT,INR,103996.78,SAVINGS
AC07346,19674500007346,CU00862,PR006,BR002,2023-09-15,,ACTIVE,INR,63934.74,CURRENT
AC07347,21264400007347,CU01750,PR007,BR009,2023-12-16,2026-02-02,CLOSED,INR,65288.97,FIXED_DEPOSIT
AC07348,48057600007348,CU00646,PR006,BR008,2023-01-28,,ACTIVE,INR,94529.94,CURRENT
AC07349,25031700007349,CU04322,PR008,BR003,2019-02-19,2022-12-19,CLOSED,INR,2986.32,FIXED_DEPOSIT
AC07350,28767900007350,CU01424,PR004,BR006,2020-03-18,,ACTIVE,INR,0.00,CURRENT
AC07351,28478100007351,CU02621,PR002,BR004,2022-07-14,,DORMANT,INR,27298.18,SAVINGS
AC07352,86898500007352,CU02699,PR008,BR008,2022-08-28,,ACTIVE,INR,115626.65,FIXED_DEPOSIT
AC07353,96983200007353,CU00730,PR002,BR002,2018-01-17,,ACTIVE,INR,26762.40,SAVINGS
AC07354,57042100007354,CU00683,PR006,BR006,2023-08-26,,ACTIVE,INR,55.63,CURRENT
AC07355,70733600007355,CU00318,PR004,BR009,2022-03-25,,DORMANT,INR,25424.17,CURRENT
AC07356,74531900007356,CU01573,PR008,BR006,2018-09-23,,DORMANT,INR,218387.99,FIXED_DEPOSIT
AC07357,81500300007357,CU02365,PR007,BR001,2019-10-26,,ACTIVE,INR,191.04,FIXED_DEPOSIT
AC07358,63240500007358,CU04996,PR004,BR001,2023-06-15,2024-04-09,CLOSED,INR,85275.01,CURRENT
AC07359,41491000007359,CU04212,PR007,BR003,2022-07-13,,DORMANT,INR,145291.05,FIXED_DEPOSIT
AC07360,71620500007360,CU03027,PR009,BR007,2025-07-10,,ACTIVE,INR,13179.59,FIXED_DEPOSIT
AC07361,22516500007361,CU00955,PR004,BR001,2023-02-11,,ACTIVE,INR,215974.74,CURRENT
AC07362,89063500007362,CU04793,PR005,BR003,2018-03-07,2019-05-12,CLOSED,INR,63803.02,CURRENT
AC07363,52361200007363,CU00797,PR004,BR004,2022-10-17,2026-03-04,CLOSED,INR,117693.72,CURRENT
AC07364,54245000007364,CU01154,PR001,BR005,2019-02-24,2021-12-03,CLOSED,INR,172297.75,SAVINGS
AC07365,33861900007365,CU00610,PR002,BR008,2024-09-15,,ACTIVE,INR,195467.81,SAVINGS
AC07366,88574100007366,CU04161,PR005,BR007,2018-10-15,2022-11-09,CLOSED,INR,12218.51,CURRENT
AC07367,97194800007367,CU01444,PR001,BR007,2022-08-21,,ACTIVE,INR,119849.22,SAVINGS
AC07368,96165200007368,CU00553,PR006,BR006,2023-01-24,,DORMANT,INR,246277.89,CURRENT
AC07369,11086300007369,CU03076,PR007,BR002,2025-11-21,,ACTIVE,INR,455.05,FIXED_DEPOSIT
AC07370,17955500007370,CU00133,PR008,BR008,2018-03-31,,ACTIVE,INR,204602.04,FIXED_DEPOSIT
AC07371,55074900007371,CU04157,PR001,BR010,2022-01-15,,DORMANT,INR,128148.87,SAVINGS
AC07372,57714100007372,CU04006,PR006,BR009,2023-07-09,,ACTIVE,INR,61009.12,CURRENT
AC07373,63941300007373,CU04943,PR004,BR008,2025-11-02,,ACTIVE,INR,153499.91,CURRENT
AC07374,19327900007374,CU04754,PR005,BR010,2019-07-01,,DORMANT,INR,1716.10,CURRENT
AC07375,96351200007375,CU04855,PR001,BR005,2018-11-05,,DORMANT,INR,234535.60,SAVINGS
AC07376,42303400007376,CU04904,PR003,BR007,2020-06-25,,DORMANT,INR,96202.03,SAVINGS
AC07377,53881900007377,CU03206,PR008,BR003,2023-04-14,2026-08-20,CLOSED,INR,244295.43,FIXED_DEPOSIT
AC07378,49203700007378,CU04157,PR006,BR010,2023-04-12,2026-08-21,CLOSED,INR,218349.50,CURRENT
AC07379,27393600007379,CU00025,PR003,BR010,2018-12-22,2019-12-26,CLOSED,INR,229725.52,SAVINGS
AC07380,73547900007380,CU01813,PR007,BR010,2025-02-21,2026-08-21,CLOSED,INR,159932.35,FIXED_DEPOSIT
AC07381,84965500007381,CU01309,PR005,BR002,2024-04-02,2026-08-24,CLOSED,INR,11205.70,CURRENT
AC07382,67995100007382,CU02499,PR007,BR004,2020-01-17,,ACTIVE,INR,46165.47,FIXED_DEPOSIT
AC07383,12449800007383,CU02874,PR001,BR002,2018-07-06,,DORMANT,INR,11890.35,SAVINGS
AC07384,87736300007384,CU01350,PR004,BR006,2022-09-24,,ACTIVE,INR,2354.69,CURRENT
AC07385,97976100007385,CU03197,PR002,BR001,2025-06-01,,ACTIVE,INR,3668.95,SAVINGS
AC07386,72032400007386,CU04286,PR007,BR004,2021-11-02,2025-04-07,CLOSED,INR,186529.23,FIXED_DEPOSIT
AC07387,97580800007387,CU04302,PR003,BR005,2024-03-28,,DORMANT,INR,218571.87,SAVINGS
AC07388,21090600007388,CU04934,PR009,BR002,2019-03-08,,DORMANT,INR,240030.06,FIXED_DEPOSIT
AC07389,88503700007389,CU01202,PR006,BR003,2018-04-06,,DORMANT,INR,16466.52,CURRENT
AC07390,44616200007390,CU00570,PR004,BR001,2018-06-24,,ACTIVE,INR,3674.31,CURRENT
AC07391,59571700007391,CU03003,PR008,BR009,2025-09-20,2026-08-22,CLOSED,INR,187304.94,FIXED_DEPOSIT
AC07392,49866900007392,CU04971,PR004,BR006,2020-06-12,,DORMANT,INR,220264.23,CURRENT
AC07393,56389700007393,CU02443,PR008,BR002,2018-11-06,,ACTIVE,INR,12339.21,FIXED_DEPOSIT
AC07394,92553700007394,CU01508,PR002,BR006,2021-08-29,,ACTIVE,INR,12174.62,SAVINGS
AC07395,96502100007395,CU01913,PR009,BR003,2023-08-26,,DORMANT,INR,4737.31,FIXED_DEPOSIT
AC07396,82124500007396,CU03629,PR005,BR003,2025-08-23,,ACTIVE,INR,15135.28,CURRENT
AC07397,27575000007397,CU03789,PR006,BR008,2023-08-29,,ACTIVE,INR,305439.99,CURRENT
AC07398,34129500007398,CU01656,PR002,BR007,2018-11-16,,ACTIVE,INR,92302.82,SAVINGS
AC07399,70985000007399,CU01351,PR006,BR008,2025-07-05,,ACTIVE,INR,1765.17,CURRENT
AC07400,73358300007400,CU04885,PR007,BR003,2019-03-01,,ACTIVE,INR,39759.22,FIXED_DEPOSIT
AC07401,21983400007401,CU03571,PR009,BR006,2023-07-07,2026-08-29,CLOSED,INR,226886.61,FIXED_DEPOSIT
AC07402,60968100007402,CU02195,PR006,BR010,2020-03-23,,ACTIVE,INR,68253.76,CURRENT
AC07403,91667500007403,CU00750,PR003,BR004,2020-11-28,,DORMANT,INR,139737.83,SAVINGS
AC07404,89286400007404,CU01882,PR001,BR008,2023-05-08,,DORMANT,INR,24354.65,SAVINGS
AC07405,82525500007405,CU02977,PR001,BR009,2023-09-06,2026-08-24,CLOSED,INR,143441.09,SAVINGS
AC07406,78866100007406,CU03094,PR001,BR001,2018-06-23,,DORMANT,INR,88793.35,SAVINGS
AC07407,80383800007407,CU03063,PR006,BR008,2024-11-20,,ACTIVE,INR,108159.65,CURRENT
AC07408,76879800007408,CU01583,PR005,BR007,2024-06-07,,ACTIVE,INR,394.92,CURRENT
AC07409,56547800007409,CU00425,PR009,BR008,2021-01-13,,ACTIVE,INR,113626.02,FIXED_DEPOSIT
AC07410,54019200007410,CU02294,PR005,BR009,2022-04-19,2026-08-23,CLOSED,INR,99810.91,CURRENT
AC07411,19453000007411,CU01791,PR008,BR005,2023-06-06,,ACTIVE,INR,1276.95,FIXED_DEPOSIT
AC07412,60795000007412,CU02565,PR005,BR010,2018-05-10,,DORMANT,INR,216186.48,CURRENT
AC07413,84956300007413,CU01124,PR006,BR005,2020-04-11,,DORMANT,INR,25464.44,CURRENT
AC07414,62683300007414,CU03773,PR009,BR006,2025-01-23,,ACTIVE,INR,8136.47,FIXED_DEPOSIT
AC07415,81513100007415,CU01849,PR001,BR002,2019-12-12,,DORMANT,INR,204945.25,SAVINGS
AC07416,83851400007416,CU00891,PR009,BR008,2022-06-05,2026-08-24,CLOSED,INR,68792.64,FIXED_DEPOSIT
AC07417,15550000007417,CU02982,PR008,BR009,2021-06-28,,DORMANT,INR,190494.94,FIXED_DEPOSIT
AC07418,79222600007418,CU04445,PR003,BR004,2023-01-24,,ACTIVE,INR,17912.33,SAVINGS
AC07419,98837500007419,CU04505,PR004,BR007,2021-11-06,,ACTIVE,INR,2195.63,CURRENT
AC07420,20172300007420,CU03373,PR004,BR003,2024-12-24,,DORMANT,INR,126150.48,CURRENT
AC07421,93320500007421,CU00711,PR006,BR007,2020-07-28,2021-09-08,CLOSED,INR,37361.38,CURRENT
AC07422,63679800007422,CU04709,PR002,BR005,2020-05-24,,DORMANT,INR,105312.19,SAVINGS
AC07423,73916300007423,CU00476,PR002,BR008,2022-03-23,2023-02-10,CLOSED,INR,56793.71,SAVINGS
AC07424,11978900007424,CU02336,PR003,BR010,2024-06-13,2026-04-28,CLOSED,INR,104335.41,SAVINGS
AC07425,53601400007425,CU02644,PR006,BR010,2023-03-02,,DORMANT,INR,206144.72,CURRENT
AC07426,14853100007426,CU01033,PR002,BR010,2021-02-22,2023-09-06,CLOSED,INR,136420.60,SAVINGS
AC07427,10399900007427,CU01997,PR005,BR009,2024-09-27,2026-08-20,CLOSED,INR,209296.83,CURRENT
AC07428,54705300007428,CU03327,PR008,BR007,2018-04-08,,ACTIVE,INR,37819.75,FIXED_DEPOSIT
AC07429,43840000007429,CU03027,PR005,BR007,2024-11-26,,ACTIVE,INR,34.92,CURRENT
AC07430,37103100007430,CU03207,PR006,BR010,2018-08-14,,ACTIVE,INR,53731.10,CURRENT
AC07431,72791900007431,CU03945,PR003,BR010,2024-02-15,2024-10-12,CLOSED,INR,10579.01,SAVINGS
AC07432,33615000007432,CU03744,PR008,BR007,2024-05-01,,DORMANT,INR,29792.43,FIXED_DEPOSIT
AC07433,74072800007433,CU04240,PR002,BR001,2023-09-18,,DORMANT,INR,182822.63,SAVINGS
AC07434,68831800007434,CU00755,PR008,BR003,2024-04-28,,DORMANT,INR,11930.52,FIXED_DEPOSIT
AC07435,88469800007435,CU04988,PR008,BR010,2023-03-20,2026-08-21,CLOSED,INR,71406.78,FIXED_DEPOSIT
AC07436,37507300007436,CU02133,PR004,BR004,2024-12-29,2026-08-20,CLOSED,INR,132474.33,CURRENT
AC07437,63378000007437,CU03930,PR003,BR009,2018-10-19,2019-07-29,CLOSED,INR,128178.53,SAVINGS
AC07438,96883900007438,CU02365,PR001,BR001,2020-05-19,,ACTIVE,INR,25919.95,SAVINGS
AC07439,85316600007439,CU02240,PR007,BR005,2023-04-23,,DORMANT,INR,59264.06,FIXED_DEPOSIT
AC07440,98933000007440,CU03933,PR004,BR008,2025-09-07,2026-08-22,CLOSED,INR,95291.75,CURRENT
AC07441,92986700007441,CU01565,PR007,BR002,2024-03-16,,ACTIVE,INR,117356.44,FIXED_DEPOSIT
AC07442,56839500007442,CU01812,PR009,BR010,2022-01-09,2026-08-25,CLOSED,INR,71380.62,FIXED_DEPOSIT
AC07443,96013900007443,CU03396,PR001,BR006,2022-11-23,,DORMANT,INR,132898.82,SAVINGS
AC07444,37522800007444,CU03201,PR002,BR010,2018-05-18,2023-08-26,CLOSED,INR,88374.19,SAVINGS
AC07445,92744800007445,CU01834,PR006,BR004,2019-08-01,,DORMANT,INR,127470.05,CURRENT
AC07446,12332600007446,CU02801,PR006,BR003,2024-07-25,,ACTIVE,INR,4007.21,CURRENT
AC07447,17311500007447,CU03820,PR008,BR010,2018-06-16,2021-11-24,CLOSED,INR,37263.22,FIXED_DEPOSIT
AC07448,58359300007448,CU01029,PR002,BR008,2019-02-18,,ACTIVE,INR,153513.39,SAVINGS
AC07449,56647700007449,CU00076,PR005,BR002,2019-03-14,,ACTIVE,INR,223636.28,CURRENT
AC07450,37686700007450,CU04828,PR004,BR006,2018-11-30,,DORMANT,INR,93873.97,CURRENT
AC07451,53317000007451,CU02458,PR001,BR010,2019-02-15,,ACTIVE,INR,1125.88,SAVINGS
AC07452,49579600007452,CU02237,PR003,BR003,2018-10-31,,ACTIVE,INR,73704.28,SAVINGS
AC07453,37331100007453,CU04648,PR001,BR006,2025-03-12,,ACTIVE,INR,51811.52,SAVINGS
AC07454,54417900007454,CU02134,PR002,BR004,2024-02-04,2026-02-05,CLOSED,INR,169106.55,SAVINGS
AC07455,54829100007455,CU00036,PR002,BR006,2019-04-28,,DORMANT,INR,18054.54,SAVINGS
AC07456,69420800007456,CU04734,PR006,BR001,2022-02-01,,DORMANT,INR,72086.02,CURRENT
AC07457,91281500007457,CU02314,PR006,BR004,2024-07-13,,DORMANT,INR,111055.51,CURRENT
AC07458,61556800007458,CU01106,PR001,BR005,2025-07-20,,DORMANT,INR,53849.00,SAVINGS
AC07459,53448500007459,CU01094,PR003,BR010,2025-11-03,,DORMANT,INR,55142.29,SAVINGS
AC07460,53983500007460,CU03161,PR005,BR004,2018-01-29,,ACTIVE,INR,41353.45,CURRENT
AC07461,62100000007461,CU00646,PR009,BR008,2020-12-22,2023-05-06,CLOSED,INR,191857.60,FIXED_DEPOSIT
AC07462,65053000007462,CU03226,PR004,BR008,2022-07-30,2026-01-23,CLOSED,INR,182964.41,CURRENT
AC07463,54241900007463,CU00856,PR003,BR006,2018-10-28,,DORMANT,INR,173960.15,SAVINGS
AC07464,70060900007464,CU00709,PR004,BR001,2018-06-27,,DORMANT,INR,147648.96,CURRENT
AC07465,47335200007465,CU00514,PR005,BR005,2019-11-15,,ACTIVE,INR,12946.32,CURRENT
AC07466,86298400007466,CU01849,PR006,BR002,2021-02-22,,DORMANT,INR,126095.21,CURRENT
AC07467,68097300007467,CU03703,PR008,BR002,2024-12-22,,DORMANT,INR,187691.26,FIXED_DEPOSIT
AC07468,99067900007468,CU03225,PR002,BR005,2019-02-08,2021-08-15,CLOSED,INR,169540.88,SAVINGS
AC07469,25913900007469,CU04958,PR008,BR006,2021-12-12,2023-09-09,CLOSED,INR,188518.50,FIXED_DEPOSIT
AC07470,67883000007470,CU01456,PR004,BR001,2023-02-28,,ACTIVE,INR,260974.00,CURRENT
AC07471,10602800007471,CU02028,PR009,BR008,2023-02-02,,ACTIVE,INR,1406.88,FIXED_DEPOSIT
AC07472,72240700007472,CU04865,PR008,BR010,2020-02-02,,ACTIVE,INR,3318.11,FIXED_DEPOSIT
AC07473,10502900007473,CU00199,PR002,BR003,2021-12-07,,ACTIVE,INR,86143.91,SAVINGS
AC07474,55047800007474,CU01551,PR005,BR001,2020-09-18,,DORMANT,INR,154570.65,CURRENT
AC07475,34727500007475,CU02150,PR002,BR010,2025-07-12,,ACTIVE,INR,42209.78,SAVINGS
AC07476,48098700007476,CU04790,PR001,BR010,2025-05-11,,ACTIVE,INR,235005.01,SAVINGS
AC07477,70110200007477,CU00276,PR009,BR009,2020-10-29,,ACTIVE,INR,1169.47,FIXED_DEPOSIT
AC07478,96020500007478,CU02648,PR007,BR003,2020-05-12,,DORMANT,INR,240460.05,FIXED_DEPOSIT
AC07479,93859500007479,CU02286,PR009,BR006,2019-12-06,,ACTIVE,INR,1853.83,FIXED_DEPOSIT
AC07480,26038700007480,CU00857,PR002,BR001,2019-10-23,,ACTIVE,INR,3400.18,SAVINGS
AC07481,80410800007481,CU00178,PR001,BR003,2018-04-07,,DORMANT,INR,135976.11,SAVINGS
AC07482,53289100007482,CU04417,PR005,BR004,2019-01-16,,DORMANT,INR,141572.14,CURRENT
AC07483,78868100007483,CU04664,PR009,BR010,2023-03-03,,DORMANT,INR,238904.68,FIXED_DEPOSIT
AC07484,41201600007484,CU01501,PR002,BR008,2023-12-06,,DORMANT,INR,88293.00,SAVINGS
AC07485,66584100007485,CU04238,PR007,BR001,2023-01-25,,ACTIVE,INR,99017.16,FIXED_DEPOSIT
AC07486,29847800007486,CU01541,PR007,BR002,2023-07-22,,DORMANT,INR,2676.69,FIXED_DEPOSIT
AC07487,28908100007487,CU01132,PR008,BR002,2022-11-03,,DORMANT,INR,44623.69,FIXED_DEPOSIT
AC07488,49619700007488,CU03186,PR009,BR004,2025-04-10,,ACTIVE,INR,10131.76,FIXED_DEPOSIT
AC07489,68658000007489,CU01942,PR008,BR004,2022-05-27,,ACTIVE,INR,69409.25,FIXED_DEPOSIT
AC07490,28426400007490,CU01102,PR002,BR001,2019-03-13,,ACTIVE,INR,47584.70,SAVINGS
AC07491,53433800007491,CU04452,PR002,BR003,2024-05-07,,ACTIVE,INR,20290.12,SAVINGS
AC07492,46497700007492,CU00184,PR005,BR006,2022-01-19,2022-12-28,CLOSED,INR,193118.66,CURRENT
AC07493,88891700007493,CU04280,PR009,BR010,2024-02-19,,DORMANT,INR,202651.46,FIXED_DEPOSIT
AC07494,59220000007494,CU02987,PR001,BR010,2018-05-08,,ACTIVE,INR,139990.60,SAVINGS
AC07495,73134900007495,CU04418,PR008,BR008,2025-09-05,2026-08-29,CLOSED,INR,109165.12,FIXED_DEPOSIT
AC07496,84935200007496,CU02562,PR003,BR008,2023-01-01,2026-02-02,CLOSED,INR,84680.78,SAVINGS
AC07497,13308400007497,CU02610,PR008,BR001,2025-08-21,,DORMANT,INR,240740.84,FIXED_DEPOSIT
AC07498,96318100007498,CU02874,PR003,BR002,2025-07-17,,DORMANT,INR,175087.26,SAVINGS
AC07499,72603500007499,CU00784,PR002,BR003,2025-03-18,,DORMANT,INR,245973.75,SAVINGS
AC07500,63825300007500,CU04964,PR002,BR003,2022-11-06,,DORMANT,INR,179630.24,SAVINGS
AC07501,29680000007501,CU04006,PR008,BR009,2018-04-08,,ACTIVE,INR,6462.23,FIXED_DEPOSIT
AC07502,21718600007502,CU00801,PR006,BR002,2022-11-16,,ACTIVE,INR,6189.51,CURRENT
AC07503,27064800007503,CU04019,PR007,BR007,2024-09-11,2026-08-25,CLOSED,INR,150393.33,FIXED_DEPOSIT
AC07504,26793300007504,CU03910,PR001,BR010,2024-06-08,2026-08-29,CLOSED,INR,51487.33,SAVINGS
AC07505,76353400007505,CU01540,PR006,BR002,2023-06-15,,ACTIVE,INR,185939.13,CURRENT
AC07506,48116800007506,CU04899,PR006,BR007,2023-07-30,,DORMANT,INR,71189.76,CURRENT
AC07507,37876600007507,CU02806,PR004,BR006,2020-03-03,2025-05-20,CLOSED,INR,116803.01,CURRENT
AC07508,48514900007508,CU02781,PR006,BR002,2020-09-13,2023-10-10,CLOSED,INR,217900.35,CURRENT
AC07509,64903800007509,CU00705,PR009,BR002,2024-01-03,,ACTIVE,INR,7845.47,FIXED_DEPOSIT
AC07510,75897900007510,CU03664,PR003,BR005,2021-05-31,,DORMANT,INR,240689.93,SAVINGS
AC07511,29256200007511,CU03524,PR007,BR006,2021-01-19,,DORMANT,INR,26151.00,FIXED_DEPOSIT
AC07512,48241200007512,CU03109,PR004,BR008,2018-06-20,2022-03-03,CLOSED,INR,40177.20,CURRENT
AC07513,44336600007513,CU02011,PR009,BR009,2018-10-15,,DORMANT,INR,28351.58,FIXED_DEPOSIT
AC07514,52525100007514,CU01135,PR008,BR002,2024-08-15,2026-08-21,CLOSED,INR,171214.09,FIXED_DEPOSIT
AC07515,43548400007515,CU04751,PR009,BR003,2023-05-31,2023-11-28,CLOSED,INR,106840.32,FIXED_DEPOSIT
AC07516,89798600007516,CU02165,PR004,BR005,2024-02-20,,ACTIVE,INR,960.55,CURRENT
AC07517,36797000007517,CU03657,PR005,BR009,2023-01-09,,ACTIVE,INR,152143.54,CURRENT
AC07518,25497200007518,CU03997,PR007,BR008,2024-07-02,,ACTIVE,INR,8606.22,FIXED_DEPOSIT
AC07519,93757100007519,CU01381,PR006,BR010,2019-07-17,2023-06-21,CLOSED,INR,231212.08,CURRENT
AC07520,66728000007520,CU03098,PR003,BR005,2019-08-03,,DORMANT,INR,180272.93,SAVINGS
AC07521,30321000007521,CU04783,PR004,BR010,2018-01-01,2018-11-14,CLOSED,INR,52002.42,CURRENT
AC07522,17209000007522,CU02710,PR002,BR002,2022-02-17,,ACTIVE,INR,56296.73,SAVINGS
AC07523,86278700007523,CU02838,PR008,BR007,2022-02-04,2024-01-14,CLOSED,INR,19221.63,FIXED_DEPOSIT
AC07524,22678800007524,CU01551,PR006,BR001,2021-02-19,2022-01-08,CLOSED,INR,80225.82,CURRENT
AC07525,31367300007525,CU01242,PR001,BR010,2019-09-13,,DORMANT,INR,26773.54,SAVINGS
AC07526,60186000007526,CU04591,PR007,BR004,2021-12-09,2026-08-25,CLOSED,INR,115365.10,FIXED_DEPOSIT
AC07527,12641800007527,CU02459,PR008,BR005,2019-03-24,,DORMANT,INR,207686.92,FIXED_DEPOSIT
AC07528,72498500007528,CU03032,PR006,BR005,2019-10-13,,ACTIVE,INR,16779.63,CURRENT
AC07529,98398200007529,CU03933,PR001,BR008,2020-05-03,2022-04-23,CLOSED,INR,145816.89,SAVINGS
AC07530,52838600007530,CU01252,PR009,BR003,2019-06-09,,DORMANT,INR,208657.34,FIXED_DEPOSIT
AC07531,58160400007531,CU04917,PR004,BR001,2018-01-14,,ACTIVE,INR,50932.18,CURRENT
AC07532,10815900007532,CU01885,PR004,BR010,2022-05-12,,DORMANT,INR,74506.73,CURRENT
AC07533,84539200007533,CU04715,PR004,BR008,2022-05-23,,DORMANT,INR,189771.38,CURRENT
AC07534,15171800007534,CU03096,PR003,BR008,2019-03-12,2019-12-31,CLOSED,INR,176301.55,SAVINGS
AC07535,13507200007535,CU04516,PR007,BR004,2021-03-03,,DORMANT,INR,157294.72,FIXED_DEPOSIT
AC07536,13569400007536,CU00206,PR002,BR010,2022-07-31,,ACTIVE,INR,39454.56,SAVINGS
AC07537,95827100007537,CU04374,PR005,BR009,2019-11-24,,ACTIVE,INR,10918.99,CURRENT
AC07538,28234300007538,CU01947,PR004,BR002,2019-06-11,,ACTIVE,INR,284373.07,CURRENT
AC07539,56341700007539,CU02995,PR002,BR008,2020-11-17,,ACTIVE,INR,64556.66,SAVINGS
AC07540,40142600007540,CU02278,PR007,BR010,2019-10-26,,ACTIVE,INR,30331.30,FIXED_DEPOSIT
AC07541,18881500007541,CU04731,PR002,BR006,2024-01-26,2026-08-24,CLOSED,INR,109192.78,SAVINGS
AC07542,43659100007542,CU00264,PR008,BR005,2022-11-07,2026-08-26,CLOSED,INR,75715.44,FIXED_DEPOSIT
AC07543,74712000007543,CU04452,PR005,BR003,2021-05-28,,ACTIVE,INR,704.06,CURRENT
AC07544,92154000007544,CU03189,PR009,BR002,2018-03-21,2022-06-18,CLOSED,INR,78200.25,FIXED_DEPOSIT
AC07545,80876900007545,CU04973,PR002,BR010,2021-09-25,,DORMANT,INR,63150.15,SAVINGS
AC07546,14118500007546,CU01984,PR002,BR010,2025-03-03,,ACTIVE,INR,172189.05,SAVINGS
AC07547,99917500007547,CU01562,PR007,BR002,2021-05-21,2023-08-30,CLOSED,INR,174491.11,FIXED_DEPOSIT
AC07548,40547800007548,CU03491,PR009,BR010,2023-10-05,,ACTIVE,INR,0.00,FIXED_DEPOSIT
AC07549,46805300007549,CU04501,PR002,BR010,2022-12-06,,DORMANT,INR,73952.09,SAVINGS
AC07550,75336100007550,CU02668,PR002,BR010,2022-10-02,,ACTIVE,INR,27970.07,SAVINGS
AC07551,11074400007551,CU02636,PR001,BR002,2022-05-21,2023-10-10,CLOSED,INR,155155.49,SAVINGS
AC07552,89418400007552,CU03141,PR001,BR003,2018-02-24,,ACTIVE,INR,49263.24,SAVINGS
AC07553,56195900007553,CU00874,PR003,BR010,2019-07-11,2023-07-16,CLOSED,INR,94611.58,SAVINGS
AC07554,56091200007554,CU02372,PR005,BR005,2020-04-19,,ACTIVE,INR,18137.45,CURRENT
AC07555,71718700007555,CU01389,PR009,BR010,2020-07-12,,ACTIVE,INR,11570.31,FIXED_DEPOSIT
AC07556,12843800007556,CU00367,PR009,BR003,2025-11-06,,DORMANT,INR,139497.21,FIXED_DEPOSIT
AC07557,18925200007557,CU02649,PR006,BR003,2022-01-28,2023-09-27,CLOSED,INR,223411.60,CURRENT
AC07558,47433900007558,CU01910,PR004,BR008,2023-04-07,,DORMANT,INR,106703.99,CURRENT
AC07559,53369400007559,CU01958,PR005,BR005,2025-04-29,,ACTIVE,INR,13145.97,CURRENT
AC07560,86845900007560,CU02324,PR001,BR004,2021-06-16,2025-07-25,CLOSED,INR,135241.85,SAVINGS
AC07561,41253400007561,CU00461,PR005,BR003,2019-06-22,,ACTIVE,INR,79848.58,CURRENT
AC07562,57295400007562,CU04530,PR002,BR002,2020-10-04,,ACTIVE,INR,12904.09,SAVINGS
AC07563,70266500007563,CU03256,PR003,BR009,2024-11-22,,ACTIVE,INR,5681.78,SAVINGS
AC07564,87011400007564,CU04130,PR007,BR008,2024-11-05,,DORMANT,INR,161350.58,FIXED_DEPOSIT
AC07565,73805000007565,CU01786,PR002,BR004,2023-12-06,,ACTIVE,INR,18397.20,SAVINGS
AC07566,71134000007566,CU04766,PR005,BR005,2022-07-15,,DORMANT,INR,113131.01,CURRENT
AC07567,83324400007567,CU02019,PR008,BR003,2021-09-17,,DORMANT,INR,34691.94,FIXED_DEPOSIT
AC07568,41352800007568,CU04520,PR007,BR001,2025-05-21,2026-08-26,CLOSED,INR,209765.64,FIXED_DEPOSIT
AC07569,55812800007569,CU01748,PR008,BR005,2020-08-28,,DORMANT,INR,144008.39,FIXED_DEPOSIT
AC07570,23376300007570,CU04873,PR004,BR007,2021-12-13,2024-05-14,CLOSED,INR,26530.92,CURRENT
AC07571,15699400007571,CU04577,PR006,BR004,2018-07-01,,DORMANT,INR,129118.02,CURRENT
AC07572,94610100007572,CU01690,PR009,BR001,2021-07-31,,DORMANT,INR,58012.06,FIXED_DEPOSIT
AC07573,48588800007573,CU02659,PR004,BR009,2020-01-29,,DORMANT,INR,148339.16,CURRENT
AC07574,31418500007574,CU00077,PR009,BR010,2020-11-16,2022-09-13,CLOSED,INR,18413.35,FIXED_DEPOSIT
AC07575,71405200007575,CU02876,PR001,BR007,2020-10-22,,DORMANT,INR,153174.42,SAVINGS
AC07576,71488900007576,CU02768,PR008,BR006,2025-07-22,2026-07-01,CLOSED,INR,134794.66,FIXED_DEPOSIT
AC07577,28780400007577,CU02930,PR003,BR001,2024-04-02,,ACTIVE,INR,275.71,SAVINGS
AC07578,78487500007578,CU00069,PR007,BR009,2025-08-01,,ACTIVE,INR,75063.75,FIXED_DEPOSIT
AC07579,38763600007579,CU00158,PR005,BR007,2024-02-15,,DORMANT,INR,139770.94,CURRENT
AC07580,75062100007580,CU01692,PR006,BR006,2021-01-20,,DORMANT,INR,172954.21,CURRENT
AC07581,88014600007581,CU01574,PR006,BR009,2023-08-20,2026-08-24,CLOSED,INR,51015.23,CURRENT
AC07582,74575600007582,CU01592,PR002,BR008,2021-05-03,,ACTIVE,INR,27715.42,SAVINGS
AC07583,98970900007583,CU00252,PR007,BR002,2025-10-07,2026-08-23,CLOSED,INR,51870.49,FIXED_DEPOSIT
AC07584,45833200007584,CU01213,PR007,BR004,2023-11-05,,ACTIVE,INR,123232.57,FIXED_DEPOSIT
AC07585,79361100007585,CU03976,PR002,BR001,2025-07-24,,ACTIVE,INR,663.81,SAVINGS
AC07586,40916700007586,CU01796,PR005,BR006,2019-07-25,2020-10-28,CLOSED,INR,104653.91,CURRENT
AC07587,70156500007587,CU04950,PR001,BR005,2025-04-11,,ACTIVE,INR,61506.14,SAVINGS
AC07588,98481400007588,CU02155,PR007,BR006,2024-05-26,,ACTIVE,INR,189830.93,FIXED_DEPOSIT
AC07589,45571600007589,CU04835,PR003,BR009,2024-10-03,2026-08-20,CLOSED,INR,234698.77,SAVINGS
AC07590,14320500007590,CU03512,PR004,BR001,2022-02-10,,DORMANT,INR,227398.02,CURRENT
AC07591,38526400007591,CU04460,PR004,BR002,2023-05-13,,ACTIVE,INR,19898.71,CURRENT
AC07592,44739700007592,CU02845,PR006,BR009,2019-06-23,,ACTIVE,INR,48362.67,CURRENT
AC07593,92127900007593,CU02650,PR007,BR006,2018-05-25,,DORMANT,INR,166184.60,FIXED_DEPOSIT
AC07594,72254900007594,CU03646,PR004,BR006,2020-01-13,,ACTIVE,INR,38936.82,CURRENT
AC07595,93310400007595,CU00611,PR009,BR005,2021-05-16,,DORMANT,INR,75203.77,FIXED_DEPOSIT
AC07596,80068900007596,CU01065,PR007,BR007,2019-03-19,2024-06-24,CLOSED,INR,67671.84,FIXED_DEPOSIT
AC07597,13021900007597,CU03235,PR001,BR006,2023-07-18,,DORMANT,INR,202300.04,SAVINGS
AC07598,77714800007598,CU02138,PR006,BR010,2020-06-08,,ACTIVE,INR,132808.66,CURRENT
AC07599,39814500007599,CU01808,PR009,BR001,2022-10-26,2024-03-18,CLOSED,INR,119079.11,FIXED_DEPOSIT
AC07600,29056000007600,CU00348,PR001,BR006,2021-02-19,2023-09-01,CLOSED,INR,82909.53,SAVINGS
AC07601,60705800007601,CU00963,PR008,BR007,2021-03-01,,ACTIVE,INR,267119.63,FIXED_DEPOSIT
AC07602,88241100007602,CU03044,PR005,BR008,2024-07-29,2026-08-25,CLOSED,INR,2315.16,CURRENT
AC07603,61552600007603,CU00219,PR002,BR009,2019-10-11,2022-07-08,CLOSED,INR,238716.45,SAVINGS
AC07604,30319200007604,CU02028,PR001,BR008,2025-04-13,,DORMANT,INR,149344.66,SAVINGS
AC07605,56342400007605,CU01796,PR009,BR006,2023-06-28,2026-08-21,CLOSED,INR,152866.37,FIXED_DEPOSIT
AC07606,10535800007606,CU02208,PR001,BR007,2020-04-22,,DORMANT,INR,151377.91,SAVINGS
AC07607,76838700007607,CU01833,PR001,BR003,2019-03-03,,ACTIVE,INR,689.91,SAVINGS
AC07608,85178500007608,CU00884,PR004,BR002,2018-06-22,2019-04-28,CLOSED,INR,135320.31,CURRENT
AC07609,36892900007609,CU02525,PR003,BR005,2023-04-02,2024-11-27,CLOSED,INR,3604.63,SAVINGS
AC07610,16946100007610,CU01776,PR009,BR003,2025-07-31,2026-08-26,CLOSED,INR,203133.86,FIXED_DEPOSIT
AC07611,43779900007611,CU04964,PR001,BR003,2025-08-15,,ACTIVE,INR,311.56,SAVINGS
AC07612,35195300007612,CU02936,PR007,BR006,2023-03-05,,ACTIVE,INR,297601.34,FIXED_DEPOSIT
AC07613,31338900007613,CU03539,PR001,BR003,2024-05-18,,ACTIVE,INR,784.08,SAVINGS
AC07614,93732800007614,CU00971,PR008,BR007,2024-04-01,,ACTIVE,INR,0.00,FIXED_DEPOSIT
AC07615,65926800007615,CU02990,PR004,BR010,2025-11-16,,ACTIVE,INR,4974.23,CURRENT
AC07616,96535900007616,CU04973,PR007,BR010,2022-04-24,2024-01-11,CLOSED,INR,221090.21,FIXED_DEPOSIT
AC07617,26250300007617,CU04169,PR007,BR002,2024-02-28,,ACTIVE,INR,32820.71,FIXED_DEPOSIT
AC07618,33317000007618,CU04071,PR004,BR004,2025-05-07,,ACTIVE,INR,24181.78,CURRENT
AC07619,70388300007619,CU01659,PR003,BR007,2018-06-27,,ACTIVE,INR,68797.72,SAVINGS
AC07620,13701100007620,CU02126,PR006,BR002,2018-07-14,,ACTIVE,INR,2566.26,CURRENT
AC07621,14947100007621,CU02587,PR004,BR005,2024-01-27,,DORMANT,INR,55401.26,CURRENT
AC07622,72689800007622,CU01213,PR008,BR004,2025-12-30,2026-08-27,CLOSED,INR,220768.85,FIXED_DEPOSIT
AC07623,20919000007623,CU03478,PR007,BR003,2018-11-28,,DORMANT,INR,190581.01,FIXED_DEPOSIT
AC07624,40839700007624,CU01166,PR004,BR009,2023-04-28,,ACTIVE,INR,1623.37,CURRENT
AC07625,41606700007625,CU01493,PR009,BR002,2023-02-24,2025-01-10,CLOSED,INR,43065.55,FIXED_DEPOSIT
AC07626,85165400007626,CU00871,PR005,BR009,2024-12-24,2026-08-28,CLOSED,INR,212571.96,CURRENT
AC07627,71930500007627,CU00340,PR002,BR009,2024-11-13,,ACTIVE,INR,155956.28,SAVINGS
AC07628,32084100007628,CU03350,PR002,BR007,2018-02-04,,DORMANT,INR,174508.60,SAVINGS
AC07629,57963100007629,CU01647,PR008,BR003,2025-06-01,,ACTIVE,INR,3940.80,FIXED_DEPOSIT
AC07630,45704000007630,CU00736,PR003,BR003,2021-03-27,,DORMANT,INR,113334.12,SAVINGS
AC07631,37456100007631,CU03948,PR009,BR009,2021-04-05,,DORMANT,INR,199720.04,FIXED_DEPOSIT
AC07632,59069600007632,CU00694,PR004,BR010,2020-02-03,,ACTIVE,INR,19893.54,CURRENT
AC07633,23621700007633,CU02269,PR005,BR009,2021-03-09,,ACTIVE,INR,54609.18,CURRENT
AC07634,39535900007634,CU03026,PR002,BR007,2024-03-21,,ACTIVE,INR,10303.34,SAVINGS
AC07635,20233800007635,CU02459,PR005,BR005,2024-09-20,,DORMANT,INR,117674.05,CURRENT
AC07636,16726700007636,CU04201,PR009,BR004,2018-11-24,,ACTIVE,INR,106391.04,FIXED_DEPOSIT
AC07637,19199900007637,CU03907,PR004,BR002,2024-10-16,,ACTIVE,INR,394.33,CURRENT
AC07638,93892700007638,CU03560,PR001,BR009,2019-03-15,,DORMANT,INR,219148.08,SAVINGS
AC07639,52766100007639,CU01223,PR008,BR005,2025-06-23,,DORMANT,INR,195723.42,FIXED_DEPOSIT
AC07640,32359500007640,CU03256,PR007,BR009,2025-02-21,,DORMANT,INR,219854.71,FIXED_DEPOSIT
AC07641,18614000007641,CU02205,PR002,BR002,2020-12-04,,DORMANT,INR,156455.06,SAVINGS
AC07642,29666600007642,CU02534,PR004,BR007,2024-12-13,2026-08-24,CLOSED,INR,186195.48,CURRENT
AC07643,54852100007643,CU03765,PR002,BR008,2023-12-18,,DORMANT,INR,181162.88,SAVINGS
AC07644,13009200007644,CU03533,PR002,BR007,2018-09-25,,ACTIVE,INR,80665.69,SAVINGS
AC07645,59688800007645,CU04233,PR009,BR002,2024-06-30,,ACTIVE,INR,1838.57,FIXED_DEPOSIT
AC07646,96988200007646,CU03600,PR001,BR001,2023-05-16,,ACTIVE,INR,241618.98,SAVINGS
AC07647,92537000007647,CU02358,PR001,BR010,2022-10-22,,ACTIVE,INR,146091.99,SAVINGS
AC07648,56059000007648,CU03628,PR004,BR006,2019-09-30,2022-07-12,CLOSED,INR,74934.67,CURRENT
AC07649,33950900007649,CU02893,PR001,BR009,2018-09-05,2023-03-09,CLOSED,INR,129967.52,SAVINGS
AC07650,91568900007650,CU03124,PR005,BR005,2019-06-02,2020-02-29,CLOSED,INR,53427.08,CURRENT
AC07651,56531100007651,CU04045,PR004,BR004,2024-11-25,,ACTIVE,INR,87026.89,CURRENT
AC07652,29349800007652,CU01135,PR009,BR002,2022-06-03,2023-12-30,CLOSED,INR,162866.61,FIXED_DEPOSIT
AC07653,37185700007653,CU03356,PR006,BR006,2024-04-03,2026-04-06,CLOSED,INR,38046.38,CURRENT
AC07654,97829600007654,CU04861,PR006,BR004,2019-02-23,,DORMANT,INR,122587.49,CURRENT
AC07655,63362100007655,CU03545,PR008,BR006,2025-04-10,,ACTIVE,INR,212315.18,FIXED_DEPOSIT
AC07656,41759100007656,CU04425,PR004,BR003,2023-03-19,2023-11-25,CLOSED,INR,137553.99,CURRENT
AC07657,84891300007657,CU04806,PR003,BR006,2024-10-18,2026-08-27,CLOSED,INR,125724.48,SAVINGS
AC07658,35752400007658,CU00365,PR008,BR008,2018-12-25,,ACTIVE,INR,61315.00,FIXED_DEPOSIT
AC07659,49287700007659,CU00496,PR002,BR010,2025-04-22,2026-08-27,CLOSED,INR,14806.37,SAVINGS
AC07660,95492700007660,CU02188,PR005,BR010,2018-05-17,,DORMANT,INR,152432.63,CURRENT
AC07661,95376200007661,CU01712,PR004,BR010,2018-02-24,,DORMANT,INR,101882.46,CURRENT
AC07662,12238700007662,CU02034,PR004,BR005,2025-02-03,,DORMANT,INR,242069.42,CURRENT
AC07663,30520400007663,CU03969,PR008,BR009,2021-04-01,2026-06-29,CLOSED,INR,183238.98,FIXED_DEPOSIT
AC07664,84772300007664,CU02050,PR003,BR006,2020-06-20,,ACTIVE,INR,22783.72,SAVINGS
AC07665,70628700007665,CU04652,PR007,BR008,2025-06-18,,ACTIVE,INR,1537.79,FIXED_DEPOSIT
AC07666,65363700007666,CU03681,PR008,BR004,2025-05-04,,ACTIVE,INR,88898.63,FIXED_DEPOSIT
AC07667,29867700007667,CU01670,PR002,BR003,2024-02-05,,DORMANT,INR,236178.80,SAVINGS
AC07668,52283800007668,CU03844,PR002,BR005,2025-10-23,,DORMANT,INR,149788.26,SAVINGS
AC07669,24627300007669,CU04537,PR004,BR004,2023-02-05,,DORMANT,INR,148116.20,CURRENT
AC07670,14936000007670,CU00812,PR002,BR004,2024-09-05,2026-08-28,CLOSED,INR,244516.45,SAVINGS
AC07671,87662200007671,CU02529,PR006,BR006,2024-07-21,,DORMANT,INR,196201.86,CURRENT
AC07672,83944000007672,CU00471,PR001,BR006,2021-04-29,,ACTIVE,INR,51480.09,SAVINGS
AC07673,67797200007673,CU01629,PR004,BR001,2019-11-10,,ACTIVE,INR,131116.34,CURRENT
AC07674,52629200007674,CU04608,PR003,BR004,2018-03-23,,DORMANT,INR,60300.01,SAVINGS
AC07675,23716600007675,CU00497,PR008,BR005,2024-06-19,,DORMANT,INR,33889.00,FIXED_DEPOSIT
AC07676,40177700007676,CU01618,PR002,BR005,2025-08-18,,ACTIVE,INR,75650.21,SAVINGS
AC07677,26743900007677,CU00572,PR008,BR001,2023-03-02,,DORMANT,INR,56426.41,FIXED_DEPOSIT
AC07678,38912700007678,CU04663,PR008,BR009,2018-04-21,2020-07-29,CLOSED,INR,124673.03,FIXED_DEPOSIT
AC07679,46747300007679,CU03985,PR005,BR006,2020-04-21,,ACTIVE,INR,19506.66,CURRENT
AC07680,79762200007680,CU03770,PR008,BR006,2023-08-17,,ACTIVE,INR,100122.02,FIXED_DEPOSIT
AC07681,64131700007681,CU04443,PR003,BR005,2021-02-18,2024-03-09,CLOSED,INR,235731.45,SAVINGS
AC07682,62925500007682,CU02078,PR001,BR003,2025-01-24,2026-08-25,CLOSED,INR,161509.36,SAVINGS
AC07683,61098400007683,CU02333,PR007,BR004,2018-04-11,2021-01-15,CLOSED,INR,71717.87,FIXED_DEPOSIT
AC07684,71286500007684,CU02329,PR007,BR009,2019-10-23,,DORMANT,INR,5631.95,FIXED_DEPOSIT
AC07685,93574400007685,CU03504,PR004,BR001,2020-02-26,,DORMANT,INR,189731.48,CURRENT
AC07686,14394000007686,CU02056,PR004,BR005,2021-05-30,2025-01-13,CLOSED,INR,199328.50,CURRENT
AC07687,76413000007687,CU03269,PR007,BR009,2025-05-29,,DORMANT,INR,240436.44,FIXED_DEPOSIT
AC07688,62551600007688,CU04852,PR005,BR007,2022-04-08,,DORMANT,INR,179096.75,CURRENT
AC07689,75065500007689,CU00650,PR009,BR007,2022-07-11,2026-08-27,CLOSED,INR,17966.26,FIXED_DEPOSIT
AC07690,60525400007690,CU01852,PR005,BR006,2024-12-31,,DORMANT,INR,110302.85,CURRENT
AC07691,62684600007691,CU03608,PR003,BR009,2020-01-08,,ACTIVE,INR,39891.02,SAVINGS
AC07692,44430600007692,CU01196,PR007,BR005,2020-10-26,,DORMANT,INR,216997.90,FIXED_DEPOSIT
AC07693,27751500007693,CU04096,PR003,BR002,2018-01-22,,ACTIVE,INR,38554.43,SAVINGS
AC07694,25487900007694,CU03024,PR009,BR009,2025-02-07,,ACTIVE,INR,82304.25,FIXED_DEPOSIT
AC07695,49297500007695,CU03233,PR003,BR008,2022-04-15,,DORMANT,INR,77513.16,SAVINGS
AC07696,76429100007696,CU02495,PR002,BR007,2025-07-25,2026-08-24,CLOSED,INR,176497.16,SAVINGS
AC07697,92417200007697,CU03498,PR002,BR005,2025-02-21,2026-08-27,CLOSED,INR,215896.16,SAVINGS
AC07698,17523700007698,CU00958,PR001,BR005,2021-11-06,2024-09-11,CLOSED,INR,205715.56,SAVINGS
AC07699,75505600007699,CU02355,PR004,BR004,2023-04-14,,DORMANT,INR,161691.76,CURRENT
AC07700,73285700007700,CU00329,PR004,BR003,2022-11-28,,DORMANT,INR,186187.09,CURRENT
AC07701,53325600007701,CU02261,PR004,BR010,2018-09-18,2020-01-31,CLOSED,INR,36211.03,CURRENT
AC07702,87468800007702,CU03251,PR009,BR008,2019-09-22,,ACTIVE,INR,8811.16,FIXED_DEPOSIT
AC07703,49401600007703,CU03428,PR002,BR002,2025-09-29,2026-08-24,CLOSED,INR,248420.83,SAVINGS
AC07704,21882700007704,CU00087,PR007,BR003,2020-04-10,2021-07-19,CLOSED,INR,217727.92,FIXED_DEPOSIT
AC07705,85594100007705,CU02321,PR008,BR009,2025-10-30,,ACTIVE,INR,94237.20,FIXED_DEPOSIT
AC07706,40263700007706,CU02782,PR008,BR010,2025-09-05,,ACTIVE,INR,56785.62,FIXED_DEPOSIT
AC07707,86330000007707,CU02970,PR006,BR004,2020-12-20,2023-06-09,CLOSED,INR,169032.64,CURRENT
AC07708,82443700007708,CU00908,PR004,BR010,2023-12-31,2026-08-29,CLOSED,INR,122422.34,CURRENT
AC07709,46431800007709,CU02161,PR009,BR004,2019-01-15,2022-02-05,CLOSED,INR,246424.95,FIXED_DEPOSIT
AC07710,81128900007710,CU04143,PR004,BR002,2020-07-31,,DORMANT,INR,171696.87,CURRENT
AC07711,44829800007711,CU00967,PR002,BR007,2019-03-12,2023-08-19,CLOSED,INR,223077.28,SAVINGS
AC07712,25484500007712,CU02986,PR007,BR006,2023-07-07,2025-07-05,CLOSED,INR,191489.08,FIXED_DEPOSIT
AC07713,78165200007713,CU02337,PR004,BR010,2019-11-28,,ACTIVE,INR,29680.45,CURRENT
AC07714,18699500007714,CU04983,PR005,BR006,2023-05-26,2026-08-27,CLOSED,INR,24244.30,CURRENT
AC07715,19179600007715,CU03563,PR004,BR005,2023-09-29,2025-05-15,CLOSED,INR,13139.54,CURRENT
AC07716,38448600007716,CU00985,PR005,BR009,2018-02-26,2020-04-10,CLOSED,INR,59207.61,CURRENT
AC07717,72100300007717,CU00501,PR005,BR003,2019-02-14,,ACTIVE,INR,28960.97,CURRENT
AC07718,19710500007718,CU01774,PR008,BR007,2025-03-30,,ACTIVE,INR,113452.08,FIXED_DEPOSIT
AC07719,47024700007719,CU03340,PR009,BR009,2025-10-24,2026-08-20,CLOSED,INR,129682.60,FIXED_DEPOSIT
AC07720,37861500007720,CU04995,PR003,BR002,2025-11-28,,ACTIVE,INR,135439.51,SAVINGS
AC07721,74296200007721,CU03595,PR006,BR010,2021-06-14,,DORMANT,INR,199987.91,CURRENT
AC07722,54324100007722,CU03861,PR004,BR003,2021-08-20,,DORMANT,INR,129339.70,CURRENT
AC07723,22046700007723,CU03236,PR009,BR006,2024-11-30,,DORMANT,INR,223248.44,FIXED_DEPOSIT
AC07724,84585900007724,CU04593,PR003,BR008,2019-10-17,,ACTIVE,INR,192771.40,SAVINGS
AC07725,20595200007725,CU01101,PR009,BR006,2021-04-01,,ACTIVE,INR,13833.63,FIXED_DEPOSIT
AC07726,30240800007726,CU03228,PR005,BR003,2025-07-25,,DORMANT,INR,236321.95,CURRENT
AC07727,40498200007727,CU04407,PR008,BR003,2019-12-29,,DORMANT,INR,15620.83,FIXED_DEPOSIT
AC07728,14186200007728,CU04705,PR006,BR001,2019-05-28,2024-07-27,CLOSED,INR,225614.14,CURRENT
AC07729,74607200007729,CU02891,PR007,BR008,2024-07-17,,DORMANT,INR,80187.74,FIXED_DEPOSIT
AC07730,83829000007730,CU02820,PR008,BR001,2022-03-29,2025-01-28,CLOSED,INR,50126.78,FIXED_DEPOSIT
AC07731,13360900007731,CU01582,PR005,BR001,2019-01-31,,DORMANT,INR,130975.49,CURRENT
AC07732,97334900007732,CU01412,PR006,BR003,2021-11-13,,ACTIVE,INR,2760.14,CURRENT
AC07733,96879900007733,CU05000,PR007,BR006,2018-12-10,,DORMANT,INR,196889.57,FIXED_DEPOSIT
AC07734,14376600007734,CU01261,PR006,BR004,2019-05-31,,DORMANT,INR,115208.80,CURRENT
AC07735,40793700007735,CU04324,PR001,BR001,2018-06-21,,ACTIVE,INR,1922.53,SAVINGS
AC07736,44723300007736,CU03202,PR002,BR010,2019-01-26,,DORMANT,INR,18950.85,SAVINGS
AC07737,27178100007737,CU00669,PR006,BR001,2025-08-23,,DORMANT,INR,94639.70,CURRENT
AC07738,39197300007738,CU01906,PR005,BR006,2023-01-06,,DORMANT,INR,238384.48,CURRENT
AC07739,57871100007739,CU04060,PR006,BR006,2020-01-16,,ACTIVE,INR,6011.87,CURRENT
AC07740,96639700007740,CU00539,PR004,BR001,2023-04-19,,ACTIVE,INR,351106.88,CURRENT
AC07741,83404000007741,CU01980,PR001,BR002,2020-05-16,2024-01-18,CLOSED,INR,235894.19,SAVINGS
AC07742,10755500007742,CU02454,PR009,BR004,2021-02-02,,DORMANT,INR,216979.17,FIXED_DEPOSIT
AC07743,71597000007743,CU02001,PR007,BR003,2018-10-13,,DORMANT,INR,214993.92,FIXED_DEPOSIT
AC07744,71556300007744,CU03414,PR002,BR001,2025-09-13,2026-05-04,CLOSED,INR,168289.26,SAVINGS
AC07745,75286300007745,CU01624,PR004,BR010,2020-06-21,,DORMANT,INR,184843.02,CURRENT
AC07746,49516300007746,CU04319,PR008,BR004,2018-06-07,,ACTIVE,INR,14572.66,FIXED_DEPOSIT
AC07747,56155800007747,CU02832,PR006,BR009,2023-12-24,2025-12-01,CLOSED,INR,136313.27,CURRENT
AC07748,80293200007748,CU03204,PR003,BR005,2019-10-26,,DORMANT,INR,161416.42,SAVINGS
AC07749,36015400007749,CU02191,PR006,BR001,2019-02-04,,DORMANT,INR,83386.35,CURRENT
AC07750,58863000007750,CU04909,PR001,BR002,2023-06-06,,DORMANT,INR,57844.68,SAVINGS
AC07751,28192800007751,CU01578,PR006,BR009,2021-04-11,,DORMANT,INR,207377.17,CURRENT
AC07752,34506600007752,CU00783,PR002,BR009,2025-09-10,2026-08-22,CLOSED,INR,154580.17,SAVINGS
AC07753,52796200007753,CU03142,PR008,BR001,2020-03-23,,ACTIVE,INR,46.65,FIXED_DEPOSIT
AC07754,49350600007754,CU01680,PR007,BR010,2025-09-23,,DORMANT,INR,83551.30,FIXED_DEPOSIT
AC07755,63155000007755,CU04060,PR008,BR006,2020-10-28,,DORMANT,INR,212658.51,FIXED_DEPOSIT
AC07756,77301700007756,CU00348,PR008,BR006,2019-02-02,,ACTIVE,INR,73184.44,FIXED_DEPOSIT
AC07757,89543000007757,CU03946,PR007,BR001,2023-01-29,2025-09-29,CLOSED,INR,24767.54,FIXED_DEPOSIT
AC07758,12665800007758,CU02525,PR004,BR005,2024-05-27,2026-08-28,CLOSED,INR,208160.47,CURRENT
AC07759,80843300007759,CU04925,PR002,BR010,2021-10-01,2025-03-04,CLOSED,INR,191861.97,SAVINGS
AC07760,99615400007760,CU02600,PR007,BR008,2022-02-26,,DORMANT,INR,109913.79,FIXED_DEPOSIT
AC07761,19101500007761,CU04403,PR003,BR006,2020-12-02,,DORMANT,INR,150509.58,SAVINGS
AC07762,87180400007762,CU01657,PR004,BR009,2023-08-19,,ACTIVE,INR,0.00,CURRENT
AC07763,41071100007763,CU02779,PR006,BR003,2018-12-14,,DORMANT,INR,13221.23,CURRENT
AC07764,32375200007764,CU04398,PR003,BR002,2020-10-19,,ACTIVE,INR,1390.55,SAVINGS
AC07765,19191600007765,CU00749,PR002,BR003,2021-01-27,,DORMANT,INR,141743.61,SAVINGS
AC07766,93017200007766,CU00829,PR007,BR008,2023-01-10,,ACTIVE,INR,68995.07,FIXED_DEPOSIT
AC07767,45886000007767,CU02658,PR008,BR001,2019-07-21,,DORMANT,INR,9799.21,FIXED_DEPOSIT
AC07768,97244900007768,CU02857,PR001,BR008,2018-05-09,2019-08-18,CLOSED,INR,107139.99,SAVINGS
AC07769,29434800007769,CU01460,PR008,BR002,2018-04-25,,ACTIVE,INR,221014.38,FIXED_DEPOSIT
AC07770,47033100007770,CU02460,PR006,BR007,2023-10-25,2026-08-27,CLOSED,INR,82010.26,CURRENT
AC07771,68216500007771,CU00275,PR005,BR005,2022-12-05,,DORMANT,INR,61702.17,CURRENT
AC07772,10313800007772,CU03517,PR009,BR010,2025-05-24,,ACTIVE,INR,3416.13,FIXED_DEPOSIT
AC07773,89766900007773,CU04856,PR002,BR007,2022-05-09,2026-08-26,CLOSED,INR,63413.71,SAVINGS
AC07774,86509700007774,CU04660,PR003,BR003,2018-01-18,,ACTIVE,INR,16910.88,SAVINGS
AC07775,84930300007775,CU01624,PR001,BR010,2020-11-19,,DORMANT,INR,122553.96,SAVINGS
AC07776,52849600007776,CU00729,PR003,BR003,2025-09-03,2026-08-25,CLOSED,INR,123185.76,SAVINGS
AC07777,83673800007777,CU00538,PR008,BR007,2018-11-09,,DORMANT,INR,82809.67,FIXED_DEPOSIT
AC07778,74003300007778,CU04018,PR009,BR001,2022-06-11,,DORMANT,INR,159925.94,FIXED_DEPOSIT
AC07779,37270700007779,CU03402,PR009,BR002,2018-05-18,,DORMANT,INR,120310.05,FIXED_DEPOSIT
AC07780,86699100007780,CU03487,PR008,BR010,2022-10-24,,ACTIVE,INR,0.00,FIXED_DEPOSIT
AC07781,43652900007781,CU02611,PR008,BR004,2023-07-27,,ACTIVE,INR,139197.30,FIXED_DEPOSIT
AC07782,32235100007782,CU02253,PR008,BR006,2020-08-21,2021-12-18,CLOSED,INR,147834.66,FIXED_DEPOSIT
AC07783,54024600007783,CU02583,PR005,BR004,2018-05-28,,ACTIVE,INR,73.08,CURRENT
AC07784,49571900007784,CU00225,PR004,BR008,2023-11-09,,DORMANT,INR,238238.06,CURRENT
AC07785,13515300007785,CU02605,PR005,BR002,2019-10-06,,ACTIVE,INR,131592.15,CURRENT
AC07786,48635800007786,CU01517,PR004,BR006,2024-10-06,,ACTIVE,INR,1672.28,CURRENT
AC07787,44343500007787,CU01165,PR008,BR002,2021-09-03,,DORMANT,INR,31778.57,FIXED_DEPOSIT
AC07788,90463300007788,CU04543,PR003,BR009,2018-06-13,,DORMANT,INR,116689.88,SAVINGS
AC07789,94166800007789,CU04266,PR004,BR005,2020-01-31,2025-01-21,CLOSED,INR,215996.91,CURRENT
AC07790,85866300007790,CU04135,PR004,BR006,2023-03-07,2025-07-06,CLOSED,INR,247168.02,CURRENT
AC07791,68349000007791,CU00807,PR008,BR002,2024-07-31,,DORMANT,INR,147560.83,FIXED_DEPOSIT
AC07792,88593300007792,CU02886,PR009,BR002,2025-12-06,2026-08-22,CLOSED,INR,174664.03,FIXED_DEPOSIT
AC07793,73907600007793,CU03591,PR009,BR002,2023-11-25,,DORMANT,INR,66079.75,FIXED_DEPOSIT
AC07794,77165400007794,CU02051,PR008,BR004,2024-01-28,,ACTIVE,INR,122476.11,FIXED_DEPOSIT
AC07795,12027500007795,CU02289,PR006,BR006,2020-11-26,,ACTIVE,INR,329124.17,CURRENT
AC07796,17622100007796,CU02249,PR008,BR008,2024-10-29,2026-08-27,CLOSED,INR,27465.51,FIXED_DEPOSIT
AC07797,84260000007797,CU01876,PR007,BR008,2020-04-08,,ACTIVE,INR,105371.24,FIXED_DEPOSIT
AC07798,88642200007798,CU00578,PR002,BR008,2022-12-02,,ACTIVE,INR,0.00,SAVINGS
AC07799,38362100007799,CU01664,PR003,BR009,2018-04-11,,ACTIVE,INR,104294.08,SAVINGS
AC07800,79225500007800,CU04325,PR004,BR003,2025-07-17,,ACTIVE,INR,21100.43,CURRENT
AC07801,86775500007801,CU00385,PR005,BR004,2023-03-26,,ACTIVE,INR,56186.35,CURRENT
AC07802,82763800007802,CU00500,PR008,BR007,2018-11-17,,ACTIVE,INR,1098.20,FIXED_DEPOSIT
AC07803,17738800007803,CU02715,PR007,BR003,2020-08-15,,DORMANT,INR,41863.61,FIXED_DEPOSIT
AC07804,59842300007804,CU00946,PR003,BR006,2025-06-16,,ACTIVE,INR,133701.45,SAVINGS
AC07805,55326300007805,CU01798,PR009,BR003,2024-02-18,,ACTIVE,INR,32735.13,FIXED_DEPOSIT
AC07806,19203200007806,CU02520,PR003,BR006,2021-04-12,,ACTIVE,INR,86741.40,SAVINGS
AC07807,76468200007807,CU02198,PR004,BR004,2023-08-18,,ACTIVE,INR,80755.19,CURRENT
AC07808,40616200007808,CU04286,PR006,BR004,2018-07-20,,DORMANT,INR,88376.11,CURRENT
AC07809,61236100007809,CU01792,PR005,BR006,2024-03-27,2026-04-03,CLOSED,INR,232230.98,CURRENT
AC07810,70069300007810,CU04350,PR004,BR005,2021-09-22,,ACTIVE,INR,346320.85,CURRENT
AC07811,46805600007811,CU02534,PR006,BR007,2020-01-30,2022-07-12,CLOSED,INR,27399.94,CURRENT
AC07812,65456900007812,CU01151,PR001,BR003,2020-03-11,,DORMANT,INR,15926.73,SAVINGS
AC07813,49945500007813,CU02095,PR004,BR003,2020-12-07,2022-11-05,CLOSED,INR,90706.75,CURRENT
AC07814,57997600007814,CU03867,PR004,BR005,2025-07-29,,ACTIVE,INR,42533.82,CURRENT
AC07815,58796600007815,CU01051,PR003,BR008,2023-12-23,,DORMANT,INR,83553.84,SAVINGS
AC07816,93243300007816,CU02464,PR006,BR010,2024-02-16,,DORMANT,INR,91479.32,CURRENT
AC07817,99780500007817,CU01228,PR005,BR002,2018-09-21,,ACTIVE,INR,22347.00,CURRENT
AC07818,66353500007818,CU03641,PR009,BR006,2024-11-23,2026-08-23,CLOSED,INR,38898.27,FIXED_DEPOSIT
AC07819,35210700007819,CU00123,PR001,BR005,2021-05-06,,DORMANT,INR,163547.84,SAVINGS
AC07820,14042000007820,CU00704,PR003,BR009,2021-03-29,2025-11-29,CLOSED,INR,189153.53,SAVINGS
AC07821,12364900007821,CU00589,PR003,BR007,2023-12-01,2026-08-23,CLOSED,INR,78654.23,SAVINGS
AC07822,94514400007822,CU03799,PR005,BR009,2020-01-30,2022-06-10,CLOSED,INR,45012.39,CURRENT
AC07823,22226900007823,CU00662,PR008,BR002,2023-02-27,,ACTIVE,INR,3497.95,FIXED_DEPOSIT
AC07824,62800300007824,CU01690,PR004,BR001,2024-12-25,,ACTIVE,INR,104129.94,CURRENT
AC07825,64014700007825,CU02827,PR005,BR002,2024-05-23,2026-08-22,CLOSED,INR,125114.96,CURRENT
AC07826,17684600007826,CU04865,PR005,BR010,2022-08-01,,DORMANT,INR,197931.41,CURRENT
AC07827,84827600007827,CU02298,PR007,BR009,2024-04-20,,DORMANT,INR,179128.19,FIXED_DEPOSIT
AC07828,77147900007828,CU04441,PR006,BR003,2021-12-08,,DORMANT,INR,130093.73,CURRENT
AC07829,69427200007829,CU03416,PR004,BR005,2018-07-13,2019-04-21,CLOSED,INR,8892.51,CURRENT
AC07830,81595400007830,CU04152,PR007,BR008,2024-04-28,,DORMANT,INR,40730.38,FIXED_DEPOSIT
AC07831,74106100007831,CU03515,PR001,BR003,2021-12-20,,DORMANT,INR,153505.85,SAVINGS
AC07832,78179000007832,CU00706,PR002,BR004,2025-07-10,,ACTIVE,INR,5820.17,SAVINGS
AC07833,67177000007833,CU02104,PR001,BR010,2020-08-01,,DORMANT,INR,25213.11,SAVINGS
AC07834,54433900007834,CU00032,PR007,BR005,2019-05-20,2024-10-10,CLOSED,INR,237775.58,FIXED_DEPOSIT
AC07835,16074000007835,CU03163,PR005,BR008,2019-06-17,,ACTIVE,INR,52048.32,CURRENT
AC07836,39098700007836,CU02479,PR001,BR007,2021-04-03,2024-07-11,CLOSED,INR,234645.06,SAVINGS
AC07837,15974900007837,CU04644,PR001,BR002,2021-02-26,2022-08-05,CLOSED,INR,35253.38,SAVINGS
AC07838,61429900007838,CU02962,PR007,BR008,2018-01-05,,DORMANT,INR,203756.20,FIXED_DEPOSIT
AC07839,32379600007839,CU00370,PR005,BR004,2022-05-21,,ACTIVE,INR,1780.47,CURRENT
AC07840,47620800007840,CU02984,PR008,BR010,2021-07-25,,ACTIVE,INR,3455.90,FIXED_DEPOSIT
AC07841,37738500007841,CU02074,PR003,BR004,2024-10-17,,ACTIVE,INR,3686.99,SAVINGS
AC07842,39942500007842,CU01660,PR001,BR008,2021-05-22,,DORMANT,INR,54740.76,SAVINGS
AC07843,17906800007843,CU02302,PR008,BR004,2023-05-20,2026-08-20,CLOSED,INR,201651.87,FIXED_DEPOSIT
AC07844,36949400007844,CU04913,PR005,BR001,2023-06-05,,ACTIVE,INR,102241.46,CURRENT
AC07845,11757300007845,CU02519,PR009,BR006,2024-07-16,,ACTIVE,INR,39643.78,FIXED_DEPOSIT
AC07846,14465300007846,CU00519,PR009,BR010,2023-12-09,,DORMANT,INR,153053.26,FIXED_DEPOSIT
AC07847,82016600007847,CU00489,PR005,BR008,2018-01-25,,DORMANT,INR,54339.49,CURRENT
AC07848,25272100007848,CU01641,PR002,BR001,2018-05-11,2022-04-05,CLOSED,INR,185247.28,SAVINGS
AC07849,55253100007849,CU02744,PR007,BR005,2019-12-21,,DORMANT,INR,138587.79,FIXED_DEPOSIT
AC07850,83949200007850,CU02995,PR002,BR008,2025-02-21,,DORMANT,INR,19233.83,SAVINGS
AC07851,58905700007851,CU04404,PR002,BR009,2024-01-19,2026-08-22,CLOSED,INR,216044.98,SAVINGS
AC07852,51344500007852,CU03470,PR002,BR001,2025-11-25,2026-08-29,CLOSED,INR,35040.06,SAVINGS
AC07853,85189700007853,CU01037,PR003,BR005,2022-01-18,,DORMANT,INR,107785.80,SAVINGS
AC07854,65775500007854,CU02710,PR009,BR002,2024-09-22,2026-08-28,CLOSED,INR,68183.95,FIXED_DEPOSIT
AC07855,46988200007855,CU03072,PR002,BR002,2024-12-11,2026-05-14,CLOSED,INR,130737.45,SAVINGS
AC07856,94452200007856,CU01453,PR002,BR010,2025-11-05,,ACTIVE,INR,48334.92,SAVINGS
AC07857,47588900007857,CU04808,PR008,BR005,2025-12-12,,ACTIVE,INR,126871.02,FIXED_DEPOSIT
AC07858,72171400007858,CU01317,PR008,BR004,2024-03-04,2026-08-20,CLOSED,INR,117336.53,FIXED_DEPOSIT
AC07859,63444300007859,CU03446,PR007,BR002,2020-01-14,,DORMANT,INR,154864.03,FIXED_DEPOSIT
AC07860,27511200007860,CU01525,PR005,BR010,2021-03-18,,ACTIVE,INR,1173.51,CURRENT
AC07861,75764600007861,CU03287,PR006,BR006,2024-06-20,,ACTIVE,INR,66594.96,CURRENT
AC07862,35714400007862,CU00676,PR009,BR009,2025-01-29,2026-08-23,CLOSED,INR,125763.13,FIXED_DEPOSIT
AC07863,72035900007863,CU03076,PR009,BR002,2019-07-21,,ACTIVE,INR,71606.10,FIXED_DEPOSIT
AC07864,50484600007864,CU02152,PR002,BR006,2020-12-05,2022-12-27,CLOSED,INR,139451.39,SAVINGS
AC07865,97725100007865,CU03955,PR005,BR003,2025-07-26,,DORMANT,INR,42713.08,CURRENT
AC07866,96717400007866,CU04193,PR008,BR007,2022-06-17,,ACTIVE,INR,63228.21,FIXED_DEPOSIT
AC07867,77332300007867,CU02763,PR006,BR007,2018-06-09,2021-07-06,CLOSED,INR,194419.80,CURRENT
AC07868,34239000007868,CU03545,PR003,BR006,2024-12-25,,ACTIVE,INR,8337.32,SAVINGS
AC07869,71409500007869,CU01652,PR004,BR009,2018-07-03,,ACTIVE,INR,1098.62,CURRENT
AC07870,89312800007870,CU04615,PR003,BR010,2024-09-12,,DORMANT,INR,119096.64,SAVINGS
AC07871,19859100007871,CU00410,PR008,BR004,2020-06-28,2022-02-25,CLOSED,INR,106689.64,FIXED_DEPOSIT
AC07872,64365400007872,CU03075,PR005,BR009,2018-03-30,,DORMANT,INR,184693.38,CURRENT
AC07873,93119400007873,CU03720,PR003,BR009,2020-10-13,,ACTIVE,INR,43556.94,SAVINGS
AC07874,18974300007874,CU03438,PR004,BR002,2021-12-17,2026-06-14,CLOSED,INR,85015.91,CURRENT
AC07875,56067500007875,CU03503,PR001,BR004,2022-10-14,,DORMANT,INR,239048.53,SAVINGS
AC07876,73986500007876,CU01083,PR003,BR010,2020-05-12,2024-02-03,CLOSED,INR,136060.08,SAVINGS
AC07877,54272500007877,CU03917,PR003,BR001,2020-08-07,2021-10-20,CLOSED,INR,230615.06,SAVINGS
AC07878,46380300007878,CU00293,PR007,BR006,2022-11-18,,ACTIVE,INR,10431.75,FIXED_DEPOSIT
AC07879,49420500007879,CU01289,PR001,BR008,2021-11-09,,ACTIVE,INR,71172.20,SAVINGS
AC07880,60890800007880,CU01430,PR009,BR010,2022-09-01,,DORMANT,INR,57673.81,FIXED_DEPOSIT
AC07881,57823800007881,CU03259,PR002,BR008,2020-11-06,2024-06-29,CLOSED,INR,85534.32,SAVINGS
AC07882,89353300007882,CU00275,PR002,BR005,2023-12-22,,DORMANT,INR,227913.00,SAVINGS
AC07883,40052000007883,CU03074,PR004,BR005,2022-12-18,,DORMANT,INR,147951.97,CURRENT
AC07884,99896400007884,CU03900,PR002,BR005,2025-06-01,,DORMANT,INR,23195.24,SAVINGS
AC07885,16311900007885,CU01266,PR008,BR007,2025-11-20,,DORMANT,INR,62049.85,FIXED_DEPOSIT
AC07886,62791100007886,CU04528,PR002,BR009,2022-02-07,,DORMANT,INR,41743.88,SAVINGS
AC07887,93060500007887,CU01958,PR008,BR005,2018-12-08,,ACTIVE,INR,7.69,FIXED_DEPOSIT
AC07888,32638200007888,CU01782,PR002,BR004,2021-12-17,,ACTIVE,INR,264303.32,SAVINGS
AC07889,44892900007889,CU04412,PR001,BR002,2019-02-16,2019-11-04,CLOSED,INR,240259.38,SAVINGS
AC07890,72399600007890,CU00634,PR005,BR009,2022-12-07,2026-08-27,CLOSED,INR,237075.06,CURRENT
AC07891,44934900007891,CU02641,PR005,BR007,2018-01-17,,DORMANT,INR,160922.87,CURRENT
AC07892,14051200007892,CU02725,PR002,BR003,2024-11-26,,ACTIVE,INR,52952.35,SAVINGS
AC07893,32898300007893,CU00783,PR008,BR009,2019-06-26,,ACTIVE,INR,28730.01,FIXED_DEPOSIT
AC07894,90794400007894,CU01226,PR001,BR004,2023-09-22,,DORMANT,INR,174743.80,SAVINGS
AC07895,18087400007895,CU01960,PR003,BR008,2020-07-08,2023-11-10,CLOSED,INR,101085.36,SAVINGS
AC07896,25817700007896,CU02497,PR009,BR003,2022-09-26,,DORMANT,INR,66932.16,FIXED_DEPOSIT
AC07897,84010700007897,CU02253,PR004,BR006,2020-01-18,,ACTIVE,INR,19792.31,CURRENT
AC07898,63713000007898,CU01075,PR001,BR009,2018-12-09,,DORMANT,INR,165963.72,SAVINGS
AC07899,27126100007899,CU03527,PR009,BR002,2023-04-21,,ACTIVE,INR,27290.97,FIXED_DEPOSIT
AC07900,87074900007900,CU02027,PR005,BR008,2018-08-16,,DORMANT,INR,149309.30,CURRENT
AC07901,29658700007901,CU00340,PR001,BR009,2023-09-11,,ACTIVE,INR,72200.52,SAVINGS
AC07902,79585000007902,CU00273,PR005,BR006,2025-05-07,,DORMANT,INR,218160.52,CURRENT
AC07903,59824000007903,CU04559,PR008,BR003,2023-03-26,,DORMANT,INR,91427.32,FIXED_DEPOSIT
AC07904,85494000007904,CU01428,PR004,BR010,2024-04-30,2026-08-26,CLOSED,INR,124754.73,CURRENT
AC07905,46167500007905,CU04208,PR002,BR002,2021-11-17,,DORMANT,INR,175068.26,SAVINGS
AC07906,92469500007906,CU01392,PR005,BR007,2025-03-21,,DORMANT,INR,36394.41,CURRENT
AC07907,27351800007907,CU04924,PR007,BR009,2019-01-02,,DORMANT,INR,91018.31,FIXED_DEPOSIT
AC07908,20354200007908,CU02717,PR006,BR006,2018-02-25,,DORMANT,INR,208794.71,CURRENT
AC07909,80437700007909,CU04582,PR005,BR006,2025-07-25,,ACTIVE,INR,232828.68,CURRENT
AC07910,20713200007910,CU00831,PR002,BR006,2022-01-24,,ACTIVE,INR,24436.54,SAVINGS
AC07911,56037900007911,CU01555,PR006,BR004,2023-01-16,2025-01-06,CLOSED,INR,7352.22,CURRENT
AC07912,20131700007912,CU00084,PR002,BR003,2024-08-17,,DORMANT,INR,142461.23,SAVINGS
AC07913,97529400007913,CU03852,PR004,BR010,2019-06-11,2022-01-24,CLOSED,INR,224949.93,CURRENT
AC07914,64867200007914,CU02603,PR008,BR010,2020-02-22,,DORMANT,INR,189832.68,FIXED_DEPOSIT
AC07915,37229300007915,CU00039,PR004,BR008,2023-03-30,2026-08-24,CLOSED,INR,181219.15,CURRENT
AC07916,57542800007916,CU02425,PR002,BR001,2018-03-29,2021-09-26,CLOSED,INR,129832.04,SAVINGS
AC07917,33443300007917,CU00035,PR003,BR009,2024-10-30,,ACTIVE,INR,140987.08,SAVINGS
AC07918,56899100007918,CU03765,PR004,BR008,2023-06-04,,DORMANT,INR,200041.55,CURRENT
AC07919,75062700007919,CU01633,PR003,BR002,2021-05-17,2022-04-10,CLOSED,INR,214020.62,SAVINGS
AC07920,67512300007920,CU00725,PR005,BR010,2023-08-26,2024-02-28,CLOSED,INR,24141.45,CURRENT
AC07921,62306400007921,CU00809,PR002,BR007,2020-10-22,2024-05-29,CLOSED,INR,140058.62,SAVINGS
AC07922,69370700007922,CU04371,PR001,BR005,2025-12-21,,ACTIVE,INR,4651.56,SAVINGS
AC07923,30379700007923,CU03168,PR002,BR003,2023-07-05,2026-08-21,CLOSED,INR,2664.88,SAVINGS
AC07924,99747200007924,CU01749,PR002,BR001,2025-06-11,,ACTIVE,INR,19997.21,SAVINGS
AC07925,31277700007925,CU01012,PR005,BR007,2018-11-24,,ACTIVE,INR,9368.16,CURRENT
AC07926,63371800007926,CU02134,PR002,BR004,2025-07-23,,ACTIVE,INR,216.90,SAVINGS
AC07927,33812600007927,CU03800,PR009,BR007,2018-11-01,2019-12-04,CLOSED,INR,60886.34,FIXED_DEPOSIT
AC07928,16373200007928,CU00880,PR001,BR001,2023-06-11,2026-07-29,CLOSED,INR,73879.64,SAVINGS
AC07929,90794500007929,CU02966,PR002,BR008,2021-03-25,2025-02-14,CLOSED,INR,158493.19,SAVINGS
AC07930,19366400007930,CU04411,PR005,BR006,2024-01-01,2026-08-21,CLOSED,INR,171594.13,CURRENT
AC07931,78566300007931,CU01101,PR008,BR006,2020-02-10,2023-01-09,CLOSED,INR,238797.27,FIXED_DEPOSIT
AC07932,59520500007932,CU03535,PR005,BR010,2018-08-27,2020-03-16,CLOSED,INR,5642.65,CURRENT
AC07933,54369600007933,CU03564,PR005,BR006,2018-05-07,,DORMANT,INR,207137.74,CURRENT
AC07934,57405600007934,CU00266,PR009,BR002,2018-02-01,,DORMANT,INR,111879.74,FIXED_DEPOSIT
AC07935,45544400007935,CU04691,PR002,BR009,2019-09-21,,DORMANT,INR,142298.27,SAVINGS
AC07936,40710300007936,CU00198,PR002,BR008,2024-11-18,2026-08-21,CLOSED,INR,108935.73,SAVINGS
AC07937,95957000007937,CU00460,PR006,BR005,2024-07-26,2026-08-20,CLOSED,INR,164666.65,CURRENT
AC07938,40693900007938,CU00246,PR002,BR007,2025-10-03,,ACTIVE,INR,17489.62,SAVINGS
AC07939,12093700007939,CU01499,PR007,BR005,2020-09-08,,ACTIVE,INR,14231.31,FIXED_DEPOSIT
AC07940,64233900007940,CU01936,PR005,BR005,2022-06-08,,ACTIVE,INR,92014.59,CURRENT
AC07941,53953500007941,CU04090,PR004,BR001,2021-11-09,,DORMANT,INR,214216.42,CURRENT
AC07942,27611200007942,CU01659,PR005,BR007,2025-06-11,2026-08-23,CLOSED,INR,227635.48,CURRENT
AC07943,42095700007943,CU04471,PR009,BR002,2022-07-14,,ACTIVE,INR,112177.79,FIXED_DEPOSIT
AC07944,86814100007944,CU02801,PR005,BR003,2019-10-17,,DORMANT,INR,26507.37,CURRENT
AC07945,17521600007945,CU03812,PR005,BR010,2024-11-11,,DORMANT,INR,20624.39,CURRENT
AC07946,99245100007946,CU04386,PR009,BR005,2020-03-02,,ACTIVE,INR,190853.59,FIXED_DEPOSIT
AC07947,44131800007947,CU00100,PR004,BR002,2024-11-20,,ACTIVE,INR,693.00,CURRENT
AC07948,61302500007948,CU01402,PR009,BR008,2022-01-23,,DORMANT,INR,227660.92,FIXED_DEPOSIT
AC07949,75827200007949,CU04297,PR001,BR008,2019-04-28,,ACTIVE,INR,135022.16,SAVINGS
AC07950,19705300007950,CU00404,PR006,BR009,2023-07-19,2026-08-28,CLOSED,INR,99136.86,CURRENT
AC07951,37730100007951,CU00765,PR007,BR003,2023-08-14,,ACTIVE,INR,25927.41,FIXED_DEPOSIT
AC07952,65872100007952,CU01465,PR005,BR003,2019-08-16,,DORMANT,INR,219186.77,CURRENT
AC07953,45366100007953,CU04486,PR007,BR002,2025-03-05,,DORMANT,INR,125502.17,FIXED_DEPOSIT
AC07954,72072000007954,CU04981,PR007,BR005,2023-08-26,,DORMANT,INR,209846.06,FIXED_DEPOSIT
AC07955,82592800007955,CU00868,PR004,BR007,2019-08-04,2020-12-22,CLOSED,INR,30770.96,CURRENT
AC07956,73711100007956,CU01498,PR008,BR008,2024-11-15,2026-08-23,CLOSED,INR,58338.92,FIXED_DEPOSIT
AC07957,50703500007957,CU02530,PR007,BR004,2022-11-28,,ACTIVE,INR,208286.22,FIXED_DEPOSIT
AC07958,25622200007958,CU03145,PR009,BR001,2019-03-28,,ACTIVE,INR,46287.48,FIXED_DEPOSIT
AC07959,48887200007959,CU01839,PR004,BR010,2019-10-03,,ACTIVE,INR,2601.88,CURRENT
AC07960,95379400007960,CU04967,PR002,BR005,2023-01-19,2026-08-29,CLOSED,INR,84362.21,SAVINGS
AC07961,86803900007961,CU04476,PR007,BR003,2019-03-11,,ACTIVE,INR,45.97,FIXED_DEPOSIT
AC07962,10518800007962,CU04182,PR003,BR009,2020-08-09,,ACTIVE,INR,49972.02,SAVINGS
AC07963,52087500007963,CU04399,PR007,BR002,2020-10-07,2025-12-28,CLOSED,INR,194032.08,FIXED_DEPOSIT
AC07964,45108700007964,CU02652,PR008,BR004,2023-11-06,,DORMANT,INR,185040.43,FIXED_DEPOSIT
AC07965,13033600007965,CU04382,PR006,BR010,2024-06-16,,ACTIVE,INR,7103.34,CURRENT
AC07966,51252900007966,CU04051,PR001,BR010,2019-08-06,,ACTIVE,INR,68644.12,SAVINGS
AC07967,70637700007967,CU01707,PR008,BR009,2021-03-29,,DORMANT,INR,125120.35,FIXED_DEPOSIT
AC07968,29920400007968,CU03587,PR009,BR003,2019-09-16,,DORMANT,INR,63168.21,FIXED_DEPOSIT
AC07969,72375200007969,CU04277,PR004,BR004,2020-01-19,2022-01-28,CLOSED,INR,78802.59,CURRENT
AC07970,59503800007970,CU01297,PR003,BR004,2024-08-24,2026-08-25,CLOSED,INR,124355.03,SAVINGS
AC07971,25306200007971,CU01887,PR009,BR003,2021-11-08,,DORMANT,INR,149556.53,FIXED_DEPOSIT
AC07972,50537100007972,CU04059,PR004,BR006,2023-08-05,,DORMANT,INR,38766.35,CURRENT
AC07973,45804000007973,CU04278,PR005,BR010,2021-05-12,2026-03-01,CLOSED,INR,101933.92,CURRENT
AC07974,31734900007974,CU00437,PR005,BR005,2021-06-14,2024-07-27,CLOSED,INR,67287.74,CURRENT
AC07975,55551600007975,CU01005,PR003,BR008,2018-02-23,2022-08-25,CLOSED,INR,122123.73,SAVINGS
AC07976,83050200007976,CU03156,PR006,BR002,2025-05-24,2026-08-27,CLOSED,INR,136342.88,CURRENT
AC07977,18214100007977,CU00900,PR002,BR006,2018-01-24,,ACTIVE,INR,28996.73,SAVINGS
AC07978,24527700007978,CU04531,PR005,BR002,2020-10-28,,ACTIVE,INR,16251.69,CURRENT
AC07979,89927100007979,CU01024,PR003,BR006,2018-07-02,2020-04-11,CLOSED,INR,194627.12,SAVINGS
AC07980,74180000007980,CU03360,PR003,BR008,2021-03-29,2023-03-18,CLOSED,INR,192419.17,SAVINGS
AC07981,18028100007981,CU01119,PR008,BR007,2021-05-05,2022-10-03,CLOSED,INR,58934.71,FIXED_DEPOSIT
AC07982,26231400007982,CU00690,PR003,BR001,2021-03-19,2024-01-24,CLOSED,INR,106833.89,SAVINGS
AC07983,62023600007983,CU00748,PR001,BR006,2022-05-25,,DORMANT,INR,146987.79,SAVINGS
AC07984,33542600007984,CU00920,PR005,BR002,2021-06-02,,ACTIVE,INR,77701.62,CURRENT
AC07985,24311100007985,CU02746,PR002,BR009,2020-08-12,,DORMANT,INR,231225.16,SAVINGS
AC07986,84897000007986,CU03472,PR005,BR002,2018-02-20,,DORMANT,INR,71992.02,CURRENT
AC07987,45788600007987,CU03970,PR002,BR001,2021-07-16,,ACTIVE,INR,287.41,SAVINGS
AC07988,52224900007988,CU02434,PR009,BR004,2018-01-03,2020-01-30,CLOSED,INR,54607.76,FIXED_DEPOSIT
AC07989,50225600007989,CU01692,PR002,BR006,2024-04-27,,ACTIVE,INR,189955.59,SAVINGS
AC07990,97408400007990,CU00328,PR002,BR008,2019-12-07,,DORMANT,INR,113737.09,SAVINGS
AC07991,25496900007991,CU02703,PR007,BR003,2024-02-14,,DORMANT,INR,26120.35,FIXED_DEPOSIT
AC07992,56143900007992,CU02699,PR001,BR008,2018-01-11,2020-11-19,CLOSED,INR,11561.13,SAVINGS
AC07993,37889600007993,CU04186,PR009,BR006,2023-11-07,2026-06-23,CLOSED,INR,218340.85,FIXED_DEPOSIT
AC07994,72734500007994,CU04102,PR004,BR007,2025-03-30,,ACTIVE,INR,62861.99,CURRENT
AC07995,90761700007995,CU00534,PR005,BR004,2019-07-08,,DORMANT,INR,202762.78,CURRENT
AC07996,45927400007996,CU00704,PR004,BR009,2020-03-13,,ACTIVE,INR,29451.36,CURRENT
AC07997,63459900007997,CU02254,PR008,BR002,2022-03-10,2023-09-25,CLOSED,INR,133961.51,FIXED_DEPOSIT
AC07998,53732400007998,CU03433,PR007,BR010,2018-10-30,,DORMANT,INR,29443.83,FIXED_DEPOSIT
AC07999,37481900007999,CU01791,PR009,BR005,2022-04-09,2026-04-14,CLOSED,INR,207956.70,FIXED_DEPOSIT
AC08000,75260400008000,CU03288,PR001,BR005,2024-01-26,,ACTIVE,INR,269889.86,SAVINGS
