card_id,account_id,customer_id,card_number,card_type,issue_date,expiry_date,card_status
CA00001,AC01352,CU01829,2229-4725-6660-2967,DEBIT,2023-05-20,2027-05-20,EXPIRED
CA00002,AC03816,CU01455,4600-7541-2408-6797,CREDIT,2023-02-26,2028-02-26,BLOCKED
CA00003,AC01008,CU02436,6157-5569-2665-8358,DEBIT,2023-03-03,2027-03-03,EXPIRED
CA00004,AC03371,CU00823,8948-5198-1422-7268,DEBIT,2023-11-06,2028-11-06,BLOCKED
CA00005,AC01273,CU02935,6119-5799-6033-7185,CREDIT,2024-01-25,2029-01-25,EXPIRED
CA00006,AC02636,CU01891,4692-0615-5292-8710,DEBIT,2021-09-22,2025-09-22,ACTIVE
CA00007,AC00463,CU01053,7878-2282-6358-7001,CREDIT,2024-03-10,2029-03-10,ACTIVE
CA00008,AC03373,CU02590,1611-5003-3791-2721,CREDIT,2020-08-28,2024-08-28,EXPIRED
CA00009,AC03199,CU01767,9711-6120-7566-5774,DEBIT,2020-08-12,2024-08-12,EXPIRED
CA00010,AC00459,CU01073,9016-1872-9395-9232,DEBIT,2022-03-14,2026-03-14,EXPIRED
CA00011,AC06744,CU02901,4012-3211-4416-5769,CREDIT,2025-11-28,2029-11-28,EXPIRED
CA00012,AC02150,CU03584,6889-8959-6481-2140,CREDIT,2023-09-09,2027-09-09,BLOCKED
CA00013,AC06295,CU02086,4875-9847-8107-2302,DEBIT,2021-11-19,2026-11-19,EXPIRED
CA00014,AC05505,CU01031,9462-2732-8523-5584,DEBIT,2024-09-09,2028-09-09,BLOCKED
CA00015,AC00396,CU04136,0534-6271-8410-7932,CREDIT,2024-05-02,2027-05-02,ACTIVE
CA00016,AC01544,CU04868,6023-1146-5048-0938,DEBIT,2025-11-03,2030-11-03,BLOCKED
CA00017,AC01397,CU03954,6774-0079-7116-9423,DEBIT,2024-05-13,2027-05-13,EXPIRED
CA00018,AC05378,CU01094,2423-2250-9516-6520,CREDIT,2023-04-15,2027-04-15,BLOCKED
CA00019,AC05689,CU02958,4871-9704-4381-4058,CREDIT,2020-01-07,2025-01-07,ACTIVE
CA00020,AC04712,CU01690,8138-9245-2653-3500,DEBIT,2020-07-25,2024-07-25,EXPIRED
CA00021,AC02119,CU00412,9412-5809-8707-5550,CREDIT,2020-10-08,2023-10-08,EXPIRED
CA00022,AC05643,CU03734,4554-2506-8986-3163,DEBIT,2025-01-29,2028-01-29,BLOCKED
CA00023,AC06142,CU02138,3739-8100-1525-0729,CREDIT,2024-02-11,2027-02-11,BLOCKED
CA00024,AC03001,CU02819,9112-2586-4876-0238,DEBIT,2023-01-09,2028-01-09,BLOCKED
CA00025,AC01441,CU02143,1569-4660-0190-3698,DEBIT,2022-10-31,2027-10-31,BLOCKED
CA00026,AC04248,CU01694,2520-3554-6742-6499,DEBIT,2025-07-13,2029-07-13,ACTIVE
CA00027,AC00533,CU01944,2222-7965-6088-0469,DEBIT,2020-05-23,2025-05-23,BLOCKED
CA00028,AC04742,CU00038,0013-9364-1763-0464,CREDIT,2020-11-07,2024-11-07,EXPIRED
CA00029,AC06244,CU04802,4719-2735-0000-9823,CREDIT,2021-02-12,2024-02-12,BLOCKED
CA00030,AC00847,CU01898,1127-7491-4026-3177,DEBIT,2023-01-16,2028-01-16,EXPIRED
CA00031,AC00433,CU00730,0178-8523-1946-8582,DEBIT,2021-11-16,2025-11-16,EXPIRED
CA00032,AC04061,CU00848,5301-4462-0204-4144,DEBIT,2022-08-18,2027-08-18,ACTIVE
CA00033,AC02776,CU04221,9213-6317-2915-9352,CREDIT,2021-07-20,2025-07-20,ACTIVE
CA00034,AC04667,CU02313,7802-8915-8337-4660,DEBIT,2021-09-26,2026-09-26,EXPIRED
CA00035,AC00390,CU02691,7162-6177-2106-1615,CREDIT,2020-11-07,2025-11-07,EXPIRED
CA00036,AC06230,CU02846,5172-3477-8221-0346,DEBIT,2021-12-15,2024-12-15,EXPIRED
CA00037,AC04573,CU01863,7253-6127-3197-4102,DEBIT,2024-10-19,2028-10-19,BLOCKED
CA00038,AC07224,CU02104,8697-4143-9113-2659,DEBIT,2020-04-06,2024-04-06,ACTIVE
CA00039,AC03472,CU03249,4938-4761-7133-7633,CREDIT,2025-05-09,2028-05-09,EXPIRED
CA00040,AC04395,CU02190,9373-1158-3987-1452,CREDIT,2025-09-22,2030-09-22,EXPIRED
CA00041,AC02152,CU01069,6882-4447-5192-5102,CREDIT,2021-08-23,2026-08-23,EXPIRED
CA00042,AC03191,CU02305,7611-4771-9265-7036,DEBIT,2021-07-10,2026-07-10,EXPIRED
CA00043,AC07034,CU04336,4491-3897-5091-1727,DEBIT,2023-07-10,2026-07-10,ACTIVE
CA00044,AC07325,CU02521,3541-4524-3484-5460,CREDIT,2022-10-24,2025-10-24,ACTIVE
CA00045,AC01012,CU00398,7243-2587-4677-9826,DEBIT,2023-01-29,2028-01-29,BLOCKED
CA00046,AC06905,CU03713,3582-3953-2976-8103,CREDIT,2025-08-26,2030-08-26,ACTIVE
CA00047,AC00092,CU04059,5500-2615-1960-4411,DEBIT,2023-04-21,2027-04-21,BLOCKED
CA00048,AC02606,CU01957,1195-2727-5889-3633,DEBIT,2025-11-22,2028-11-22,EXPIRED
CA00049,AC03410,CU03921,1955-5028-0181-6339,DEBIT,2022-02-01,2025-02-01,BLOCKED
CA00050,AC04109,CU01783,3270-5389-0076-8945,CREDIT,2023-08-01,2026-08-01,BLOCKED
CA00051,AC02419,CU01084,1395-0276-2632-4735,CREDIT,2020-02-15,2023-02-15,EXPIRED
CA00052,AC04802,CU04294,9296-2560-6339-8908,DEBIT,2020-11-04,2023-11-04,BLOCKED
CA00053,AC05113,CU02966,9175-0470-8074-3685,CREDIT,2024-07-24,2029-07-24,BLOCKED
CA00054,AC06486,CU02471,4005-0623-3548-3923,DEBIT,2020-04-21,2024-04-21,BLOCKED
CA00055,AC06134,CU01508,2747-5181-8455-8388,DEBIT,2024-07-20,2029-07-20,EXPIRED
CA00056,AC04341,CU00419,7806-1445-4116-2577,DEBIT,2023-02-01,2027-02-01,ACTIVE
CA00057,AC06071,CU04894,3301-0401-7966-4740,DEBIT,2022-02-19,2026-02-19,ACTIVE
CA00058,AC04368,CU00918,8085-0233-5113-2758,DEBIT,2023-01-23,2028-01-23,BLOCKED
CA00059,AC07745,CU01624,4917-5210-0407-8647,DEBIT,2022-05-07,2025-05-07,ACTIVE
CA00060,AC00918,CU04416,1373-2310-5624-1887,CREDIT,2023-10-22,2028-10-22,ACTIVE
CA00061,AC01750,CU04327,8582-5100-8212-5836,CREDIT,2022-03-02,2027-03-02,BLOCKED
CA00062,AC05019,CU02867,7062-1879-6121-7737,CREDIT,2025-10-24,2030-10-24,ACTIVE
CA00063,AC01003,CU03344,7582-6234-7691-7562,DEBIT,2022-11-18,2025-11-18,EXPIRED
CA00064,AC07701,CU02261,2369-9670-4505-6477,CREDIT,2022-09-10,2026-09-10,EXPIRED
CA00065,AC05415,CU04306,2390-9192-0986-6634,CREDIT,2023-07-23,2026-07-23,ACTIVE
CA00066,AC01309,CU00929,7040-0350-7956-6299,DEBIT,2025-01-07,2028-01-07,ACTIVE
CA00067,AC07542,CU00264,8911-7245-0564-9560,CREDIT,2020-06-09,2025-06-09,EXPIRED
CA00068,AC02706,CU01742,9339-8841-5451-7965,DEBIT,2021-12-09,2025-12-09,ACTIVE
CA00069,AC06537,CU01661,9913-8662-4551-3483,CREDIT,2021-04-14,2025-04-14,EXPIRED
CA00070,AC07035,CU02273,7421-3602-4343-6959,DEBIT,2022-07-12,2025-07-12,EXPIRED
CA00071,AC03654,CU04476,4930-5381-8214-7130,DEBIT,2022-11-27,2027-11-27,ACTIVE
CA00072,AC02236,CU04342,3255-8080-9985-0141,CREDIT,2021-05-22,2025-05-22,EXPIRED
CA00073,AC04384,CU01355,3688-3342-4267-2636,CREDIT,2025-01-20,2029-01-20,BLOCKED
CA00074,AC06576,CU04270,1389-2014-1626-7338,CREDIT,2023-07-30,2028-07-30,BLOCKED
CA00075,AC01779,CU00145,9303-4153-5661-8155,CREDIT,2021-04-09,2026-04-09,ACTIVE
CA00076,AC03640,CU03377,7630-4756-5567-1055,CREDIT,2024-02-04,2028-02-04,BLOCKED
CA00077,AC04492,CU02359,4378-9598-9070-8286,DEBIT,2023-06-11,2026-06-11,ACTIVE
CA00078,AC05691,CU02259,5320-3310-8897-6698,CREDIT,2022-09-28,2025-09-28,EXPIRED
CA00079,AC06939,CU04267,6479-8234-8711-6081,CREDIT,2022-12-02,2026-12-02,BLOCKED
CA00080,AC05787,CU00132,3040-3924-2642-4384,CREDIT,2020-07-17,2025-07-17,EXPIRED
CA00081,AC03673,CU03349,6092-2279-1809-2871,DEBIT,2020-12-11,2025-12-11,BLOCKED
CA00082,AC01511,CU00099,5122-1690-4757-3804,DEBIT,2021-02-04,2025-02-04,ACTIVE
CA00083,AC02735,CU01620,5304-4714-5663-9289,CREDIT,2020-04-24,2025-04-24,ACTIVE
CA00084,AC00472,CU03143,3686-7941-4504-9881,DEBIT,2020-09-07,2023-09-07,BLOCKED
CA00085,AC06797,CU00276,2134-7269-8668-9875,DEBIT,2023-11-03,2026-11-03,ACTIVE
CA00086,AC04408,CU03400,9958-0010-2391-0243,DEBIT,2022-11-05,2026-11-05,BLOCKED
CA00087,AC04990,CU03579,6958-0200-0487-8398,DEBIT,2021-05-10,2026-05-10,BLOCKED
CA00088,AC02504,CU01125,4446-2630-9289-1257,DEBIT,2025-03-19,2029-03-19,BLOCKED
CA00089,AC05314,CU03413,4757-5922-9781-8145,CREDIT,2023-10-18,2028-10-18,EXPIRED
CA00090,AC02834,CU03276,2393-4971-8288-0495,DEBIT,2025-04-02,2030-04-02,ACTIVE
CA00091,AC07166,CU03877,9836-5054-1438-4912,DEBIT,2024-03-20,2028-03-20,EXPIRED
CA00092,AC07027,CU03205,3605-5532-4873-5253,DEBIT,2023-05-05,2027-05-05,EXPIRED
CA00093,AC06232,CU03563,5467-3873-6311-1857,CREDIT,2025-12-07,2029-12-07,EXPIRED
CA00094,AC05361,CU04188,2869-7273-6253-2546,CREDIT,2023-07-20,2028-07-20,BLOCKED
CA00095,AC00593,CU00697,5175-0092-2992-6352,CREDIT,2020-07-16,2025-07-16,BLOCKED
CA00096,AC02006,CU03480,6027-9651-5072-2212,DEBIT,2025-05-04,2028-05-04,BLOCKED
CA00097,AC01941,CU00886,9679-4990-5311-5509,CREDIT,2022-04-06,2027-04-06,ACTIVE
CA00098,AC01205,CU00087,7581-9375-9509-1513,CREDIT,2020-09-08,2025-09-08,BLOCKED
CA00099,AC04969,CU04680,6554-0188-8780-3658,DEBIT,2024-09-01,2028-09-01,EXPIRED
CA00100,AC07893,CU00783,8806-7903-5352-2862,CREDIT,2024-05-22,2028-05-22,ACTIVE
CA00101,AC00729,CU03222,6407-6078-7655-4855,CREDIT,2022-07-08,2025-07-08,ACTIVE
CA00102,AC07150,CU00472,6091-9106-0357-8760,CREDIT,2022-07-29,2025-07-29,ACTIVE
CA00103,AC07421,CU00711,7853-1278-6319-3515,DEBIT,2022-09-21,2027-09-21,ACTIVE
CA00104,AC02432,CU04930,1651-1161-6074-3614,CREDIT,2025-08-28,2029-08-28,EXPIRED
CA00105,AC02716,CU04014,3008-4169-7075-4680,DEBIT,2024-02-27,2027-02-27,ACTIVE
CA00106,AC07336,CU02391,5461-3793-6634-6737,DEBIT,2020-10-25,2024-10-25,BLOCKED
CA00107,AC04635,CU00914,6203-3372-2959-8933,DEBIT,2020-01-15,2025-01-15,EXPIRED
CA00108,AC06400,CU04748,1576-9914-2939-3047,DEBIT,2024-05-09,2028-05-09,BLOCKED
CA00109,AC01353,CU04093,2455-2186-0425-7590,DEBIT,2021-07-12,2025-07-12,ACTIVE
CA00110,AC07885,CU01266,5476-8504-7601-6899,DEBIT,2020-12-23,2024-12-23,ACTIVE
CA00111,AC01953,CU00272,2415-7374-5085-1663,CREDIT,2021-08-11,2026-08-11,ACTIVE
CA00112,AC06388,CU00565,4438-0904-8077-6884,CREDIT,2020-08-07,2025-08-07,BLOCKED
CA00113,AC07064,CU00765,8296-4017-4874-5246,DEBIT,2021-02-24,2024-02-24,ACTIVE
CA00114,AC03152,CU01516,3478-5059-9123-4826,DEBIT,2022-12-14,2026-12-14,BLOCKED
CA00115,AC03282,CU01834,3751-1313-6862-1211,DEBIT,2020-03-03,2023-03-03,EXPIRED
CA00116,AC03073,CU01207,6578-5256-3354-7259,DEBIT,2023-06-30,2027-06-30,EXPIRED
CA00117,AC00757,CU03019,0115-0256-9339-4155,CREDIT,2025-07-19,2028-07-19,ACTIVE
CA00118,AC05141,CU02678,2625-7047-0090-9016,CREDIT,2022-07-05,2027-07-05,EXPIRED
CA00119,AC01298,CU02648,3469-5530-4671-2063,DEBIT,2024-04-04,2029-04-04,BLOCKED
CA00120,AC02857,CU00639,2903-7964-5724-5194,DEBIT,2023-12-06,2027-12-06,BLOCKED
CA00121,AC02727,CU03159,2995-1378-1100-9548,DEBIT,2022-11-09,2027-11-09,ACTIVE
CA00122,AC03974,CU04028,7476-6279-2001-3985,DEBIT,2023-02-10,2028-02-10,EXPIRED
CA00123,AC06185,CU02130,5819-7131-0595-9235,DEBIT,2022-11-13,2026-11-13,ACTIVE
CA00124,AC00603,CU00678,4097-8871-3737-0818,DEBIT,2024-12-16,2027-12-16,ACTIVE
CA00125,AC01345,CU04229,1288-8294-0788-4880,DEBIT,2020-02-21,2023-02-21,BLOCKED
CA00126,AC07695,CU03233,9716-3421-1837-5929,DEBIT,2022-09-15,2026-09-15,EXPIRED
CA00127,AC05252,CU01003,0249-7693-3100-0168,CREDIT,2025-03-05,2030-03-05,BLOCKED
CA00128,AC03239,CU01190,7557-8993-3359-7096,CREDIT,2024-04-25,2028-04-25,ACTIVE
CA00129,AC01164,CU00895,7015-8110-9438-8640,CREDIT,2025-06-04,2028-06-04,EXPIRED
CA00130,AC07556,CU00367,6866-4925-3024-0796,DEBIT,2022-06-08,2026-06-08,BLOCKED
CA00131,AC01283,CU01938,2222-3400-4516-6647,CREDIT,2025-04-02,2029-04-02,ACTIVE
CA00132,AC02177,CU00620,9931-5428-1793-6734,DEBIT,2022-05-09,2027-05-09,BLOCKED
CA00133,AC07415,CU01849,2229-4959-5698-4455,CREDIT,2025-11-06,2028-11-06,EXPIRED
CA00134,AC07960,CU04967,8446-3978-9266-9554,DEBIT,2022-03-26,2027-03-26,EXPIRED
CA00135,AC07307,CU03097,6115-4306-9474-9775,DEBIT,2024-08-28,2027-08-28,BLOCKED
CA00136,AC07474,CU01551,2797-8936-7862-5491,CREDIT,2025-05-27,2029-05-27,EXPIRED
CA00137,AC07026,CU02902,8627-3047-6209-5936,DEBIT,2023-08-30,2026-08-30,EXPIRED
CA00138,AC05678,CU02964,7896-3532-5762-3969,CREDIT,2023-10-23,2027-10-23,BLOCKED
CA00139,AC01001,CU04831,3121-1631-6705-6953,DEBIT,2023-07-09,2028-07-09,ACTIVE
CA00140,AC01872,CU03339,0780-8603-6711-3286,CREDIT,2024-11-19,2028-11-19,ACTIVE
CA00141,AC00350,CU02169,9094-5556-8724-7036,DEBIT,2024-02-15,2027-02-15,ACTIVE
CA00142,AC04442,CU02932,6638-9951-2046-0971,DEBIT,2023-01-21,2026-01-21,ACTIVE
CA00143,AC01259,CU03844,3012-2828-5736-2847,CREDIT,2020-11-24,2024-11-24,EXPIRED
CA00144,AC01297,CU01471,1461-2309-9097-0990,DEBIT,2020-09-26,2024-09-26,EXPIRED
CA00145,AC03779,CU02459,6119-4435-6460-2070,DEBIT,2024-12-17,2028-12-17,ACTIVE
CA00146,AC05663,CU03220,1454-9314-1164-6687,CREDIT,2024-04-09,2027-04-09,EXPIRED
CA00147,AC04071,CU00675,7539-7495-4299-6146,CREDIT,2020-01-01,2023-01-01,EXPIRED
CA00148,AC05343,CU04914,3861-2497-7589-6330,CREDIT,2021-06-01,2026-06-01,EXPIRED
CA00149,AC01056,CU04064,1175-6752-6428-7739,CREDIT,2024-10-22,2028-10-22,BLOCKED
CA00150,AC04956,CU02363,7385-5484-9491-3730,CREDIT,2024-12-08,2028-12-08,BLOCKED
CA00151,AC02363,CU00713,6407-2072-7542-9002,CREDIT,2021-04-17,2024-04-17,EXPIRED
CA00152,AC03441,CU00407,5107-7051-6819-9181,CREDIT,2022-12-01,2026-12-01,BLOCKED
CA00153,AC05568,CU01624,7585-5369-5923-2239,CREDIT,2021-01-18,2024-01-18,BLOCKED
CA00154,AC03578,CU02162,0283-9173-8895-7599,DEBIT,2020-06-17,2025-06-17,EXPIRED
CA00155,AC03536,CU04024,7263-9049-1749-1771,CREDIT,2021-08-02,2024-08-02,ACTIVE
CA00156,AC06173,CU04941,9847-2430-0552-5603,CREDIT,2025-05-05,2030-05-05,ACTIVE
CA00157,AC00728,CU03878,0223-2238-8411-1172,DEBIT,2025-02-16,2030-02-16,EXPIRED
CA00158,AC02375,CU01716,1206-3924-1880-8027,CREDIT,2022-03-23,2026-03-23,ACTIVE
CA00159,AC01662,CU02018,6541-5429-8817-9707,DEBIT,2024-11-02,2028-11-02,EXPIRED
CA00160,AC01425,CU03083,4694-3898-5906-6309,CREDIT,2024-07-20,2027-07-20,EXPIRED
CA00161,AC01254,CU04942,9531-6561-2637-5309,DEBIT,2023-10-12,2028-10-12,BLOCKED
CA00162,AC03909,CU00319,5415-5034-2787-5767,DEBIT,2022-11-17,2027-11-17,EXPIRED
CA00163,AC06543,CU02909,7709-5497-6664-2440,DEBIT,2023-04-10,2027-04-10,BLOCKED
CA00164,AC05246,CU02936,4701-4439-3359-5600,DEBIT,2021-08-03,2024-08-03,ACTIVE
CA00165,AC05457,CU00858,1471-3809-4679-8713,CREDIT,2021-07-01,2026-07-01,ACTIVE
CA00166,AC05929,CU00510,2571-9560-5788-5440,DEBIT,2024-09-07,2029-09-07,EXPIRED
CA00167,AC02410,CU02400,8361-3694-1226-3029,DEBIT,2023-10-25,2027-10-25,ACTIVE
CA00168,AC05996,CU02513,2957-4643-6584-5299,CREDIT,2023-09-11,2028-09-11,ACTIVE
CA00169,AC05558,CU01970,3914-5507-4131-7563,CREDIT,2024-08-31,2029-08-31,ACTIVE
CA00170,AC03824,CU00930,0044-8595-7222-3925,DEBIT,2024-08-06,2029-08-06,EXPIRED
CA00171,AC07065,CU00074,0047-4601-4351-2908,CREDIT,2024-01-18,2027-01-18,EXPIRED
CA00172,AC02326,CU02325,7604-0199-5484-8032,CREDIT,2022-12-05,2025-12-05,ACTIVE
CA00173,AC03327,CU04961,9004-0211-3838-0129,DEBIT,2021-05-23,2024-05-23,ACTIVE
CA00174,AC03987,CU04502,0955-0665-1325-3415,DEBIT,2022-09-09,2025-09-09,BLOCKED
CA00175,AC01484,CU01377,2554-9021-4650-1768,CREDIT,2021-08-10,2026-08-10,ACTIVE
CA00176,AC02623,CU01302,4283-6891-7537-3144,DEBIT,2020-11-01,2024-11-01,ACTIVE
CA00177,AC02490,CU00428,3704-1400-1542-9315,CREDIT,2020-03-02,2025-03-02,EXPIRED
CA00178,AC01225,CU03451,3339-4080-1660-3442,DEBIT,2024-12-05,2029-12-05,BLOCKED
CA00179,AC06454,CU02950,9628-5768-7571-7816,CREDIT,2021-08-21,2025-08-21,ACTIVE
CA00180,AC01038,CU04988,9300-8508-7065-7862,DEBIT,2025-10-09,2028-10-09,BLOCKED
CA00181,AC00780,CU03045,9215-3468-7794-4785,DEBIT,2020-10-08,2023-10-08,BLOCKED
CA00182,AC02952,CU00400,8975-2142-7156-3157,CREDIT,2021-06-19,2026-06-19,EXPIRED
CA00183,AC07880,CU01430,5520-8199-6677-0620,CREDIT,2025-09-19,2028-09-19,EXPIRED
CA00184,AC07836,CU02479,7749-2583-5847-6752,CREDIT,2023-07-31,2027-07-31,ACTIVE
CA00185,AC01701,CU00897,7391-4332-0277-4523,DEBIT,2023-01-29,2026-01-29,ACTIVE
CA00186,AC05762,CU00748,8181-2238-4053-3079,CREDIT,2022-10-06,2026-10-06,EXPIRED
CA00187,AC00442,CU03193,7113-6116-6954-8816,CREDIT,2024-05-16,2027-05-16,ACTIVE
CA00188,AC06851,CU02231,9237-6068-0874-0804,CREDIT,2020-11-08,2025-11-08,BLOCKED
CA00189,AC07651,CU04045,6643-8852-7108-8327,DEBIT,2024-10-02,2028-10-02,EXPIRED
CA00190,AC06077,CU01227,3449-1611-7686-4604,DEBIT,2023-02-20,2028-02-20,EXPIRED
CA00191,AC07177,CU02391,1443-0115-3305-4323,CREDIT,2025-09-02,2028-09-02,EXPIRED
CA00192,AC03145,CU02655,8858-6253-7168-4393,CREDIT,2023-12-02,2028-12-02,BLOCKED
CA00193,AC03460,CU02642,5153-0491-0253-5487,CREDIT,2025-02-15,2030-02-15,EXPIRED
CA00194,AC07491,CU04452,5800-2914-4080-1917,DEBIT,2022-01-04,2026-01-04,ACTIVE
CA00195,AC00539,CU00369,8567-3827-7321-9075,DEBIT,2021-02-17,2024-02-17,BLOCKED
CA00196,AC06721,CU00712,5593-7840-9835-3629,DEBIT,2022-07-08,2025-07-08,EXPIRED
CA00197,AC01602,CU03308,8210-3229-5023-7248,DEBIT,2023-07-31,2028-07-31,BLOCKED
CA00198,AC00779,CU04691,3865-7489-6053-2933,DEBIT,2020-12-22,2025-12-22,ACTIVE
CA00199,AC06045,CU00553,8850-7532-8687-5073,CREDIT,2025-11-18,2028-11-18,BLOCKED
CA00200,AC04398,CU01816,3077-0892-7482-5683,DEBIT,2023-12-06,2026-12-06,ACTIVE
CA00201,AC02274,CU01577,2985-8343-6563-4983,DEBIT,2023-10-12,2027-10-12,EXPIRED
CA00202,AC01063,CU04576,8990-4653-3926-7159,CREDIT,2020-03-06,2024-03-06,ACTIVE
CA00203,AC01757,CU03426,7985-9718-5156-1939,CREDIT,2022-01-28,2025-01-28,EXPIRED
CA00204,AC06545,CU04418,0165-6852-6023-8670,DEBIT,2024-01-29,2029-01-29,BLOCKED
CA00205,AC03037,CU00698,4715-2038-7276-2440,CREDIT,2025-12-07,2030-12-07,ACTIVE
CA00206,AC00749,CU00219,7979-3674-0132-0612,CREDIT,2025-10-09,2029-10-09,BLOCKED
CA00207,AC06121,CU02397,3491-5862-1490-7227,DEBIT,2021-04-14,2026-04-14,EXPIRED
CA00208,AC00609,CU03044,9409-6255-7791-3089,DEBIT,2022-06-15,2027-06-15,ACTIVE
CA00209,AC03622,CU02476,4606-8570-1022-1407,CREDIT,2020-04-24,2025-04-24,EXPIRED
CA00210,AC07342,CU00810,0492-8074-2799-3646,CREDIT,2024-04-18,2027-04-18,BLOCKED
CA00211,AC03928,CU04887,8771-9678-2579-1754,DEBIT,2020-06-27,2025-06-27,ACTIVE
CA00212,AC00505,CU03217,6965-9205-8614-3056,CREDIT,2025-06-24,2030-06-24,ACTIVE
CA00213,AC05703,CU02729,1144-9781-6884-6996,CREDIT,2024-03-15,2027-03-15,BLOCKED
CA00214,AC00367,CU03814,4707-8867-0664-9652,CREDIT,2020-09-25,2024-09-25,BLOCKED
CA00215,AC03288,CU04986,8007-8241-6627-8915,CREDIT,2021-04-10,2025-04-10,EXPIRED
CA00216,AC07682,CU02078,9482-8082-5245-0173,CREDIT,2022-02-26,2027-02-26,BLOCKED
CA00217,AC04853,CU02954,7381-5630-9550-1821,CREDIT,2020-05-08,2025-05-08,BLOCKED
CA00218,AC03967,CU03009,0749-7649-8932-4695,DEBIT,2022-08-30,2026-08-30,BLOCKED
CA00219,AC07189,CU02241,2767-6081-1563-1386,CREDIT,2020-06-16,2024-06-16,BLOCKED
CA00220,AC04343,CU01673,9678-0870-3885-4309,DEBIT,2022-04-12,2025-04-12,EXPIRED
CA00221,AC04370,CU02049,6123-4670-4099-2541,CREDIT,2020-02-04,2023-02-04,BLOCKED
CA00222,AC01387,CU01460,5273-3375-8243-5976,DEBIT,2020-10-17,2023-10-17,EXPIRED
CA00223,AC07258,CU04985,1444-6914-8045-0258,DEBIT,2025-11-05,2028-11-05,ACTIVE
CA00224,AC06449,CU02639,4017-7231-4334-4281,DEBIT,2024-05-06,2029-05-06,ACTIVE
CA00225,AC06409,CU03319,8782-2827-1211-0245,CREDIT,2021-08-22,2026-08-22,ACTIVE
CA00226,AC05603,CU02964,8926-1343-5504-0641,DEBIT,2024-07-25,2028-07-25,BLOCKED
CA00227,AC00229,CU00810,0214-1266-0687-4288,CREDIT,2024-05-07,2028-05-07,EXPIRED
CA00228,AC00702,CU02964,9406-7085-4765-1981,DEBIT,2023-05-08,2026-05-08,EXPIRED
CA00229,AC06221,CU03092,2014-7917-0193-4695,DEBIT,2023-02-26,2026-02-26,EXPIRED
CA00230,AC02647,CU04287,6893-4072-3888-5343,DEBIT,2021-12-13,2025-12-13,ACTIVE
CA00231,AC04122,CU04471,8706-8374-3901-2583,DEBIT,2022-04-11,2025-04-11,ACTIVE
CA00232,AC00890,CU03504,7807-6858-9584-1000,DEBIT,2020-09-04,2024-09-04,ACTIVE
CA00233,AC05784,CU04482,3913-0126-7773-6742,CREDIT,2021-05-21,2026-05-21,ACTIVE
CA00234,AC04340,CU03854,7256-9528-9378-1647,CREDIT,2025-10-31,2030-10-31,ACTIVE
CA00235,AC01034,CU04970,7546-8379-1514-9439,CREDIT,2020-06-28,2024-06-28,EXPIRED
CA00236,AC01421,CU03059,0529-5545-3089-0512,DEBIT,2020-05-27,2024-05-27,BLOCKED
CA00237,AC02225,CU01202,8936-1294-1411-3722,CREDIT,2025-06-20,2030-06-20,EXPIRED
CA00238,AC01373,CU04505,2001-6762-8497-4623,CREDIT,2023-09-30,2027-09-30,EXPIRED
CA00239,AC04562,CU01177,1862-4581-7884-4593,CREDIT,2025-04-08,2028-04-08,EXPIRED
CA00240,AC03096,CU00482,4427-3134-5081-0607,CREDIT,2021-01-29,2026-01-29,BLOCKED
CA00241,AC03907,CU04500,0484-8555-4187-7316,CREDIT,2020-06-13,2024-06-13,EXPIRED
CA00242,AC04425,CU04745,9606-1054-9932-4456,DEBIT,2022-08-25,2025-08-25,BLOCKED
CA00243,AC04303,CU00863,7164-8941-2914-7779,CREDIT,2023-01-14,2027-01-14,EXPIRED
CA00244,AC02739,CU01978,3955-9148-0475-3535,DEBIT,2025-07-28,2029-07-28,BLOCKED
CA00245,AC04651,CU00413,3863-5068-2481-6401,CREDIT,2023-05-26,2028-05-26,EXPIRED
CA00246,AC07958,CU03145,3411-6226-8305-6161,DEBIT,2022-01-21,2026-01-21,BLOCKED
CA00247,AC06512,CU03595,4622-9504-4881-9856,CREDIT,2020-05-12,2023-05-12,EXPIRED
CA00248,AC03588,CU02623,5756-3475-6814-5420,CREDIT,2024-08-16,2029-08-16,ACTIVE
CA00249,AC02800,CU01348,2226-3789-2291-5646,DEBIT,2024-05-11,2027-05-11,BLOCKED
CA00250,AC06881,CU04667,4261-5316-0252-4002,CREDIT,2021-06-05,2025-06-05,BLOCKED
CA00251,AC03062,CU01878,5643-2304-4633-6632,DEBIT,2022-01-05,2025-01-05,ACTIVE
CA00252,AC06050,CU00033,3901-4250-3575-5601,DEBIT,2022-02-20,2026-02-20,BLOCKED
CA00253,AC05828,CU01298,4888-9532-5864-2412,CREDIT,2021-11-03,2026-11-03,EXPIRED
CA00254,AC06943,CU03494,5387-9788-8372-6778,CREDIT,2025-12-24,2029-12-24,BLOCKED
CA00255,AC00591,CU04417,3875-7384-7876-3843,DEBIT,2025-12-26,2028-12-26,BLOCKED
CA00256,AC04617,CU04424,7444-7911-3183-9397,CREDIT,2024-02-04,2027-02-04,ACTIVE
CA00257,AC01462,CU03482,9113-8207-1592-6136,DEBIT,2025-02-19,2028-02-19,BLOCKED
CA00258,AC07715,CU03563,7502-8144-5841-0725,DEBIT,2024-08-27,2027-08-27,ACTIVE
CA00259,AC06765,CU02518,5643-1905-9885-2534,CREDIT,2024-07-28,2027-07-28,BLOCKED
CA00260,AC00374,CU03304,8996-0645-1986-4602,DEBIT,2023-08-23,2027-08-23,BLOCKED
CA00261,AC03082,CU03647,2545-8262-7779-8643,CREDIT,2024-11-30,2028-11-30,BLOCKED
CA00262,AC02858,CU01896,1808-4558-6106-3793,DEBIT,2024-06-13,2027-06-13,BLOCKED
CA00263,AC06092,CU04196,1819-4828-1039-8176,CREDIT,2023-12-03,2027-12-03,EXPIRED
CA00264,AC00129,CU03754,6695-2242-2645-2941,CREDIT,2023-08-25,2027-08-25,EXPIRED
CA00265,AC01852,CU03634,9728-4807-2297-3370,DEBIT,2021-04-01,2025-04-01,EXPIRED
CA00266,AC05478,CU00505,8288-8928-3112-8119,CREDIT,2022-08-26,2026-08-26,BLOCKED
CA00267,AC06403,CU02716,2570-8084-3962-3969,CREDIT,2023-09-25,2027-09-25,EXPIRED
CA00268,AC04171,CU04374,2062-5670-1973-5107,DEBIT,2024-10-03,2027-10-03,ACTIVE
CA00269,AC04808,CU03252,4612-6745-4863-1198,DEBIT,2021-12-09,2025-12-09,ACTIVE
CA00270,AC00171,CU01270,7612-3408-1009-2930,CREDIT,2021-01-01,2026-01-01,ACTIVE
CA00271,AC02382,CU02441,9496-8193-8420-6306,DEBIT,2024-11-12,2028-11-12,EXPIRED
CA00272,AC02512,CU04427,3440-2762-9742-9589,CREDIT,2022-07-15,2027-07-15,ACTIVE
CA00273,AC02910,CU00026,5397-9598-3336-1784,CREDIT,2022-09-11,2025-09-11,ACTIVE
CA00274,AC02595,CU00475,8353-7751-8028-8050,CREDIT,2022-04-06,2026-04-06,ACTIVE
CA00275,AC05153,CU00634,4132-1632-6575-6876,CREDIT,2022-11-24,2027-11-24,ACTIVE
CA00276,AC02005,CU03088,7478-2453-3336-8673,DEBIT,2025-04-29,2030-04-29,EXPIRED
CA00277,AC07496,CU02562,5566-2850-0189-0347,DEBIT,2022-01-29,2026-01-29,ACTIVE
CA00278,AC01002,CU03602,5460-6724-2715-2142,DEBIT,2025-02-07,2030-02-07,EXPIRED
CA00279,AC06601,CU04111,4179-2371-2768-7724,CREDIT,2021-12-05,2024-12-05,BLOCKED
CA00280,AC07506,CU04899,4409-7282-5722-6385,CREDIT,2025-01-23,2030-01-23,EXPIRED
CA00281,AC05866,CU00366,5628-2755-5662-6126,DEBIT,2025-07-08,2028-07-08,BLOCKED
CA00282,AC02426,CU03409,5853-8063-7381-8119,DEBIT,2022-04-07,2027-04-07,ACTIVE
CA00283,AC06395,CU03400,6379-9500-7384-3885,CREDIT,2024-02-09,2028-02-09,EXPIRED
CA00284,AC06670,CU00475,0001-7987-6159-2839,CREDIT,2025-06-05,2028-06-05,BLOCKED
CA00285,AC06629,CU02584,4106-7762-6795-1425,DEBIT,2020-01-27,2024-01-27,EXPIRED
CA00286,AC02528,CU04369,3824-6093-9449-9273,DEBIT,2020-12-12,2025-12-12,EXPIRED
CA00287,AC07211,CU00903,1864-2622-8386-5115,DEBIT,2024-11-08,2029-11-08,BLOCKED
CA00288,AC05836,CU01443,0900-4608-0151-2191,CREDIT,2023-02-10,2027-02-10,BLOCKED
CA00289,AC02498,CU02962,9462-5651-0168-2791,DEBIT,2020-09-11,2025-09-11,EXPIRED
CA00290,AC00946,CU03675,6751-2161-1507-4338,CREDIT,2025-05-02,2030-05-02,BLOCKED
CA00291,AC01815,CU00193,0571-0818-6264-2974,DEBIT,2020-09-23,2025-09-23,ACTIVE
CA00292,AC05756,CU01246,4244-9995-0732-2697,CREDIT,2024-12-22,2027-12-22,EXPIRED
CA00293,AC01212,CU01155,8527-0534-6273-1014,CREDIT,2020-03-29,2025-03-29,BLOCKED
CA00294,AC03496,CU03727,7251-7305-0614-7367,CREDIT,2022-02-08,2027-02-08,BLOCKED
CA00295,AC05163,CU01512,4457-8133-8601-3236,DEBIT,2025-06-09,2029-06-09,BLOCKED
CA00296,AC00527,CU03424,3032-0538-2277-1265,DEBIT,2024-11-22,2029-11-22,ACTIVE
CA00297,AC05987,CU00171,4418-1948-0870-2824,DEBIT,2023-03-27,2028-03-27,BLOCKED
CA00298,AC02737,CU03669,1626-4861-1661-6536,DEBIT,2020-08-16,2023-08-16,EXPIRED
CA00299,AC01258,CU03335,6546-0358-8241-4352,DEBIT,2025-06-02,2028-06-02,ACTIVE
CA00300,AC06194,CU04883,0467-0040-9027-1535,DEBIT,2023-02-20,2026-02-20,BLOCKED
CA00301,AC07114,CU02444,5876-1919-9984-1017,DEBIT,2021-08-02,2024-08-02,BLOCKED
CA00302,AC04672,CU04204,3868-0019-0357-5790,CREDIT,2023-01-09,2027-01-09,BLOCKED
CA00303,AC00252,CU03305,7985-5730-0386-1662,DEBIT,2023-02-16,2027-02-16,BLOCKED
CA00304,AC03388,CU04941,8258-1737-8619-7323,DEBIT,2022-02-24,2026-02-24,BLOCKED
CA00305,AC07994,CU04102,7530-3036-2417-0727,DEBIT,2021-06-17,2025-06-17,EXPIRED
CA00306,AC04440,CU04405,6728-4805-5144-4484,DEBIT,2024-01-01,2028-01-01,ACTIVE
CA00307,AC07320,CU03233,2948-4096-7424-1007,CREDIT,2024-05-22,2029-05-22,ACTIVE
CA00308,AC07137,CU03742,3407-8901-5179-7971,CREDIT,2022-03-18,2027-03-18,BLOCKED
CA00309,AC03964,CU03062,2397-0253-8830-4716,CREDIT,2025-07-04,2030-07-04,EXPIRED
CA00310,AC07817,CU01228,3153-8809-2892-9798,CREDIT,2022-11-30,2025-11-30,EXPIRED
CA00311,AC01562,CU03375,0638-9423-1295-9331,DEBIT,2020-04-11,2023-04-11,EXPIRED
CA00312,AC03970,CU01916,6971-1815-5376-3533,CREDIT,2023-07-14,2026-07-14,BLOCKED
CA00313,AC02357,CU01913,7430-5324-4750-5989,CREDIT,2024-12-02,2028-12-02,ACTIVE
CA00314,AC04078,CU03254,5231-5565-2399-2714,CREDIT,2020-01-30,2025-01-30,EXPIRED
CA00315,AC03969,CU00282,0156-5296-1663-6539,CREDIT,2024-04-14,2028-04-14,ACTIVE
CA00316,AC01385,CU02042,2568-6475-3249-4462,DEBIT,2022-02-05,2025-02-05,EXPIRED
CA00317,AC01796,CU01497,1196-0437-3925-1339,CREDIT,2022-07-14,2027-07-14,ACTIVE
CA00318,AC07305,CU00489,0418-8863-4843-6762,CREDIT,2021-01-02,2024-01-02,ACTIVE
CA00319,AC06767,CU03286,6272-3137-7853-7814,CREDIT,2021-04-07,2024-04-07,EXPIRED
CA00320,AC00830,CU00353,2654-9812-6249-1944,CREDIT,2021-05-02,2025-05-02,ACTIVE
CA00321,AC03680,CU02421,6402-5603-4108-9453,CREDIT,2025-07-30,2029-07-30,BLOCKED
CA00322,AC07298,CU03720,3362-5203-5690-4496,CREDIT,2021-02-17,2026-02-17,ACTIVE
CA00323,AC00759,CU02001,7328-4855-7677-1767,DEBIT,2022-03-15,2026-03-15,BLOCKED
CA00324,AC00312,CU02593,4728-0317-1888-2474,DEBIT,2022-11-26,2026-11-26,EXPIRED
CA00325,AC05636,CU00022,1749-5337-2836-2260,CREDIT,2025-08-31,2029-08-31,BLOCKED
CA00326,AC04295,CU02016,3944-1264-3828-2928,DEBIT,2023-03-05,2028-03-05,EXPIRED
CA00327,AC03796,CU01294,8974-8626-8887-6032,DEBIT,2020-08-18,2024-08-18,BLOCKED
CA00328,AC05986,CU03939,8954-7095-9228-4412,CREDIT,2023-02-08,2027-02-08,EXPIRED
CA00329,AC01147,CU02864,2389-4901-5710-6076,CREDIT,2021-03-29,2025-03-29,BLOCKED
CA00330,AC05132,CU02807,5197-9305-1250-4362,CREDIT,2022-08-01,2025-08-01,EXPIRED
CA00331,AC05932,CU01901,1540-3797-7897-7057,CREDIT,2022-04-07,2025-04-07,EXPIRED
CA00332,AC02849,CU04120,3326-3967-4467-4927,DEBIT,2020-09-30,2023-09-30,EXPIRED
CA00333,AC07989,CU01692,8349-2983-7235-0160,CREDIT,2020-03-08,2025-03-08,EXPIRED
CA00334,AC06005,CU02741,6095-0990-2265-9874,DEBIT,2020-07-06,2024-07-06,BLOCKED
CA00335,AC01591,CU00526,2318-7574-5061-8350,DEBIT,2023-10-24,2028-10-24,ACTIVE
CA00336,AC03164,CU03796,1680-8712-7798-1258,DEBIT,2020-06-26,2025-06-26,EXPIRED
CA00337,AC02867,CU00156,3207-0954-7132-2687,CREDIT,2023-02-17,2027-02-17,BLOCKED
CA00338,AC04708,CU04240,1910-7446-5834-4417,DEBIT,2021-04-23,2025-04-23,ACTIVE
CA00339,AC03125,CU04922,5574-3184-7101-4587,CREDIT,2024-11-03,2028-11-03,ACTIVE
CA00340,AC02985,CU04606,9331-7277-7488-3884,CREDIT,2025-10-17,2029-10-17,EXPIRED
CA00341,AC01052,CU00685,9379-2151-2888-6700,DEBIT,2025-06-02,2028-06-02,BLOCKED
CA00342,AC07820,CU00704,0624-4902-0995-7848,CREDIT,2023-10-18,2027-10-18,EXPIRED
CA00343,AC03394,CU00646,5359-2163-0110-1862,DEBIT,2024-08-08,2027-08-08,ACTIVE
CA00344,AC06580,CU02440,3910-0505-1596-4704,CREDIT,2022-07-22,2025-07-22,ACTIVE
CA00345,AC02114,CU00728,0795-7129-4332-6959,CREDIT,2021-12-18,2024-12-18,BLOCKED
CA00346,AC00764,CU04445,5832-8458-1993-1275,DEBIT,2025-04-04,2028-04-04,ACTIVE
CA00347,AC04017,CU00013,2009-2985-9479-5256,DEBIT,2023-02-28,2028-02-28,EXPIRED
CA00348,AC01363,CU01609,7451-1579-6713-4588,DEBIT,2022-09-07,2026-09-07,EXPIRED
CA00349,AC01097,CU00440,0256-0228-6779-7400,CREDIT,2020-09-29,2023-09-29,BLOCKED
CA00350,AC02895,CU04501,3302-8874-3029-6324,CREDIT,2024-07-12,2029-07-12,BLOCKED
CA00351,AC06702,CU02776,5918-4467-4391-8673,DEBIT,2020-11-20,2023-11-20,BLOCKED
CA00352,AC06734,CU00891,5502-4346-9954-9877,CREDIT,2024-03-21,2029-03-21,BLOCKED
CA00353,AC05708,CU03287,1514-6638-8093-2617,CREDIT,2025-07-17,2029-07-17,ACTIVE
CA00354,AC00244,CU00933,0430-0780-5912-9157,DEBIT,2021-02-05,2025-02-05,EXPIRED
CA00355,AC00747,CU03197,4181-6377-4342-8220,CREDIT,2022-11-06,2026-11-06,EXPIRED
CA00356,AC01673,CU02374,3359-9089-4329-5578,DEBIT,2022-08-20,2026-08-20,EXPIRED
CA00357,AC02314,CU04411,6856-2518-8423-7503,CREDIT,2021-03-03,2024-03-03,BLOCKED
CA00358,AC05256,CU04578,2844-9526-3694-0085,DEBIT,2020-02-02,2023-02-02,BLOCKED
CA00359,AC05372,CU01657,7052-2907-6801-5964,CREDIT,2023-12-29,2027-12-29,ACTIVE
CA00360,AC02276,CU00705,8397-9194-3022-8918,DEBIT,2023-07-23,2028-07-23,EXPIRED
CA00361,AC05733,CU02991,0167-8105-0988-5942,DEBIT,2020-09-04,2025-09-04,BLOCKED
CA00362,AC03426,CU03930,7148-7434-2434-2257,CREDIT,2021-01-31,2026-01-31,EXPIRED
CA00363,AC04286,CU01439,1247-9005-0121-1414,DEBIT,2020-12-26,2023-12-26,ACTIVE
CA00364,AC01360,CU00767,1010-4286-1502-5774,DEBIT,2022-08-31,2026-08-31,BLOCKED
CA00365,AC00055,CU01922,2815-5064-6573-5459,CREDIT,2025-02-24,2028-02-24,ACTIVE
CA00366,AC03175,CU03509,9004-4367-4154-8974,CREDIT,2025-07-16,2030-07-16,BLOCKED
CA00367,AC02099,CU02076,8677-5311-0685-4355,DEBIT,2021-05-14,2025-05-14,ACTIVE
CA00368,AC02618,CU00585,1056-9660-0757-0038,CREDIT,2021-01-16,2026-01-16,BLOCKED
CA00369,AC06297,CU00542,7613-1247-4749-3062,DEBIT,2021-11-06,2024-11-06,ACTIVE
CA00370,AC07865,CU03955,2372-3083-1072-4616,CREDIT,2023-02-10,2027-02-10,ACTIVE
CA00371,AC00581,CU02240,2605-8159-2243-9253,DEBIT,2022-03-30,2025-03-30,BLOCKED
CA00372,AC02884,CU00226,6970-8731-0541-3749,DEBIT,2024-09-27,2029-09-27,BLOCKED
CA00373,AC04522,CU04895,0274-0431-1432-0450,DEBIT,2025-12-04,2028-12-04,BLOCKED
CA00374,AC04297,CU04934,0827-2445-7286-0442,CREDIT,2025-12-22,2028-12-22,EXPIRED
CA00375,AC00241,CU03551,5197-6514-2651-8629,DEBIT,2025-09-08,2029-09-08,BLOCKED
CA00376,AC04656,CU04172,9398-2458-7158-3599,DEBIT,2022-01-27,2025-01-27,BLOCKED
CA00377,AC03866,CU04520,2213-8031-8151-9438,CREDIT,2021-08-12,2025-08-12,EXPIRED
CA00378,AC04044,CU04307,5705-9593-8517-4977,DEBIT,2025-06-07,2030-06-07,BLOCKED
CA00379,AC00888,CU02809,5085-9539-1471-5745,CREDIT,2022-09-23,2025-09-23,BLOCKED
CA00380,AC04611,CU04005,2089-3882-2341-9945,CREDIT,2023-04-22,2026-04-22,BLOCKED
CA00381,AC06613,CU01679,4419-3892-2250-7705,DEBIT,2024-08-31,2028-08-31,BLOCKED
CA00382,AC03270,CU03772,6230-8751-0765-5323,CREDIT,2022-09-28,2026-09-28,EXPIRED
CA00383,AC04892,CU01106,2970-8942-0480-7347,DEBIT,2022-06-30,2025-06-30,EXPIRED
CA00384,AC03594,CU01310,9545-6125-0778-5017,DEBIT,2020-06-12,2025-06-12,ACTIVE
CA00385,AC01629,CU01552,3640-1397-3782-7075,DEBIT,2023-10-23,2027-10-23,EXPIRED
CA00386,AC03652,CU00761,6040-2607-8091-0869,DEBIT,2020-01-05,2023-01-05,EXPIRED
CA00387,AC06422,CU01871,6321-1087-2618-2777,DEBIT,2024-09-19,2029-09-19,ACTIVE
CA00388,AC04940,CU03270,7014-7431-7116-5305,CREDIT,2023-09-14,2026-09-14,ACTIVE
CA00389,AC00151,CU01852,9615-2682-2086-7329,DEBIT,2023-04-25,2027-04-25,BLOCKED
CA00390,AC06574,CU04217,7023-7194-9831-8293,DEBIT,2024-07-27,2028-07-27,EXPIRED
CA00391,AC00487,CU03759,0368-6102-1616-2047,DEBIT,2020-07-07,2025-07-07,ACTIVE
CA00392,AC03324,CU04224,4422-3996-2128-8806,CREDIT,2022-11-06,2025-11-06,EXPIRED
CA00393,AC06900,CU01521,5594-2865-4352-1137,CREDIT,2022-06-22,2027-06-22,BLOCKED
CA00394,AC07520,CU03098,2841-6684-2004-9782,DEBIT,2025-08-07,2028-08-07,ACTIVE
CA00395,AC02421,CU02617,6187-1200-7813-0590,DEBIT,2023-06-28,2026-06-28,ACTIVE
CA00396,AC05333,CU00599,5241-3233-7775-5944,CREDIT,2020-10-18,2024-10-18,EXPIRED
CA00397,AC05512,CU02971,4944-1427-1499-3488,CREDIT,2020-02-21,2023-02-21,ACTIVE
CA00398,AC05800,CU03910,8508-2341-0135-7987,CREDIT,2024-08-04,2027-08-04,EXPIRED
CA00399,AC06036,CU00057,0984-7645-1343-9433,CREDIT,2021-08-15,2026-08-15,ACTIVE
CA00400,AC02947,CU01526,1196-3858-5560-4317,CREDIT,2024-12-27,2028-12-27,ACTIVE
CA00401,AC07183,CU02317,8453-7279-3767-8389,CREDIT,2020-03-24,2023-03-24,EXPIRED
CA00402,AC01403,CU04977,9576-5099-8003-8807,CREDIT,2021-05-26,2026-05-26,EXPIRED
CA00403,AC01125,CU03946,3557-9150-4675-6831,CREDIT,2022-12-31,2025-12-31,ACTIVE
CA00404,AC07285,CU02459,1583-1689-3520-1219,DEBIT,2024-07-10,2029-07-10,ACTIVE
CA00405,AC01951,CU04479,5386-6814-3045-2426,DEBIT,2020-01-08,2025-01-08,ACTIVE
CA00406,AC03827,CU01792,9417-1286-4091-7325,DEBIT,2020-06-07,2025-06-07,ACTIVE
CA00407,AC05519,CU02628,0979-6954-8165-3555,DEBIT,2020-05-26,2023-05-26,EXPIRED
CA00408,AC01890,CU04909,7988-2744-2709-8748,DEBIT,2023-01-23,2027-01-23,BLOCKED
CA00409,AC00301,CU04883,4455-4722-6941-8275,CREDIT,2025-12-06,2030-12-06,BLOCKED
CA00410,AC04280,CU03520,0365-4917-2530-2769,DEBIT,2022-06-08,2027-06-08,ACTIVE
CA00411,AC01196,CU04244,4723-5405-2224-9336,CREDIT,2020-08-09,2023-08-09,ACTIVE
CA00412,AC00592,CU02749,6319-3812-1921-5633,CREDIT,2020-10-09,2024-10-09,EXPIRED
CA00413,AC01368,CU00024,1671-1978-3663-4664,DEBIT,2022-10-20,2026-10-20,ACTIVE
CA00414,AC04847,CU01043,0405-7572-5250-7869,DEBIT,2025-01-24,2029-01-24,BLOCKED
CA00415,AC01116,CU01397,6868-4973-0087-9624,CREDIT,2023-02-04,2026-02-04,ACTIVE
CA00416,AC01427,CU01494,3255-7168-8992-3442,DEBIT,2022-06-25,2026-06-25,ACTIVE
CA00417,AC03178,CU02392,5293-9918-8033-1086,CREDIT,2021-03-22,2025-03-22,EXPIRED
CA00418,AC03826,CU01737,1048-4293-3637-1381,CREDIT,2025-01-29,2028-01-29,BLOCKED
CA00419,AC04381,CU04459,0872-6817-6345-6245,CREDIT,2024-04-15,2029-04-15,EXPIRED
CA00420,AC03150,CU03670,4038-0222-5425-3268,DEBIT,2025-01-14,2028-01-14,BLOCKED
CA00421,AC02169,CU00478,7877-9754-9504-8117,CREDIT,2022-06-04,2027-06-04,EXPIRED
CA00422,AC03545,CU01363,0187-2732-4020-2352,DEBIT,2025-06-26,2028-06-26,EXPIRED
CA00423,AC01209,CU03542,5093-3142-2305-3114,DEBIT,2020-08-10,2025-08-10,BLOCKED
CA00424,AC00899,CU02009,6725-7272-4250-8858,DEBIT,2025-01-31,2030-01-31,EXPIRED
CA00425,AC05468,CU01406,5237-7371-4278-4479,DEBIT,2023-08-05,2026-08-05,BLOCKED
CA00426,AC06923,CU03166,8735-8479-2045-7681,DEBIT,2023-10-07,2028-10-07,BLOCKED
CA00427,AC06819,CU02637,2123-9049-8894-3446,DEBIT,2025-10-21,2030-10-21,ACTIVE
CA00428,AC06081,CU00129,0714-0847-6909-4191,CREDIT,2024-07-12,2027-07-12,EXPIRED
CA00429,AC05339,CU00299,8817-0653-9364-4918,DEBIT,2021-09-24,2026-09-24,EXPIRED
CA00430,AC07052,CU04814,6410-1563-2023-2193,CREDIT,2020-08-07,2023-08-07,EXPIRED
CA00431,AC02244,CU00133,3867-1752-0579-9627,DEBIT,2021-06-13,2024-06-13,BLOCKED
CA00432,AC05238,CU01527,7006-3567-7733-0579,DEBIT,2022-05-17,2025-05-17,ACTIVE
CA00433,AC05719,CU03446,8637-3952-8308-4797,CREDIT,2022-12-28,2025-12-28,BLOCKED
CA00434,AC02501,CU00683,1052-0897-1886-3416,DEBIT,2021-11-09,2025-11-09,EXPIRED
CA00435,AC06717,CU04127,5486-4406-8483-2157,DEBIT,2024-02-26,2029-02-26,EXPIRED
CA00436,AC02394,CU00335,4446-8873-8312-0381,CREDIT,2022-07-18,2025-07-18,BLOCKED
CA00437,AC01457,CU03950,9889-2226-9777-7776,CREDIT,2024-07-11,2027-07-11,EXPIRED
CA00438,AC02013,CU04487,6320-9954-2051-9022,DEBIT,2023-06-02,2027-06-02,BLOCKED
CA00439,AC01266,CU01877,4186-1202-9023-0642,DEBIT,2025-10-11,2030-10-11,BLOCKED
CA00440,AC02819,CU04836,9807-8306-8651-7335,CREDIT,2020-07-27,2024-07-27,BLOCKED
CA00441,AC06570,CU03848,4559-4422-0866-6747,CREDIT,2023-10-15,2028-10-15,EXPIRED
CA00442,AC01357,CU00893,9582-5123-5119-1895,DEBIT,2025-02-26,2029-02-26,BLOCKED
CA00443,AC05792,CU02982,5992-9230-0615-7043,CREDIT,2022-07-14,2027-07-14,BLOCKED
CA00444,AC03733,CU01154,0043-5268-6401-9723,CREDIT,2023-01-14,2026-01-14,BLOCKED
CA00445,AC06023,CU03570,1122-4090-4667-9309,CREDIT,2021-12-20,2026-12-20,ACTIVE
CA00446,AC03863,CU02838,2887-3263-9677-0617,DEBIT,2023-04-24,2027-04-24,EXPIRED
CA00447,AC06132,CU01548,0413-8097-4655-2918,CREDIT,2020-06-18,2023-06-18,ACTIVE
CA00448,AC02579,CU01269,6649-1969-5100-0427,CREDIT,2021-08-20,2026-08-20,BLOCKED
CA00449,AC06028,CU00334,7772-1253-5674-3813,CREDIT,2023-09-30,2027-09-30,EXPIRED
CA00450,AC07783,CU02583,2806-1463-0025-9975,DEBIT,2023-03-20,2028-03-20,ACTIVE
CA00451,AC03326,CU04150,1559-2168-3444-0339,DEBIT,2020-09-07,2025-09-07,ACTIVE
CA00452,AC07760,CU02600,6556-9843-2940-4869,CREDIT,2021-05-12,2026-05-12,ACTIVE
CA00453,AC05422,CU00647,9208-2529-3910-4993,DEBIT,2024-07-28,2028-07-28,ACTIVE
CA00454,AC05812,CU01571,1514-6434-2440-1560,CREDIT,2024-02-23,2029-02-23,BLOCKED
CA00455,AC01536,CU04433,8302-2609-5657-5295,DEBIT,2023-12-11,2028-12-11,EXPIRED
CA00456,AC07847,CU00489,5340-6137-1596-7625,DEBIT,2022-03-08,2026-03-08,BLOCKED
CA00457,AC06791,CU01804,0645-2032-8835-4835,CREDIT,2024-07-10,2028-07-10,ACTIVE
CA00458,AC05403,CU00204,1990-7792-6606-3624,DEBIT,2025-03-21,2028-03-21,ACTIVE
CA00459,AC02412,CU01672,8058-6077-6336-8450,DEBIT,2021-07-22,2025-07-22,ACTIVE
CA00460,AC07845,CU02519,5419-9134-6739-0331,DEBIT,2022-01-07,2026-01-07,EXPIRED
CA00461,AC00334,CU01536,1039-6728-6962-4991,CREDIT,2021-03-05,2024-03-05,EXPIRED
CA00462,AC02835,CU00025,1615-1779-3000-8051,DEBIT,2025-04-10,2028-04-10,ACTIVE
CA00463,AC00282,CU02916,6509-2252-9723-4045,CREDIT,2023-02-27,2027-02-27,BLOCKED
CA00464,AC04681,CU00611,7365-0192-0743-3042,CREDIT,2020-10-08,2025-10-08,ACTIVE
CA00465,AC03477,CU02810,1136-3485-2735-6238,CREDIT,2025-03-13,2028-03-13,BLOCKED
CA00466,AC00552,CU00549,6570-1173-6097-1179,CREDIT,2021-09-08,2024-09-08,BLOCKED
CA00467,AC01099,CU03127,9778-3760-4320-0963,DEBIT,2023-02-11,2027-02-11,BLOCKED
CA00468,AC03386,CU00610,3921-9490-6277-9053,DEBIT,2023-03-02,2027-03-02,ACTIVE
CA00469,AC00763,CU03529,1766-1669-7975-5271,CREDIT,2024-06-30,2027-06-30,ACTIVE
CA00470,AC07828,CU04441,9121-9961-2419-0215,DEBIT,2023-12-22,2026-12-22,BLOCKED
CA00471,AC05008,CU00826,0312-0983-5170-0667,DEBIT,2025-08-06,2028-08-06,BLOCKED
CA00472,AC06372,CU01486,9522-2053-5381-9606,CREDIT,2023-06-03,2026-06-03,ACTIVE
CA00473,AC01700,CU04958,8462-9769-0580-3822,CREDIT,2025-11-03,2029-11-03,BLOCKED
CA00474,AC02644,CU01492,2655-7024-3934-5461,DEBIT,2021-06-24,2025-06-24,EXPIRED
CA00475,AC04153,CU01525,7039-2985-9676-7387,CREDIT,2024-12-30,2028-12-30,BLOCKED
CA00476,AC03554,CU01001,2503-7486-3705-9691,CREDIT,2024-10-08,2027-10-08,EXPIRED
CA00477,AC07113,CU04382,8888-4056-8001-1223,DEBIT,2024-08-18,2028-08-18,BLOCKED
CA00478,AC06251,CU02012,0490-3239-8032-0288,DEBIT,2025-02-25,2028-02-25,ACTIVE
CA00479,AC03066,CU04754,5135-3288-7873-5072,CREDIT,2023-09-15,2027-09-15,ACTIVE
CA00480,AC05728,CU01237,7642-2116-7585-5610,DEBIT,2025-07-06,2029-07-06,EXPIRED
CA00481,AC05052,CU01339,7676-1686-9757-4777,DEBIT,2025-03-31,2028-03-31,EXPIRED
CA00482,AC05231,CU04623,6531-0254-6252-5257,CREDIT,2023-11-02,2028-11-02,BLOCKED
CA00483,AC00434,CU04296,9751-8451-7947-3451,CREDIT,2020-05-18,2023-05-18,EXPIRED
CA00484,AC07747,CU02832,9378-8447-8929-9468,CREDIT,2021-01-17,2024-01-17,BLOCKED
CA00485,AC02422,CU04940,6513-6157-9857-0094,DEBIT,2023-06-12,2026-06-12,EXPIRED
CA00486,AC02288,CU01481,4977-3765-1181-0941,CREDIT,2022-07-03,2025-07-03,BLOCKED
CA00487,AC05571,CU00277,8689-2466-6573-3265,CREDIT,2020-03-31,2025-03-31,EXPIRED
CA00488,AC04015,CU03873,9493-7205-3142-9622,DEBIT,2024-03-24,2027-03-24,EXPIRED
CA00489,AC02894,CU01506,3266-5009-8854-1383,DEBIT,2025-07-09,2028-07-09,BLOCKED
CA00490,AC05998,CU02012,4333-7167-9127-0469,CREDIT,2023-12-25,2028-12-25,EXPIRED
CA00491,AC03466,CU00212,6256-0928-3254-4289,CREDIT,2020-09-10,2023-09-10,EXPIRED
CA00492,AC07276,CU04640,5240-6077-1531-0798,DEBIT,2023-01-06,2027-01-06,ACTIVE
CA00493,AC02515,CU00647,8229-9411-7653-1892,CREDIT,2024-12-07,2027-12-07,BLOCKED
CA00494,AC01981,CU01487,3886-2030-9757-3836,CREDIT,2025-10-21,2029-10-21,EXPIRED
CA00495,AC06054,CU02645,5840-9755-1251-3376,DEBIT,2020-11-02,2025-11-02,ACTIVE
CA00496,AC01145,CU00545,0752-4371-7499-3151,DEBIT,2020-01-07,2025-01-07,BLOCKED
CA00497,AC07151,CU01235,5119-0939-3807-2163,CREDIT,2024-06-21,2028-06-21,EXPIRED
CA00498,AC05085,CU03181,6500-4886-0570-5371,DEBIT,2022-12-16,2026-12-16,EXPIRED
CA00499,AC02107,CU02323,5893-8569-0970-1729,DEBIT,2025-02-15,2028-02-15,EXPIRED
CA00500,AC01690,CU01004,9009-3557-6918-0657,DEBIT,2024-02-18,2028-02-18,ACTIVE
CA00501,AC01937,CU03311,0802-3229-1168-1623,DEBIT,2024-03-07,2028-03-07,EXPIRED
CA00502,AC07642,CU02534,7479-5201-3347-4367,CREDIT,2023-02-27,2027-02-27,ACTIVE
CA00503,AC00939,CU00461,1922-3827-5752-4736,CREDIT,2020-06-25,2023-06-25,EXPIRED
CA00504,AC06413,CU00688,1993-0479-8485-6060,DEBIT,2021-04-12,2025-04-12,BLOCKED
CA00505,AC03118,CU04580,0381-8591-5502-2480,DEBIT,2021-06-08,2026-06-08,BLOCKED
CA00506,AC05258,CU01415,9426-5681-3872-5793,CREDIT,2022-06-20,2025-06-20,EXPIRED
CA00507,AC04998,CU03149,2818-8375-8346-5104,CREDIT,2022-03-16,2027-03-16,ACTIVE
CA00508,AC04373,CU00129,2992-5036-7642-9781,CREDIT,2020-01-08,2024-01-08,EXPIRED
CA00509,AC04460,CU04283,0817-0395-4572-6944,DEBIT,2025-06-06,2029-06-06,EXPIRED
CA00510,AC03262,CU02884,5704-4461-7613-9288,CREDIT,2022-12-02,2026-12-02,ACTIVE
CA00511,AC06397,CU00052,1661-7500-6446-4828,CREDIT,2025-03-03,2029-03-03,BLOCKED
CA00512,AC02809,CU01793,4439-9294-5781-1763,DEBIT,2022-01-28,2025-01-28,ACTIVE
CA00513,AC05751,CU03938,8606-0321-2494-0637,DEBIT,2024-03-02,2029-03-02,EXPIRED
CA00514,AC07081,CU03895,0802-0971-0786-5501,CREDIT,2021-04-10,2025-04-10,BLOCKED
CA00515,AC00902,CU00488,6581-0991-2858-3994,DEBIT,2023-11-10,2028-11-10,EXPIRED
CA00516,AC07396,CU03629,0393-7977-9970-0588,CREDIT,2023-04-10,2028-04-10,EXPIRED
CA00517,AC07665,CU04652,3820-7380-9689-9438,CREDIT,2024-05-17,2027-05-17,EXPIRED
CA00518,AC07204,CU03106,8702-1203-6125-4325,CREDIT,2024-08-23,2027-08-23,ACTIVE
CA00519,AC07093,CU04787,0732-5547-1007-1399,DEBIT,2020-12-28,2025-12-28,EXPIRED
CA00520,AC06693,CU03495,2849-6332-5333-5438,DEBIT,2022-07-21,2027-07-21,EXPIRED
CA00521,AC07621,CU02587,0530-1476-3232-6229,CREDIT,2020-11-19,2024-11-19,EXPIRED
CA00522,AC06861,CU03219,6044-2069-8836-6122,DEBIT,2022-05-08,2025-05-08,BLOCKED
CA00523,AC02305,CU00645,5272-1754-8115-0250,DEBIT,2023-04-06,2027-04-06,BLOCKED
CA00524,AC04967,CU02198,3666-4434-3328-1329,DEBIT,2020-07-26,2025-07-26,EXPIRED
CA00525,AC00561,CU03912,2827-3836-4789-0159,DEBIT,2025-04-29,2030-04-29,BLOCKED
CA00526,AC00209,CU02409,8671-1149-1669-2872,DEBIT,2021-11-13,2024-11-13,EXPIRED
CA00527,AC03227,CU02203,5786-4106-4510-9271,CREDIT,2025-06-08,2030-06-08,EXPIRED
CA00528,AC02488,CU00754,8826-4695-3243-4301,CREDIT,2025-12-30,2029-12-30,ACTIVE
CA00529,AC07803,CU02715,2644-2620-5069-9600,CREDIT,2022-04-10,2027-04-10,BLOCKED
CA00530,AC07956,CU01498,8339-6547-6992-4483,DEBIT,2024-11-07,2028-11-07,BLOCKED
CA00531,AC01938,CU01986,3021-6494-5698-5030,DEBIT,2022-05-11,2026-05-11,EXPIRED
CA00532,AC01185,CU00492,8343-4135-1686-3972,DEBIT,2021-10-24,2026-10-24,ACTIVE
CA00533,AC06009,CU04825,9176-7913-7999-8620,CREDIT,2025-08-29,2030-08-29,BLOCKED
CA00534,AC07762,CU01657,8368-7984-1887-4035,CREDIT,2023-07-25,2026-07-25,BLOCKED
CA00535,AC06994,CU04472,3265-3875-7805-9193,CREDIT,2024-04-30,2028-04-30,BLOCKED
CA00536,AC02542,CU01720,1840-7419-6117-5419,DEBIT,2025-04-05,2028-04-05,ACTIVE
CA00537,AC05644,CU00502,8961-8601-2452-7706,DEBIT,2021-12-06,2024-12-06,EXPIRED
CA00538,AC02824,CU02762,4891-9797-8825-3491,DEBIT,2025-08-10,2029-08-10,EXPIRED
CA00539,AC07580,CU01692,2608-4286-3101-5467,DEBIT,2020-08-20,2023-08-20,ACTIVE
CA00540,AC05541,CU03988,6317-2659-9960-9680,DEBIT,2023-02-19,2026-02-19,ACTIVE
CA00541,AC04033,CU00532,8828-8698-8689-3407,DEBIT,2024-08-25,2029-08-25,BLOCKED
CA00542,AC07523,CU02838,2541-7912-2647-8624,DEBIT,2025-09-06,2028-09-06,BLOCKED
CA00543,AC06075,CU02545,1980-6279-4020-9785,DEBIT,2024-05-31,2027-05-31,BLOCKED
CA00544,AC04500,CU02537,9825-5793-5334-9080,DEBIT,2024-02-28,2029-02-28,EXPIRED
CA00545,AC00098,CU01449,2406-5739-5382-0368,DEBIT,2021-12-17,2025-12-17,BLOCKED
CA00546,AC06182,CU03881,1571-7674-8877-7765,CREDIT,2025-02-24,2030-02-24,BLOCKED
CA00547,AC01720,CU02518,5090-0900-6954-5915,DEBIT,2024-07-18,2029-07-18,EXPIRED
CA00548,AC05500,CU02047,8356-7724-1266-8336,CREDIT,2025-02-14,2029-02-14,EXPIRED
CA00549,AC06864,CU04548,6262-7391-9737-4737,DEBIT,2024-03-14,2027-03-14,EXPIRED
CA00550,AC02003,CU04920,2072-2555-4747-6134,DEBIT,2020-07-23,2025-07-23,EXPIRED
CA00551,AC07993,CU04186,1135-6647-5145-7935,CREDIT,2022-11-20,2027-11-20,EXPIRED
CA00552,AC02425,CU00840,2799-2096-0904-4376,CREDIT,2021-05-11,2026-05-11,ACTIVE
CA00553,AC03250,CU00062,9801-1782-5093-1414,CREDIT,2022-04-17,2025-04-17,BLOCKED
CA00554,AC02439,CU00058,8872-3295-2864-8908,DEBIT,2020-09-26,2023-09-26,BLOCKED
CA00555,AC05088,CU02042,0464-7934-1499-1791,DEBIT,2023-05-29,2027-05-29,ACTIVE
CA00556,AC05216,CU01120,4382-5425-2811-6983,DEBIT,2022-07-26,2027-07-26,EXPIRED
CA00557,AC05118,CU01736,4999-8685-2954-2215,CREDIT,2024-11-24,2029-11-24,BLOCKED
CA00558,AC06204,CU00268,5493-1920-4664-6538,DEBIT,2022-05-21,2026-05-21,EXPIRED
CA00559,AC05223,CU02836,0160-7753-4412-4446,DEBIT,2024-07-05,2028-07-05,EXPIRED
CA00560,AC01389,CU03116,9006-5638-6121-6423,CREDIT,2025-07-21,2029-07-21,ACTIVE
CA00561,AC02278,CU04593,2202-5137-0695-2153,CREDIT,2024-07-11,2027-07-11,EXPIRED
CA00562,AC07220,CU02166,4071-5239-2104-8383,CREDIT,2023-03-09,2027-03-09,BLOCKED
CA00563,AC01014,CU04559,9272-2592-5227-9849,DEBIT,2021-04-18,2024-04-18,EXPIRED
CA00564,AC01304,CU00127,7291-7617-9125-5969,DEBIT,2025-01-26,2029-01-26,BLOCKED
CA00565,AC07588,CU02155,0417-5440-1187-4895,DEBIT,2022-08-15,2027-08-15,ACTIVE
CA00566,AC04945,CU02136,7335-5925-8472-3298,DEBIT,2025-05-22,2028-05-22,BLOCKED
CA00567,AC06067,CU03940,1441-9567-2000-0475,DEBIT,2024-11-09,2029-11-09,BLOCKED
CA00568,AC06883,CU03883,7029-1576-9778-1745,DEBIT,2021-11-28,2025-11-28,BLOCKED
CA00569,AC02334,CU00604,4803-4508-1192-3176,CREDIT,2024-08-30,2028-08-30,EXPIRED
CA00570,AC06612,CU04434,7396-3839-3406-6496,CREDIT,2023-03-05,2027-03-05,ACTIVE
CA00571,AC04133,CU03990,7163-5376-8678-3386,CREDIT,2022-08-15,2025-08-15,ACTIVE
CA00572,AC05203,CU03114,1989-2511-9452-6429,DEBIT,2024-02-29,2027-02-28,EXPIRED
CA00573,AC00220,CU01389,8814-8480-9556-6186,CREDIT,2025-01-12,2030-01-12,ACTIVE
CA00574,AC06891,CU00736,5642-3836-5062-9884,DEBIT,2023-05-12,2027-05-12,BLOCKED
CA00575,AC04148,CU04540,0122-9082-9919-1595,DEBIT,2022-09-19,2025-09-19,BLOCKED
CA00576,AC01115,CU00111,2548-3819-0739-1981,CREDIT,2022-03-27,2027-03-27,EXPIRED
CA00577,AC03487,CU03385,0368-9357-1046-0301,DEBIT,2025-07-23,2028-07-23,BLOCKED
CA00578,AC05089,CU04285,7450-7894-7464-8719,DEBIT,2023-07-04,2026-07-04,EXPIRED
CA00579,AC02808,CU04728,6907-9421-0070-6081,DEBIT,2023-04-24,2028-04-24,BLOCKED
CA00580,AC00204,CU04724,0143-8393-7476-0667,DEBIT,2025-07-14,2030-07-14,EXPIRED
CA00581,AC06284,CU03222,3479-4596-6385-2906,DEBIT,2020-04-28,2023-04-28,ACTIVE
CA00582,AC01151,CU01761,0666-4740-7565-2549,CREDIT,2025-01-05,2029-01-05,BLOCKED
CA00583,AC00525,CU00188,9928-2151-9641-2589,DEBIT,2022-12-25,2027-12-25,ACTIVE
CA00584,AC07992,CU02699,2200-8074-0361-6202,CREDIT,2024-07-28,2027-07-28,ACTIVE
CA00585,AC06997,CU04855,9982-8704-2700-0684,CREDIT,2025-02-19,2028-02-19,EXPIRED
CA00586,AC04654,CU04954,2013-9310-8690-9706,DEBIT,2024-07-04,2027-07-04,BLOCKED
CA00587,AC05765,CU02474,5722-7106-8619-4096,DEBIT,2024-09-29,2029-09-29,ACTIVE
CA00588,AC04231,CU02273,1857-2605-7036-0203,DEBIT,2024-09-26,2027-09-26,BLOCKED
CA00589,AC00806,CU02715,0527-3186-4359-6514,DEBIT,2024-09-22,2027-09-22,BLOCKED
CA00590,AC04417,CU01569,4263-0159-1603-9483,CREDIT,2020-02-19,2023-02-19,BLOCKED
CA00591,AC06593,CU01580,7016-9193-9929-4608,CREDIT,2021-06-08,2026-06-08,EXPIRED
CA00592,AC03155,CU03668,5167-3185-1081-6082,CREDIT,2021-10-29,2025-10-29,EXPIRED
CA00593,AC06676,CU02340,2896-6078-5850-8148,DEBIT,2022-11-14,2025-11-14,EXPIRED
CA00594,AC05293,CU02362,4262-6105-6495-9695,CREDIT,2025-07-18,2029-07-18,EXPIRED
CA00595,AC02948,CU03787,3821-9865-7929-9384,CREDIT,2023-10-16,2027-10-16,EXPIRED
CA00596,AC05938,CU04877,4680-0225-9641-8477,CREDIT,2020-01-25,2023-01-25,EXPIRED
CA00597,AC06804,CU04081,8063-6569-0641-8992,CREDIT,2025-05-13,2028-05-13,BLOCKED
CA00598,AC03268,CU03194,0599-7106-6035-1343,CREDIT,2023-11-03,2028-11-03,ACTIVE
CA00599,AC07446,CU02801,1526-6729-4759-7155,CREDIT,2023-12-09,2026-12-09,EXPIRED
CA00600,AC06638,CU03581,0457-2053-7020-2509,CREDIT,2024-12-13,2028-12-13,BLOCKED
CA00601,AC07450,CU04828,0820-2784-8142-4767,CREDIT,2025-08-30,2029-08-30,EXPIRED
CA00602,AC03531,CU04220,9351-1705-7110-9556,CREDIT,2023-03-25,2028-03-25,EXPIRED
CA00603,AC02516,CU04033,0747-6263-2948-7215,CREDIT,2023-11-02,2028-11-02,BLOCKED
CA00604,AC07830,CU04152,2923-2923-0716-0119,CREDIT,2024-04-08,2029-04-08,ACTIVE
CA00605,AC00144,CU01681,3892-5594-9270-6999,CREDIT,2023-05-01,2028-05-01,ACTIVE
CA00606,AC04730,CU03087,9515-7388-5928-5560,CREDIT,2023-09-29,2028-09-29,ACTIVE
CA00607,AC07136,CU02501,0542-5042-2463-9625,CREDIT,2025-06-15,2029-06-15,EXPIRED
CA00608,AC07883,CU03074,4017-4013-7407-2434,CREDIT,2023-10-16,2027-10-16,ACTIVE
CA00609,AC06749,CU00892,7544-0097-0633-1525,CREDIT,2023-11-04,2027-11-04,ACTIVE
CA00610,AC04042,CU03273,0385-2177-9926-6810,DEBIT,2021-09-25,2026-09-25,EXPIRED
CA00611,AC01251,CU03331,0703-2398-0653-2412,CREDIT,2024-09-09,2027-09-09,BLOCKED
CA00612,AC07419,CU04505,4677-6155-1197-4947,DEBIT,2023-07-16,2027-07-16,BLOCKED
CA00613,AC01639,CU00538,0015-3890-1808-3292,DEBIT,2024-03-01,2028-03-01,BLOCKED
CA00614,AC03776,CU02912,9499-3741-5748-5417,CREDIT,2020-04-14,2024-04-14,BLOCKED
CA00615,AC03214,CU01798,8365-8832-5914-2553,DEBIT,2022-04-15,2025-04-15,EXPIRED
CA00616,AC03346,CU00557,4167-8425-5429-1514,DEBIT,2020-11-11,2025-11-11,BLOCKED
CA00617,AC07702,CU03251,2875-0470-5132-7759,DEBIT,2023-11-07,2027-11-07,ACTIVE
CA00618,AC01049,CU02968,0298-0262-4812-2613,DEBIT,2025-06-27,2030-06-27,BLOCKED
CA00619,AC02939,CU02723,3650-6571-2252-8183,CREDIT,2021-03-05,2026-03-05,BLOCKED
CA00620,AC05355,CU00514,1662-5918-3055-0285,DEBIT,2020-09-11,2025-09-11,EXPIRED
CA00621,AC07613,CU03539,3738-4595-1231-2635,DEBIT,2022-07-22,2025-07-22,BLOCKED
CA00622,AC07961,CU04476,5294-7525-9735-4155,CREDIT,2023-07-26,2026-07-26,BLOCKED
CA00623,AC00180,CU01919,9441-3808-5884-1211,CREDIT,2025-10-25,2029-10-25,ACTIVE
CA00624,AC02093,CU00579,4724-2330-2450-5018,CREDIT,2020-11-24,2024-11-24,ACTIVE
CA00625,AC01840,CU00866,0034-4390-1688-2633,DEBIT,2025-10-19,2028-10-19,BLOCKED
CA00626,AC04391,CU04361,6334-4405-9862-6134,DEBIT,2024-09-29,2029-09-29,ACTIVE
CA00627,AC07786,CU01517,5529-1057-5114-7083,CREDIT,2024-07-07,2027-07-07,EXPIRED
CA00628,AC01031,CU04291,6378-8416-2619-4848,CREDIT,2023-09-17,2028-09-17,EXPIRED
CA00629,AC01746,CU00245,5945-0727-8627-1340,DEBIT,2023-01-07,2027-01-07,EXPIRED
CA00630,AC07344,CU03087,8419-9039-1207-9240,CREDIT,2022-11-14,2027-11-14,BLOCKED
CA00631,AC05057,CU04070,4907-5176-1645-8900,CREDIT,2022-09-16,2025-09-16,EXPIRED
CA00632,AC07480,CU00857,7413-6584-1035-6041,DEBIT,2020-05-08,2025-05-08,EXPIRED
CA00633,AC03019,CU04549,5738-4183-4023-6483,CREDIT,2020-01-18,2025-01-18,BLOCKED
CA00634,AC00118,CU04552,0384-8078-8807-1686,CREDIT,2022-08-18,2025-08-18,ACTIVE
CA00635,AC05891,CU03430,1177-2719-1283-6639,DEBIT,2021-04-06,2025-04-06,ACTIVE
CA00636,AC05717,CU03741,7231-0537-9406-0494,CREDIT,2024-09-22,2027-09-22,EXPIRED
CA00637,AC05397,CU03500,4015-5394-0213-2914,DEBIT,2025-11-13,2028-11-13,EXPIRED
CA00638,AC04034,CU03939,5746-9110-4513-4420,DEBIT,2024-07-02,2027-07-02,ACTIVE
CA00639,AC04554,CU01295,5172-2922-7420-9699,DEBIT,2025-12-08,2029-12-08,BLOCKED
CA00640,AC02220,CU04481,3397-2127-4818-4263,CREDIT,2022-10-19,2027-10-19,ACTIVE
CA00641,AC06746,CU00840,6219-2510-5183-1366,CREDIT,2023-02-07,2027-02-07,EXPIRED
CA00642,AC05510,CU01952,1771-6031-9634-5908,DEBIT,2025-02-10,2028-02-10,ACTIVE
CA00643,AC05707,CU04141,8112-2980-0366-5066,CREDIT,2025-04-05,2030-04-05,BLOCKED
CA00644,AC05935,CU01707,4932-5466-7257-6434,DEBIT,2023-12-17,2027-12-17,BLOCKED
CA00645,AC01969,CU03039,3969-4472-7176-3101,DEBIT,2025-06-09,2030-06-09,EXPIRED
CA00646,AC06963,CU02596,1887-0060-5245-6901,CREDIT,2025-07-08,2028-07-08,BLOCKED
CA00647,AC03241,CU02028,4378-1446-9320-4140,DEBIT,2020-05-27,2023-05-27,EXPIRED
CA00648,AC02935,CU04082,6020-5969-3402-8897,DEBIT,2021-09-27,2026-09-27,EXPIRED
CA00649,AC00606,CU04731,1134-3773-3732-7371,DEBIT,2024-10-10,2028-10-10,ACTIVE
CA00650,AC03200,CU00992,2190-8199-9214-0832,DEBIT,2025-01-11,2029-01-11,ACTIVE
CA00651,AC04570,CU01458,3304-0007-0271-5734,CREDIT,2021-03-21,2024-03-21,ACTIVE
CA00652,AC07201,CU02075,9673-2779-8740-8129,CREDIT,2024-01-05,2028-01-05,BLOCKED
CA00653,AC03780,CU04903,1971-2294-7477-8777,CREDIT,2022-11-16,2027-11-16,EXPIRED
CA00654,AC06788,CU00076,6429-0121-2585-0450,CREDIT,2022-11-19,2026-11-19,ACTIVE
CA00655,AC07553,CU00874,4054-3139-1336-0266,CREDIT,2025-11-02,2030-11-02,BLOCKED
CA00656,AC05042,CU03859,6351-5621-1074-8113,DEBIT,2025-06-30,2030-06-30,BLOCKED
CA00657,AC03423,CU01466,6437-1824-2486-1950,DEBIT,2021-01-13,2024-01-13,EXPIRED
CA00658,AC00189,CU04333,5781-6529-8189-8605,CREDIT,2024-11-12,2028-11-12,ACTIVE
CA00659,AC02352,CU03956,8010-1052-5694-2254,DEBIT,2021-02-01,2024-02-01,BLOCKED
CA00660,AC06482,CU03972,1162-9251-6072-1822,DEBIT,2023-07-23,2027-07-23,ACTIVE
CA00661,AC02581,CU04978,9750-1785-4841-5663,CREDIT,2021-02-18,2026-02-18,BLOCKED
CA00662,AC06059,CU04604,1857-3565-5435-2535,DEBIT,2020-06-14,2025-06-14,BLOCKED
CA00663,AC03384,CU02633,3108-5560-0315-8515,DEBIT,2021-02-18,2026-02-18,ACTIVE
CA00664,AC01884,CU01451,8887-7343-1903-9156,DEBIT,2024-08-10,2029-08-10,BLOCKED
CA00665,AC07925,CU01012,0792-2504-9145-9393,CREDIT,2022-11-16,2027-11-16,ACTIVE
CA00666,AC07739,CU04060,6597-2692-9349-3789,CREDIT,2025-07-12,2029-07-12,ACTIVE
CA00667,AC04090,CU00198,9241-1394-7957-0049,DEBIT,2023-10-10,2028-10-10,BLOCKED
CA00668,AC05162,CU03463,2537-3997-1773-6170,DEBIT,2022-02-11,2025-02-11,EXPIRED
CA00669,AC03787,CU03091,1192-0507-1636-5974,CREDIT,2020-07-23,2025-07-23,ACTIVE
CA00670,AC04547,CU01250,7672-9332-4058-2285,DEBIT,2025-11-03,2029-11-03,BLOCKED
CA00671,AC04067,CU03155,5457-2089-3440-3157,DEBIT,2025-02-03,2028-02-03,BLOCKED
CA00672,AC00246,CU00651,5551-5594-2092-7033,DEBIT,2021-08-17,2025-08-17,EXPIRED
CA00673,AC07207,CU01733,5707-2949-2466-4005,CREDIT,2022-01-14,2027-01-14,BLOCKED
CA00674,AC05236,CU03418,1367-5713-7921-8485,CREDIT,2020-03-22,2024-03-22,EXPIRED
CA00675,AC04327,CU01221,5494-6348-0110-4026,CREDIT,2022-11-25,2025-11-25,ACTIVE
CA00676,AC00306,CU03471,1151-0931-9799-3945,DEBIT,2025-06-26,2029-06-26,BLOCKED
CA00677,AC07187,CU03684,4734-9764-3733-4691,DEBIT,2024-01-04,2028-01-04,BLOCKED
CA00678,AC06322,CU02479,8687-7475-1797-9189,DEBIT,2024-10-21,2028-10-21,EXPIRED
CA00679,AC03822,CU00677,0407-6622-3574-1081,DEBIT,2025-09-20,2030-09-20,EXPIRED
CA00680,AC02338,CU02645,5157-1586-9360-5951,CREDIT,2025-03-08,2030-03-08,BLOCKED
CA00681,AC05555,CU01422,8849-7955-1993-1980,CREDIT,2021-05-11,2025-05-11,ACTIVE
CA00682,AC04276,CU03697,7716-3027-2537-7283,DEBIT,2025-02-05,2030-02-05,EXPIRED
CA00683,AC02576,CU02975,5242-9452-4991-6215,CREDIT,2020-03-07,2023-03-07,EXPIRED
CA00684,AC00318,CU04852,7222-8114-9730-2463,CREDIT,2024-07-12,2028-07-12,ACTIVE
CA00685,AC01486,CU01305,2605-0185-5343-0033,DEBIT,2023-11-24,2026-11-24,BLOCKED
CA00686,AC07013,CU01614,2883-4126-3940-6480,DEBIT,2020-11-05,2023-11-05,BLOCKED
CA00687,AC04965,CU01457,0473-4207-9397-5298,CREDIT,2022-10-17,2025-10-17,ACTIVE
CA00688,AC00195,CU04594,3908-5078-3896-7570,DEBIT,2025-12-29,2030-12-29,BLOCKED
CA00689,AC04867,CU00073,3011-2118-0165-6186,DEBIT,2025-02-01,2028-02-01,ACTIVE
CA00690,AC05839,CU03137,6371-9781-5350-8769,DEBIT,2025-06-24,2030-06-24,BLOCKED
CA00691,AC07167,CU00964,2467-0735-3699-4894,DEBIT,2025-06-24,2029-06-24,ACTIVE
CA00692,AC07903,CU04559,3095-4164-5022-6011,DEBIT,2020-01-05,2025-01-05,BLOCKED
CA00693,AC02431,CU01293,3541-0445-4682-1527,CREDIT,2021-09-08,2025-09-08,EXPIRED
CA00694,AC05076,CU03068,8219-8013-4961-4416,CREDIT,2021-04-03,2026-04-03,ACTIVE
CA00695,AC07109,CU00546,4503-3215-0525-7570,DEBIT,2023-08-15,2027-08-15,BLOCKED
CA00696,AC05947,CU03343,0499-0627-9310-0726,CREDIT,2025-08-19,2028-08-19,ACTIVE
CA00697,AC01731,CU03552,5685-2903-0926-3830,DEBIT,2022-12-28,2026-12-28,BLOCKED
CA00698,AC04499,CU02543,4844-8832-6168-6515,DEBIT,2020-09-27,2023-09-27,ACTIVE
CA00699,AC00625,CU00460,0852-9823-2227-9334,DEBIT,2025-03-22,2028-03-22,EXPIRED
CA00700,AC04151,CU02398,5480-5443-1700-2722,DEBIT,2024-05-04,2029-05-04,ACTIVE
CA00701,AC05212,CU04431,7506-5031-8903-7596,DEBIT,2020-05-04,2023-05-04,BLOCKED
CA00702,AC06233,CU02089,6617-1328-3826-0789,CREDIT,2020-10-30,2023-10-30,ACTIVE
CA00703,AC01680,CU00827,4595-6506-9605-8548,DEBIT,2022-08-09,2026-08-09,EXPIRED
CA00704,AC01378,CU03863,7597-2721-7839-6690,DEBIT,2023-01-16,2028-01-16,EXPIRED
CA00705,AC00235,CU00997,9126-5417-9915-8629,CREDIT,2024-09-30,2029-09-30,EXPIRED
CA00706,AC07239,CU04018,0630-6033-1315-4133,DEBIT,2022-11-27,2027-11-27,BLOCKED
CA00707,AC05058,CU00201,0389-7421-4324-8405,DEBIT,2021-05-10,2024-05-10,ACTIVE
CA00708,AC01773,CU01411,0769-8059-9211-0927,DEBIT,2020-12-10,2023-12-10,EXPIRED
CA00709,AC00035,CU03775,3757-7980-8191-1977,DEBIT,2023-09-26,2028-09-26,EXPIRED
CA00710,AC01729,CU02086,6900-6389-9734-8077,CREDIT,2023-04-05,2027-04-05,EXPIRED
CA00711,AC04030,CU01091,6525-8164-3952-0530,DEBIT,2021-01-19,2025-01-19,EXPIRED
CA00712,AC07076,CU02472,1954-3989-4307-2487,CREDIT,2022-08-02,2025-08-02,EXPIRED
CA00713,AC02458,CU03882,9289-2440-6607-8472,DEBIT,2022-08-14,2025-08-14,BLOCKED
CA00714,AC05895,CU00170,8194-8799-2824-3057,CREDIT,2025-10-02,2028-10-02,BLOCKED
CA00715,AC00649,CU01322,6792-5247-4978-9679,DEBIT,2021-07-10,2024-07-10,EXPIRED
CA00716,AC01139,CU02859,2882-8276-1921-8775,DEBIT,2023-05-27,2028-05-27,ACTIVE
CA00717,AC01336,CU04091,4851-3403-0305-2381,DEBIT,2023-08-19,2028-08-19,ACTIVE
CA00718,AC03274,CU00778,4881-9656-1466-6749,DEBIT,2025-08-12,2028-08-12,BLOCKED
CA00719,AC06711,CU04603,5209-5797-4294-1169,CREDIT,2021-05-22,2026-05-22,EXPIRED
CA00720,AC04591,CU00684,2534-3255-0307-8046,CREDIT,2024-09-22,2029-09-22,BLOCKED
CA00721,AC03621,CU00708,0611-5195-2281-0391,DEBIT,2021-08-29,2024-08-29,BLOCKED
CA00722,AC03916,CU00945,2804-1518-7057-7459,DEBIT,2024-07-31,2028-07-31,ACTIVE
CA00723,AC06821,CU01994,2671-4823-7795-5769,DEBIT,2020-09-08,2023-09-08,EXPIRED
CA00724,AC01663,CU01967,6625-0303-0850-4669,CREDIT,2021-01-16,2025-01-16,EXPIRED
CA00725,AC03259,CU03306,4676-6291-7908-5476,DEBIT,2021-08-13,2024-08-13,EXPIRED
CA00726,AC07160,CU04299,0384-9064-4637-5779,DEBIT,2023-12-26,2027-12-26,EXPIRED
CA00727,AC07890,CU00634,5344-5168-6235-8160,DEBIT,2025-06-23,2028-06-23,ACTIVE
CA00728,AC05899,CU01788,1418-8466-8476-1785,DEBIT,2022-10-14,2025-10-14,EXPIRED
CA00729,AC05482,CU00315,8831-0805-4609-8134,DEBIT,2022-07-22,2026-07-22,ACTIVE
CA00730,AC01915,CU02127,9744-5835-0295-4571,DEBIT,2024-07-31,2028-07-31,BLOCKED
CA00731,AC00963,CU03285,2568-8541-8468-0575,DEBIT,2023-06-29,2028-06-29,ACTIVE
CA00732,AC03572,CU00113,1016-9531-8132-0115,DEBIT,2024-07-17,2027-07-17,ACTIVE
CA00733,AC06273,CU02646,1533-6696-6281-4915,CREDIT,2021-01-06,2025-01-06,EXPIRED
CA00734,AC05842,CU04731,6984-0123-8043-2768,CREDIT,2023-12-12,2027-12-12,BLOCKED
CA00735,AC06068,CU00699,7992-3508-4043-7057,DEBIT,2025-06-20,2028-06-20,BLOCKED
CA00736,AC02844,CU02043,1753-7263-9470-8332,CREDIT,2022-11-29,2025-11-29,EXPIRED
CA00737,AC06053,CU00449,8809-3169-6377-3633,DEBIT,2021-07-22,2025-07-22,EXPIRED
CA00738,AC07292,CU03031,9603-4724-9869-4686,CREDIT,2025-12-09,2028-12-09,BLOCKED
CA00739,AC05536,CU04143,6905-6565-0062-9024,CREDIT,2021-09-21,2025-09-21,ACTIVE
CA00740,AC06261,CU00238,4260-3676-9676-8151,CREDIT,2022-02-22,2027-02-22,EXPIRED
CA00741,AC04707,CU03870,5652-4991-5285-6215,DEBIT,2020-04-01,2024-04-01,BLOCKED
CA00742,AC04803,CU02595,0130-8450-1640-3437,DEBIT,2023-11-01,2026-11-01,BLOCKED
CA00743,AC07358,CU04996,2697-5180-4176-2760,DEBIT,2024-12-04,2029-12-04,ACTIVE
CA00744,AC03592,CU01635,2241-6391-6371-2601,DEBIT,2020-04-18,2023-04-18,EXPIRED
CA00745,AC07726,CU03228,0796-0739-1635-5276,CREDIT,2025-12-07,2029-12-07,ACTIVE
CA00746,AC02802,CU02649,0136-6528-6644-2891,DEBIT,2022-10-20,2025-10-20,EXPIRED
CA00747,AC07281,CU00131,0783-7706-3041-1336,DEBIT,2025-02-26,2028-02-26,EXPIRED
CA00748,AC06695,CU01968,0143-1560-6904-8116,DEBIT,2025-01-16,2030-01-16,BLOCKED
CA00749,AC00444,CU01847,1204-2078-1078-4983,CREDIT,2021-12-31,2025-12-31,BLOCKED
CA00750,AC04758,CU02560,3290-3751-8267-1255,CREDIT,2024-08-07,2028-08-07,BLOCKED
CA00751,AC03028,CU01513,0389-8987-7821-9779,DEBIT,2020-11-08,2025-11-08,ACTIVE
CA00752,AC06097,CU04074,9520-4138-9756-9984,CREDIT,2021-03-19,2026-03-19,ACTIVE
CA00753,AC00975,CU03001,4863-4552-4465-6231,CREDIT,2021-03-03,2026-03-03,EXPIRED
CA00754,AC06505,CU03147,7524-9972-9324-1696,DEBIT,2023-09-19,2027-09-19,BLOCKED
CA00755,AC01593,CU03500,7343-0843-6861-4867,DEBIT,2023-12-22,2026-12-22,ACTIVE
CA00756,AC06619,CU01419,0023-7063-1097-1014,CREDIT,2020-11-15,2023-11-15,EXPIRED
CA00757,AC07374,CU04754,6010-2239-7869-9238,CREDIT,2024-11-04,2027-11-04,ACTIVE
CA00758,AC02616,CU00530,7216-5053-8516-2434,CREDIT,2020-02-08,2023-02-08,ACTIVE
CA00759,AC01416,CU02506,6154-7566-6308-2292,DEBIT,2022-10-05,2027-10-05,BLOCKED
CA00760,AC07822,CU03799,9215-4848-7798-9510,CREDIT,2021-06-28,2024-06-28,EXPIRED
CA00761,AC05142,CU01531,2288-8279-8859-9135,DEBIT,2023-01-01,2026-01-01,ACTIVE
CA00762,AC06684,CU01920,1936-7057-9059-6887,DEBIT,2021-07-16,2025-07-16,BLOCKED
CA00763,AC03275,CU02426,9821-8765-5472-2802,CREDIT,2022-11-14,2026-11-14,ACTIVE
CA00764,AC02264,CU00844,9540-7733-7922-0332,CREDIT,2024-09-11,2029-09-11,ACTIVE
CA00765,AC07570,CU04873,9412-6818-2196-4180,CREDIT,2023-04-30,2026-04-30,ACTIVE
CA00766,AC02230,CU03157,0344-4103-8922-2459,CREDIT,2025-07-24,2028-07-24,ACTIVE
CA00767,AC05312,CU00067,1873-5676-9417-6758,DEBIT,2025-12-19,2030-12-19,ACTIVE
CA00768,AC00154,CU01795,3897-9087-2487-0014,DEBIT,2022-02-14,2025-02-14,ACTIVE
CA00769,AC07016,CU04142,7913-6937-8502-2966,DEBIT,2022-08-25,2025-08-25,ACTIVE
CA00770,AC00804,CU04504,5548-2773-2824-3007,DEBIT,2024-03-12,2027-03-12,BLOCKED
CA00771,AC07547,CU01562,4747-2904-1603-0696,CREDIT,2021-08-12,2026-08-12,ACTIVE
CA00772,AC03298,CU04485,7267-4454-9021-1150,CREDIT,2020-09-11,2025-09-11,EXPIRED
CA00773,AC02549,CU03281,7321-3424-0991-6406,CREDIT,2021-06-03,2024-06-03,ACTIVE
CA00774,AC06611,CU00127,1846-2337-8729-8392,CREDIT,2021-09-29,2024-09-29,EXPIRED
CA00775,AC03456,CU04389,7236-2581-3096-3038,CREDIT,2024-06-03,2029-06-03,ACTIVE
CA00776,AC07264,CU04167,3220-7552-3306-3859,DEBIT,2020-04-01,2025-04-01,ACTIVE
CA00777,AC01788,CU01287,4888-8029-1680-6250,CREDIT,2021-06-23,2024-06-23,ACTIVE
CA00778,AC05165,CU02430,4580-8179-6876-7874,DEBIT,2021-01-01,2025-01-01,EXPIRED
CA00779,AC05736,CU04906,5607-6902-2178-0461,DEBIT,2024-05-28,2029-05-28,BLOCKED
CA00780,AC02253,CU01925,4779-7605-1095-5260,DEBIT,2022-02-03,2027-02-03,ACTIVE
CA00781,AC01024,CU01419,6753-9751-2689-9035,DEBIT,2024-05-28,2029-05-28,ACTIVE
CA00782,AC04123,CU04600,8159-4632-4013-5305,DEBIT,2021-03-14,2025-03-14,ACTIVE
CA00783,AC00512,CU02052,8894-2289-1394-7680,CREDIT,2024-11-04,2027-11-04,EXPIRED
CA00784,AC00217,CU03391,7972-5339-3352-2333,CREDIT,2021-02-05,2024-02-05,EXPIRED
CA00785,AC06558,CU00265,3237-9023-4726-1993,DEBIT,2025-03-21,2030-03-21,ACTIVE
CA00786,AC06115,CU02924,3671-6104-0202-1187,DEBIT,2021-10-25,2025-10-25,BLOCKED
CA00787,AC01455,CU04002,8429-4746-6621-3047,CREDIT,2025-07-15,2030-07-15,EXPIRED
CA00788,AC00717,CU01791,0119-4258-1661-0267,DEBIT,2021-06-07,2024-06-07,EXPIRED
CA00789,AC00332,CU00441,5276-7893-7064-1633,DEBIT,2021-11-28,2025-11-28,EXPIRED
CA00790,AC03630,CU03206,9416-5325-3029-3596,DEBIT,2025-09-01,2029-09-01,ACTIVE
CA00791,AC04592,CU02071,8427-5182-9693-9661,CREDIT,2024-04-19,2027-04-19,BLOCKED
CA00792,AC03162,CU00406,0429-4846-2988-5818,DEBIT,2024-03-17,2027-03-17,BLOCKED
CA00793,AC04760,CU02711,2716-5113-6564-2539,CREDIT,2020-10-21,2024-10-21,BLOCKED
CA00794,AC01785,CU01937,6922-8009-8766-7992,DEBIT,2023-06-13,2028-06-13,ACTIVE
CA00795,AC06957,CU03004,5310-2517-2532-7231,CREDIT,2021-02-12,2026-02-12,ACTIVE
CA00796,AC05667,CU04404,5308-4827-8499-6449,DEBIT,2021-01-13,2026-01-13,BLOCKED
CA00797,AC00032,CU03661,4712-5283-1695-9676,DEBIT,2025-06-26,2030-06-26,ACTIVE
CA00798,AC05002,CU03985,8063-9606-4806-7588,CREDIT,2021-08-31,2025-08-31,ACTIVE
CA00799,AC07122,CU04758,4245-8152-4554-5829,CREDIT,2024-12-25,2029-12-25,BLOCKED
CA00800,AC06429,CU01395,3797-7271-9312-1848,CREDIT,2021-04-30,2024-04-30,ACTIVE
CA00801,AC04524,CU03597,5965-5707-8185-1348,CREDIT,2024-10-15,2029-10-15,EXPIRED
CA00802,AC05692,CU03409,2011-9158-3203-1626,DEBIT,2020-10-22,2025-10-22,ACTIVE
CA00803,AC06859,CU03419,9232-3584-7932-7920,DEBIT,2020-09-12,2024-09-12,EXPIRED
CA00804,AC01127,CU04186,9405-0196-4838-7147,DEBIT,2025-05-19,2030-05-19,BLOCKED
CA00805,AC02263,CU01611,5552-1645-1900-0683,CREDIT,2020-08-05,2023-08-05,ACTIVE
CA00806,AC01195,CU01505,9328-4282-3587-8850,DEBIT,2020-10-01,2024-10-01,ACTIVE
CA00807,AC00038,CU02113,3057-6978-0680-7922,DEBIT,2025-04-16,2028-04-16,EXPIRED
CA00808,AC06013,CU03447,8707-9075-9267-8881,DEBIT,2023-07-28,2026-07-28,ACTIVE
CA00809,AC07314,CU04438,7321-0361-4116-7308,DEBIT,2022-08-25,2026-08-25,EXPIRED
CA00810,AC05382,CU02548,1316-6705-4739-4164,DEBIT,2021-04-27,2026-04-27,EXPIRED
CA00811,AC01348,CU02088,2259-6193-7237-0146,CREDIT,2021-01-05,2026-01-05,EXPIRED
CA00812,AC07768,CU02857,6705-0433-4823-5573,CREDIT,2024-11-17,2027-11-17,ACTIVE
CA00813,AC03838,CU04117,8101-9776-9668-7493,DEBIT,2022-04-28,2026-04-28,ACTIVE
CA00814,AC03962,CU04915,9788-5420-0682-0974,DEBIT,2024-06-08,2027-06-08,ACTIVE
CA00815,AC04851,CU02814,5540-2320-9524-3837,DEBIT,2021-07-29,2025-07-29,BLOCKED
CA00816,AC05966,CU02444,4626-6841-0565-1192,CREDIT,2025-05-12,2030-05-12,ACTIVE
CA00817,AC02367,CU00710,1881-1317-9042-2547,DEBIT,2021-04-28,2025-04-28,BLOCKED
CA00818,AC07293,CU05000,9309-2349-6645-2363,DEBIT,2020-05-09,2025-05-09,EXPIRED
CA00819,AC00070,CU00985,0311-8477-4102-0451,CREDIT,2024-05-18,2029-05-18,EXPIRED
CA00820,AC00266,CU00186,3144-7503-4416-9006,DEBIT,2024-02-10,2027-02-10,ACTIVE
CA00821,AC03699,CU03410,3570-6000-5733-1085,DEBIT,2025-09-26,2029-09-26,BLOCKED
CA00822,AC07779,CU03402,9045-5082-9305-1873,DEBIT,2025-08-08,2028-08-08,ACTIVE
CA00823,AC01375,CU01771,6679-1789-6394-4238,DEBIT,2021-07-11,2025-07-11,EXPIRED
CA00824,AC00081,CU01775,6413-5185-6007-1030,DEBIT,2020-12-26,2023-12-26,ACTIVE
CA00825,AC05837,CU00177,5913-0427-6220-4077,CREDIT,2020-11-23,2025-11-23,EXPIRED
CA00826,AC06571,CU02648,0756-9829-8144-7846,DEBIT,2023-07-30,2026-07-30,EXPIRED
CA00827,AC01449,CU04317,3905-6703-1737-3153,CREDIT,2021-08-24,2025-08-24,ACTIVE
CA00828,AC01113,CU04367,0883-1310-0901-5985,DEBIT,2024-12-02,2027-12-02,BLOCKED
CA00829,AC05486,CU01193,5642-9930-7938-1898,DEBIT,2025-12-31,2030-12-31,BLOCKED
CA00830,AC03092,CU02183,4814-6307-8986-6138,DEBIT,2025-07-25,2029-07-25,BLOCKED
CA00831,AC07340,CU00612,1842-2150-4879-3560,CREDIT,2022-01-28,2025-01-28,EXPIRED
CA00832,AC04762,CU04708,4210-1436-6555-2366,DEBIT,2023-03-05,2027-03-05,EXPIRED
CA00833,AC01316,CU01211,9716-8955-5031-2179,DEBIT,2024-03-25,2029-03-25,BLOCKED
CA00834,AC07400,CU04885,9563-4874-7743-2099,CREDIT,2021-02-26,2024-02-26,EXPIRED
CA00835,AC04468,CU04489,7085-0332-4146-5225,DEBIT,2021-03-17,2025-03-17,ACTIVE
CA00836,AC05350,CU03951,6953-8698-9762-8831,DEBIT,2020-05-29,2025-05-29,EXPIRED
CA00837,AC00602,CU04628,0988-3529-9976-6187,DEBIT,2024-05-04,2029-05-04,BLOCKED
CA00838,AC01233,CU00039,1711-8418-1913-5848,CREDIT,2022-03-18,2025-03-18,BLOCKED
CA00839,AC07569,CU01748,3124-1528-7609-9708,DEBIT,2023-03-17,2028-03-17,ACTIVE
CA00840,AC06730,CU03266,5807-8736-0125-2079,CREDIT,2021-12-11,2025-12-11,BLOCKED
CA00841,AC03562,CU02514,0058-6861-5609-4332,CREDIT,2024-01-14,2029-01-14,ACTIVE
CA00842,AC03758,CU01992,5261-6183-2554-6499,DEBIT,2024-06-27,2027-06-27,BLOCKED
CA00843,AC06936,CU01510,5306-8210-4083-4817,DEBIT,2021-12-25,2025-12-25,BLOCKED
CA00844,AC01570,CU04130,8980-6579-5329-0961,CREDIT,2022-07-15,2025-07-15,BLOCKED
CA00845,AC01542,CU02966,6002-4464-9930-9680,DEBIT,2022-02-01,2027-02-01,ACTIVE
CA00846,AC02773,CU04992,7576-0372-0023-1830,DEBIT,2022-08-03,2026-08-03,EXPIRED
CA00847,AC04757,CU02303,9248-4497-3195-4779,DEBIT,2020-05-30,2025-05-30,BLOCKED
CA00848,AC04519,CU03260,3126-4219-9476-3628,DEBIT,2024-11-11,2027-11-11,BLOCKED
CA00849,AC06510,CU00783,8250-3615-8882-9181,CREDIT,2025-07-29,2028-07-29,BLOCKED
CA00850,AC00219,CU01415,7989-8723-1010-6839,DEBIT,2025-03-09,2029-03-09,EXPIRED
CA00851,AC06733,CU03061,6131-6727-9831-7630,CREDIT,2020-05-23,2024-05-23,EXPIRED
CA00852,AC01632,CU04397,2644-9924-1541-0800,CREDIT,2020-08-16,2025-08-16,ACTIVE
CA00853,AC07385,CU03197,0627-0232-8652-5890,CREDIT,2025-07-14,2030-07-14,EXPIRED
CA00854,AC03149,CU02289,4523-8916-9975-3945,CREDIT,2022-04-16,2027-04-16,EXPIRED
CA00855,AC04330,CU02499,5089-9182-2702-5481,DEBIT,2021-09-11,2024-09-11,ACTIVE
CA00856,AC04584,CU03753,0170-1459-5486-6694,CREDIT,2022-10-14,2027-10-14,ACTIVE
CA00857,AC04310,CU00220,3001-1255-7528-8267,CREDIT,2022-06-30,2027-06-30,BLOCKED
CA00858,AC06325,CU03596,1500-0566-3736-3007,DEBIT,2022-12-27,2025-12-27,ACTIVE
CA00859,AC07907,CU04924,0685-4693-1996-9811,CREDIT,2022-05-18,2027-05-18,EXPIRED
CA00860,AC00937,CU00294,0542-8348-5724-7179,DEBIT,2020-02-04,2023-02-04,BLOCKED
CA00861,AC06839,CU01745,6985-0560-0879-6855,CREDIT,2025-04-13,2030-04-13,ACTIVE
CA00862,AC03374,CU00938,6067-1836-5986-8162,CREDIT,2021-10-20,2024-10-20,BLOCKED
CA00863,AC05850,CU02369,2979-3107-6750-2530,CREDIT,2023-09-02,2028-09-02,ACTIVE
CA00864,AC07735,CU04324,4615-6717-4814-5571,CREDIT,2023-01-13,2026-01-13,EXPIRED
CA00865,AC04893,CU04154,1457-4830-2199-5101,DEBIT,2020-01-28,2025-01-28,EXPIRED
CA00866,AC06961,CU00967,3375-2760-1375-9711,CREDIT,2022-05-31,2025-05-31,BLOCKED
CA00867,AC07524,CU01551,4218-0265-3125-0920,DEBIT,2021-11-16,2026-11-16,ACTIVE
CA00868,AC03941,CU02750,9966-4305-7307-2046,DEBIT,2024-04-16,2028-04-16,ACTIVE
CA00869,AC01657,CU01468,8093-4974-7586-3490,DEBIT,2023-01-06,2026-01-06,EXPIRED
CA00870,AC03395,CU04830,5259-2926-5871-3487,DEBIT,2020-04-02,2023-04-02,EXPIRED
CA00871,AC01498,CU04070,3217-4403-0139-5271,DEBIT,2020-01-23,2023-01-23,ACTIVE
CA00872,AC07221,CU00162,3876-1096-0667-9213,DEBIT,2023-03-16,2026-03-16,EXPIRED
CA00873,AC00389,CU03247,4628-0318-0540-8075,DEBIT,2020-10-03,2025-10-03,EXPIRED
CA00874,AC05245,CU04843,5173-7566-0949-4499,DEBIT,2020-12-23,2023-12-23,EXPIRED
CA00875,AC07725,CU01101,6582-3405-7229-2949,DEBIT,2020-01-02,2023-01-02,BLOCKED
CA00876,AC05878,CU04402,2822-1373-9904-0887,DEBIT,2020-09-05,2023-09-05,EXPIRED
CA00877,AC00509,CU04158,1912-0536-0046-2573,DEBIT,2023-02-25,2027-02-25,BLOCKED
CA00878,AC02968,CU02137,2384-3619-1329-1380,CREDIT,2021-05-05,2026-05-05,EXPIRED
CA00879,AC05502,CU00677,0562-8279-4546-3805,CREDIT,2020-01-07,2025-01-07,EXPIRED
CA00880,AC00629,CU00158,6511-4295-3936-5314,DEBIT,2021-03-07,2024-03-07,ACTIVE
CA00881,AC04680,CU00022,8828-6803-1833-9467,DEBIT,2024-10-10,2028-10-10,BLOCKED
CA00882,AC00555,CU00547,0381-8433-5507-5278,CREDIT,2020-07-06,2023-07-06,EXPIRED
CA00883,AC01954,CU01338,1534-5233-7507-8814,DEBIT,2025-05-03,2030-05-03,BLOCKED
CA00884,AC00418,CU04218,5310-6628-4651-7322,CREDIT,2024-02-04,2027-02-04,BLOCKED
CA00885,AC05299,CU00967,9872-4737-3377-6863,CREDIT,2022-09-16,2026-09-16,EXPIRED
CA00886,AC05230,CU04682,8448-4568-8049-9716,DEBIT,2020-03-21,2023-03-21,BLOCKED
CA00887,AC05890,CU04395,0728-3491-1477-2394,DEBIT,2020-10-26,2025-10-26,EXPIRED
CA00888,AC06615,CU01170,7704-2989-1435-6450,DEBIT,2024-09-13,2027-09-13,ACTIVE
CA00889,AC02320,CU00813,4579-5542-4297-1387,CREDIT,2024-12-05,2028-12-05,EXPIRED
CA00890,AC01604,CU03985,4041-9558-9148-7617,DEBIT,2025-07-02,2029-07-02,BLOCKED
CA00891,AC03726,CU03054,1847-1849-6381-3296,DEBIT,2021-11-26,2025-11-26,ACTIVE
CA00892,AC04664,CU00559,2195-1509-1722-8268,CREDIT,2020-04-03,2025-04-03,BLOCKED
CA00893,AC07941,CU04090,2133-8002-5362-4683,DEBIT,2023-06-29,2027-06-29,BLOCKED
CA00894,AC02777,CU04777,8974-1119-3807-0384,DEBIT,2022-03-08,2025-03-08,EXPIRED
CA00895,AC01149,CU04916,4593-7876-0684-5394,DEBIT,2023-05-08,2028-05-08,EXPIRED
CA00896,AC00622,CU00529,8913-5214-1836-5946,CREDIT,2020-04-26,2023-04-26,BLOCKED
CA00897,AC06317,CU02029,6121-0198-2204-6880,DEBIT,2023-07-22,2028-07-22,ACTIVE
CA00898,AC03358,CU02999,0900-0928-1582-3851,CREDIT,2020-07-12,2023-07-12,BLOCKED
CA00899,AC04980,CU02775,9768-6484-1175-6115,CREDIT,2024-09-27,2027-09-27,ACTIVE
CA00900,AC06042,CU04688,8991-1533-9859-7181,DEBIT,2022-06-08,2027-06-08,EXPIRED
CA00901,AC02246,CU02151,2245-0883-5002-4068,DEBIT,2023-09-20,2026-09-20,ACTIVE
CA00902,AC01660,CU03245,9559-5507-2780-0626,CREDIT,2022-02-26,2026-02-26,BLOCKED
CA00903,AC04115,CU03192,8205-4477-2719-3630,CREDIT,2022-09-17,2026-09-17,BLOCKED
CA00904,AC05324,CU02709,5735-0579-3819-0737,DEBIT,2022-08-29,2026-08-29,BLOCKED
CA00905,AC04040,CU00796,1606-0611-6065-1441,DEBIT,2020-03-31,2023-03-31,BLOCKED
CA00906,AC04674,CU04682,7783-6421-7392-1003,CREDIT,2024-12-10,2029-12-10,BLOCKED
CA00907,AC02833,CU00802,4019-5566-1400-0486,DEBIT,2023-05-06,2028-05-06,ACTIVE
CA00908,AC02327,CU02945,6988-4792-0194-5820,CREDIT,2020-09-30,2023-09-30,EXPIRED
CA00909,AC03642,CU03433,0652-2251-2594-5657,CREDIT,2023-12-02,2028-12-02,ACTIVE
CA00910,AC04819,CU01200,8706-3083-8197-6661,DEBIT,2020-02-14,2025-02-14,EXPIRED
CA00911,AC05455,CU00044,0563-5194-2475-4193,CREDIT,2023-01-17,2028-01-17,EXPIRED
CA00912,AC03184,CU04567,8205-5485-8261-4859,DEBIT,2020-08-19,2024-08-19,BLOCKED
CA00913,AC01959,CU02242,1554-3373-0151-5244,CREDIT,2025-11-07,2029-11-07,EXPIRED
CA00914,AC06809,CU01589,0333-5653-7916-7216,CREDIT,2022-11-20,2026-11-20,BLOCKED
CA00915,AC04314,CU02913,9793-5800-8435-9411,DEBIT,2022-01-28,2027-01-28,EXPIRED
CA00916,AC05508,CU01007,8751-0494-5348-4772,DEBIT,2024-05-27,2028-05-27,BLOCKED
CA00917,AC05522,CU00587,1489-8129-7008-5547,CREDIT,2021-10-04,2024-10-04,BLOCKED
CA00918,AC03245,CU03535,2572-0679-2293-5965,DEBIT,2020-10-09,2025-10-09,BLOCKED
CA00919,AC02122,CU04799,2394-5526-5668-1282,CREDIT,2022-06-30,2027-06-30,BLOCKED
CA00920,AC06401,CU03149,0948-9000-2874-3056,CREDIT,2025-08-05,2030-08-05,ACTIVE
CA00921,AC05598,CU03261,6471-8211-8319-3510,CREDIT,2023-07-02,2026-07-02,BLOCKED
CA00922,AC06162,CU01584,5657-2856-5548-3881,CREDIT,2025-03-27,2030-03-27,BLOCKED
CA00923,AC02399,CU01185,1307-5411-1910-1764,DEBIT,2022-01-24,2025-01-24,ACTIVE
CA00924,AC00671,CU00502,3567-8240-9442-4596,CREDIT,2022-01-26,2027-01-26,EXPIRED
CA00925,AC04874,CU03549,9586-3601-1073-3389,DEBIT,2025-12-13,2028-12-13,EXPIRED
CA00926,AC00916,CU03703,9877-8603-3630-2988,CREDIT,2023-06-28,2028-06-28,BLOCKED
CA00927,AC02825,CU02653,4492-1036-0225-4330,DEBIT,2020-11-04,2024-11-04,EXPIRED
CA00928,AC01991,CU00591,2981-2535-5280-6313,CREDIT,2022-04-07,2027-04-07,BLOCKED
CA00929,AC02961,CU02060,5146-6575-4246-8072,CREDIT,2023-12-15,2026-12-15,EXPIRED
CA00930,AC06166,CU04177,5430-5683-2259-7386,DEBIT,2024-05-19,2029-05-19,ACTIVE
CA00931,AC00086,CU03221,2349-8637-2278-0743,CREDIT,2023-07-17,2028-07-17,EXPIRED
CA00932,AC07182,CU01586,2922-1434-3927-6077,CREDIT,2023-10-07,2028-10-07,ACTIVE
CA00933,AC03764,CU00037,9330-3383-7453-4739,DEBIT,2020-09-13,2023-09-13,EXPIRED
CA00934,AC06551,CU01149,5039-6945-5718-1643,DEBIT,2023-10-25,2027-10-25,BLOCKED
CA00935,AC01594,CU01975,4383-4078-9419-4698,CREDIT,2024-02-15,2027-02-15,ACTIVE
CA00936,AC02500,CU00424,2476-1420-8785-4487,CREDIT,2022-08-20,2026-08-20,EXPIRED
CA00937,AC01405,CU00356,0269-3783-7687-8099,DEBIT,2025-06-15,2028-06-15,ACTIVE
CA00938,AC04118,CU00381,6910-7426-5558-0087,DEBIT,2021-05-29,2024-05-29,BLOCKED
CA00939,AC02377,CU03342,0878-4897-4720-4120,CREDIT,2020-10-16,2023-10-16,ACTIVE
CA00940,AC01994,CU04782,5790-5431-0726-1752,DEBIT,2023-01-16,2026-01-16,BLOCKED
CA00941,AC01912,CU00738,2863-4640-9591-9787,CREDIT,2022-07-12,2025-07-12,EXPIRED
CA00942,AC04506,CU01083,4641-6563-2309-3542,CREDIT,2025-10-19,2029-10-19,ACTIVE
CA00943,AC04848,CU04902,5727-4533-0083-1042,CREDIT,2024-05-18,2027-05-18,EXPIRED
CA00944,AC07964,CU02652,1603-9389-2779-8525,CREDIT,2021-06-04,2026-06-04,EXPIRED
CA00945,AC03815,CU03179,4105-6312-8722-3540,CREDIT,2021-06-02,2026-06-02,ACTIVE
CA00946,AC02313,CU03909,0830-1860-5113-3460,DEBIT,2022-09-15,2027-09-15,BLOCKED
CA00947,AC07740,CU00539,2053-4858-4932-6415,CREDIT,2025-06-24,2028-06-24,EXPIRED
CA00948,AC05210,CU03387,5042-1453-6652-5191,CREDIT,2022-05-20,2026-05-20,EXPIRED
CA00949,AC03484,CU02535,6613-2381-9082-7156,DEBIT,2024-09-21,2028-09-21,EXPIRED
CA00950,AC02309,CU02287,0716-0164-4342-8286,CREDIT,2021-09-24,2026-09-24,ACTIVE
CA00951,AC05476,CU02108,1366-1315-6563-9230,CREDIT,2025-06-24,2030-06-24,BLOCKED
CA00952,AC04200,CU03917,9105-0395-4105-1347,CREDIT,2022-06-16,2025-06-16,BLOCKED
CA00953,AC07650,CU03124,0653-9556-1989-9111,CREDIT,2021-01-06,2025-01-06,BLOCKED
CA00954,AC01110,CU03974,7512-0176-9398-4472,DEBIT,2020-06-25,2025-06-25,BLOCKED
CA00955,AC04776,CU00487,4292-6098-8852-3975,DEBIT,2021-10-07,2025-10-07,EXPIRED
CA00956,AC04615,CU04254,8378-8618-6816-9683,DEBIT,2025-01-07,2030-01-07,ACTIVE
CA00957,AC00085,CU03004,4782-5514-6315-2030,DEBIT,2023-10-26,2027-10-26,ACTIVE
CA00958,AC02299,CU02011,6123-4898-4507-0178,DEBIT,2023-08-26,2026-08-26,BLOCKED
CA00959,AC02792,CU00094,0565-9884-1592-2561,CREDIT,2021-02-27,2026-02-27,ACTIVE
CA00960,AC04299,CU00125,9860-8119-3236-9457,DEBIT,2022-03-09,2026-03-09,EXPIRED
CA00961,AC01905,CU04275,7785-1390-8148-0942,DEBIT,2023-07-19,2028-07-19,EXPIRED
CA00962,AC07443,CU03396,9102-4771-6796-2839,CREDIT,2024-05-11,2028-05-11,BLOCKED
CA00963,AC02940,CU04261,0936-6173-8704-8470,CREDIT,2020-05-20,2023-05-20,ACTIVE
CA00964,AC03795,CU01483,0521-9240-6956-2840,DEBIT,2022-10-20,2025-10-20,ACTIVE
CA00965,AC03081,CU02473,9966-6296-8212-6249,CREDIT,2022-02-21,2026-02-21,BLOCKED
CA00966,AC02436,CU04556,2903-0157-0898-5702,CREDIT,2020-01-31,2023-01-31,ACTIVE
CA00967,AC04964,CU00367,3491-3832-6352-7691,DEBIT,2023-04-10,2026-04-10,BLOCKED
CA00968,AC06623,CU02185,7650-6395-9808-4290,DEBIT,2022-06-24,2026-06-24,BLOCKED
CA00969,AC03602,CU03388,0178-9945-0490-8943,CREDIT,2025-10-09,2028-10-09,BLOCKED
CA00970,AC01517,CU01861,4961-4526-8536-0852,CREDIT,2022-04-21,2025-04-21,BLOCKED
CA00971,AC02027,CU00359,8868-0437-9139-9319,CREDIT,2021-11-01,2024-11-01,BLOCKED
CA00972,AC01848,CU04521,7954-0571-8228-5100,CREDIT,2024-02-04,2029-02-04,EXPIRED
CA00973,AC03657,CU00839,2951-8297-7137-3391,DEBIT,2021-05-08,2025-05-08,EXPIRED
CA00974,AC05368,CU01919,6146-4814-7630-0032,DEBIT,2022-03-14,2025-03-14,EXPIRED
CA00975,AC05507,CU03881,6432-4417-3347-4045,CREDIT,2023-02-03,2028-02-03,ACTIVE
CA00976,AC00402,CU00953,0784-5860-6543-0416,DEBIT,2021-01-13,2024-01-13,BLOCKED
CA00977,AC07022,CU02521,8012-3149-1507-7483,DEBIT,2023-08-31,2028-08-31,BLOCKED
CA00978,AC04474,CU00495,8040-5181-5624-6010,CREDIT,2021-10-08,2026-10-08,BLOCKED
CA00979,AC02590,CU02376,2539-8415-1347-8984,DEBIT,2025-03-28,2030-03-28,ACTIVE
CA00980,AC00583,CU00673,0887-6822-5798-3991,DEBIT,2025-08-21,2029-08-21,BLOCKED
CA00981,AC06547,CU02966,3465-9302-2664-2198,DEBIT,2020-12-04,2024-12-04,ACTIVE
CA00982,AC04379,CU01510,2987-0938-2290-7964,CREDIT,2025-04-16,2028-04-16,BLOCKED
CA00983,AC01898,CU01378,1186-4348-5347-6327,CREDIT,2025-12-21,2029-12-21,ACTIVE
CA00984,AC06688,CU00603,0929-4222-9845-7347,DEBIT,2021-03-21,2025-03-21,ACTIVE
CA00985,AC00934,CU01429,4486-8509-5955-4177,DEBIT,2025-07-03,2030-07-03,ACTIVE
CA00986,AC02192,CU02797,3668-9123-9793-5194,CREDIT,2021-12-16,2025-12-16,BLOCKED
CA00987,AC07345,CU00365,3261-7208-1962-0943,DEBIT,2021-08-27,2024-08-27,ACTIVE
CA00988,AC01245,CU00085,7644-3876-2238-1105,CREDIT,2024-06-26,2027-06-26,ACTIVE
CA00989,AC06032,CU04700,0331-7696-1980-0552,CREDIT,2024-12-24,2029-12-24,ACTIVE
CA00990,AC01393,CU04048,8401-8541-9671-9819,DEBIT,2025-10-15,2030-10-15,ACTIVE
CA00991,AC05870,CU01743,2318-2133-7192-4858,CREDIT,2023-02-04,2028-02-04,BLOCKED
CA00992,AC07851,CU04404,4910-5325-7946-6714,DEBIT,2020-12-05,2023-12-05,BLOCKED
CA00993,AC05662,CU02200,3545-7007-2404-8099,DEBIT,2023-10-02,2027-10-02,EXPIRED
CA00994,AC04995,CU01015,1203-5557-8143-0877,CREDIT,2023-08-21,2027-08-21,EXPIRED
CA00995,AC07294,CU01174,6644-3472-8247-5720,CREDIT,2024-04-11,2028-04-11,ACTIVE
CA00996,AC01715,CU01640,8534-7299-1441-4563,CREDIT,2025-03-28,2028-03-28,ACTIVE
CA00997,AC06820,CU03285,1789-7734-8657-1107,CREDIT,2023-11-12,2027-11-12,BLOCKED
CA00998,AC06802,CU04550,4013-4975-8893-2664,CREDIT,2023-06-24,2026-06-24,EXPIRED
CA00999,AC05310,CU00767,8951-3406-2988-7266,CREDIT,2023-08-14,2026-08-14,BLOCKED
CA01000,AC05545,CU01767,4358-7267-4509-1956,DEBIT,2024-03-21,2029-03-21,ACTIVE
CA01001,AC01520,CU01923,1549-7470-3584-7179,CREDIT,2022-11-18,2025-11-18,BLOCKED
CA01002,AC02648,CU04819,4911-5697-7866-9876,DEBIT,2021-09-27,2024-09-27,BLOCKED
CA01003,AC04627,CU03855,4057-4800-0494-1114,CREDIT,2025-07-18,2028-07-18,ACTIVE
CA01004,AC02380,CU03095,1212-9533-2733-6328,CREDIT,2021-07-20,2025-07-20,ACTIVE
CA01005,AC06049,CU00317,1493-9894-4198-8590,CREDIT,2024-04-05,2029-04-05,BLOCKED
CA01006,AC07095,CU04654,5448-0143-2719-4889,CREDIT,2023-03-03,2026-03-03,BLOCKED
CA01007,AC06231,CU01929,8093-6586-9189-0401,CREDIT,2020-04-12,2025-04-12,BLOCKED
CA01008,AC01809,CU04123,4713-3827-5948-8514,DEBIT,2023-08-01,2028-08-01,ACTIVE
CA01009,AC00608,CU00161,5176-2831-3450-2542,DEBIT,2022-08-24,2027-08-24,EXPIRED
CA01010,AC04128,CU00748,4798-0875-6623-7732,DEBIT,2020-10-07,2023-10-07,BLOCKED
CA01011,AC01778,CU02769,4396-6025-4417-6966,DEBIT,2023-10-27,2026-10-27,ACTIVE
CA01012,AC03534,CU04513,7830-2598-4198-0875,CREDIT,2022-12-16,2026-12-16,EXPIRED
CA01013,AC06147,CU01046,5471-9137-9784-7716,DEBIT,2020-01-09,2025-01-09,ACTIVE
CA01014,AC04991,CU00584,3346-5525-8228-7126,CREDIT,2022-10-13,2025-10-13,ACTIVE
CA01015,AC07991,CU02703,7385-4223-1787-1451,DEBIT,2023-08-20,2027-08-20,ACTIVE
CA01016,AC07711,CU00967,6764-1293-2789-7622,CREDIT,2022-02-15,2026-02-15,BLOCKED
CA01017,AC06708,CU00664,6798-1548-3279-3394,DEBIT,2023-03-16,2027-03-16,BLOCKED
CA01018,AC02100,CU00309,4984-0821-8864-2537,CREDIT,2024-06-29,2027-06-29,ACTIVE
CA01019,AC01744,CU00566,9210-5207-2307-2470,DEBIT,2021-12-08,2026-12-08,BLOCKED
CA01020,AC03872,CU03497,1895-9581-7618-6663,DEBIT,2023-07-12,2027-07-12,EXPIRED
CA01021,AC05295,CU03029,0978-6201-9801-0192,DEBIT,2025-06-23,2030-06-23,EXPIRED
CA01022,AC04594,CU00240,8496-0635-8691-2448,DEBIT,2021-06-14,2024-06-14,ACTIVE
CA01023,AC01295,CU03356,9391-0293-8858-1390,DEBIT,2023-08-21,2028-08-21,ACTIVE
CA01024,AC04726,CU00793,1352-7872-0067-9776,CREDIT,2020-09-19,2023-09-19,ACTIVE
CA01025,AC05254,CU02791,3697-3277-9294-9796,CREDIT,2024-07-14,2028-07-14,EXPIRED
CA01026,AC03778,CU00821,2813-6353-3777-1924,CREDIT,2020-08-31,2023-08-31,ACTIVE
CA01027,AC06420,CU03387,4584-5775-3916-4666,DEBIT,2025-09-22,2028-09-22,EXPIRED
CA01028,AC02544,CU01266,7258-9494-2184-4964,DEBIT,2025-02-10,2030-02-10,BLOCKED
CA01029,AC00414,CU02540,1112-0625-0920-2922,CREDIT,2023-11-06,2027-11-06,ACTIVE
CA01030,AC01317,CU02310,5409-0742-2429-7952,DEBIT,2020-09-22,2025-09-22,EXPIRED
CA01031,AC01725,CU04400,9096-1039-5109-5690,CREDIT,2021-12-19,2026-12-19,EXPIRED
CA01032,AC03731,CU04429,4256-8889-3401-2387,CREDIT,2024-06-06,2027-06-06,EXPIRED
CA01033,AC02966,CU03013,3595-8291-0635-4084,DEBIT,2024-02-05,2028-02-05,ACTIVE
CA01034,AC00399,CU02434,7744-3791-6356-2782,CREDIT,2020-03-10,2024-03-10,ACTIVE
CA01035,AC02712,CU02510,3880-1834-2305-9881,DEBIT,2023-02-28,2026-02-28,EXPIRED
CA01036,AC07350,CU01424,4479-9918-6309-9687,DEBIT,2024-07-16,2027-07-16,BLOCKED
CA01037,AC00005,CU02988,7613-7435-4218-3689,DEBIT,2021-02-24,2025-02-24,ACTIVE
CA01038,AC02881,CU01144,0647-8836-5651-9346,DEBIT,2021-01-01,2025-01-01,EXPIRED
CA01039,AC02218,CU02566,4009-4493-6293-9036,DEBIT,2022-08-12,2026-08-12,EXPIRED
CA01040,AC02130,CU04036,5167-3886-9973-2734,DEBIT,2023-10-17,2027-10-17,EXPIRED
CA01041,AC02234,CU02235,1978-5003-7872-5895,DEBIT,2025-06-30,2029-06-30,EXPIRED
CA01042,AC04206,CU00346,0053-0308-8083-5617,DEBIT,2023-04-19,2028-04-19,BLOCKED
CA01043,AC07710,CU04143,9485-1749-6181-8852,CREDIT,2024-08-29,2028-08-29,EXPIRED
CA01044,AC07765,CU00749,3910-0888-4033-4987,CREDIT,2023-05-18,2026-05-18,BLOCKED
CA01045,AC03610,CU00934,2094-5363-0961-6983,DEBIT,2022-06-10,2025-06-10,BLOCKED
CA01046,AC02637,CU00577,8965-8248-4522-3159,DEBIT,2023-03-03,2028-03-03,EXPIRED
CA01047,AC06186,CU03268,4039-9045-9053-7862,CREDIT,2020-12-06,2024-12-06,EXPIRED
CA01048,AC05856,CU03082,6915-7338-1450-6682,DEBIT,2021-07-13,2025-07-13,ACTIVE
CA01049,AC07761,CU04403,7996-8725-4258-9360,DEBIT,2021-05-05,2024-05-05,BLOCKED
CA01050,AC02519,CU03346,1535-0623-8831-1412,CREDIT,2025-11-06,2030-11-06,EXPIRED
CA01051,AC00795,CU03530,1698-9693-1773-7994,CREDIT,2024-04-11,2029-04-11,EXPIRED
CA01052,AC01557,CU04313,3951-8909-2013-2386,DEBIT,2022-07-11,2027-07-11,ACTIVE
CA01053,AC02376,CU04810,3043-0909-6841-3148,DEBIT,2020-01-30,2024-01-30,EXPIRED
CA01054,AC01359,CU03916,4006-6191-5257-0697,DEBIT,2022-06-23,2027-06-23,ACTIVE
CA01055,AC03614,CU04328,6050-6141-5992-1149,DEBIT,2020-11-09,2024-11-09,EXPIRED
CA01056,AC06406,CU02059,2969-7073-7470-3778,CREDIT,2022-12-20,2025-12-20,EXPIRED
CA01057,AC05537,CU01663,6532-7271-5129-9322,CREDIT,2021-07-03,2024-07-03,ACTIVE
CA01058,AC03587,CU00422,7700-4140-3653-2015,CREDIT,2023-06-09,2026-06-09,BLOCKED
CA01059,AC00574,CU03758,0093-4014-5092-2589,DEBIT,2020-05-03,2024-05-03,EXPIRED
CA01060,AC07838,CU02962,9683-9613-9716-4887,CREDIT,2023-02-22,2027-02-22,ACTIVE
CA01061,AC05272,CU00960,5284-1592-6440-8750,CREDIT,2024-03-12,2028-03-12,EXPIRED
CA01062,AC06675,CU01519,3083-9916-6724-6032,CREDIT,2022-09-13,2026-09-13,ACTIVE
CA01063,AC07743,CU02001,9463-7898-6913-6401,CREDIT,2023-12-16,2027-12-16,ACTIVE
CA01064,AC07533,CU04715,3985-0326-0881-8951,DEBIT,2023-07-05,2027-07-05,EXPIRED
CA01065,AC01909,CU00755,5433-6941-6310-4970,DEBIT,2021-02-18,2025-02-18,ACTIVE
CA01066,AC06931,CU02289,0890-2363-1685-0732,DEBIT,2021-03-03,2026-03-03,EXPIRED
CA01067,AC04953,CU02618,6430-0936-2989-8202,CREDIT,2024-09-18,2027-09-18,EXPIRED
CA01068,AC05257,CU00123,6591-4027-3752-2511,CREDIT,2023-09-24,2026-09-24,EXPIRED
CA01069,AC00732,CU00995,8188-1202-5616-2093,DEBIT,2025-04-10,2030-04-10,BLOCKED
CA01070,AC04616,CU01212,2014-5750-3027-0788,DEBIT,2020-02-27,2023-02-27,ACTIVE
CA01071,AC00464,CU00387,0778-6444-1843-9549,CREDIT,2022-12-18,2026-12-18,EXPIRED
CA01072,AC00017,CU01356,6587-7847-3491-0626,DEBIT,2020-05-20,2023-05-20,ACTIVE
CA01073,AC06073,CU02401,9447-3875-4681-7779,CREDIT,2020-06-04,2025-06-04,ACTIVE
CA01074,AC06064,CU01486,9575-7827-8161-4064,DEBIT,2022-04-11,2027-04-11,BLOCKED
CA01075,AC06471,CU02349,2048-9280-3726-1822,DEBIT,2025-03-11,2028-03-11,ACTIVE
CA01076,AC03093,CU00558,8684-6811-9645-9427,CREDIT,2023-03-02,2028-03-02,BLOCKED
CA01077,AC07179,CU02124,1605-0732-7883-9585,CREDIT,2022-05-14,2027-05-14,ACTIVE
CA01078,AC03641,CU04965,6847-4126-9352-7647,DEBIT,2020-03-26,2024-03-26,ACTIVE
CA01079,AC05409,CU04968,0198-9416-0419-2669,DEBIT,2020-11-08,2025-11-08,BLOCKED
CA01080,AC07750,CU04909,1103-8517-1164-0422,CREDIT,2024-12-16,2027-12-16,BLOCKED
CA01081,AC01774,CU04649,3781-5495-7637-0205,CREDIT,2020-04-13,2025-04-13,BLOCKED
CA01082,AC06556,CU01823,0449-2653-2645-0043,CREDIT,2021-03-05,2025-03-05,EXPIRED
CA01083,AC05073,CU03310,4681-4871-2917-4262,CREDIT,2023-07-14,2026-07-14,BLOCKED
CA01084,AC01824,CU00818,9128-7128-2849-2165,DEBIT,2023-06-18,2028-06-18,ACTIVE
CA01085,AC04144,CU04332,3953-0316-0205-8454,CREDIT,2024-12-13,2029-12-13,EXPIRED
CA01086,AC07074,CU01852,5670-7382-6713-3355,DEBIT,2024-01-20,2028-01-20,EXPIRED
CA01087,AC03729,CU02743,6727-2276-5041-8256,CREDIT,2024-03-06,2027-03-06,BLOCKED
CA01088,AC02398,CU04022,4305-0397-5607-3678,DEBIT,2023-04-13,2026-04-13,BLOCKED
CA01089,AC00105,CU04300,7104-8983-0411-8025,DEBIT,2023-04-21,2028-04-21,ACTIVE
CA01090,AC05826,CU03689,1744-8465-2346-8374,CREDIT,2025-06-29,2030-06-29,EXPIRED
CA01091,AC05669,CU04957,6884-8162-4114-5517,DEBIT,2020-02-21,2025-02-21,BLOCKED
CA01092,AC02810,CU01343,5247-7404-5548-6459,CREDIT,2025-09-20,2030-09-20,BLOCKED
CA01093,AC05534,CU03426,0478-9366-2754-6950,CREDIT,2022-12-09,2025-12-09,ACTIVE
CA01094,AC02142,CU03609,9948-7020-5894-4932,DEBIT,2025-08-03,2030-08-03,EXPIRED
CA01095,AC06018,CU02647,9496-5632-9834-3035,DEBIT,2021-12-30,2026-12-30,EXPIRED
CA01096,AC03870,CU04304,3258-2440-7426-0714,CREDIT,2020-11-12,2023-11-12,ACTIVE
CA01097,AC05589,CU00531,5550-2507-6527-8902,CREDIT,2022-10-18,2026-10-18,EXPIRED
CA01098,AC04750,CU03569,8476-0218-1134-7018,DEBIT,2025-05-21,2030-05-21,BLOCKED
CA01099,AC02817,CU03620,8866-2468-7696-0863,DEBIT,2024-05-07,2027-05-07,EXPIRED
CA01100,AC04810,CU01866,3403-1990-1893-7759,CREDIT,2023-03-03,2028-03-03,ACTIVE
CA01101,AC00545,CU03463,1510-7354-2941-7641,CREDIT,2025-03-26,2030-03-26,EXPIRED
CA01102,AC05934,CU02801,8170-8458-3663-2684,CREDIT,2024-12-16,2029-12-16,BLOCKED
CA01103,AC03344,CU04379,9162-3686-2992-5677,DEBIT,2025-03-30,2030-03-30,BLOCKED
CA01104,AC05779,CU03645,1031-5573-2872-3644,DEBIT,2024-11-02,2029-11-02,ACTIVE
CA01105,AC03148,CU01051,3886-6171-5586-2415,DEBIT,2021-04-23,2024-04-23,ACTIVE
CA01106,AC05725,CU03133,2673-7190-0387-6313,CREDIT,2023-08-31,2028-08-31,ACTIVE
CA01107,AC02972,CU03918,8124-8714-7178-6820,DEBIT,2022-07-12,2027-07-12,ACTIVE
CA01108,AC02974,CU04441,2254-9179-5013-0434,DEBIT,2025-03-19,2029-03-19,BLOCKED
CA01109,AC07895,CU01960,2781-9335-9703-5084,CREDIT,2025-11-13,2028-11-13,BLOCKED
CA01110,AC00746,CU00236,7510-3391-5769-0269,CREDIT,2023-01-11,2027-01-11,EXPIRED
CA01111,AC03071,CU00020,5482-7265-4445-7891,CREDIT,2025-04-20,2028-04-20,ACTIVE
CA01112,AC00356,CU04331,5804-3608-0077-5796,CREDIT,2021-05-11,2024-05-11,EXPIRED
CA01113,AC01177,CU02967,1602-9117-2589-5685,DEBIT,2022-09-26,2025-09-26,EXPIRED
CA01114,AC07309,CU02743,4035-8762-8593-6751,DEBIT,2025-01-26,2028-01-26,BLOCKED
CA01115,AC05030,CU01835,9924-4918-4150-9016,DEBIT,2022-01-12,2027-01-12,BLOCKED
CA01116,AC03580,CU00724,6755-2853-7949-9783,DEBIT,2021-07-11,2024-07-11,ACTIVE
CA01117,AC06220,CU00608,2948-9206-3230-7408,CREDIT,2022-10-05,2025-10-05,BLOCKED
CA01118,AC02365,CU04890,1631-3604-5835-1319,CREDIT,2023-12-27,2027-12-27,EXPIRED
CA01119,AC03664,CU00199,0408-5271-6536-2394,CREDIT,2022-10-14,2025-10-14,BLOCKED
CA01120,AC03651,CU03420,8428-3219-1537-8831,CREDIT,2024-03-06,2029-03-06,BLOCKED
CA01121,AC00276,CU00490,7237-8292-3010-1115,DEBIT,2023-01-05,2027-01-05,EXPIRED
CA01122,AC03179,CU04292,3154-9813-4546-2104,DEBIT,2021-03-08,2026-03-08,ACTIVE
CA01123,AC05005,CU01792,7253-2140-6925-2819,DEBIT,2023-06-21,2027-06-21,EXPIRED
CA01124,AC03597,CU03680,3237-5250-6194-7463,DEBIT,2025-12-24,2029-12-24,BLOCKED
CA01125,AC03080,CU02519,4775-5771-4604-1983,DEBIT,2024-09-01,2027-09-01,EXPIRED
CA01126,AC06555,CU01133,2626-4466-9966-7333,CREDIT,2024-02-01,2028-02-01,EXPIRED
CA01127,AC07661,CU01712,3924-9398-2116-5924,CREDIT,2021-09-11,2024-09-11,ACTIVE
CA01128,AC04485,CU01118,9001-3282-0409-4010,CREDIT,2023-07-14,2027-07-14,ACTIVE
CA01129,AC04994,CU01323,0099-4404-8265-9719,DEBIT,2023-07-10,2028-07-10,EXPIRED
CA01130,AC05618,CU03773,2449-1582-6542-7779,DEBIT,2020-09-05,2025-09-05,ACTIVE
CA01131,AC05262,CU00877,6815-3223-9830-6191,DEBIT,2025-09-24,2028-09-24,BLOCKED
CA01132,AC06360,CU02126,9786-1433-7250-5259,DEBIT,2025-12-05,2028-12-05,BLOCKED
CA01133,AC00576,CU04195,4665-2808-7660-3185,DEBIT,2021-04-08,2024-04-08,ACTIVE
CA01134,AC05346,CU04129,9156-6445-1469-4202,DEBIT,2025-08-27,2029-08-27,EXPIRED
CA01135,AC07882,CU00275,3850-4334-9395-3494,DEBIT,2022-05-29,2027-05-29,EXPIRED
CA01136,AC01735,CU04949,6984-4524-7149-3427,CREDIT,2021-03-01,2024-03-01,ACTIVE
CA01137,AC07088,CU00750,3491-2573-8396-6238,DEBIT,2021-03-29,2024-03-29,BLOCKED
CA01138,AC07984,CU00920,0674-5389-6287-8693,DEBIT,2021-07-04,2025-07-04,BLOCKED
CA01139,AC01080,CU01430,5199-8719-5619-5982,DEBIT,2023-07-12,2028-07-12,ACTIVE
CA01140,AC03021,CU01653,6234-0589-4629-5635,CREDIT,2024-03-19,2027-03-19,ACTIVE
CA01141,AC04194,CU00696,7216-2869-9739-6802,DEBIT,2020-01-02,2025-01-02,ACTIVE
CA01142,AC04946,CU03494,1641-4127-9913-5940,CREDIT,2024-06-06,2027-06-06,ACTIVE
CA01143,AC04794,CU03295,2261-3679-0314-2266,DEBIT,2020-12-26,2023-12-26,EXPIRED
CA01144,AC01914,CU02050,8893-4348-5670-0112,DEBIT,2020-04-15,2024-04-15,ACTIVE
CA01145,AC02743,CU03255,0961-4511-5626-2577,CREDIT,2022-12-13,2025-12-13,ACTIVE
CA01146,AC03486,CU03357,0287-1042-3298-5447,DEBIT,2021-06-18,2024-06-18,BLOCKED
CA01147,AC01767,CU01872,3668-6138-8159-2711,CREDIT,2021-08-06,2024-08-06,EXPIRED
CA01148,AC02527,CU03884,8183-6951-4918-0053,CREDIT,2023-10-06,2026-10-06,ACTIVE
CA01149,AC00361,CU04946,6625-5998-3124-0482,DEBIT,2024-09-29,2027-09-29,ACTIVE
CA01150,AC03570,CU02957,6139-4114-4683-7733,CREDIT,2020-09-04,2023-09-04,ACTIVE
CA01151,AC06798,CU02895,3649-2110-3767-3013,CREDIT,2025-07-24,2030-07-24,EXPIRED
CA01152,AC04097,CU01889,0785-6416-0186-5815,CREDIT,2023-06-15,2027-06-15,ACTIVE
CA01153,AC06254,CU00179,0702-8732-6815-0109,CREDIT,2023-01-25,2027-01-25,BLOCKED
CA01154,AC07597,CU03235,4555-6031-0586-0359,DEBIT,2022-08-26,2027-08-26,BLOCKED
CA01155,AC07228,CU03985,0964-5957-8793-2224,CREDIT,2023-11-10,2026-11-10,EXPIRED
CA01156,AC02672,CU01193,7582-3200-9856-4749,DEBIT,2021-04-21,2025-04-21,BLOCKED
CA01157,AC05684,CU03104,9841-7366-3273-4699,DEBIT,2025-07-31,2029-07-31,EXPIRED
CA01158,AC07435,CU04988,2915-7056-4610-3918,CREDIT,2023-11-22,2026-11-22,EXPIRED
CA01159,AC01764,CU01835,2304-1817-2669-0277,DEBIT,2024-09-01,2029-09-01,EXPIRED
CA01160,AC07862,CU00676,2693-7325-4864-8546,CREDIT,2024-03-26,2027-03-26,EXPIRED
CA01161,AC06852,CU00136,0163-1790-0678-9095,CREDIT,2024-12-20,2028-12-20,ACTIVE
CA01162,AC04924,CU00006,3461-5610-3856-2321,CREDIT,2022-06-10,2025-06-10,ACTIVE
CA01163,AC01997,CU04748,3901-2242-0613-8000,DEBIT,2020-12-26,2025-12-26,ACTIVE
CA01164,AC06628,CU03948,6779-7006-0178-3676,CREDIT,2022-04-03,2025-04-03,ACTIVE
CA01165,AC04413,CU04705,6995-8837-9359-2985,CREDIT,2024-03-29,2028-03-29,ACTIVE
CA01166,AC07070,CU02252,7537-2809-8301-4597,DEBIT,2021-08-17,2026-08-17,BLOCKED
CA01167,AC07736,CU03202,4354-3322-0396-8433,CREDIT,2020-12-01,2025-12-01,BLOCKED
CA01168,AC01560,CU03301,6608-3936-0837-7210,DEBIT,2024-11-11,2028-11-11,BLOCKED
CA01169,AC00041,CU01641,2914-4028-8296-2803,CREDIT,2023-08-10,2028-08-10,EXPIRED
CA01170,AC06962,CU02347,7245-3524-6746-2165,CREDIT,2024-12-04,2028-12-04,EXPIRED
CA01171,AC07049,CU03930,2901-2406-3578-1878,CREDIT,2023-01-29,2026-01-29,EXPIRED
CA01172,AC04717,CU04850,6965-5044-4158-1975,DEBIT,2023-02-05,2026-02-05,EXPIRED
CA01173,AC07152,CU01712,3604-9100-0985-3001,DEBIT,2022-11-25,2026-11-25,ACTIVE
CA01174,AC01551,CU03495,9176-0308-9487-0622,CREDIT,2020-02-15,2024-02-15,BLOCKED
CA01175,AC02991,CU02271,5354-8635-2018-3768,CREDIT,2024-12-11,2028-12-11,BLOCKED
CA01176,AC02587,CU01024,7627-6987-6430-2973,DEBIT,2022-06-14,2025-06-14,BLOCKED
CA01177,AC04583,CU04309,6924-9769-9871-2472,DEBIT,2022-02-07,2027-02-07,EXPIRED
CA01178,AC00877,CU02379,5964-7980-0654-6859,DEBIT,2024-11-10,2028-11-10,ACTIVE
CA01179,AC02494,CU04699,6013-0982-3179-1959,CREDIT,2021-03-03,2025-03-03,ACTIVE
CA01180,AC07006,CU04667,3811-8370-7016-7585,CREDIT,2023-03-21,2026-03-21,ACTIVE
CA01181,AC00147,CU04094,7841-4421-0246-1340,CREDIT,2021-11-08,2026-11-08,ACTIVE
CA01182,AC04026,CU02938,2192-4774-7779-4055,DEBIT,2023-02-16,2028-02-16,BLOCKED
CA01183,AC07976,CU03156,8038-1758-4269-9374,CREDIT,2022-04-24,2027-04-24,EXPIRED
CA01184,AC02004,CU03637,9281-2383-1320-4048,DEBIT,2023-04-05,2026-04-05,EXPIRED
CA01185,AC02447,CU04652,7195-9308-4380-9339,DEBIT,2022-07-27,2026-07-27,BLOCKED
CA01186,AC05200,CU04605,3750-0143-5537-8938,DEBIT,2022-06-16,2027-06-16,ACTIVE
CA01187,AC02102,CU03454,1778-1979-0215-2658,CREDIT,2024-08-25,2027-08-25,BLOCKED
CA01188,AC03869,CU02090,5473-1336-1399-2059,CREDIT,2022-12-10,2027-12-10,ACTIVE
CA01189,AC06958,CU02106,9840-6010-5071-4518,DEBIT,2024-08-09,2029-08-09,BLOCKED
CA01190,AC07861,CU03287,2818-6267-5202-1041,CREDIT,2020-03-30,2025-03-30,ACTIVE
CA01191,AC02279,CU03732,6157-9711-1286-9340,DEBIT,2025-10-06,2028-10-06,EXPIRED
CA01192,AC05937,CU01148,5627-3394-8188-8079,DEBIT,2025-04-07,2029-04-07,EXPIRED
CA01193,AC04588,CU04851,9796-1296-8461-5859,CREDIT,2022-10-24,2025-10-24,ACTIVE
CA01194,AC03190,CU00757,6543-6918-6102-3852,DEBIT,2024-12-04,2028-12-04,ACTIVE
CA01195,AC02255,CU04619,4816-0364-0287-6504,DEBIT,2023-04-08,2026-04-08,BLOCKED
CA01196,AC02243,CU01674,0826-8898-0753-1317,CREDIT,2021-10-08,2026-10-08,EXPIRED
CA01197,AC07185,CU02285,5257-5163-1069-7993,CREDIT,2022-09-16,2025-09-16,BLOCKED
CA01198,AC07720,CU04995,0379-8069-7992-7515,CREDIT,2025-07-03,2030-07-03,EXPIRED
CA01199,AC03129,CU03124,4586-1408-6953-8577,CREDIT,2022-03-11,2026-03-11,ACTIVE
CA01200,AC07785,CU02605,0259-0628-9966-9959,CREDIT,2023-12-09,2028-12-09,BLOCKED
CA01201,AC05813,CU03279,6784-6184-9964-8666,DEBIT,2021-10-18,2024-10-18,EXPIRED
CA01202,AC07037,CU04198,0747-3999-6237-3504,DEBIT,2020-07-08,2024-07-08,ACTIVE
CA01203,AC03256,CU04794,9061-3341-8952-8342,DEBIT,2023-10-12,2028-10-12,EXPIRED
CA01204,AC07273,CU01464,7118-8654-9937-6698,DEBIT,2020-10-25,2023-10-25,EXPIRED
CA01205,AC01747,CU00005,5505-7855-3610-3106,CREDIT,2025-11-27,2029-11-27,BLOCKED
CA01206,AC02096,CU03093,4500-1062-3700-8508,DEBIT,2020-08-18,2023-08-18,ACTIVE
CA01207,AC05360,CU00946,0728-9579-8712-5809,DEBIT,2022-08-27,2025-08-27,EXPIRED
CA01208,AC07214,CU00159,1771-1247-6956-4888,DEBIT,2024-02-11,2027-02-11,BLOCKED
CA01209,AC07619,CU01659,3805-3943-0451-8317,CREDIT,2020-07-23,2024-07-23,ACTIVE
CA01210,AC03898,CU02249,6952-3364-9472-2941,DEBIT,2020-05-13,2025-05-13,BLOCKED
CA01211,AC04086,CU01089,6633-4404-5974-8012,DEBIT,2021-10-02,2024-10-02,BLOCKED
CA01212,AC00643,CU03640,4444-0980-8923-2963,CREDIT,2020-04-18,2023-04-18,ACTIVE
CA01213,AC07813,CU02095,7242-9765-0098-9591,CREDIT,2024-06-26,2029-06-26,BLOCKED
CA01214,AC04595,CU02942,5244-5990-8397-2856,DEBIT,2024-01-30,2029-01-30,BLOCKED
CA01215,AC03212,CU02551,7837-1894-9889-7471,DEBIT,2021-05-07,2026-05-07,ACTIVE
CA01216,AC04004,CU03982,7183-6431-0759-0554,DEBIT,2020-04-06,2023-04-06,BLOCKED
CA01217,AC07470,CU01456,9365-0778-6759-4854,CREDIT,2023-06-09,2026-06-09,EXPIRED
CA01218,AC06308,CU00856,7271-6480-6112-6155,DEBIT,2023-04-30,2026-04-30,BLOCKED
CA01219,AC00031,CU02206,2870-1765-9579-7095,DEBIT,2024-01-18,2029-01-18,BLOCKED
CA01220,AC02683,CU02388,2092-7147-1065-3726,DEBIT,2020-01-30,2024-01-30,ACTIVE
CA01221,AC05279,CU01737,5765-8906-1508-1301,DEBIT,2020-07-26,2025-07-26,EXPIRED
CA01222,AC05724,CU00427,8016-0433-9507-1330,CREDIT,2022-12-13,2027-12-13,EXPIRED
CA01223,AC06817,CU03929,9609-4581-6351-0582,DEBIT,2025-05-21,2029-05-21,ACTIVE
CA01224,AC03783,CU02353,5971-4641-2413-3942,DEBIT,2022-10-28,2026-10-28,EXPIRED
CA01225,AC04219,CU02107,4059-4040-3731-3061,DEBIT,2022-09-29,2025-09-29,EXPIRED
CA01226,AC05394,CU01783,9573-6256-3920-3124,CREDIT,2024-05-19,2028-05-19,ACTIVE
CA01227,AC04320,CU01189,0686-9827-3022-6148,DEBIT,2024-08-23,2029-08-23,BLOCKED
CA01228,AC06685,CU04956,1426-7597-0517-0483,CREDIT,2023-01-18,2027-01-18,EXPIRED
CA01229,AC05362,CU02092,9380-7763-7558-0734,DEBIT,2022-04-03,2025-04-03,ACTIVE
CA01230,AC07009,CU01902,9349-5569-6501-8809,DEBIT,2020-04-13,2025-04-13,BLOCKED
CA01231,AC01968,CU00622,3435-7613-6462-5011,CREDIT,2024-02-13,2027-02-13,EXPIRED
CA01232,AC06731,CU04908,4133-1230-3630-0327,CREDIT,2025-12-07,2029-12-07,EXPIRED
CA01233,AC03603,CU02922,1679-4880-0405-5045,DEBIT,2021-01-20,2026-01-20,ACTIVE
CA01234,AC02298,CU02597,9290-4975-6303-1565,DEBIT,2020-06-25,2023-06-25,BLOCKED
CA01235,AC06490,CU00955,7523-5769-4952-5152,DEBIT,2025-07-29,2029-07-29,BLOCKED
CA01236,AC04567,CU03635,9879-0818-1627-9788,CREDIT,2022-10-24,2027-10-24,ACTIVE
CA01237,AC05291,CU01443,4722-4040-1809-0435,DEBIT,2020-09-30,2025-09-30,ACTIVE
CA01238,AC07323,CU00692,5649-7831-5690-4805,DEBIT,2025-03-04,2029-03-04,EXPIRED
CA01239,AC01067,CU03911,8410-9490-9119-1187,CREDIT,2020-10-10,2025-10-10,BLOCKED
CA01240,AC03624,CU03740,5173-0023-1927-4745,CREDIT,2021-01-19,2025-01-19,BLOCKED
CA01241,AC04572,CU02120,7120-2795-1228-4952,DEBIT,2025-07-28,2028-07-28,EXPIRED
CA01242,AC04982,CU03262,8243-0344-2472-2521,CREDIT,2020-02-14,2025-02-14,BLOCKED
CA01243,AC00503,CU01970,0009-7540-2175-5299,CREDIT,2022-05-21,2027-05-21,BLOCKED
CA01244,AC03436,CU01905,5241-6198-9037-4607,CREDIT,2022-06-04,2027-06-04,BLOCKED
CA01245,AC00480,CU00852,1984-1286-3097-0643,CREDIT,2023-02-28,2026-02-28,BLOCKED
CA01246,AC00824,CU00231,2696-5691-9930-4958,CREDIT,2025-04-04,2028-04-04,ACTIVE
CA01247,AC02520,CU01699,0554-5602-6888-1359,CREDIT,2024-09-10,2027-09-10,BLOCKED
CA01248,AC05164,CU02321,7483-4319-4894-2190,CREDIT,2022-01-03,2025-01-03,EXPIRED
CA01249,AC06491,CU02722,6658-2973-4354-1473,CREDIT,2024-07-03,2027-07-03,ACTIVE
CA01250,AC03255,CU01799,3057-1618-7515-6663,DEBIT,2021-04-01,2024-04-01,BLOCKED
CA01251,AC04920,CU04951,3962-1053-3568-2490,CREDIT,2024-08-28,2027-08-28,EXPIRED
CA01252,AC07040,CU03074,4233-3791-7123-9314,CREDIT,2022-02-10,2026-02-10,EXPIRED
CA01253,AC01855,CU01050,0766-9837-8054-1605,DEBIT,2024-04-30,2027-04-30,ACTIVE
CA01254,AC06874,CU04961,8352-5617-7070-8524,CREDIT,2021-03-15,2026-03-15,EXPIRED
CA01255,AC01085,CU01579,4224-6445-5227-1481,CREDIT,2021-01-20,2025-01-20,EXPIRED
CA01256,AC00712,CU00773,8831-3025-2533-8472,DEBIT,2024-09-23,2028-09-23,EXPIRED
CA01257,AC05167,CU01155,0065-8105-9810-1568,CREDIT,2025-07-01,2030-07-01,EXPIRED
CA01258,AC05243,CU04069,6943-1883-2100-6340,DEBIT,2022-10-02,2025-10-02,EXPIRED
CA01259,AC05389,CU04145,6117-7726-9717-6075,CREDIT,2020-05-05,2025-05-05,BLOCKED
CA01260,AC03963,CU04761,5176-3233-9661-1377,CREDIT,2021-06-12,2026-06-12,ACTIVE
CA01261,AC03217,CU01850,2268-7140-5599-7109,DEBIT,2021-02-05,2026-02-05,BLOCKED
CA01262,AC06724,CU00288,0604-6339-1141-0801,DEBIT,2025-11-27,2028-11-27,ACTIVE
CA01263,AC06826,CU03239,8890-5466-8408-0681,DEBIT,2024-11-30,2028-11-30,BLOCKED
CA01264,AC07729,CU02891,6127-4586-4419-9061,CREDIT,2020-07-28,2024-07-28,ACTIVE
CA01265,AC01800,CU02394,7182-6576-5971-6123,DEBIT,2023-07-18,2026-07-18,BLOCKED
CA01266,AC06784,CU01963,9565-4687-7551-7348,CREDIT,2024-09-23,2028-09-23,ACTIVE
CA01267,AC00845,CU00302,1610-5634-4554-5160,CREDIT,2024-01-13,2029-01-13,ACTIVE
CA01268,AC00351,CU01044,3573-0505-1527-1099,CREDIT,2025-10-28,2030-10-28,EXPIRED
CA01269,AC01300,CU03881,2251-5448-0091-6055,CREDIT,2024-08-06,2027-08-06,ACTIVE
CA01270,AC05888,CU01281,1148-4341-7996-2611,DEBIT,2023-01-10,2026-01-10,ACTIVE
CA01271,AC04135,CU00595,5366-0980-4365-3661,DEBIT,2020-11-23,2023-11-23,BLOCKED
CA01272,AC03385,CU01600,8016-2516-1450-1619,DEBIT,2025-05-07,2028-05-07,EXPIRED
CA01273,AC00755,CU01570,2497-4677-1123-3052,CREDIT,2024-11-24,2027-11-24,ACTIVE
CA01274,AC04480,CU02550,5761-3040-2847-6112,DEBIT,2025-07-13,2029-07-13,ACTIVE
CA01275,AC07017,CU04112,4205-0915-6466-4153,CREDIT,2023-06-22,2028-06-22,EXPIRED
CA01276,AC00296,CU00854,7021-9970-2953-6191,CREDIT,2021-01-06,2025-01-06,EXPIRED
CA01277,AC00502,CU02012,2770-2434-5736-4134,DEBIT,2023-07-30,2026-07-30,ACTIVE
CA01278,AC00663,CU02936,0155-4056-2097-9567,DEBIT,2021-08-04,2026-08-04,ACTIVE
CA01279,AC00648,CU01502,0369-5974-2264-9915,DEBIT,2022-09-17,2025-09-17,BLOCKED
CA01280,AC03817,CU02419,5121-3873-7009-7680,DEBIT,2024-11-05,2028-11-05,EXPIRED
CA01281,AC02019,CU00961,6882-7936-9632-6496,CREDIT,2025-12-20,2029-12-20,BLOCKED
CA01282,AC04926,CU00155,4785-4370-7976-5450,CREDIT,2023-01-26,2028-01-26,ACTIVE
CA01283,AC01749,CU02892,5117-2354-0899-5303,CREDIT,2022-03-16,2027-03-16,ACTIVE
CA01284,AC05718,CU01311,4245-2203-3218-8622,CREDIT,2023-04-02,2028-04-02,EXPIRED
CA01285,AC07112,CU02306,9064-4732-2988-8683,DEBIT,2024-09-16,2027-09-16,BLOCKED
CA01286,AC01888,CU04873,5571-5684-2502-9408,CREDIT,2020-04-20,2023-04-20,BLOCKED
CA01287,AC01887,CU03577,9724-0271-5127-3539,CREDIT,2020-06-21,2024-06-21,BLOCKED
CA01288,AC06266,CU04629,4294-4682-3244-9384,CREDIT,2022-03-02,2026-03-02,BLOCKED
CA01289,AC02983,CU04623,3191-9229-1225-1453,DEBIT,2021-12-31,2024-12-31,EXPIRED
CA01290,AC03735,CU04188,9793-2864-4022-2312,DEBIT,2025-03-19,2030-03-19,BLOCKED
CA01291,AC06122,CU01458,7413-2548-1108-6159,CREDIT,2022-02-19,2025-02-19,EXPIRED
CA01292,AC01847,CU02845,1135-2939-6983-9418,CREDIT,2025-02-21,2028-02-21,ACTIVE
CA01293,AC00314,CU01271,8787-6526-4179-5456,CREDIT,2021-01-04,2024-01-04,ACTIVE
CA01294,AC06288,CU00561,1733-7843-5710-8981,CREDIT,2022-11-19,2025-11-19,EXPIRED
CA01295,AC04032,CU04074,5792-5329-7937-9582,CREDIT,2020-01-05,2025-01-05,BLOCKED
CA01296,AC07848,CU01641,8513-1193-1136-6100,CREDIT,2024-08-07,2029-08-07,EXPIRED
CA01297,AC04676,CU01453,8952-3083-3822-0288,DEBIT,2025-03-30,2030-03-30,BLOCKED
CA01298,AC06787,CU03661,4341-2952-8031-6898,CREDIT,2025-09-06,2029-09-06,ACTIVE
CA01299,AC07970,CU01297,8570-8692-1535-6928,DEBIT,2023-01-23,2026-01-23,BLOCKED
CA01300,AC01834,CU04560,5925-1107-5769-0705,CREDIT,2021-11-24,2024-11-24,ACTIVE
CA01301,AC05225,CU03722,2653-1108-2908-3416,DEBIT,2022-10-18,2027-10-18,BLOCKED
CA01302,AC01971,CU04645,8802-6195-0669-5326,DEBIT,2024-04-02,2028-04-02,BLOCKED
CA01303,AC06964,CU02554,5277-7374-3463-7561,CREDIT,2021-11-13,2024-11-13,BLOCKED
CA01304,AC04918,CU00923,7759-5718-2655-7709,DEBIT,2020-06-18,2023-06-18,BLOCKED
CA01305,AC01340,CU00590,1183-2609-4074-7819,DEBIT,2020-07-14,2024-07-14,ACTIVE
CA01306,AC01619,CU00517,9126-8855-0171-7560,CREDIT,2022-04-25,2025-04-25,ACTIVE
CA01307,AC02659,CU00836,9118-8635-4852-2416,CREDIT,2024-03-27,2029-03-27,ACTIVE
CA01308,AC05881,CU00836,3245-5534-8988-6289,DEBIT,2023-01-07,2026-01-07,ACTIVE
CA01309,AC04227,CU04178,9992-8551-2013-9768,DEBIT,2020-11-20,2025-11-20,ACTIVE
CA01310,AC04855,CU02297,7792-0521-4289-7158,DEBIT,2021-06-24,2025-06-24,ACTIVE
CA01311,AC07821,CU00589,9120-2949-3262-0457,DEBIT,2021-10-07,2025-10-07,BLOCKED
CA01312,AC05595,CU00655,2264-8960-5345-9788,DEBIT,2022-10-24,2025-10-24,EXPIRED
CA01313,AC05848,CU04650,8767-2475-9707-4447,CREDIT,2021-10-09,2026-10-09,EXPIRED
CA01314,AC06846,CU03498,2290-9162-3821-3490,CREDIT,2020-02-24,2023-02-24,ACTIVE
CA01315,AC03334,CU03402,0265-2393-1025-3427,DEBIT,2020-10-04,2023-10-04,ACTIVE
CA01316,AC03054,CU04994,7880-2635-6100-4313,DEBIT,2020-03-31,2024-03-31,BLOCKED
CA01317,AC04427,CU00128,1664-7596-5376-1398,CREDIT,2025-06-30,2029-06-30,BLOCKED
CA01318,AC04715,CU01038,3294-8293-6840-5281,CREDIT,2021-09-25,2024-09-25,ACTIVE
CA01319,AC04230,CU00690,3573-0890-9025-8771,CREDIT,2021-01-28,2026-01-28,BLOCKED
CA01320,AC00243,CU04404,9196-6346-1503-0422,CREDIT,2023-01-15,2027-01-15,ACTIVE
CA01321,AC02002,CU02472,7384-1730-5580-5515,CREDIT,2022-12-10,2026-12-10,EXPIRED
CA01322,AC03688,CU04407,7146-7996-3308-9497,DEBIT,2021-07-27,2024-07-27,ACTIVE
CA01323,AC06227,CU02375,1749-8463-1387-9583,CREDIT,2022-02-22,2027-02-22,EXPIRED
CA01324,AC03837,CU04375,1829-7681-4365-4888,CREDIT,2023-01-12,2026-01-12,BLOCKED
CA01325,AC02442,CU03660,8963-6612-5775-3507,CREDIT,2020-08-01,2024-08-01,EXPIRED
CA01326,AC03387,CU03448,0165-6595-7337-1372,CREDIT,2022-05-14,2027-05-14,EXPIRED
CA01327,AC01223,CU01489,4663-4167-5777-7285,DEBIT,2021-08-26,2024-08-26,BLOCKED
CA01328,AC01861,CU04125,2707-3905-4969-5382,DEBIT,2020-09-25,2023-09-25,ACTIVE
CA01329,AC07658,CU00365,6357-8380-1317-7120,DEBIT,2024-06-21,2029-06-21,ACTIVE
CA01330,AC05467,CU04378,7616-3647-0373-4758,CREDIT,2022-01-17,2025-01-17,EXPIRED
CA01331,AC06912,CU01174,5930-9176-0420-2838,DEBIT,2022-06-10,2025-06-10,ACTIVE
CA01332,AC01504,CU04466,4569-8423-8387-9651,DEBIT,2021-03-24,2026-03-24,BLOCKED
CA01333,AC03269,CU01659,4765-4776-8149-1158,DEBIT,2021-10-29,2026-10-29,ACTIVE
CA01334,AC03408,CU04335,7765-6355-8772-1708,CREDIT,2024-02-21,2028-02-21,EXPIRED
CA01335,AC02393,CU00873,1073-6231-5580-5670,DEBIT,2021-10-04,2024-10-04,EXPIRED
CA01336,AC07279,CU00716,5829-8457-9082-9597,DEBIT,2022-02-11,2027-02-11,BLOCKED
CA01337,AC02731,CU04480,3141-6881-0002-1446,CREDIT,2020-11-21,2024-11-21,EXPIRED
CA01338,AC06197,CU02559,8592-7965-1893-7502,CREDIT,2024-09-22,2029-09-22,BLOCKED
CA01339,AC05270,CU00846,9578-9411-9701-7585,CREDIT,2020-11-03,2025-11-03,BLOCKED
CA01340,AC05022,CU02691,2137-5964-5651-5622,DEBIT,2024-09-03,2027-09-03,ACTIVE
CA01341,AC02505,CU02504,7457-6971-4841-5150,DEBIT,2023-12-16,2028-12-16,EXPIRED
CA01342,AC03415,CU00239,3094-3413-8823-7071,CREDIT,2023-06-22,2026-06-22,EXPIRED
CA01343,AC06123,CU03722,0144-3465-8079-7894,DEBIT,2020-12-25,2024-12-25,ACTIVE
CA01344,AC04022,CU01709,2897-8657-8569-8634,CREDIT,2020-08-26,2024-08-26,ACTIVE
CA01345,AC07554,CU02372,8507-3620-3322-8078,DEBIT,2021-09-12,2026-09-12,EXPIRED
CA01346,AC04324,CU03317,2926-4649-3473-0335,DEBIT,2023-03-07,2028-03-07,BLOCKED
CA01347,AC02198,CU02282,4660-7031-3693-5913,CREDIT,2025-12-17,2029-12-17,ACTIVE
CA01348,AC00935,CU00570,5464-4987-2735-4994,CREDIT,2022-07-26,2026-07-26,BLOCKED
CA01349,AC06690,CU01473,0173-1345-0871-5471,DEBIT,2022-09-24,2026-09-24,EXPIRED
CA01350,AC03655,CU04889,8893-2913-1874-5803,CREDIT,2025-02-04,2030-02-04,ACTIVE
CA01351,AC00345,CU01475,6384-2022-0100-6881,DEBIT,2022-11-28,2025-11-28,ACTIVE
CA01352,AC01459,CU01715,2062-9675-9043-8908,DEBIT,2020-08-16,2025-08-16,EXPIRED
CA01353,AC05740,CU03371,8523-3123-7338-8533,CREDIT,2021-12-20,2026-12-20,EXPIRED
CA01354,AC00093,CU02637,5183-4741-6873-8597,DEBIT,2020-02-11,2025-02-11,BLOCKED
CA01355,AC02103,CU01950,6810-6890-0364-9812,DEBIT,2020-05-15,2023-05-15,ACTIVE
CA01356,AC06873,CU00884,0474-6664-4269-9497,DEBIT,2024-04-07,2029-04-07,ACTIVE
CA01357,AC04941,CU01932,7005-3629-7413-3267,DEBIT,2022-03-18,2027-03-18,EXPIRED
CA01358,AC04732,CU02733,5164-3540-2318-4464,DEBIT,2020-12-25,2025-12-25,ACTIVE
CA01359,AC05984,CU01415,0938-0103-4822-6904,DEBIT,2021-10-23,2024-10-23,ACTIVE
CA01360,AC05753,CU00748,0223-2917-3583-0658,DEBIT,2020-01-20,2024-01-20,EXPIRED
CA01361,AC06298,CU01929,5404-3738-2208-1335,CREDIT,2024-09-07,2027-09-07,BLOCKED
CA01362,AC06682,CU00413,9632-7060-9468-2823,DEBIT,2023-12-25,2027-12-25,EXPIRED
CA01363,AC05348,CU04532,6910-6428-4895-7176,CREDIT,2024-03-06,2027-03-06,BLOCKED
CA01364,AC07144,CU00234,0193-6751-5019-3761,DEBIT,2021-09-11,2025-09-11,EXPIRED
CA01365,AC00991,CU04135,1334-8225-0996-8146,DEBIT,2024-10-14,2027-10-14,ACTIVE
CA01366,AC02495,CU04383,5758-0486-9157-1110,CREDIT,2020-01-31,2024-01-31,BLOCKED
CA01367,AC04271,CU04793,4497-0676-5539-9858,CREDIT,2021-06-13,2025-06-13,BLOCKED
CA01368,AC04167,CU01590,7559-7383-6957-3798,DEBIT,2020-09-14,2023-09-14,EXPIRED
CA01369,AC03559,CU04167,2379-8942-2592-6319,DEBIT,2020-12-02,2024-12-02,ACTIVE
CA01370,AC01191,CU01752,3544-0974-1892-7536,CREDIT,2020-05-10,2023-05-10,ACTIVE
CA01371,AC03530,CU00975,9940-1153-9413-5579,DEBIT,2024-10-11,2028-10-11,ACTIVE
CA01372,AC06238,CU03530,2964-3026-9953-8849,DEBIT,2024-04-12,2027-04-12,ACTIVE
CA01373,AC07454,CU02134,6683-5231-0966-4938,DEBIT,2025-06-08,2028-06-08,BLOCKED
CA01374,AC01576,CU01712,2433-6242-2897-9005,DEBIT,2025-06-06,2028-06-06,ACTIVE
CA01375,AC04501,CU01045,4842-1455-1486-2767,DEBIT,2023-08-28,2026-08-28,BLOCKED
CA01376,AC06539,CU00250,9100-8014-5277-9689,DEBIT,2022-06-23,2026-06-23,EXPIRED
CA01377,AC00929,CU03562,4577-1474-7446-1016,CREDIT,2023-06-20,2028-06-20,EXPIRED
CA01378,AC06640,CU01516,0923-7579-2266-3676,CREDIT,2023-11-24,2026-11-24,BLOCKED
CA01379,AC00575,CU03234,4532-9845-9032-8192,CREDIT,2025-05-08,2028-05-08,ACTIVE
CA01380,AC02285,CU03945,2113-4512-0796-9694,CREDIT,2023-03-13,2027-03-13,ACTIVE
CA01381,AC07978,CU04531,4887-3169-3239-9181,DEBIT,2021-11-21,2026-11-21,BLOCKED
CA01382,AC07068,CU03271,7852-8953-8052-7690,CREDIT,2020-01-28,2025-01-28,ACTIVE
CA01383,AC03048,CU01199,5121-9948-5979-2101,DEBIT,2021-12-03,2024-12-03,EXPIRED
CA01384,AC07947,CU00100,7618-8763-1650-2939,DEBIT,2020-03-14,2023-03-14,ACTIVE
CA01385,AC06906,CU02472,7690-4930-6834-5884,DEBIT,2021-05-06,2026-05-06,EXPIRED
CA01386,AC00227,CU04735,6472-5702-9066-7054,DEBIT,2025-07-20,2030-07-20,EXPIRED
CA01387,AC01275,CU03417,2314-9557-7271-0009,DEBIT,2023-07-08,2027-07-08,ACTIVE
CA01388,AC00831,CU03418,8005-3823-0627-2137,CREDIT,2022-08-05,2027-08-05,EXPIRED
CA01389,AC01921,CU00525,1453-2810-8392-7196,CREDIT,2024-09-26,2029-09-26,BLOCKED
CA01390,AC02750,CU01848,0828-9399-4124-8159,CREDIT,2023-10-14,2027-10-14,BLOCKED
CA01391,AC02684,CU03128,5111-3926-0499-4485,CREDIT,2023-01-07,2028-01-07,ACTIVE
CA01392,AC07075,CU00442,5735-1303-7020-8777,CREDIT,2023-01-09,2028-01-09,BLOCKED
CA01393,AC01508,CU01284,0396-2520-6903-4068,CREDIT,2023-11-01,2027-11-01,BLOCKED
CA01394,AC01569,CU00571,3589-1723-1015-0656,CREDIT,2021-11-21,2026-11-21,EXPIRED
CA01395,AC05120,CU00269,6714-1908-1230-3897,DEBIT,2025-06-27,2028-06-27,EXPIRED
CA01396,AC05430,CU00304,9382-8844-2132-4603,CREDIT,2022-05-08,2026-05-08,EXPIRED
CA01397,AC06476,CU04036,3001-2819-8381-1099,CREDIT,2025-01-25,2028-01-25,ACTIVE
CA01398,AC00122,CU02267,5273-9704-7638-0530,CREDIT,2025-05-01,2028-05-01,ACTIVE
CA01399,AC05477,CU01684,1810-9648-9356-3702,DEBIT,2025-01-14,2030-01-14,EXPIRED
CA01400,AC01102,CU01908,4658-6098-3509-9096,DEBIT,2025-03-19,2028-03-19,ACTIVE
CA01401,AC02511,CU04859,2623-6921-6530-5093,CREDIT,2020-06-20,2024-06-20,EXPIRED
CA01402,AC01885,CU01033,9985-1280-0618-1548,DEBIT,2021-02-22,2025-02-22,EXPIRED
CA01403,AC06499,CU00552,0029-3628-0951-1690,CREDIT,2024-03-08,2028-03-08,EXPIRED
CA01404,AC07860,CU01525,3308-8846-5549-8117,DEBIT,2024-05-30,2028-05-30,ACTIVE
CA01405,AC01436,CU01034,3212-5052-8996-4520,CREDIT,2025-10-21,2028-10-21,BLOCKED
CA01406,AC03935,CU04944,2765-5122-1652-5048,CREDIT,2023-03-31,2028-03-31,BLOCKED
CA01407,AC02060,CU02328,1789-0719-3605-3597,DEBIT,2024-01-10,2028-01-10,ACTIVE
CA01408,AC03799,CU01550,9438-2077-8564-5136,CREDIT,2021-04-07,2026-04-07,EXPIRED
CA01409,AC01313,CU04392,9806-0104-3153-5493,CREDIT,2023-11-15,2026-11-15,BLOCKED
CA01410,AC04020,CU00548,2831-6283-5535-5597,DEBIT,2022-04-26,2025-04-26,ACTIVE
CA01411,AC04557,CU04721,9715-6894-6969-1703,DEBIT,2022-10-18,2025-10-18,BLOCKED
CA01412,AC02700,CU03326,3132-2706-7745-9219,CREDIT,2020-10-21,2023-10-21,EXPIRED
CA01413,AC03637,CU03596,6815-3289-1504-1252,CREDIT,2021-04-10,2024-04-10,ACTIVE
CA01414,AC01865,CU00031,4694-8052-8835-5156,DEBIT,2023-12-17,2028-12-17,ACTIVE
CA01415,AC02876,CU04231,2944-1646-7628-8910,DEBIT,2021-09-16,2026-09-16,ACTIVE
CA01416,AC00250,CU01766,8745-2825-9321-4202,DEBIT,2025-08-27,2029-08-27,BLOCKED
CA01417,AC03677,CU02674,0675-0881-8566-7484,DEBIT,2023-06-14,2026-06-14,ACTIVE
CA01418,AC03088,CU04043,5836-5821-7677-3248,DEBIT,2022-04-13,2026-04-13,EXPIRED
CA01419,AC01065,CU02652,9393-1875-1371-2367,CREDIT,2022-10-29,2026-10-29,EXPIRED
CA01420,AC00404,CU04198,5176-1327-1489-6888,DEBIT,2020-04-10,2025-04-10,EXPIRED
CA01421,AC04215,CU00469,7517-5512-1393-8138,CREDIT,2020-06-19,2025-06-19,BLOCKED
CA01422,AC07843,CU02302,3044-6092-9276-5478,CREDIT,2023-12-05,2026-12-05,EXPIRED
CA01423,AC04973,CU04168,6324-5603-1499-9773,CREDIT,2024-03-29,2029-03-29,BLOCKED
CA01424,AC07161,CU03902,8385-2288-6587-2436,CREDIT,2021-05-02,2026-05-02,ACTIVE
CA01425,AC05814,CU01203,0929-1947-1779-6294,DEBIT,2022-10-11,2025-10-11,EXPIRED
CA01426,AC06269,CU00672,9604-6560-9723-2551,CREDIT,2022-04-08,2025-04-08,BLOCKED
CA01427,AC02762,CU00321,9726-3938-2347-3241,CREDIT,2023-04-10,2027-04-10,BLOCKED
CA01428,AC05529,CU02064,1086-2181-2563-1592,DEBIT,2020-06-11,2024-06-11,ACTIVE
CA01429,AC04868,CU01027,5826-0120-9594-3631,DEBIT,2020-08-26,2025-08-26,EXPIRED
CA01430,AC05393,CU00749,9788-5534-8269-9011,CREDIT,2020-03-29,2023-03-29,EXPIRED
CA01431,AC07924,CU01749,9249-1191-7924-5508,DEBIT,2024-08-13,2029-08-13,ACTIVE
CA01432,AC00908,CU00957,8726-4079-1608-1936,DEBIT,2020-11-27,2023-11-27,EXPIRED
CA01433,AC03980,CU01498,5469-0502-9055-1636,CREDIT,2021-03-08,2026-03-08,BLOCKED
CA01434,AC00216,CU04256,4166-0696-7910-0698,CREDIT,2024-08-19,2029-08-19,ACTIVE
CA01435,AC01955,CU03000,2148-2874-6495-4618,CREDIT,2021-10-07,2026-10-07,BLOCKED
CA01436,AC06552,CU00466,5823-3327-2645-2735,CREDIT,2023-10-12,2028-10-12,BLOCKED
CA01437,AC00628,CU03743,8664-8412-3196-1963,DEBIT,2025-10-10,2029-10-10,BLOCKED
CA01438,AC01356,CU00554,0422-6144-9924-3714,DEBIT,2020-12-21,2024-12-21,BLOCKED
CA01439,AC00558,CU01730,9322-8737-0348-9579,DEBIT,2024-04-13,2028-04-13,BLOCKED
CA01440,AC00833,CU04624,5110-6253-1938-3802,DEBIT,2023-10-25,2027-10-25,EXPIRED
CA01441,AC07457,CU02314,4431-5895-1597-4228,CREDIT,2023-07-01,2027-07-01,BLOCKED
CA01442,AC02463,CU03679,2181-5525-5351-0513,CREDIT,2025-12-20,2030-12-20,ACTIVE
CA01443,AC07667,CU01670,7204-5995-5038-2123,CREDIT,2023-02-12,2028-02-12,BLOCKED
CA01444,AC03750,CU04882,3451-1949-2624-4371,CREDIT,2021-04-07,2026-04-07,EXPIRED
CA01445,AC02578,CU02314,5082-3607-1192-8592,DEBIT,2023-04-08,2027-04-08,EXPIRED
CA01446,AC00736,CU00472,8924-0904-6341-5952,DEBIT,2020-07-04,2023-07-04,BLOCKED
CA01447,AC05676,CU01693,7611-3405-9276-0994,CREDIT,2025-06-28,2028-06-28,BLOCKED
CA01448,AC06890,CU00330,4842-4072-4818-1740,CREDIT,2020-06-01,2023-06-01,BLOCKED
CA01449,AC02451,CU00069,3841-9296-8785-1643,CREDIT,2021-12-20,2026-12-20,ACTIVE
CA01450,AC01911,CU03108,0599-8353-7258-0515,CREDIT,2022-06-15,2025-06-15,EXPIRED
CA01451,AC04821,CU01663,7174-3549-5166-3384,DEBIT,2022-09-05,2025-09-05,BLOCKED
CA01452,AC05712,CU01438,7283-0960-4146-2248,DEBIT,2020-08-07,2024-08-07,BLOCKED
CA01453,AC01311,CU01952,2219-9483-5849-3754,DEBIT,2022-11-29,2026-11-29,BLOCKED
CA01454,AC04510,CU01263,9599-4171-4484-5768,CREDIT,2025-04-23,2030-04-23,ACTIVE
CA01455,AC03253,CU01182,6535-0950-7113-7630,CREDIT,2025-10-21,2029-10-21,EXPIRED
CA01456,AC01004,CU00751,9532-0605-2093-3409,DEBIT,2025-05-31,2030-05-31,EXPIRED
CA01457,AC06281,CU02830,8856-0504-5265-2390,DEBIT,2022-10-01,2027-10-01,EXPIRED
CA01458,AC07425,CU02644,2119-0078-3061-9044,DEBIT,2025-03-06,2028-03-06,EXPIRED
CA01459,AC04716,CU03757,2727-1115-7593-1397,DEBIT,2023-04-13,2026-04-13,EXPIRED
CA01460,AC06735,CU01491,7072-6608-9328-5359,DEBIT,2025-04-26,2029-04-26,BLOCKED
CA01461,AC07868,CU03545,2413-4893-7515-0141,DEBIT,2022-12-23,2026-12-23,EXPIRED
CA01462,AC00753,CU00735,0412-9772-8635-0264,DEBIT,2023-05-27,2027-05-27,BLOCKED
CA01463,AC04066,CU02390,3037-6552-6549-2754,CREDIT,2025-05-15,2028-05-15,EXPIRED
CA01464,AC00185,CU02097,2043-8547-0667-9630,DEBIT,2024-04-18,2028-04-18,ACTIVE
CA01465,AC00518,CU01902,1206-5993-5374-2415,CREDIT,2020-12-10,2023-12-10,EXPIRED
CA01466,AC04021,CU01029,1364-1835-7826-9462,DEBIT,2020-03-04,2023-03-04,BLOCKED
CA01467,AC05976,CU04443,9776-8398-7604-3003,CREDIT,2020-04-19,2023-04-19,ACTIVE
CA01468,AC03136,CU03986,3657-6200-5398-5356,CREDIT,2023-03-16,2028-03-16,EXPIRED
CA01469,AC07195,CU00865,4390-9266-5329-6576,DEBIT,2024-03-15,2029-03-15,EXPIRED
CA01470,AC02946,CU04523,6197-5533-7808-8976,CREDIT,2022-08-15,2027-08-15,BLOCKED
CA01471,AC06278,CU02492,4168-3242-1278-7030,CREDIT,2024-07-17,2027-07-17,EXPIRED
CA01472,AC00498,CU02947,9264-5690-3607-9303,DEBIT,2022-05-12,2026-05-12,BLOCKED
CA01473,AC02166,CU02585,8600-2518-3016-1176,CREDIT,2023-11-09,2027-11-09,ACTIVE
CA01474,AC00469,CU01662,6298-0757-0870-9839,CREDIT,2020-05-10,2025-05-10,EXPIRED
CA01475,AC00679,CU02605,2597-9239-3195-4595,DEBIT,2020-12-26,2023-12-26,ACTIVE
CA01476,AC04111,CU00081,7588-2460-6159-4754,CREDIT,2024-09-24,2027-09-24,BLOCKED
CA01477,AC01975,CU01119,7220-7098-4619-2085,DEBIT,2023-04-02,2027-04-02,EXPIRED
CA01478,AC02931,CU01131,5831-8127-8050-7673,CREDIT,2020-10-13,2024-10-13,BLOCKED
CA01479,AC00796,CU03605,7301-6430-5756-4910,DEBIT,2022-03-05,2027-03-05,EXPIRED
CA01480,AC06857,CU00561,4861-5881-1663-5677,CREDIT,2024-02-06,2028-02-06,BLOCKED
CA01481,AC06109,CU02206,6434-0985-0045-6354,CREDIT,2025-08-14,2030-08-14,ACTIVE
CA01482,AC06152,CU02093,8520-1310-9541-7192,DEBIT,2024-10-28,2027-10-28,ACTIVE
CA01483,AC00597,CU02534,2328-3871-4928-1602,DEBIT,2024-01-22,2027-01-22,BLOCKED
CA01484,AC06140,CU02235,2977-8494-0200-2067,DEBIT,2020-12-11,2024-12-11,ACTIVE
CA01485,AC02397,CU04457,7292-3127-6333-6978,CREDIT,2021-06-17,2025-06-17,EXPIRED
CA01486,AC02573,CU03405,9435-2126-1046-2698,DEBIT,2021-02-15,2024-02-15,BLOCKED
CA01487,AC04767,CU02491,3904-1365-1099-2086,CREDIT,2024-02-23,2029-02-23,ACTIVE
CA01488,AC01227,CU03048,2216-6795-0352-6455,CREDIT,2021-04-16,2024-04-16,BLOCKED
CA01489,AC01224,CU02232,7871-6544-1132-3337,CREDIT,2025-09-24,2030-09-24,ACTIVE
CA01490,AC06209,CU00946,6600-9733-7183-3496,CREDIT,2022-04-19,2027-04-19,BLOCKED
CA01491,AC03782,CU03367,9295-2532-8808-7620,DEBIT,2022-02-05,2026-02-05,ACTIVE
CA01492,AC00455,CU02953,0419-1998-6258-7218,DEBIT,2022-10-16,2026-10-16,EXPIRED
CA01493,AC07798,CU00578,3292-4910-9083-9365,CREDIT,2022-08-02,2026-08-02,BLOCKED
CA01494,AC06175,CU04692,2100-0861-2134-1900,DEBIT,2022-10-23,2026-10-23,BLOCKED
CA01495,AC02852,CU02121,3135-7906-3203-5336,CREDIT,2020-02-14,2025-02-14,EXPIRED
CA01496,AC07955,CU00868,8629-2543-0012-2520,CREDIT,2020-08-20,2025-08-20,EXPIRED
CA01497,AC06945,CU01901,1343-0251-1117-5682,DEBIT,2025-05-10,2029-05-10,ACTIVE
CA01498,AC03573,CU04936,7756-1233-9396-7053,DEBIT,2025-08-11,2028-08-11,EXPIRED
CA01499,AC07253,CU01615,5980-4301-2872-0351,CREDIT,2020-05-22,2024-05-22,ACTIVE
CA01500,AC03379,CU03437,5983-9402-5236-9043,DEBIT,2024-07-18,2027-07-18,ACTIVE
CA01501,AC03134,CU03040,4199-0786-9937-4166,CREDIT,2022-01-24,2026-01-24,BLOCKED
CA01502,AC02597,CU00164,2610-5904-0435-5796,CREDIT,2025-09-14,2029-09-14,BLOCKED
CA01503,AC03046,CU00216,0749-3678-4792-4346,DEBIT,2025-04-30,2028-04-30,BLOCKED
CA01504,AC05592,CU04285,6402-8731-7787-6116,DEBIT,2024-08-02,2027-08-02,BLOCKED
CA01505,AC07091,CU00030,8088-9987-1476-3127,CREDIT,2024-01-01,2028-01-01,ACTIVE
CA01506,AC00542,CU04228,9975-7965-3492-2997,DEBIT,2024-08-30,2027-08-30,BLOCKED
CA01507,AC03010,CU00333,0410-0304-7221-3342,CREDIT,2025-04-29,2028-04-29,EXPIRED
CA01508,AC00750,CU03184,3491-8180-5347-7448,DEBIT,2025-06-13,2028-06-13,EXPIRED
CA01509,AC07908,CU02717,8391-8887-6597-2624,CREDIT,2025-10-21,2030-10-21,EXPIRED
CA01510,AC05237,CU03597,2146-7348-6730-8712,CREDIT,2023-01-01,2026-01-01,EXPIRED
CA01511,AC04100,CU01061,5642-8416-1958-5860,CREDIT,2023-05-22,2028-05-22,EXPIRED
CA01512,AC03180,CU01584,9360-1748-4086-5686,CREDIT,2021-04-16,2025-04-16,EXPIRED
CA01513,AC02749,CU01337,6797-2101-4398-8141,DEBIT,2020-12-10,2025-12-10,EXPIRED
CA01514,AC01372,CU04387,7263-4788-4304-4890,DEBIT,2021-06-30,2024-06-30,ACTIVE
CA01515,AC01045,CU00484,9698-2447-6340-0115,CREDIT,2021-02-15,2026-02-15,BLOCKED
CA01516,AC03852,CU03476,8212-2525-6512-6672,CREDIT,2022-11-08,2026-11-08,EXPIRED
CA01517,AC00658,CU01706,7099-6354-7812-8449,DEBIT,2021-12-29,2026-12-29,BLOCKED
CA01518,AC00711,CU04455,9701-3417-8844-2018,DEBIT,2021-04-23,2024-04-23,EXPIRED
CA01519,AC05444,CU00570,9787-5209-3994-1180,CREDIT,2024-12-20,2028-12-20,EXPIRED
CA01520,AC01347,CU03288,9168-2125-8211-7089,CREDIT,2022-09-12,2025-09-12,EXPIRED
CA01521,AC01993,CU02033,3563-0337-3828-5890,DEBIT,2021-07-31,2024-07-31,BLOCKED
CA01522,AC00957,CU00858,0800-7025-9197-2585,CREDIT,2025-10-19,2029-10-19,ACTIVE
CA01523,AC01635,CU04217,8284-4403-3959-8718,CREDIT,2021-05-17,2026-05-17,EXPIRED
CA01524,AC06168,CU03491,1683-1490-6500-6034,DEBIT,2022-04-09,2027-04-09,BLOCKED
CA01525,AC03027,CU01368,7202-7914-1891-8196,CREDIT,2021-04-20,2026-04-20,EXPIRED
CA01526,AC04119,CU02265,1842-2774-8040-0143,DEBIT,2020-07-23,2023-07-23,BLOCKED
CA01527,AC01017,CU00832,8351-6875-7471-9852,CREDIT,2024-11-13,2028-11-13,ACTIVE
CA01528,AC00019,CU00743,2994-9446-2409-0542,CREDIT,2024-04-22,2027-04-22,BLOCKED
CA01529,AC06947,CU03280,9385-0380-7950-4402,CREDIT,2022-08-25,2026-08-25,EXPIRED
CA01530,AC02977,CU03274,1690-2096-6158-7454,CREDIT,2025-08-26,2029-08-26,EXPIRED
CA01531,AC00792,CU04879,7218-2621-2807-5332,DEBIT,2022-09-29,2025-09-29,ACTIVE
CA01532,AC04416,CU02332,6963-8720-8041-4269,DEBIT,2024-12-03,2028-12-03,EXPIRED
CA01533,AC04992,CU04585,6641-6010-5432-0269,CREDIT,2023-02-27,2028-02-27,EXPIRED
CA01534,AC00477,CU01452,3598-6199-4412-5538,CREDIT,2024-05-02,2028-05-02,ACTIVE
CA01535,AC07395,CU01913,4865-9736-0787-7838,CREDIT,2020-10-13,2024-10-13,ACTIVE
CA01536,AC01608,CU03387,9315-5144-9153-9156,DEBIT,2024-06-15,2027-06-15,EXPIRED
CA01537,AC02340,CU03696,3699-2671-4615-6371,DEBIT,2021-10-30,2025-10-30,ACTIVE
CA01538,AC00254,CU03117,7305-2090-5980-3693,CREDIT,2022-08-17,2026-08-17,ACTIVE
CA01539,AC00360,CU03532,6007-7609-7085-4274,DEBIT,2020-10-05,2024-10-05,EXPIRED
CA01540,AC04463,CU03957,5800-1817-6631-7914,DEBIT,2023-07-08,2028-07-08,EXPIRED
CA01541,AC06550,CU02984,1207-1677-9537-5083,DEBIT,2020-06-02,2023-06-02,BLOCKED
CA01542,AC05460,CU04419,4738-8905-5565-5719,CREDIT,2022-01-26,2025-01-26,ACTIVE
CA01543,AC07014,CU02402,6506-8198-4351-9817,CREDIT,2023-03-28,2028-03-28,EXPIRED
CA01544,AC04240,CU00631,5420-8165-9174-6777,DEBIT,2025-04-19,2030-04-19,ACTIVE
CA01545,AC02855,CU03709,4377-7499-0913-7800,CREDIT,2025-11-05,2030-11-05,BLOCKED
CA01546,AC04426,CU00498,4280-1944-5355-0437,DEBIT,2021-12-26,2024-12-26,BLOCKED
CA01547,AC02840,CU02546,7317-7014-6484-8161,CREDIT,2025-10-16,2030-10-16,EXPIRED
CA01548,AC00853,CU00714,9022-0998-1352-3525,CREDIT,2022-02-16,2026-02-16,ACTIVE
CA01549,AC00713,CU00382,2073-8398-5624-3883,CREDIT,2025-02-09,2028-02-09,EXPIRED
CA01550,AC04170,CU04975,9919-5461-8731-3911,CREDIT,2021-05-26,2025-05-26,ACTIVE
CA01551,AC05693,CU02920,2299-3641-8129-3560,CREDIT,2022-03-20,2027-03-20,ACTIVE
CA01552,AC02163,CU01486,8163-6919-5256-5698,CREDIT,2020-06-01,2023-06-01,BLOCKED
CA01553,AC07922,CU04371,6798-7698-5080-8054,DEBIT,2023-01-02,2026-01-02,EXPIRED
CA01554,AC01592,CU02280,1966-9640-2546-3212,DEBIT,2024-02-06,2027-02-06,BLOCKED
CA01555,AC00543,CU02636,7418-9459-7582-6918,CREDIT,2020-02-08,2023-02-08,BLOCKED
CA01556,AC06314,CU03982,9623-7631-2421-5985,DEBIT,2024-02-04,2029-02-04,BLOCKED
CA01557,AC02001,CU00734,3954-6711-8118-6305,DEBIT,2023-11-09,2028-11-09,BLOCKED
CA01558,AC07401,CU03571,1332-9919-5326-3875,DEBIT,2024-07-21,2029-07-21,EXPIRED
CA01559,AC00922,CU05000,5430-8723-5800-4871,DEBIT,2022-10-05,2026-10-05,ACTIVE
CA01560,AC06113,CU02055,0212-6586-4237-8530,CREDIT,2022-12-14,2027-12-14,EXPIRED
CA01561,AC03420,CU02128,4845-4168-2803-7148,CREDIT,2025-04-10,2028-04-10,ACTIVE
CA01562,AC05275,CU04070,3448-7716-1069-9902,CREDIT,2022-06-25,2027-06-25,BLOCKED
CA01563,AC02356,CU02449,0967-1882-8078-0450,DEBIT,2025-11-26,2028-11-26,EXPIRED
CA01564,AC00599,CU00574,5876-7943-7646-4339,DEBIT,2022-04-15,2025-04-15,EXPIRED
CA01565,AC07980,CU03360,2951-0114-6247-4824,DEBIT,2024-12-07,2028-12-07,BLOCKED
CA01566,AC01696,CU01972,5717-6750-8052-9722,CREDIT,2020-09-17,2023-09-17,ACTIVE
CA01567,AC02392,CU02851,2177-0094-6906-4847,DEBIT,2022-06-19,2025-06-19,EXPIRED
CA01568,AC04139,CU00479,2834-5464-6881-8887,CREDIT,2023-12-13,2027-12-13,EXPIRED
CA01569,AC02784,CU00991,8001-7413-0973-3105,CREDIT,2023-09-04,2027-09-04,EXPIRED
CA01570,AC03668,CU00140,5208-7198-0864-1364,CREDIT,2020-01-15,2023-01-15,BLOCKED
CA01571,AC05580,CU03815,7291-0833-5818-5958,DEBIT,2024-10-23,2027-10-23,EXPIRED
CA01572,AC04409,CU02920,1939-5810-8863-2809,DEBIT,2024-04-01,2029-04-01,BLOCKED
CA01573,AC07886,CU04528,8520-2526-6267-4506,DEBIT,2022-02-11,2025-02-11,EXPIRED
CA01574,AC04768,CU04812,0839-5924-6860-2071,CREDIT,2022-07-14,2026-07-14,BLOCKED
CA01575,AC03370,CU00905,1078-3263-7230-9226,CREDIT,2024-05-24,2029-05-24,BLOCKED
CA01576,AC06084,CU04002,3409-6778-8642-4659,CREDIT,2024-10-15,2029-10-15,EXPIRED
CA01577,AC04961,CU01169,1840-7547-3488-1761,DEBIT,2023-09-18,2028-09-18,ACTIVE
CA01578,AC07618,CU04071,7317-2255-0399-1449,CREDIT,2023-01-18,2026-01-18,EXPIRED
CA01579,AC07125,CU02033,8004-5373-4522-6007,DEBIT,2020-08-21,2025-08-21,ACTIVE
CA01580,AC04036,CU03619,3404-4818-8565-9744,DEBIT,2024-08-09,2029-08-09,ACTIVE
CA01581,AC03623,CU03693,2049-5235-3982-7594,DEBIT,2024-06-13,2029-06-13,EXPIRED
CA01582,AC06903,CU04857,7047-0593-2377-7193,DEBIT,2023-05-01,2027-05-01,ACTIVE
CA01583,AC02898,CU01598,4148-4493-3677-6629,DEBIT,2024-05-28,2027-05-28,EXPIRED
CA01584,AC04110,CU03687,9078-7476-7116-5075,CREDIT,2024-06-12,2029-06-12,BLOCKED
CA01585,AC01563,CU00174,1852-9554-8024-6711,DEBIT,2025-10-27,2028-10-27,BLOCKED
CA01586,AC03402,CU02493,8025-4209-6685-5989,CREDIT,2025-12-06,2028-12-06,BLOCKED
CA01587,AC07379,CU00025,7347-0761-8822-2445,DEBIT,2023-01-31,2026-01-31,EXPIRED
CA01588,AC02351,CU02569,1944-9034-0447-6994,CREDIT,2020-12-29,2025-12-29,ACTIVE
CA01589,AC07378,CU04157,1641-8257-1255-5501,CREDIT,2024-03-27,2027-03-27,EXPIRED
CA01590,AC03414,CU03165,5482-7142-1283-5438,DEBIT,2025-12-20,2028-12-20,ACTIVE
CA01591,AC02350,CU03651,5875-7435-2129-3620,CREDIT,2020-06-27,2023-06-27,ACTIVE
CA01592,AC07763,CU02779,6682-9415-3851-7338,CREDIT,2021-03-28,2024-03-28,EXPIRED
CA01593,AC03850,CU02474,4926-1082-2491-3931,DEBIT,2023-06-29,2026-06-29,ACTIVE
CA01594,AC00447,CU01845,1199-7375-6303-4219,DEBIT,2021-12-09,2024-12-09,BLOCKED
CA01595,AC06430,CU04504,5931-3834-6771-9498,DEBIT,2020-01-25,2025-01-25,BLOCKED
CA01596,AC07776,CU00729,1610-6753-1492-3369,DEBIT,2022-08-27,2025-08-27,EXPIRED
CA01597,AC05593,CU04394,5284-5752-4053-0101,DEBIT,2021-02-27,2024-02-27,ACTIVE
CA01598,AC02912,CU02796,2554-7573-3350-9104,DEBIT,2021-12-07,2026-12-07,BLOCKED
CA01599,AC03380,CU00833,2065-8994-7258-7979,DEBIT,2022-05-12,2025-05-12,ACTIVE
CA01600,AC04190,CU04825,9688-5597-3014-3472,DEBIT,2021-04-13,2026-04-13,BLOCKED
CA01601,AC07459,CU01094,2424-5579-1289-9161,CREDIT,2025-08-17,2030-08-17,ACTIVE
CA01602,AC01088,CU01181,1103-9870-1135-2032,CREDIT,2025-02-06,2029-02-06,EXPIRED
CA01603,AC04646,CU03932,7019-5813-9994-2233,DEBIT,2024-03-07,2028-03-07,ACTIVE
CA01604,AC00237,CU03903,9409-8798-7139-8755,DEBIT,2021-07-29,2024-07-29,BLOCKED
CA01605,AC03266,CU03749,2014-8602-0363-6700,CREDIT,2022-06-14,2027-06-14,ACTIVE
CA01606,AC01561,CU02112,5952-1537-3649-1010,DEBIT,2023-10-11,2028-10-11,ACTIVE
CA01607,AC07583,CU00252,1775-9647-3715-3461,DEBIT,2024-08-13,2027-08-13,BLOCKED
CA01608,AC04491,CU00211,6293-9174-7662-7773,DEBIT,2024-05-06,2029-05-06,ACTIVE
CA01609,AC06586,CU00799,2437-3445-7803-0812,DEBIT,2021-10-01,2024-10-01,EXPIRED
CA01610,AC03867,CU02264,8021-5541-6816-1876,CREDIT,2023-09-01,2028-09-01,EXPIRED
CA01611,AC04204,CU01597,7170-1290-9732-8753,DEBIT,2020-05-06,2023-05-06,ACTIVE
CA01612,AC01500,CU02654,4284-8529-8861-1462,DEBIT,2020-04-16,2024-04-16,BLOCKED
CA01613,AC03061,CU03835,7264-9899-3414-3246,DEBIT,2025-08-14,2030-08-14,EXPIRED
CA01614,AC05285,CU01269,9574-0752-0937-1039,CREDIT,2024-10-08,2028-10-08,BLOCKED
CA01615,AC06434,CU01011,7557-8416-8973-1907,CREDIT,2024-11-01,2027-11-01,ACTIVE
CA01616,AC05506,CU03494,7894-2341-2137-1583,CREDIT,2020-09-25,2024-09-25,EXPIRED
CA01617,AC06689,CU02138,8988-0951-8242-4950,CREDIT,2023-04-29,2026-04-29,ACTIVE
CA01618,AC04300,CU02417,3778-0791-9482-9837,DEBIT,2020-02-03,2024-02-03,BLOCKED
CA01619,AC04270,CU01758,5584-1096-4342-2410,DEBIT,2023-01-08,2026-01-08,ACTIVE
CA01620,AC01666,CU03325,5919-8775-8092-2949,DEBIT,2021-08-06,2026-08-06,BLOCKED
CA01621,AC05904,CU03260,1080-2173-5068-7344,CREDIT,2023-06-21,2026-06-21,EXPIRED
CA01622,AC07330,CU02956,4889-6816-1508-5814,CREDIT,2024-05-13,2029-05-13,EXPIRED
CA01623,AC02799,CU03470,7642-3038-5289-9456,DEBIT,2022-01-29,2027-01-29,BLOCKED
CA01624,AC03992,CU03012,3870-2629-9775-7728,DEBIT,2021-11-27,2025-11-27,ACTIVE
CA01625,AC00388,CU02322,3942-0828-4460-4603,DEBIT,2021-01-18,2024-01-18,ACTIVE
CA01626,AC07452,CU02237,1796-0313-7357-6144,DEBIT,2021-08-03,2024-08-03,BLOCKED
CA01627,AC05139,CU01077,0682-3007-8775-0174,CREDIT,2025-11-06,2030-11-06,EXPIRED
CA01628,AC07290,CU00943,6440-8710-0793-5255,CREDIT,2023-06-17,2026-06-17,ACTIVE
CA01629,AC05790,CU03281,4105-9951-3964-0963,CREDIT,2020-06-27,2025-06-27,ACTIVE
CA01630,AC04263,CU00849,3544-7854-7359-4706,CREDIT,2023-06-27,2026-06-27,BLOCKED
CA01631,AC01863,CU03296,3972-6117-1947-2544,CREDIT,2024-06-28,2027-06-28,ACTIVE
CA01632,AC04070,CU01058,9666-1753-1915-8559,CREDIT,2025-07-03,2030-07-03,ACTIVE
CA01633,AC05609,CU04572,1802-0534-9363-1657,DEBIT,2021-04-09,2026-04-09,ACTIVE
CA01634,AC02510,CU01935,1655-5616-9771-2643,DEBIT,2024-12-19,2027-12-19,ACTIVE
CA01635,AC04132,CU02435,7619-1186-8854-5896,CREDIT,2024-09-12,2027-09-12,BLOCKED
CA01636,AC04954,CU01703,1244-0082-3900-0036,DEBIT,2020-04-14,2025-04-14,EXPIRED
CA01637,AC01260,CU01157,6890-0580-6004-3693,DEBIT,2021-03-15,2025-03-15,BLOCKED
CA01638,AC03052,CU01702,4739-5035-3205-9348,CREDIT,2025-10-15,2028-10-15,BLOCKED
CA01639,AC03433,CU02576,2501-9342-6643-9668,DEBIT,2025-03-31,2028-03-31,EXPIRED
CA01640,AC01312,CU02333,9758-1056-0690-0006,DEBIT,2022-11-07,2025-11-07,EXPIRED
CA01641,AC03569,CU02227,6773-7069-7534-3575,CREDIT,2021-05-23,2026-05-23,EXPIRED
CA01642,AC07689,CU00650,9366-6051-0968-8441,DEBIT,2025-08-28,2028-08-28,EXPIRED
CA01643,AC00852,CU00990,4740-5018-5070-1910,DEBIT,2020-03-15,2024-03-15,EXPIRED
CA01644,AC04283,CU03438,2303-1760-6072-1136,CREDIT,2025-08-18,2030-08-18,EXPIRED
CA01645,AC05666,CU00926,7654-4293-8175-0186,CREDIT,2022-05-24,2027-05-24,BLOCKED
CA01646,AC06968,CU04453,3508-1722-6201-5281,DEBIT,2020-04-16,2025-04-16,ACTIVE
CA01647,AC07942,CU01659,9316-4124-4848-7534,DEBIT,2025-11-29,2028-11-29,ACTIVE
CA01648,AC06346,CU04945,0744-2296-2481-6839,DEBIT,2024-09-27,2028-09-27,BLOCKED
CA01649,AC06982,CU04474,9217-2695-1170-3706,CREDIT,2021-07-08,2025-07-08,EXPIRED
CA01650,AC00984,CU02986,3323-0601-7631-7336,CREDIT,2022-11-11,2027-11-11,ACTIVE
CA01651,AC05887,CU01672,9651-1593-9774-6730,CREDIT,2022-06-25,2026-06-25,EXPIRED
CA01652,AC07806,CU02520,9016-4032-9283-4015,DEBIT,2022-07-19,2025-07-19,BLOCKED
CA01653,AC05872,CU00136,6422-7009-9488-7601,DEBIT,2024-04-02,2029-04-02,EXPIRED
CA01654,AC04291,CU02022,9830-9685-0986-7717,DEBIT,2022-05-04,2026-05-04,ACTIVE
CA01655,AC01838,CU02841,6365-7450-6581-7538,CREDIT,2020-02-14,2025-02-14,EXPIRED
CA01656,AC03744,CU04027,4763-4147-7121-3487,DEBIT,2020-12-18,2024-12-18,BLOCKED
CA01657,AC07834,CU00032,2587-4005-0621-2792,DEBIT,2020-09-05,2025-09-05,ACTIVE
CA01658,AC03848,CU01042,8233-0072-0882-5002,CREDIT,2021-04-11,2024-04-11,ACTIVE
CA01659,AC04016,CU02399,6536-2183-0438-4770,DEBIT,2022-04-04,2027-04-04,EXPIRED
CA01660,AC03015,CU01021,5501-9837-5495-9707,CREDIT,2021-01-27,2026-01-27,BLOCKED
CA01661,AC05332,CU02508,1231-9532-5546-2795,DEBIT,2024-05-03,2028-05-03,ACTIVE
CA01662,AC01736,CU04425,6568-2396-7685-8642,DEBIT,2022-12-02,2027-12-02,BLOCKED
CA01663,AC06169,CU02677,8695-3500-4822-2812,DEBIT,2023-03-28,2026-03-28,ACTIVE
CA01664,AC06707,CU03333,2673-7457-8912-6810,DEBIT,2023-09-14,2026-09-14,BLOCKED
CA01665,AC07644,CU03533,9032-9365-4170-9740,DEBIT,2020-09-13,2024-09-13,ACTIVE
CA01666,AC06766,CU00755,0712-3302-7274-9293,CREDIT,2024-12-25,2029-12-25,ACTIVE
CA01667,AC02641,CU01683,9755-1825-1601-4238,CREDIT,2021-01-01,2024-01-01,ACTIVE
CA01668,AC02124,CU03714,5362-0911-2253-0592,DEBIT,2022-05-24,2026-05-24,BLOCKED
CA01669,AC06669,CU00776,1999-3938-5700-4456,CREDIT,2022-02-02,2025-02-02,BLOCKED
CA01670,AC04366,CU02805,9666-3933-9525-7563,DEBIT,2023-02-13,2027-02-13,BLOCKED
CA01671,AC01284,CU02622,5850-3328-4372-9789,CREDIT,2022-04-25,2027-04-25,ACTIVE
CA01672,AC01564,CU03312,7637-2911-3322-3445,CREDIT,2021-04-16,2025-04-16,BLOCKED
CA01673,AC04009,CU03515,3636-7032-9901-3967,CREDIT,2021-09-20,2025-09-20,BLOCKED
CA01674,AC07301,CU03382,3049-0187-4989-2048,DEBIT,2023-12-13,2027-12-13,ACTIVE
CA01675,AC02740,CU01808,9327-7158-1916-4844,DEBIT,2025-10-26,2030-10-26,EXPIRED
CA01676,AC07874,CU03438,5600-4593-2092-2202,DEBIT,2020-05-10,2024-05-10,ACTIVE
CA01677,AC07155,CU04766,4307-2768-3220-8596,DEBIT,2021-09-09,2024-09-09,EXPIRED
CA01678,AC06620,CU01288,3390-4154-8815-5200,CREDIT,2024-04-24,2029-04-24,ACTIVE
CA01679,AC01140,CU02176,1206-4015-8110-6311,CREDIT,2023-07-30,2026-07-30,EXPIRED
CA01680,AC06750,CU01796,0093-8364-2917-9418,CREDIT,2025-05-28,2029-05-28,ACTIVE
CA01681,AC06681,CU02561,4355-7959-5487-5991,CREDIT,2021-03-01,2024-03-01,EXPIRED
CA01682,AC03342,CU01108,6868-3695-5631-8091,CREDIT,2020-02-12,2024-02-12,ACTIVE
CA01683,AC07678,CU04663,7684-0904-8403-5592,CREDIT,2020-11-13,2023-11-13,BLOCKED
CA01684,AC06762,CU00106,5812-2687-3873-7445,CREDIT,2024-12-13,2027-12-13,ACTIVE
CA01685,AC07920,CU00725,8895-4842-3918-3305,CREDIT,2024-11-23,2029-11-23,EXPIRED
CA01686,AC07905,CU04208,4808-4300-3458-6925,DEBIT,2023-07-09,2027-07-09,EXPIRED
CA01687,AC01963,CU01115,5338-8635-1920-7909,CREDIT,2020-04-17,2025-04-17,ACTIVE
CA01688,AC02550,CU04618,7323-4070-3779-3108,CREDIT,2024-11-05,2029-11-05,EXPIRED
CA01689,AC03549,CU02457,6916-9759-4336-5459,CREDIT,2022-05-24,2026-05-24,EXPIRED
CA01690,AC00061,CU01012,4402-6213-3297-8984,DEBIT,2021-12-16,2026-12-16,EXPIRED
CA01691,AC00972,CU03370,4083-2219-7679-0223,CREDIT,2023-05-29,2027-05-29,EXPIRED
CA01692,AC04172,CU02751,5351-3151-8216-5623,CREDIT,2021-11-26,2025-11-26,ACTIVE
CA01693,AC00631,CU03350,3539-9945-2018-3257,DEBIT,2024-03-02,2029-03-02,ACTIVE
CA01694,AC05109,CU01235,6964-4951-0035-5855,CREDIT,2020-03-08,2025-03-08,BLOCKED
CA01695,AC06212,CU03482,6454-2032-8912-3974,DEBIT,2023-10-10,2028-10-10,EXPIRED
CA01696,AC03727,CU04875,8075-9309-0233-9491,DEBIT,2022-03-17,2025-03-17,BLOCKED
CA01697,AC00283,CU03820,0527-5026-4843-3530,DEBIT,2020-09-07,2025-09-07,BLOCKED
CA01698,AC03299,CU03893,5196-1005-0435-4421,DEBIT,2020-10-11,2024-10-11,ACTIVE
CA01699,AC02342,CU02150,5598-3273-9165-4912,DEBIT,2025-12-09,2030-12-09,EXPIRED
CA01700,AC04703,CU01135,9522-5812-5055-0239,DEBIT,2021-09-30,2026-09-30,ACTIVE
CA01701,AC03515,CU02846,4204-3165-7631-8065,DEBIT,2022-02-23,2026-02-23,BLOCKED
CA01702,AC07954,CU04981,1103-8440-7412-9211,CREDIT,2020-09-05,2025-09-05,EXPIRED
CA01703,AC07032,CU04754,1291-3176-9524-6513,DEBIT,2025-08-03,2029-08-03,EXPIRED
CA01704,AC06324,CU04362,9270-6903-4171-9599,DEBIT,2022-05-06,2025-05-06,ACTIVE
CA01705,AC00234,CU01586,8844-3128-7300-9852,DEBIT,2020-06-02,2024-06-02,BLOCKED
CA01706,AC03445,CU03604,1391-4862-4520-3896,DEBIT,2020-12-26,2025-12-26,ACTIVE
CA01707,AC06617,CU02864,7466-3000-1916-7903,CREDIT,2024-12-09,2028-12-09,ACTIVE
CA01708,AC06116,CU03430,0002-4512-9669-9375,CREDIT,2025-04-19,2028-04-19,ACTIVE
CA01709,AC02624,CU04322,4663-3675-8172-7069,CREDIT,2020-09-07,2023-09-07,ACTIVE
CA01710,AC03383,CU00872,2770-4118-5017-3488,DEBIT,2023-06-22,2026-06-22,EXPIRED
CA01711,AC05943,CU04802,9467-2948-6206-4566,DEBIT,2024-10-23,2027-10-23,EXPIRED
CA01712,AC00239,CU01832,3448-3287-4973-6472,CREDIT,2025-07-01,2028-07-01,BLOCKED
CA01713,AC07706,CU02782,9342-1296-2501-5802,CREDIT,2022-08-31,2026-08-31,BLOCKED
CA01714,AC02011,CU00806,1789-7948-1413-4046,DEBIT,2020-12-12,2023-12-12,EXPIRED
CA01715,AC03818,CU01290,8736-6178-4829-0583,DEBIT,2025-04-24,2028-04-24,EXPIRED
CA01716,AC00588,CU02131,8772-5384-0487-4314,DEBIT,2021-11-20,2026-11-20,BLOCKED
CA01717,AC06534,CU01656,2537-6295-0217-9824,DEBIT,2023-09-23,2026-09-23,BLOCKED
CA01718,AC04418,CU00109,1432-1319-2030-7911,CREDIT,2024-03-16,2029-03-16,BLOCKED
CA01719,AC03877,CU01535,4795-6963-3989-8823,DEBIT,2022-02-04,2027-02-04,EXPIRED
CA01720,AC05186,CU04500,1242-0201-3663-6785,CREDIT,2022-01-14,2027-01-14,EXPIRED
CA01721,AC01797,CU02467,4839-7603-2529-3889,DEBIT,2021-06-29,2026-06-29,EXPIRED
CA01722,AC00297,CU03931,0146-7161-1857-0761,CREDIT,2022-02-09,2025-02-09,ACTIVE
CA01723,AC04827,CU04827,3527-7247-5819-0340,CREDIT,2023-08-07,2028-08-07,BLOCKED
CA01724,AC04180,CU00196,7216-2539-0051-2160,DEBIT,2020-10-17,2023-10-17,EXPIRED
CA01725,AC05092,CU03523,7304-6130-6161-7935,DEBIT,2020-08-06,2023-08-06,ACTIVE
CA01726,AC05967,CU00801,4920-5242-6208-9144,DEBIT,2023-01-28,2027-01-28,ACTIVE
CA01727,AC00099,CU02209,5575-3049-9861-6499,DEBIT,2022-04-26,2026-04-26,ACTIVE
CA01728,AC01762,CU03096,7136-2991-9566-4668,DEBIT,2024-08-06,2029-08-06,EXPIRED
CA01729,AC01675,CU03264,2828-2962-0140-2687,DEBIT,2023-12-10,2028-12-10,BLOCKED
CA01730,AC05518,CU01312,1092-8418-9561-6818,DEBIT,2025-07-16,2028-07-16,ACTIVE
CA01731,AC04336,CU01405,4115-9094-0421-2943,CREDIT,2021-05-25,2025-05-25,BLOCKED
CA01732,AC02125,CU04650,7309-4333-4479-3882,CREDIT,2022-04-30,2025-04-30,EXPIRED
CA01733,AC03063,CU02765,6326-5993-4894-5022,CREDIT,2025-08-13,2028-08-13,EXPIRED
CA01734,AC01514,CU00411,5494-8580-4963-1156,CREDIT,2023-01-07,2026-01-07,EXPIRED
CA01735,AC03242,CU01813,0000-0071-5226-9152,CREDIT,2023-01-19,2027-01-19,EXPIRED
CA01736,AC07521,CU04783,0619-2718-2957-1503,DEBIT,2024-06-03,2027-06-03,ACTIVE
CA01737,AC00186,CU03118,9609-0623-8503-3797,DEBIT,2021-11-17,2024-11-17,BLOCKED
CA01738,AC07156,CU03664,1770-4769-5626-9544,CREDIT,2021-07-13,2024-07-13,EXPIRED
CA01739,AC00669,CU01804,5775-5121-7240-3063,CREDIT,2022-09-11,2026-09-11,ACTIVE
CA01740,AC03216,CU01739,5690-0798-4806-3486,CREDIT,2020-05-10,2025-05-10,EXPIRED
CA01741,AC04038,CU03833,4437-3241-1940-3994,CREDIT,2021-10-02,2026-10-02,EXPIRED
CA01742,AC03579,CU00853,8119-2707-5986-1896,CREDIT,2022-10-02,2027-10-02,ACTIVE
CA01743,AC04935,CU04700,4734-3451-4339-4119,DEBIT,2021-11-16,2024-11-16,ACTIVE
CA01744,AC02145,CU03133,5334-9887-1759-4886,DEBIT,2020-06-08,2023-06-08,ACTIVE
CA01745,AC07600,CU00348,9565-9178-9279-4183,DEBIT,2023-12-15,2027-12-15,BLOCKED
CA01746,AC00782,CU03208,8995-8740-1059-6156,CREDIT,2024-07-12,2029-07-12,EXPIRED
CA01747,AC00159,CU01088,8254-6683-8641-0277,CREDIT,2023-09-28,2028-09-28,EXPIRED
CA01748,AC06910,CU04702,0252-4766-0725-7146,DEBIT,2024-11-26,2027-11-26,EXPIRED
CA01749,AC04923,CU02489,1931-8095-7140-0940,DEBIT,2024-03-12,2028-03-12,BLOCKED
CA01750,AC00997,CU02276,6055-2105-8118-6713,DEBIT,2024-09-14,2028-09-14,EXPIRED
CA01751,AC01503,CU00079,6131-1663-3048-4662,DEBIT,2022-10-04,2025-10-04,BLOCKED
CA01752,AC06283,CU03674,2289-0334-3777-7702,DEBIT,2023-08-16,2028-08-16,BLOCKED
CA01753,AC06389,CU03070,0136-9924-2992-6240,DEBIT,2024-10-18,2028-10-18,ACTIVE
CA01754,AC01406,CU01499,9205-7775-9667-0907,DEBIT,2020-02-12,2025-02-12,ACTIVE
CA01755,AC02638,CU00603,1455-6657-7618-8413,DEBIT,2022-04-04,2025-04-04,BLOCKED
CA01756,AC06992,CU01644,8077-4035-2052-6379,CREDIT,2025-06-17,2028-06-17,EXPIRED
CA01757,AC00618,CU01862,6918-3039-2384-1412,CREDIT,2022-06-08,2025-06-08,EXPIRED
CA01758,AC03631,CU04499,9554-1003-5297-2519,DEBIT,2023-03-03,2027-03-03,BLOCKED
CA01759,AC06807,CU03664,5749-7841-1619-4304,DEBIT,2025-06-26,2028-06-26,EXPIRED
CA01760,AC02944,CU02024,0981-0320-3227-5568,CREDIT,2022-08-17,2026-08-17,EXPIRED
CA01761,AC03712,CU01249,1590-2965-8757-9371,DEBIT,2025-04-19,2030-04-19,ACTIVE
CA01762,AC02741,CU00987,4349-6922-4383-2745,DEBIT,2023-07-21,2027-07-21,ACTIVE
CA01763,AC06264,CU04953,3098-5897-2481-6116,CREDIT,2023-02-08,2028-02-08,BLOCKED
CA01764,AC02830,CU01369,3767-8161-4684-5594,CREDIT,2023-04-03,2027-04-03,EXPIRED
CA01765,AC07913,CU03852,2507-2153-7890-2874,DEBIT,2020-06-04,2024-06-04,EXPIRED
CA01766,AC07486,CU01541,8798-8267-7458-3415,DEBIT,2023-03-09,2028-03-09,ACTIVE
CA01767,AC07930,CU04411,7739-6784-3456-7310,DEBIT,2022-12-24,2025-12-24,BLOCKED
CA01768,AC07096,CU04017,1116-1711-9665-4649,CREDIT,2020-04-23,2024-04-23,ACTIVE
CA01769,AC07367,CU01444,6902-2283-7937-9554,CREDIT,2020-03-27,2025-03-27,BLOCKED
CA01770,AC01524,CU01657,8327-3028-9392-9386,DEBIT,2020-06-19,2025-06-19,BLOCKED
CA01771,AC00288,CU02970,9917-6689-4980-8984,CREDIT,2024-11-22,2029-11-22,BLOCKED
CA01772,AC06604,CU04560,1308-4979-1319-4169,CREDIT,2024-05-23,2028-05-23,ACTIVE
CA01773,AC02620,CU01485,0908-6813-1917-9850,CREDIT,2025-05-09,2030-05-09,ACTIVE
CA01774,AC06546,CU03156,4699-8326-4558-0819,DEBIT,2020-02-04,2025-02-04,ACTIVE
CA01775,AC05480,CU02900,6882-9396-5625-9287,CREDIT,2025-01-24,2029-01-24,EXPIRED
CA01776,AC04258,CU00206,2695-4595-9995-3712,DEBIT,2022-01-06,2026-01-06,ACTIVE
CA01777,AC05974,CU01520,6140-8958-1278-8743,CREDIT,2025-05-16,2030-05-16,ACTIVE
CA01778,AC00523,CU02124,5455-6982-0614-7475,CREDIT,2021-11-12,2024-11-12,BLOCKED
CA01779,AC04574,CU02740,6873-2608-5116-1963,DEBIT,2025-02-05,2030-02-05,BLOCKED
CA01780,AC02359,CU03382,1484-1855-4082-7628,DEBIT,2020-04-07,2023-04-07,EXPIRED
CA01781,AC02101,CU04629,8186-6171-9296-7672,DEBIT,2020-06-16,2024-06-16,ACTIVE
CA01782,AC06585,CU02484,0994-1497-3967-5028,DEBIT,2023-09-05,2028-09-05,ACTIVE
CA01783,AC05615,CU03854,5109-3322-5383-9430,DEBIT,2021-07-06,2025-07-06,ACTIVE
CA01784,AC05648,CU00162,7579-3760-9225-3879,DEBIT,2024-06-13,2028-06-13,ACTIVE
CA01785,AC03132,CU01282,8461-1134-4008-7813,DEBIT,2020-04-08,2024-04-08,ACTIVE
CA01786,AC00988,CU00324,6223-5513-2323-5901,CREDIT,2025-11-09,2029-11-09,EXPIRED
CA01787,AC05049,CU04752,5575-4905-8181-4346,CREDIT,2023-09-28,2028-09-28,ACTIVE
CA01788,AC03017,CU02036,4365-8420-6958-3227,DEBIT,2021-02-24,2024-02-24,ACTIVE
CA01789,AC05999,CU04509,3229-0168-2820-8662,CREDIT,2024-01-16,2029-01-16,EXPIRED
CA01790,AC03003,CU02662,1299-5222-4798-1262,DEBIT,2022-04-19,2025-04-19,ACTIVE
CA01791,AC02173,CU01725,5143-5598-7624-1535,CREDIT,2021-06-29,2025-06-29,EXPIRED
CA01792,AC05782,CU00333,1558-9035-0737-5410,DEBIT,2024-07-15,2027-07-15,EXPIRED
CA01793,AC00529,CU03411,8366-8877-4213-6571,DEBIT,2023-03-23,2027-03-23,ACTIVE
CA01794,AC02086,CU01963,0380-5743-9504-5067,CREDIT,2023-06-28,2027-06-28,EXPIRED
CA01795,AC06855,CU03838,0038-6586-7881-2784,DEBIT,2024-02-20,2028-02-20,EXPIRED
CA01796,AC06956,CU01002,6658-3112-3445-8818,DEBIT,2023-12-28,2028-12-28,ACTIVE
CA01797,AC05948,CU03585,7263-0106-0402-2991,DEBIT,2022-05-14,2025-05-14,BLOCKED
CA01798,AC06294,CU01620,9288-1055-8428-0097,CREDIT,2020-04-22,2025-04-22,BLOCKED
CA01799,AC02062,CU04637,6283-4887-3734-9790,CREDIT,2023-01-01,2028-01-01,BLOCKED
CA01800,AC01929,CU04408,6620-6943-7481-1735,DEBIT,2022-05-21,2026-05-21,ACTIVE
CA01801,AC00436,CU04461,7497-0739-7156-4583,CREDIT,2021-07-07,2024-07-07,EXPIRED
CA01802,AC01507,CU04893,5065-5487-8649-9220,DEBIT,2020-08-01,2024-08-01,ACTIVE
CA01803,AC05635,CU01379,2240-7542-3585-3159,CREDIT,2022-10-11,2027-10-11,EXPIRED
CA01804,AC01970,CU04983,3090-6732-0429-3262,CREDIT,2020-08-29,2024-08-29,EXPIRED
CA01805,AC05399,CU03186,0988-7062-5011-6690,DEBIT,2020-08-27,2024-08-27,ACTIVE
CA01806,AC05320,CU04243,2151-3530-4799-2874,CREDIT,2023-11-21,2026-11-21,ACTIVE
CA01807,AC04321,CU00808,8447-9897-1471-5727,CREDIT,2021-01-02,2026-01-02,BLOCKED
CA01808,AC06626,CU00568,8181-7389-2420-9160,DEBIT,2021-07-06,2024-07-06,BLOCKED
CA01809,AC00322,CU03248,1558-3283-0339-4297,CREDIT,2023-01-22,2027-01-22,EXPIRED
CA01810,AC07363,CU00797,6060-6273-5936-4926,CREDIT,2022-03-09,2026-03-09,BLOCKED
CA01811,AC07186,CU03021,2831-2555-5552-1795,CREDIT,2021-12-28,2026-12-28,ACTIVE
CA01812,AC03382,CU03070,6347-1911-8278-6916,DEBIT,2020-07-17,2025-07-17,EXPIRED
CA01813,AC07562,CU04530,6510-6278-4913-4171,DEBIT,2024-10-05,2028-10-05,EXPIRED
CA01814,AC03820,CU01621,1265-7488-0425-9197,DEBIT,2020-12-13,2025-12-13,ACTIVE
CA01815,AC00594,CU04769,6617-8000-9823-3647,CREDIT,2024-04-25,2029-04-25,EXPIRED
CA01816,AC07104,CU00022,8642-9121-4559-9316,CREDIT,2020-12-18,2024-12-18,BLOCKED
CA01817,AC03135,CU03876,7668-9635-2517-7308,DEBIT,2024-08-31,2028-08-31,ACTIVE
CA01818,AC00673,CU04169,4870-1947-4513-2400,CREDIT,2021-08-29,2024-08-29,EXPIRED
CA01819,AC02052,CU01824,5765-9067-3339-0512,CREDIT,2022-10-08,2027-10-08,EXPIRED
CA01820,AC04313,CU03726,3455-5725-3814-9373,DEBIT,2020-11-11,2025-11-11,EXPIRED
CA01821,AC02701,CU04913,5869-5235-0480-9468,DEBIT,2023-03-21,2027-03-21,ACTIVE
CA01822,AC06340,CU01258,5816-4233-0245-0787,CREDIT,2025-07-26,2029-07-26,ACTIVE
CA01823,AC05913,CU01324,2047-3097-4427-8216,CREDIT,2024-03-01,2027-03-01,ACTIVE
CA01824,AC06020,CU00862,5084-7416-6916-9903,CREDIT,2024-12-04,2028-12-04,ACTIVE
CA01825,AC05191,CU03757,4309-1181-4702-6404,DEBIT,2025-12-27,2030-12-27,BLOCKED
CA01826,AC01879,CU01704,2216-7553-1462-9266,CREDIT,2022-04-21,2025-04-21,EXPIRED
CA01827,AC07115,CU02325,4275-6837-1065-7919,DEBIT,2021-10-22,2024-10-22,ACTIVE
CA01828,AC03013,CU02852,9758-9913-0997-2807,DEBIT,2024-11-09,2029-11-09,EXPIRED
CA01829,AC03449,CU02111,4663-0461-1322-9516,DEBIT,2024-11-25,2029-11-25,ACTIVE
CA01830,AC06706,CU03143,4050-9660-2882-3111,DEBIT,2022-12-15,2026-12-15,EXPIRED
CA01831,AC06145,CU03104,8395-6702-0604-7547,CREDIT,2023-03-26,2027-03-26,ACTIVE
CA01832,AC02282,CU01209,7077-6697-1774-0998,CREDIT,2022-07-13,2025-07-13,BLOCKED
CA01833,AC01807,CU01267,6592-7071-9009-9012,DEBIT,2021-12-01,2024-12-01,EXPIRED
CA01834,AC06255,CU02786,2530-6072-4832-3322,CREDIT,2022-03-24,2025-03-24,ACTIVE
CA01835,AC05239,CU01532,9102-2654-9791-4451,DEBIT,2022-04-03,2027-04-03,ACTIVE
CA01836,AC01339,CU00732,6118-8809-3834-7206,CREDIT,2020-10-04,2023-10-04,ACTIVE
CA01837,AC06531,CU04837,6251-9823-3221-6427,DEBIT,2022-03-09,2025-03-09,ACTIVE
CA01838,AC01084,CU03467,3741-9438-9424-1493,CREDIT,2020-04-19,2025-04-19,BLOCKED
CA01839,AC04859,CU00297,2658-0499-8258-3290,DEBIT,2021-03-28,2026-03-28,ACTIVE
CA01840,AC07475,CU02150,8979-5011-5503-3729,DEBIT,2021-03-11,2026-03-11,BLOCKED
CA01841,AC07963,CU04399,6133-5811-6410-1645,DEBIT,2025-11-08,2029-11-08,ACTIVE
CA01842,AC05822,CU02075,2848-3543-7459-8484,DEBIT,2021-09-10,2025-09-10,ACTIVE
CA01843,AC00437,CU04899,4795-7896-8009-0871,CREDIT,2023-02-02,2026-02-02,BLOCKED
CA01844,AC04448,CU00958,8023-8666-9147-0056,CREDIT,2022-01-14,2027-01-14,BLOCKED
CA01845,AC07719,CU03340,8393-7067-8106-4173,CREDIT,2024-02-18,2027-02-18,EXPIRED
CA01846,AC01615,CU01198,3233-2693-2204-2929,CREDIT,2022-08-31,2027-08-31,EXPIRED
CA01847,AC06561,CU01352,9500-4506-5476-1460,CREDIT,2022-10-31,2025-10-31,EXPIRED
CA01848,AC02693,CU02992,8210-7061-7043-9059,CREDIT,2023-08-30,2026-08-30,EXPIRED
CA01849,AC01856,CU01392,6755-6254-0763-0637,CREDIT,2023-05-24,2028-05-24,BLOCKED
CA01850,AC01638,CU04419,0528-9108-6172-6672,CREDIT,2021-12-16,2024-12-16,ACTIVE
CA01851,AC06987,CU03952,9060-2109-7576-4396,CREDIT,2020-02-27,2024-02-27,ACTIVE
CA01852,AC01880,CU03572,0222-7257-4626-4294,CREDIT,2023-05-26,2028-05-26,ACTIVE
CA01853,AC03336,CU01203,0318-2227-3588-5368,CREDIT,2022-04-07,2027-04-07,ACTIVE
CA01854,AC02710,CU01333,3189-8917-0090-8313,CREDIT,2022-06-11,2026-06-11,EXPIRED
CA01855,AC04084,CU02555,9219-9855-7237-8749,CREDIT,2025-03-09,2028-03-09,EXPIRED
CA01856,AC00694,CU01391,5645-9232-5666-0120,CREDIT,2020-10-18,2023-10-18,ACTIVE
CA01857,AC03752,CU02925,9291-5963-7828-8270,DEBIT,2024-04-28,2028-04-28,ACTIVE
CA01858,AC02506,CU00966,5641-1511-0371-3333,DEBIT,2021-05-22,2026-05-22,BLOCKED
CA01859,AC00870,CU03587,7965-2023-4545-2690,CREDIT,2025-03-03,2028-03-03,BLOCKED
CA01860,AC06062,CU00571,2589-4708-3935-8432,CREDIT,2021-09-24,2025-09-24,ACTIVE
CA01861,AC02610,CU04642,4022-2622-2190-7592,CREDIT,2025-02-19,2029-02-19,ACTIVE
CA01862,AC03819,CU01588,0314-0272-5592-0275,CREDIT,2023-09-07,2028-09-07,ACTIVE
CA01863,AC00413,CU00103,4785-6030-7116-4369,DEBIT,2025-05-07,2029-05-07,EXPIRED
CA01864,AC04886,CU01314,7274-2526-8272-2163,CREDIT,2023-10-20,2027-10-20,EXPIRED
CA01865,AC00068,CU02048,8042-5776-4045-4122,CREDIT,2024-10-03,2029-10-03,EXPIRED
CA01866,AC03566,CU03154,4341-8436-7929-3991,DEBIT,2021-11-04,2025-11-04,ACTIVE
CA01867,AC04702,CU04454,5698-6471-9488-8095,DEBIT,2020-01-15,2025-01-15,EXPIRED
CA01868,AC05772,CU04430,3738-6868-9169-3298,DEBIT,2024-05-18,2029-05-18,BLOCKED
CA01869,AC01123,CU03182,7340-3845-5080-1609,CREDIT,2025-10-23,2028-10-23,ACTIVE
CA01870,AC00978,CU01298,0326-5688-7084-1348,CREDIT,2020-01-15,2025-01-15,ACTIVE
CA01871,AC02841,CU04686,1388-9814-2886-2800,DEBIT,2023-12-11,2028-12-11,ACTIVE
CA01872,AC07180,CU00966,5650-3796-5197-8902,DEBIT,2024-07-03,2029-07-03,BLOCKED
CA01873,AC04958,CU02484,0456-9571-6083-0189,CREDIT,2025-04-15,2030-04-15,BLOCKED
CA01874,AC02358,CU03926,6768-7938-0621-6744,DEBIT,2021-08-27,2026-08-27,ACTIVE
CA01875,AC07023,CU02946,7740-7629-6915-3498,DEBIT,2022-11-20,2026-11-20,EXPIRED
CA01876,AC02955,CU03845,9890-5422-3475-4840,DEBIT,2025-01-30,2029-01-30,EXPIRED
CA01877,AC07278,CU01240,8600-3844-0732-3661,CREDIT,2021-04-08,2024-04-08,EXPIRED
CA01878,AC06728,CU01044,7369-8241-4954-2887,DEBIT,2020-03-17,2025-03-17,EXPIRED
CA01879,AC03715,CU04483,8758-2065-7521-8062,DEBIT,2022-06-03,2026-06-03,EXPIRED
CA01880,AC01070,CU01395,9378-4087-3566-8008,CREDIT,2022-03-15,2027-03-15,ACTIVE
CA01881,AC02174,CU00380,1909-4831-2689-6784,CREDIT,2021-03-13,2024-03-13,EXPIRED
CA01882,AC01326,CU03472,2546-8827-4952-1464,CREDIT,2023-05-13,2026-05-13,ACTIVE
CA01883,AC00060,CU04106,9019-9813-8445-2261,CREDIT,2022-08-15,2026-08-15,BLOCKED
CA01884,AC00386,CU00071,6040-0735-0321-4241,CREDIT,2022-12-03,2026-12-03,BLOCKED
CA01885,AC03505,CU04510,9610-2458-5373-9888,DEBIT,2024-02-13,2027-02-13,ACTIVE
CA01886,AC03499,CU00141,8199-5530-6051-9137,DEBIT,2021-03-14,2025-03-14,BLOCKED
CA01887,AC02303,CU02680,3732-3405-5582-6944,CREDIT,2025-04-02,2029-04-02,EXPIRED
CA01888,AC01685,CU01351,9959-9653-0474-1733,CREDIT,2023-08-16,2026-08-16,BLOCKED
CA01889,AC07923,CU03168,0772-6324-0169-1706,DEBIT,2022-10-20,2026-10-20,EXPIRED
CA01890,AC04023,CU03705,9718-5085-8739-3665,CREDIT,2021-04-05,2025-04-05,EXPIRED
CA01891,AC04210,CU03168,2672-6828-2405-6334,DEBIT,2021-04-14,2025-04-14,EXPIRED
CA01892,AC07659,CU00496,5129-8787-7281-1296,CREDIT,2021-03-16,2025-03-16,ACTIVE
CA01893,AC07108,CU02255,7456-4949-4565-3105,CREDIT,2021-11-12,2026-11-12,EXPIRED
CA01894,AC04234,CU00962,2332-1616-2588-7223,DEBIT,2025-08-10,2029-08-10,ACTIVE
CA01895,AC05925,CU01819,5529-5042-1045-9138,DEBIT,2021-01-20,2025-01-20,ACTIVE
CA01896,AC07894,CU01226,9888-2371-5162-6438,CREDIT,2021-11-19,2026-11-19,BLOCKED
CA01897,AC01950,CU00960,8348-1498-3496-6908,CREDIT,2022-05-24,2026-05-24,EXPIRED
CA01898,AC01655,CU02570,7475-5193-1564-3849,CREDIT,2023-08-18,2028-08-18,ACTIVE
CA01899,AC03553,CU04546,1571-9947-6028-0119,DEBIT,2022-07-28,2026-07-28,EXPIRED
CA01900,AC00309,CU04109,0892-3864-1678-2043,CREDIT,2024-06-02,2027-06-02,BLOCKED
CA01901,AC01799,CU00185,2604-7203-7978-7575,CREDIT,2022-03-01,2025-03-01,EXPIRED
CA01902,AC03703,CU01035,9553-7154-2518-0500,CREDIT,2020-02-23,2024-02-23,BLOCKED
CA01903,AC05823,CU01423,8783-1503-6355-4556,CREDIT,2020-04-18,2025-04-18,ACTIVE
CA01904,AC05993,CU03487,8082-3261-7777-0670,DEBIT,2022-07-06,2026-07-06,ACTIVE
CA01905,AC04121,CU03568,5407-6514-7497-8612,DEBIT,2025-06-21,2028-06-21,ACTIVE
CA01906,AC04173,CU04962,8674-4010-2769-2436,CREDIT,2022-12-02,2027-12-02,ACTIVE
CA01907,AC00179,CU02959,2194-6426-5458-6980,DEBIT,2022-01-14,2026-01-14,BLOCKED
CA01908,AC04909,CU04285,1111-6419-5904-9529,DEBIT,2021-05-20,2026-05-20,EXPIRED
CA01909,AC04943,CU04320,7195-8162-6198-0139,DEBIT,2024-03-06,2028-03-06,BLOCKED
CA01910,AC01396,CU00092,0835-3666-0042-6173,DEBIT,2022-11-29,2025-11-29,BLOCKED
CA01911,AC04233,CU03623,0135-3984-5272-8900,DEBIT,2023-03-10,2026-03-10,BLOCKED
CA01912,AC04264,CU04919,2936-9720-0071-8164,DEBIT,2025-08-18,2030-08-18,BLOCKED
CA01913,AC02115,CU03209,2792-9210-3592-4867,DEBIT,2022-05-18,2027-05-18,ACTIVE
CA01914,AC02826,CU00784,1599-8511-6661-2630,DEBIT,2022-05-19,2025-05-19,EXPIRED
CA01915,AC06290,CU01737,4573-8305-0719-5846,CREDIT,2025-06-26,2028-06-26,BLOCKED
CA01916,AC03881,CU01256,7008-4607-5571-5387,DEBIT,2023-11-02,2028-11-02,BLOCKED
CA01917,AC06222,CU01837,6247-5914-5472-9662,CREDIT,2021-01-23,2026-01-23,BLOCKED
CA01918,AC00046,CU03021,9774-4775-6926-1768,DEBIT,2025-05-14,2028-05-14,BLOCKED
CA01919,AC04428,CU04470,1404-6792-4537-2171,DEBIT,2024-08-12,2028-08-12,EXPIRED
CA01920,AC05830,CU00141,8147-1242-3107-3271,DEBIT,2025-03-06,2029-03-06,BLOCKED
CA01921,AC01194,CU00946,1842-8115-8995-1692,DEBIT,2024-02-20,2028-02-20,ACTIVE
CA01922,AC07790,CU04135,3521-0735-9981-3080,DEBIT,2024-02-13,2029-02-13,BLOCKED
CA01923,AC00387,CU04051,7079-0893-0202-9120,DEBIT,2024-10-15,2028-10-15,EXPIRED
CA01924,AC00119,CU02470,2300-6050-6235-3494,DEBIT,2023-07-17,2027-07-17,EXPIRED
CA01925,AC00139,CU04336,5521-3459-6155-0772,CREDIT,2022-09-30,2025-09-30,ACTIVE
CA01926,AC05099,CU04587,3277-8393-4278-5227,CREDIT,2023-12-29,2028-12-29,ACTIVE
CA01927,AC06960,CU02403,6796-5726-3960-4075,DEBIT,2021-10-26,2026-10-26,BLOCKED
CA01928,AC05306,CU02885,3478-0898-9850-5224,DEBIT,2023-03-30,2027-03-30,BLOCKED
CA01929,AC07198,CU01235,0661-6365-0814-1779,CREDIT,2021-04-14,2024-04-14,EXPIRED
CA01930,AC03348,CU02154,3705-9614-7586-0150,CREDIT,2021-08-31,2026-08-31,ACTIVE
CA01931,AC01043,CU01871,2786-1259-3788-2609,CREDIT,2020-11-22,2025-11-22,ACTIVE
CA01932,AC05922,CU01214,0884-3184-5351-3298,DEBIT,2020-05-26,2025-05-26,BLOCKED
CA01933,AC00391,CU00615,0271-4204-4706-6137,CREDIT,2022-08-10,2026-08-10,BLOCKED
CA01934,AC07235,CU01876,3312-1597-3248-1964,DEBIT,2021-03-10,2026-03-10,ACTIVE
CA01935,AC04603,CU04638,9015-5942-5515-0641,CREDIT,2025-03-08,2030-03-08,BLOCKED
CA01936,AC03985,CU01342,4017-3988-4230-8419,DEBIT,2022-12-30,2025-12-30,EXPIRED
CA01937,AC05838,CU03585,8859-1802-9927-2042,DEBIT,2021-11-15,2025-11-15,EXPIRED
CA01938,AC03406,CU01228,8957-2160-6819-0400,DEBIT,2024-10-03,2027-10-03,EXPIRED
CA01939,AC05095,CU01922,7223-4510-3697-7027,CREDIT,2021-06-05,2024-06-05,EXPIRED
CA01940,AC03168,CU03791,1348-7166-1722-5222,CREDIT,2025-08-30,2030-08-30,BLOCKED
CA01941,AC03722,CU01350,0539-6492-3868-4148,DEBIT,2022-12-27,2025-12-27,ACTIVE
CA01942,AC00483,CU00086,3431-3142-7957-0697,CREDIT,2020-01-29,2025-01-29,EXPIRED
CA01943,AC04928,CU00144,0575-9820-7796-1243,CREDIT,2025-04-06,2029-04-06,ACTIVE
CA01944,AC00449,CU01093,7240-9043-9094-0823,DEBIT,2023-11-23,2027-11-23,EXPIRED
CA01945,AC04241,CU04828,7953-4799-9110-8119,DEBIT,2022-10-01,2027-10-01,ACTIVE
CA01946,AC04268,CU02129,4945-1180-7844-1982,DEBIT,2023-10-24,2027-10-24,BLOCKED
CA01947,AC04925,CU00075,8599-4156-7744-2433,DEBIT,2023-01-07,2028-01-07,EXPIRED
CA01948,AC04350,CU03642,7573-6643-3850-8024,DEBIT,2024-08-05,2029-08-05,BLOCKED
CA01949,AC01789,CU03211,5301-9845-5399-1506,DEBIT,2023-12-02,2027-12-02,EXPIRED
CA01950,AC07252,CU02554,0112-4653-2089-5475,CREDIT,2021-12-13,2026-12-13,EXPIRED
CA01951,AC02754,CU01121,0236-9089-0780-1351,CREDIT,2020-06-16,2024-06-16,EXPIRED
CA01952,AC00719,CU04751,7612-6281-4176-4377,CREDIT,2021-10-08,2025-10-08,ACTIVE
CA01953,AC04335,CU03109,1405-8441-6512-4201,DEBIT,2021-12-25,2025-12-25,EXPIRED
CA01954,AC05863,CU02142,6599-6897-9813-1826,DEBIT,2021-08-08,2025-08-08,BLOCKED
CA01955,AC07829,CU03416,3571-0475-5588-2846,CREDIT,2025-10-13,2029-10-13,EXPIRED
CA01956,AC00063,CU01980,9687-9873-4174-6473,DEBIT,2020-06-23,2023-06-23,ACTIVE
CA01957,AC01693,CU03446,0637-0155-6680-1244,CREDIT,2023-03-19,2027-03-19,ACTIVE
CA01958,AC03931,CU02620,1227-8437-0952-9576,DEBIT,2020-12-18,2025-12-18,EXPIRED
CA01959,AC00012,CU00598,0273-5276-1468-4848,DEBIT,2025-05-19,2030-05-19,ACTIVE
CA01960,AC05321,CU03219,6056-0699-6396-1976,DEBIT,2021-04-29,2026-04-29,EXPIRED
CA01961,AC04845,CU03473,5980-4502-7562-4746,CREDIT,2023-09-26,2028-09-26,ACTIVE
CA01962,AC02782,CU01360,6255-3742-0335-0444,DEBIT,2022-09-01,2026-09-01,BLOCKED
CA01963,AC00025,CU03080,6237-3097-0800-4112,CREDIT,2022-06-11,2025-06-11,ACTIVE
CA01964,AC04759,CU04030,6548-0785-5180-8936,DEBIT,2021-10-27,2024-10-27,EXPIRED
CA01965,AC02257,CU04737,8932-6259-8031-4232,CREDIT,2023-03-03,2027-03-03,EXPIRED
CA01966,AC02789,CU01432,0102-7126-9793-4357,DEBIT,2021-05-24,2024-05-24,BLOCKED
CA01967,AC05971,CU00438,3009-1788-0352-8635,CREDIT,2020-03-07,2024-03-07,ACTIVE
CA01968,AC02850,CU02761,2238-6869-1629-9913,DEBIT,2023-09-21,2028-09-21,EXPIRED
CA01969,AC06158,CU01248,4073-5835-9415-1981,CREDIT,2020-08-14,2025-08-14,ACTIVE
CA01970,AC03030,CU03599,8217-7534-2691-0180,CREDIT,2020-10-16,2023-10-16,EXPIRED
CA01971,AC03576,CU00633,1459-1493-4388-6397,CREDIT,2022-07-18,2025-07-18,EXPIRED
CA01972,AC07042,CU03875,8757-6207-6223-1433,DEBIT,2023-06-14,2028-06-14,EXPIRED
CA01973,AC05841,CU01382,8287-0663-8530-7202,CREDIT,2020-12-09,2023-12-09,EXPIRED
CA01974,AC03794,CU02361,4846-1650-0912-9577,CREDIT,2024-11-01,2028-11-01,ACTIVE
CA01975,AC01902,CU03625,2856-8611-0008-3330,DEBIT,2021-10-17,2026-10-17,BLOCKED
CA01976,AC03691,CU02963,6408-9027-1859-4343,CREDIT,2024-05-31,2028-05-31,BLOCKED
CA01977,AC02416,CU04760,1874-5980-9226-9028,CREDIT,2022-04-17,2027-04-17,ACTIVE
CA01978,AC05788,CU02194,6150-3348-4449-0085,CREDIT,2023-03-09,2026-03-09,ACTIVE
CA01979,AC00987,CU01204,3659-3254-7556-6194,DEBIT,2025-12-19,2028-12-19,BLOCKED
CA01980,AC03335,CU01166,2907-9320-3364-4396,DEBIT,2025-02-04,2028-02-04,BLOCKED
CA01981,AC07062,CU01806,1048-5648-6936-7803,DEBIT,2023-09-03,2027-09-03,ACTIVE
CA01982,AC04513,CU04170,3045-0104-5137-6685,DEBIT,2021-03-11,2025-03-11,BLOCKED
CA01983,AC00553,CU02772,1465-9572-6078-4725,DEBIT,2021-03-14,2024-03-14,ACTIVE
CA01984,AC06010,CU02129,7561-3099-3446-6440,DEBIT,2024-02-27,2029-02-27,EXPIRED
CA01985,AC01443,CU02452,5725-6107-0193-5345,DEBIT,2024-07-12,2027-07-12,BLOCKED
CA01986,AC03683,CU01386,7701-0275-1752-2808,DEBIT,2020-01-31,2025-01-31,ACTIVE
CA01987,AC06975,CU03241,7846-9846-2003-3981,CREDIT,2022-10-04,2025-10-04,ACTIVE
CA01988,AC01670,CU01289,4728-6542-0862-9377,CREDIT,2021-10-28,2025-10-28,ACTIVE
CA01989,AC01802,CU00444,8845-5607-8770-8598,DEBIT,2023-12-02,2026-12-02,BLOCKED
CA01990,AC07635,CU02459,0883-3896-3761-4462,CREDIT,2024-05-31,2029-05-31,BLOCKED
CA01991,AC02914,CU00289,3667-1191-1553-7393,CREDIT,2022-09-26,2025-09-26,ACTIVE
CA01992,AC06106,CU02197,7061-8358-7739-2620,CREDIT,2023-10-29,2028-10-29,ACTIVE
CA01993,AC05248,CU02403,8569-2248-6376-3978,DEBIT,2023-05-20,2026-05-20,EXPIRED
CA01994,AC05328,CU03378,6163-5857-5934-8718,CREDIT,2024-07-06,2028-07-06,BLOCKED
CA01995,AC06822,CU03620,0889-5258-3007-1105,CREDIT,2021-05-15,2025-05-15,EXPIRED
CA01996,AC06678,CU03744,7756-3838-0500-5837,CREDIT,2022-10-14,2027-10-14,ACTIVE
CA01997,AC00452,CU00586,4831-9763-5887-5854,CREDIT,2022-04-22,2027-04-22,ACTIVE
CA01998,AC01257,CU00287,1944-9743-9575-5503,DEBIT,2022-12-13,2025-12-13,ACTIVE
CA01999,AC03749,CU01440,5121-8086-4864-6057,DEBIT,2023-07-24,2027-07-24,ACTIVE
CA02000,AC01305,CU00764,1757-9115-7384-5276,CREDIT,2025-01-11,2030-01-11,ACTIVE
CA02001,AC00579,CU00617,7960-1245-5812-3119,CREDIT,2020-07-03,2025-07-03,EXPIRED
CA02002,AC04342,CU00213,3892-1523-5437-6505,DEBIT,2025-06-04,2030-06-04,EXPIRED
CA02003,AC00775,CU03104,6709-8558-5259-6059,DEBIT,2021-01-07,2024-01-07,BLOCKED
CA02004,AC03296,CU03144,9383-3897-8394-9594,DEBIT,2021-10-22,2024-10-22,BLOCKED
CA02005,AC05642,CU02279,0682-0984-9256-0378,DEBIT,2021-08-27,2024-08-27,EXPIRED
CA02006,AC02969,CU04025,4003-4039-3749-5742,DEBIT,2025-12-23,2029-12-23,EXPIRED
CA02007,AC01112,CU03781,7279-1619-4923-6964,CREDIT,2023-05-20,2027-05-20,ACTIVE
CA02008,AC02571,CU04290,7149-8378-1124-5259,CREDIT,2022-11-04,2025-11-04,ACTIVE
CA02009,AC07121,CU04360,0260-2798-0212-4730,CREDIT,2023-07-08,2028-07-08,EXPIRED
CA02010,AC07590,CU03512,6633-2316-1659-9427,DEBIT,2021-06-03,2024-06-03,BLOCKED
CA02011,AC07263,CU00079,4342-5632-6209-5203,DEBIT,2023-06-21,2028-06-21,ACTIVE
CA02012,AC03802,CU00922,9652-3519-0384-3063,DEBIT,2024-11-22,2028-11-22,ACTIVE
CA02013,AC07061,CU03756,7619-6452-3074-9194,DEBIT,2022-11-18,2026-11-18,EXPIRED
CA02014,AC05520,CU02614,2262-6571-0206-4691,CREDIT,2023-12-06,2027-12-06,BLOCKED
CA02015,AC00471,CU00509,5422-1365-9507-8519,DEBIT,2020-10-04,2023-10-04,ACTIVE
CA02016,AC04478,CU00809,4660-1130-6277-3958,DEBIT,2020-11-04,2025-11-04,BLOCKED
CA02017,AC04057,CU03710,4478-5408-6633-8821,DEBIT,2025-02-11,2029-02-11,ACTIVE
CA02018,AC05511,CU02916,0845-6898-7054-9575,DEBIT,2025-02-28,2029-02-28,ACTIVE
CA02019,AC05645,CU02007,8009-5561-1362-3822,DEBIT,2023-04-11,2027-04-11,ACTIVE
CA02020,AC05501,CU01257,6366-6360-2737-2457,DEBIT,2023-03-31,2026-03-31,EXPIRED
CA02021,AC06588,CU03891,5331-3293-6333-8605,DEBIT,2021-03-29,2024-03-29,ACTIVE
CA02022,AC00526,CU01692,6202-8712-1912-8015,CREDIT,2022-03-31,2026-03-31,EXPIRED
CA02023,AC05915,CU03452,1948-0504-3935-6167,CREDIT,2025-12-03,2028-12-03,ACTIVE
CA02024,AC03647,CU01384,2477-5033-5811-1666,DEBIT,2023-09-25,2027-09-25,EXPIRED
CA02025,AC01896,CU04671,0987-5523-0756-7319,DEBIT,2020-03-02,2024-03-02,BLOCKED
CA02026,AC05079,CU04952,8053-9909-5882-3470,CREDIT,2021-10-11,2026-10-11,BLOCKED
CA02027,AC00770,CU03608,7110-7326-1852-0312,DEBIT,2020-03-26,2025-03-26,BLOCKED
CA02028,AC04689,CU01176,5082-1566-5827-1112,DEBIT,2020-08-12,2024-08-12,ACTIVE
CA02029,AC06242,CU03465,7162-3531-7611-4566,CREDIT,2022-09-03,2027-09-03,BLOCKED
CA02030,AC06950,CU00499,5851-1851-7684-9775,CREDIT,2020-11-28,2023-11-28,BLOCKED
CA02031,AC05798,CU04385,7170-0631-4530-7716,CREDIT,2020-06-07,2025-06-07,EXPIRED
CA02032,AC03103,CU04801,5236-0137-4223-3765,CREDIT,2022-08-09,2026-08-09,ACTIVE
CA02033,AC03043,CU01680,6229-0635-6224-7306,DEBIT,2024-02-03,2029-02-03,BLOCKED
CA02034,AC04189,CU03521,2401-8011-1708-3638,CREDIT,2020-05-20,2023-05-20,EXPIRED
CA02035,AC03882,CU04655,7449-6524-4091-3739,DEBIT,2020-09-06,2023-09-06,ACTIVE
CA02036,AC03755,CU03853,4626-7520-7913-6110,CREDIT,2021-05-09,2026-05-09,EXPIRED
CA02037,AC01559,CU02259,6969-0079-1119-1646,DEBIT,2024-04-22,2027-04-22,ACTIVE
CA02038,AC03984,CU03851,5938-7687-0778-7589,DEBIT,2020-11-15,2025-11-15,ACTIVE
CA02039,AC04624,CU03992,0970-6266-7585-4576,CREDIT,2020-06-10,2025-06-10,BLOCKED
CA02040,AC04274,CU03928,3819-7408-8558-3495,CREDIT,2020-12-22,2025-12-22,ACTIVE
CA02041,AC00111,CU01687,2676-2436-3816-3125,CREDIT,2021-06-24,2025-06-24,EXPIRED
CA02042,AC02649,CU03152,5115-3269-6061-1372,CREDIT,2024-11-25,2028-11-25,BLOCKED
CA02043,AC07623,CU03478,1056-6372-8995-4666,DEBIT,2020-12-01,2023-12-01,ACTIVE
CA02044,AC00654,CU04495,2295-7178-9017-0985,DEBIT,2025-09-13,2030-09-13,EXPIRED
CA02045,AC00065,CU00609,0720-8470-7423-3435,DEBIT,2021-05-20,2026-05-20,BLOCKED
CA02046,AC05205,CU01797,3301-7291-2499-7648,DEBIT,2020-02-24,2023-02-24,BLOCKED
CA02047,AC07888,CU01782,0602-7819-1159-9648,CREDIT,2021-04-28,2026-04-28,ACTIVE
CA02048,AC03170,CU01218,6907-3679-9087-7603,CREDIT,2024-04-05,2028-04-05,EXPIRED
CA02049,AC06364,CU00913,2884-5404-1997-3699,CREDIT,2020-09-08,2024-09-08,BLOCKED
CA02050,AC04392,CU04428,0463-0057-0260-1730,DEBIT,2022-08-16,2027-08-16,ACTIVE
CA02051,AC05097,CU02190,4999-7455-7456-6841,DEBIT,2025-01-09,2030-01-09,BLOCKED
CA02052,AC05284,CU04411,1666-2386-7449-2525,CREDIT,2024-10-11,2029-10-11,ACTIVE
CA02053,AC02355,CU02826,8478-2912-5613-5890,CREDIT,2020-08-27,2025-08-27,BLOCKED
CA02054,AC06259,CU03234,7928-5229-3858-4332,DEBIT,2022-11-16,2027-11-16,ACTIVE
CA02055,AC01681,CU02274,0439-5253-8713-6373,DEBIT,2022-08-20,2027-08-20,EXPIRED
CA02056,AC01930,CU01194,7994-9073-1496-3928,CREDIT,2025-10-16,2028-10-16,BLOCKED
CA02057,AC02295,CU02902,8472-1928-4260-4484,CREDIT,2022-09-10,2027-09-10,EXPIRED
CA02058,AC03925,CU00166,7880-0462-4242-4350,CREDIT,2024-03-05,2027-03-05,EXPIRED
CA02059,AC05652,CU04178,7748-6189-6816-4908,DEBIT,2021-12-08,2026-12-08,EXPIRED
CA02060,AC02654,CU03998,0892-3286-6425-3938,DEBIT,2023-03-20,2026-03-20,BLOCKED
CA02061,AC02897,CU04818,9052-9987-9497-4605,DEBIT,2021-03-25,2024-03-25,ACTIVE
CA02062,AC01567,CU03372,1329-3134-3418-0308,CREDIT,2022-09-06,2025-09-06,EXPIRED
CA02063,AC07242,CU03545,2989-5908-7681-3296,CREDIT,2025-09-26,2028-09-26,BLOCKED
CA02064,AC00141,CU02985,9326-1004-4069-1799,DEBIT,2022-02-10,2026-02-10,EXPIRED
CA02065,AC06644,CU03283,5965-9390-4426-0600,DEBIT,2024-04-14,2029-04-14,EXPIRED
CA02066,AC06940,CU03230,7725-4376-4349-1367,CREDIT,2023-02-19,2026-02-19,ACTIVE
CA02067,AC03522,CU04114,7336-3118-5452-6583,CREDIT,2024-04-22,2028-04-22,ACTIVE
CA02068,AC00742,CU02763,9288-7227-4814-1264,DEBIT,2021-12-04,2025-12-04,ACTIVE
CA02069,AC00910,CU00703,4298-5952-9634-8996,CREDIT,2021-07-17,2025-07-17,BLOCKED
CA02070,AC01710,CU04430,7255-1928-5853-3726,CREDIT,2021-05-19,2026-05-19,EXPIRED
CA02071,AC02702,CU03186,9271-1125-8070-6548,DEBIT,2021-07-25,2024-07-25,ACTIVE
CA02072,AC04257,CU03271,6875-9930-6580-4270,CREDIT,2021-12-02,2026-12-02,ACTIVE
CA02073,AC02971,CU01275,1304-8284-1928-9362,DEBIT,2024-01-05,2027-01-05,EXPIRED
CA02074,AC04351,CU03541,0917-8221-9182-5981,CREDIT,2021-11-21,2024-11-21,BLOCKED
CA02075,AC01976,CU04053,6565-6367-9009-5270,DEBIT,2020-06-16,2025-06-16,EXPIRED
CA02076,AC01505,CU04554,2518-1961-6325-7281,CREDIT,2022-12-21,2027-12-21,BLOCKED
CA02077,AC07267,CU01182,9901-6003-1960-6623,CREDIT,2024-12-12,2027-12-12,BLOCKED
CA02078,AC07746,CU04319,6838-7428-7328-6281,CREDIT,2020-05-12,2025-05-12,EXPIRED
CA02079,AC01889,CU01788,9346-2270-1785-9163,CREDIT,2024-06-25,2027-06-25,EXPIRED
CA02080,AC05979,CU03728,7826-0013-1440-9421,CREDIT,2025-02-18,2030-02-18,ACTIVE
CA02081,AC03318,CU01158,6588-1730-6195-3319,DEBIT,2023-08-31,2027-08-31,EXPIRED
CA02082,AC04363,CU00447,2813-2822-6527-2602,CREDIT,2025-01-06,2029-01-06,EXPIRED
CA02083,AC05145,CU00254,4180-3774-5348-6486,DEBIT,2025-04-14,2028-04-14,BLOCKED
CA02084,AC02630,CU00741,2832-0382-7909-2780,CREDIT,2020-07-28,2024-07-28,ACTIVE
CA02085,AC05527,CU02567,2808-6825-9063-1929,CREDIT,2020-06-27,2023-06-27,BLOCKED
CA02086,AC03461,CU00742,2370-7510-0546-4459,DEBIT,2023-07-13,2027-07-13,EXPIRED
CA02087,AC07280,CU01625,9300-9926-1053-1093,CREDIT,2022-03-25,2026-03-25,ACTIVE
CA02088,AC00172,CU03692,4619-7350-7653-1251,DEBIT,2021-01-23,2026-01-23,BLOCKED
CA02089,AC02080,CU03761,8193-4278-3089-9845,CREDIT,2023-11-09,2028-11-09,BLOCKED
CA02090,AC02123,CU01726,1898-1326-5351-4175,CREDIT,2025-10-05,2028-10-05,EXPIRED
CA02091,AC01584,CU04301,2926-0558-2998-1712,DEBIT,2023-04-23,2026-04-23,EXPIRED
CA02092,AC05755,CU03315,5948-6484-2375-0794,DEBIT,2025-08-02,2028-08-02,EXPIRED
CA02093,AC03018,CU03228,8374-9038-7277-1411,CREDIT,2020-09-13,2025-09-13,ACTIVE
CA02094,AC05952,CU03572,2977-7588-2765-3585,CREDIT,2021-10-31,2025-10-31,BLOCKED
CA02095,AC05599,CU04450,7924-9708-9713-1011,CREDIT,2023-07-18,2026-07-18,EXPIRED
CA02096,AC00331,CU04839,3444-3494-7325-7136,CREDIT,2024-07-24,2028-07-24,ACTIVE
CA02097,AC07900,CU02027,5291-9252-1283-9430,DEBIT,2023-03-18,2027-03-18,EXPIRED
CA02098,AC03356,CU03815,9739-7820-6181-8489,CREDIT,2025-11-05,2029-11-05,EXPIRED
CA02099,AC04719,CU00379,6907-3956-3411-2822,CREDIT,2024-09-12,2028-09-12,EXPIRED
CA02100,AC00143,CU03811,3326-7245-2429-1945,DEBIT,2022-03-07,2026-03-07,EXPIRED
CA02101,AC05156,CU02340,6069-3795-9841-5357,CREDIT,2025-12-19,2030-12-19,EXPIRED
CA02102,AC03788,CU04672,4949-4427-0157-3753,CREDIT,2022-05-09,2027-05-09,BLOCKED
CA02103,AC02608,CU03412,9543-9112-4841-1829,CREDIT,2022-02-16,2025-02-16,ACTIVE
CA02104,AC00199,CU03058,0989-5176-2511-6239,CREDIT,2023-01-15,2027-01-15,EXPIRED
CA02105,AC00748,CU01245,8401-6748-3226-7736,CREDIT,2025-11-04,2030-11-04,ACTIVE
CA02106,AC00403,CU04010,6378-0215-0900-9001,DEBIT,2023-02-28,2026-02-28,EXPIRED
CA02107,AC03801,CU03890,0259-0280-9142-2303,DEBIT,2023-08-11,2028-08-11,BLOCKED
CA02108,AC03427,CU00920,3194-4527-8307-5178,CREDIT,2022-10-16,2026-10-16,ACTIVE
CA02109,AC06637,CU04026,1541-2129-1307-8563,CREDIT,2023-09-07,2027-09-07,BLOCKED
CA02110,AC02223,CU04869,2256-8750-9514-5676,CREDIT,2023-11-11,2027-11-11,BLOCKED
CA02111,AC04682,CU03830,6287-4165-4016-7424,DEBIT,2023-06-12,2026-06-12,EXPIRED
CA02112,AC01782,CU02907,8615-3646-8692-4650,CREDIT,2025-04-17,2030-04-17,EXPIRED
CA02113,AC01922,CU04484,0439-3679-5100-7318,DEBIT,2024-10-02,2029-10-02,EXPIRED
CA02114,AC00889,CU01724,2999-5064-9772-7700,CREDIT,2025-10-20,2028-10-20,EXPIRED
CA02115,AC05067,CU01632,3614-9471-5918-3272,CREDIT,2024-11-22,2029-11-22,BLOCKED
CA02116,AC04138,CU04111,4331-4174-1684-2872,DEBIT,2024-11-26,2027-11-26,BLOCKED
CA02117,AC02893,CU03196,3837-7129-1334-4437,CREDIT,2022-05-21,2027-05-21,EXPIRED
CA02118,AC02629,CU00114,9668-8937-4448-4490,DEBIT,2020-10-08,2025-10-08,BLOCKED
CA02119,AC07721,CU03595,9639-3204-2288-6279,DEBIT,2025-05-04,2028-05-04,EXPIRED
CA02120,AC00083,CU00169,2450-1864-0771-6743,CREDIT,2023-10-01,2028-10-01,ACTIVE
CA02121,AC07456,CU04734,3947-4232-1333-4104,CREDIT,2020-05-02,2025-05-02,EXPIRED
CA02122,AC01219,CU02288,8620-0473-5504-9003,DEBIT,2024-06-19,2027-06-19,BLOCKED
CA02123,AC02205,CU03115,1870-5310-8838-0309,CREDIT,2020-12-30,2023-12-30,ACTIVE
CA02124,AC03277,CU00662,0248-3874-0822-3418,CREDIT,2025-09-14,2030-09-14,ACTIVE
CA02125,AC04525,CU03415,4151-9325-0566-0898,DEBIT,2023-02-27,2027-02-27,ACTIVE
CA02126,AC00580,CU00207,4172-5702-9857-0760,CREDIT,2021-01-15,2025-01-15,EXPIRED
CA02127,AC07216,CU04634,8803-9967-0540-1738,CREDIT,2022-03-13,2026-03-13,BLOCKED
CA02128,AC00569,CU01341,7493-6064-6077-9177,DEBIT,2022-12-25,2025-12-25,BLOCKED
CA02129,AC03535,CU00077,4340-9144-4679-8283,DEBIT,2022-10-08,2027-10-08,EXPIRED
CA02130,AC00659,CU01678,4537-2002-9150-6603,DEBIT,2021-09-21,2025-09-21,BLOCKED
CA02131,AC00299,CU02101,2622-8367-6698-8186,DEBIT,2021-06-24,2024-06-24,BLOCKED
CA02132,AC05581,CU01106,1801-9206-3106-4943,DEBIT,2020-04-14,2023-04-14,EXPIRED
CA02133,AC02918,CU00432,6990-6627-4310-7389,DEBIT,2025-01-23,2028-01-23,ACTIVE
CA02134,AC03632,CU04622,6830-9987-9168-9032,CREDIT,2021-08-07,2024-08-07,BLOCKED
CA02135,AC03950,CU02401,6285-4082-8097-9295,CREDIT,2020-04-11,2024-04-11,ACTIVE
CA02136,AC01334,CU03750,1451-1485-4456-8122,DEBIT,2024-03-11,2027-03-11,ACTIVE
CA02137,AC07000,CU03863,1180-2659-9218-0292,CREDIT,2021-01-16,2024-01-16,BLOCKED
CA02138,AC07447,CU03820,1028-3961-4173-3261,DEBIT,2021-02-06,2026-02-06,BLOCKED
CA02139,AC06310,CU00075,1006-9594-1525-4884,CREDIT,2022-01-11,2025-01-11,BLOCKED
CA02140,AC00886,CU01743,1704-2743-7054-1085,DEBIT,2020-06-18,2024-06-18,ACTIVE
CA02141,AC05859,CU04147,3851-2790-8302-4912,DEBIT,2021-10-08,2024-10-08,EXPIRED
CA02142,AC07463,CU00856,3611-1453-6928-2198,CREDIT,2025-11-23,2030-11-23,EXPIRED
CA02143,AC01899,CU04910,5123-1351-0533-6992,CREDIT,2024-04-24,2027-04-24,BLOCKED
CA02144,AC04254,CU03395,5837-9704-7697-1440,DEBIT,2023-12-07,2026-12-07,ACTIVE
CA02145,AC03546,CU03895,6086-9259-9162-6018,CREDIT,2024-11-13,2029-11-13,BLOCKED
CA02146,AC07464,CU00709,3454-0165-3766-0807,DEBIT,2023-05-12,2028-05-12,EXPIRED
CA02147,AC07243,CU01989,7770-1429-4668-9119,CREDIT,2022-02-08,2026-02-08,BLOCKED
CA02148,AC06694,CU03865,9990-5667-1301-5950,DEBIT,2022-02-07,2026-02-07,EXPIRED
CA02149,AC07477,CU00276,9245-2410-7164-8401,CREDIT,2025-07-22,2029-07-22,EXPIRED
CA02150,AC03041,CU01175,0517-3796-2055-5567,DEBIT,2023-03-21,2028-03-21,ACTIVE
CA02151,AC01599,CU03164,4989-3584-4069-0376,CREDIT,2024-01-28,2027-01-28,EXPIRED
CA02152,AC04805,CU03084,4502-2005-5810-7344,DEBIT,2021-03-10,2026-03-10,EXPIRED
CA02153,AC00652,CU00876,7643-9260-9701-6671,CREDIT,2021-07-25,2025-07-25,ACTIVE
CA02154,AC03944,CU04436,0633-3855-6225-5560,CREDIT,2025-04-23,2029-04-23,EXPIRED
CA02155,AC05653,CU04940,7624-7365-9588-4802,CREDIT,2024-12-22,2028-12-22,BLOCKED
CA02156,AC02056,CU00300,7906-7620-4540-5588,CREDIT,2021-06-29,2026-06-29,EXPIRED
CA02157,AC04220,CU04267,7269-5423-7342-2449,DEBIT,2020-10-16,2025-10-16,EXPIRED
CA02158,AC06718,CU02115,6890-2271-3302-9545,CREDIT,2020-12-14,2023-12-14,BLOCKED
CA02159,AC05492,CU00880,0359-6758-6286-0424,CREDIT,2020-02-20,2023-02-20,BLOCKED
CA02160,AC07498,CU02874,3031-0401-0035-0987,CREDIT,2025-08-02,2030-08-02,BLOCKED
CA02161,AC01588,CU01713,4157-6041-7590-6731,CREDIT,2024-11-26,2029-11-26,ACTIVE
CA02162,AC03316,CU00497,7752-5342-7570-0806,DEBIT,2020-08-30,2025-08-30,EXPIRED
CA02163,AC04552,CU04653,4259-6739-8595-2277,DEBIT,2020-01-23,2024-01-23,ACTIVE
CA02164,AC02221,CU00654,7370-8350-9454-6852,CREDIT,2021-01-03,2024-01-03,ACTIVE
CA02165,AC03710,CU03171,4254-6013-6380-3209,DEBIT,2025-06-11,2029-06-11,EXPIRED
CA02166,AC00898,CU04904,7182-0298-0228-6155,DEBIT,2025-08-16,2030-08-16,EXPIRED
CA02167,AC02546,CU01509,5284-3482-9350-7593,CREDIT,2025-07-27,2030-07-27,BLOCKED
CA02168,AC03590,CU02774,7823-7326-7118-7861,DEBIT,2025-10-29,2029-10-29,ACTIVE
CA02169,AC07038,CU02319,4382-4418-6469-5329,DEBIT,2023-06-22,2026-06-22,ACTIVE
CA02170,AC07673,CU01629,6900-6705-9013-4019,DEBIT,2024-07-21,2027-07-21,EXPIRED
CA02171,AC00363,CU02380,3453-2989-2761-4543,CREDIT,2024-02-12,2027-02-12,BLOCKED
CA02172,AC05116,CU02785,1344-8927-9827-4140,CREDIT,2024-04-28,2028-04-28,BLOCKED
CA02173,AC04043,CU00466,2592-5459-3310-8112,DEBIT,2025-11-09,2029-11-09,BLOCKED
CA02174,AC02816,CU02643,4669-5691-0427-1686,CREDIT,2023-08-28,2027-08-28,ACTIVE
CA02175,AC01727,CU04222,5969-1183-9011-9041,DEBIT,2020-04-29,2023-04-29,ACTIVE
CA02176,AC07935,CU04691,2012-6752-7135-2036,CREDIT,2025-08-31,2028-08-31,ACTIVE
CA02177,AC04625,CU01901,6622-6477-5464-5760,DEBIT,2021-11-08,2025-11-08,ACTIVE
CA02178,AC04246,CU00976,0497-8899-4179-8296,CREDIT,2021-02-03,2025-02-03,BLOCKED
CA02179,AC05180,CU01430,7026-1432-0907-9773,DEBIT,2021-12-13,2024-12-13,ACTIVE
CA02180,AC05894,CU01330,9989-9871-5419-4038,DEBIT,2023-02-13,2027-02-13,EXPIRED
CA02181,AC06441,CU01704,4282-3017-6290-9251,CREDIT,2022-07-15,2027-07-15,ACTIVE
CA02182,AC01237,CU02783,3031-6860-6296-3657,CREDIT,2021-04-29,2025-04-29,ACTIVE
CA02183,AC07289,CU02356,2483-4717-4915-1451,DEBIT,2025-10-29,2030-10-29,ACTIVE
CA02184,AC03209,CU04592,0914-8644-0577-4816,DEBIT,2020-08-13,2023-08-13,BLOCKED
CA02185,AC06529,CU04144,7240-2515-0932-2269,CREDIT,2023-02-19,2027-02-19,ACTIVE
CA02186,AC05319,CU02973,9510-4238-1174-5477,CREDIT,2025-08-03,2029-08-03,EXPIRED
CA02187,AC06072,CU03962,5091-0804-9211-8852,DEBIT,2021-07-19,2025-07-19,BLOCKED
CA02188,AC07697,CU03498,0179-6043-4693-6198,CREDIT,2025-04-18,2028-04-18,ACTIVE
CA02189,AC01694,CU00847,8605-1751-8970-7517,DEBIT,2023-12-04,2026-12-04,EXPIRED
CA02190,AC00326,CU04037,9129-5803-4076-6926,DEBIT,2021-12-14,2026-12-14,BLOCKED
CA02191,AC03711,CU00608,3383-4399-7528-6837,CREDIT,2021-11-18,2026-11-18,ACTIVE
CA02192,AC07110,CU00177,2606-6479-4433-4704,DEBIT,2023-02-20,2027-02-20,BLOCKED
CA02193,AC05189,CU00237,3214-4526-2737-2207,CREDIT,2024-02-17,2029-02-17,EXPIRED
CA02194,AC07511,CU03524,8132-0876-2304-9264,DEBIT,2023-04-05,2026-04-05,ACTIVE
CA02195,AC07158,CU03442,0187-1470-1160-2514,DEBIT,2025-04-07,2028-04-07,ACTIVE
CA02196,AC04641,CU02808,9044-5187-2682-3840,CREDIT,2023-05-28,2028-05-28,EXPIRED
CA02197,AC04484,CU04599,0717-5514-5175-8845,CREDIT,2022-04-23,2026-04-23,EXPIRED
CA02198,AC03124,CU01900,1579-0596-1074-0006,DEBIT,2025-10-14,2028-10-14,EXPIRED
CA02199,AC04606,CU02337,2269-4191-8665-3968,CREDIT,2022-07-15,2025-07-15,EXPIRED
CA02200,AC04585,CU01196,1941-8408-7485-0570,DEBIT,2022-07-11,2027-07-11,ACTIVE
CA02201,AC02256,CU03163,8267-0954-3534-2810,DEBIT,2024-08-25,2028-08-25,EXPIRED
CA02202,AC00089,CU03804,9873-0509-6604-4055,CREDIT,2025-08-17,2030-08-17,ACTIVE
CA02203,AC00423,CU03936,7720-1724-9134-2667,DEBIT,2025-03-25,2028-03-25,EXPIRED
CA02204,AC05472,CU01958,4565-7181-9485-8859,CREDIT,2021-12-11,2025-12-11,ACTIVE
CA02205,AC03523,CU04017,7905-4665-9355-9761,CREDIT,2020-11-23,2025-11-23,EXPIRED
CA02206,AC01724,CU02080,9660-9533-1064-0138,CREDIT,2025-08-16,2028-08-16,BLOCKED
CA02207,AC07833,CU02104,5437-0072-3893-0588,CREDIT,2022-11-10,2027-11-10,BLOCKED
CA02208,AC02736,CU04815,0539-5525-1920-5884,DEBIT,2023-09-16,2027-09-16,ACTIVE
CA02209,AC02179,CU03174,8277-2497-5116-7850,DEBIT,2024-10-27,2027-10-27,BLOCKED
CA02210,AC05398,CU03598,5901-8390-0163-6183,CREDIT,2022-11-28,2025-11-28,EXPIRED
CA02211,AC00721,CU02081,5961-7155-0413-5047,CREDIT,2022-08-02,2026-08-02,ACTIVE
CA02212,AC02904,CU02171,4037-0055-1006-1277,CREDIT,2022-09-21,2027-09-21,ACTIVE
CA02213,AC03279,CU01942,4458-6425-9773-5006,DEBIT,2022-09-06,2026-09-06,BLOCKED
CA02214,AC03693,CU02013,1946-5510-0921-5657,CREDIT,2021-12-23,2024-12-23,ACTIVE
CA02215,AC00637,CU02508,2564-5125-3153-3268,CREDIT,2025-11-24,2029-11-24,BLOCKED
CA02216,AC05461,CU00722,3477-0198-6328-4517,DEBIT,2025-12-30,2030-12-30,ACTIVE
CA02217,AC02280,CU04677,7284-1714-6471-8200,CREDIT,2020-10-25,2024-10-25,ACTIVE
CA02218,AC04720,CU04891,9426-2518-8728-8767,DEBIT,2021-05-08,2026-05-08,EXPIRED
CA02219,AC05673,CU03309,1463-7951-3971-0025,DEBIT,2024-10-20,2028-10-20,BLOCKED
CA02220,AC07936,CU00198,5888-0975-3377-8814,CREDIT,2025-09-19,2030-09-19,ACTIVE
CA02221,AC02980,CU02207,5068-1176-3936-2925,CREDIT,2022-01-28,2025-01-28,EXPIRED
CA02222,AC06796,CU04660,9090-7206-4202-6321,CREDIT,2020-04-19,2024-04-19,EXPIRED
CA02223,AC02545,CU00519,8133-7662-2641-3101,CREDIT,2025-04-24,2028-04-24,BLOCKED
CA02224,AC05741,CU04226,8430-2785-5303-6625,CREDIT,2025-05-05,2030-05-05,ACTIVE
CA02225,AC00264,CU04488,5908-2663-9055-5649,DEBIT,2021-08-27,2024-08-27,ACTIVE
CA02226,AC02625,CU00668,3565-0477-4789-9278,CREDIT,2022-10-30,2026-10-30,EXPIRED
CA02227,AC05194,CU01464,5490-8878-7464-7770,CREDIT,2020-03-25,2023-03-25,ACTIVE
CA02228,AC07938,CU00246,5073-6507-5892-1358,CREDIT,2024-05-22,2027-05-22,BLOCKED
CA02229,AC06215,CU03148,3778-4821-6586-1147,CREDIT,2022-03-22,2026-03-22,BLOCKED
CA02230,AC03938,CU02424,9994-0302-6640-1706,CREDIT,2021-03-04,2024-03-04,EXPIRED
CA02231,AC04927,CU04006,4410-0602-2479-3171,CREDIT,2021-12-17,2025-12-17,BLOCKED
CA02232,AC05100,CU02850,2897-3359-2913-7713,DEBIT,2024-08-28,2027-08-28,BLOCKED
CA02233,AC03031,CU03594,3339-9525-3559-8693,DEBIT,2021-06-16,2026-06-16,ACTIVE
CA02234,AC02865,CU04841,3542-1678-1086-1219,CREDIT,2023-12-16,2026-12-16,EXPIRED
CA02235,AC05623,CU00736,0752-8155-0358-2961,CREDIT,2024-01-08,2029-01-08,EXPIRED
CA02236,AC03533,CU01054,6267-8307-2461-8832,CREDIT,2024-02-12,2028-02-12,BLOCKED
CA02237,AC04461,CU02327,7297-5999-0448-7539,CREDIT,2024-09-14,2027-09-14,BLOCKED
CA02238,AC06984,CU00271,6857-7062-9549-6279,CREDIT,2023-10-31,2026-10-31,ACTIVE
CA02239,AC06448,CU04452,7457-3556-1216-4257,CREDIT,2020-07-12,2024-07-12,EXPIRED
CA02240,AC02558,CU00463,2290-4838-9957-6063,DEBIT,2023-09-26,2028-09-26,ACTIVE
CA02241,AC07287,CU00368,0420-5691-4787-8094,DEBIT,2024-06-23,2029-06-23,EXPIRED
CA02242,AC03056,CU03061,2820-7017-6638-4161,DEBIT,2023-05-03,2028-05-03,EXPIRED
CA02243,AC02361,CU02883,4620-4240-3892-7396,DEBIT,2022-09-14,2027-09-14,ACTIVE
CA02244,AC04093,CU00173,1940-7637-9580-4065,DEBIT,2025-02-28,2029-02-28,EXPIRED
CA02245,AC00685,CU04193,1106-2332-0401-1444,CREDIT,2023-09-20,2027-09-20,EXPIRED
CA02246,AC05944,CU02113,4331-2900-5289-8391,CREDIT,2021-11-19,2026-11-19,ACTIVE
CA02247,AC07453,CU04648,2085-2042-2042-4445,CREDIT,2020-10-24,2024-10-24,BLOCKED
CA02248,AC00674,CU01814,6401-1223-4655-7679,DEBIT,2025-01-31,2029-01-31,EXPIRED
CA02249,AC04439,CU00731,9005-8576-6873-5073,DEBIT,2020-07-24,2025-07-24,BLOCKED
CA02250,AC02507,CU01934,1391-8189-3456-0721,CREDIT,2023-06-14,2027-06-14,EXPIRED
CA02251,AC05665,CU04179,5474-9698-6593-3979,CREDIT,2025-07-27,2028-07-27,EXPIRED
CA02252,AC04411,CU03751,5477-9601-7024-5949,CREDIT,2023-01-18,2027-01-18,BLOCKED
CA02253,AC02136,CU02438,3556-3446-7129-3976,CREDIT,2025-03-12,2028-03-12,BLOCKED
CA02254,AC01053,CU03725,0529-3917-8430-4739,DEBIT,2023-12-23,2027-12-23,ACTIVE
CA02255,AC06761,CU01078,2099-1987-9591-0871,DEBIT,2020-07-18,2023-07-18,EXPIRED
CA02256,AC07140,CU04831,2934-0403-1516-4904,CREDIT,2020-01-25,2025-01-25,BLOCKED
CA02257,AC04222,CU03591,4216-5041-8289-5481,CREDIT,2023-02-24,2026-02-24,BLOCKED
CA02258,AC01320,CU04415,0469-8697-7796-0471,DEBIT,2020-12-08,2025-12-08,BLOCKED
CA02259,AC06993,CU00059,5402-2482-6100-7411,CREDIT,2024-05-16,2027-05-16,BLOCKED
CA02260,AC06302,CU00677,2596-2745-1334-4471,CREDIT,2022-12-15,2025-12-15,EXPIRED
CA02261,AC06603,CU01406,2270-0880-5645-2102,DEBIT,2024-01-17,2028-01-17,ACTIVE
CA02262,AC01624,CU03906,2127-4639-0774-3798,CREDIT,2025-03-15,2028-03-15,EXPIRED
CA02263,AC01518,CU01272,9029-9257-4911-9764,DEBIT,2021-10-11,2024-10-11,BLOCKED
CA02264,AC00624,CU01750,5960-3897-8773-4716,DEBIT,2025-03-24,2028-03-24,BLOCKED
CA02265,AC01826,CU04038,3518-2140-8277-1748,DEBIT,2021-04-09,2024-04-09,EXPIRED
CA02266,AC02075,CU03468,9584-7668-9436-9157,DEBIT,2023-12-07,2026-12-07,EXPIRED
CA02267,AC05117,CU02517,3624-9173-2745-1522,DEBIT,2025-01-26,2029-01-26,EXPIRED
CA02268,AC00862,CU01679,0477-5466-4156-2416,DEBIT,2021-07-10,2024-07-10,EXPIRED
CA02269,AC03186,CU01210,6036-5872-7721-6515,CREDIT,2024-08-25,2029-08-25,BLOCKED
CA02270,AC02958,CU01549,2931-4447-9752-5914,DEBIT,2024-06-22,2027-06-22,BLOCKED
CA02271,AC04088,CU01279,1706-6764-0280-1291,DEBIT,2025-10-09,2030-10-09,EXPIRED
CA02272,AC04922,CU04888,0937-0124-8393-8817,DEBIT,2024-11-22,2027-11-22,BLOCKED
CA02273,AC02300,CU02889,2196-1535-6784-6380,CREDIT,2020-11-24,2025-11-24,EXPIRED
CA02274,AC00911,CU02233,5880-6081-0216-6243,DEBIT,2021-09-11,2026-09-11,ACTIVE
CA02275,AC00347,CU03840,5529-9236-0849-3968,DEBIT,2023-04-18,2026-04-18,EXPIRED
CA02276,AC01823,CU00967,8906-4382-4960-1133,DEBIT,2024-08-02,2027-08-02,EXPIRED
CA02277,AC02212,CU01329,1081-3037-1923-9390,DEBIT,2025-11-12,2030-11-12,ACTIVE
CA02278,AC03117,CU04180,8319-5968-4792-5970,CREDIT,2020-09-25,2024-09-25,EXPIRED
CA02279,AC06444,CU01911,3000-7337-1255-9095,CREDIT,2025-07-27,2030-07-27,BLOCKED
CA02280,AC07030,CU04090,6953-6402-3765-6976,DEBIT,2022-08-21,2027-08-21,EXPIRED
CA02281,AC07850,CU02995,6387-8666-0485-3079,DEBIT,2021-12-09,2024-12-09,ACTIVE
CA02282,AC03122,CU00001,1627-2834-7524-5622,CREDIT,2023-08-14,2027-08-14,BLOCKED
CA02283,AC02658,CU03069,9368-1026-9519-9791,DEBIT,2022-06-09,2026-06-09,BLOCKED
CA02284,AC04102,CU01754,2863-0935-3168-3789,CREDIT,2022-12-22,2025-12-22,BLOCKED
CA02285,AC04364,CU04824,1552-2399-1164-7516,DEBIT,2022-09-19,2027-09-19,EXPIRED
CA02286,AC00724,CU04227,5597-1387-4766-2728,CREDIT,2025-06-14,2030-06-14,ACTIVE
CA02287,AC00550,CU03789,7917-6696-8823-3308,DEBIT,2025-12-07,2030-12-07,BLOCKED
CA02288,AC01408,CU04532,6982-7727-5055-8309,CREDIT,2020-04-04,2025-04-04,BLOCKED
CA02289,AC04701,CU00937,2366-5292-7292-6174,DEBIT,2022-07-28,2027-07-28,BLOCKED
CA02290,AC00705,CU03028,0096-7654-1079-7477,DEBIT,2021-09-28,2025-09-28,EXPIRED
CA02291,AC02862,CU01619,1729-7675-0121-3199,CREDIT,2022-03-17,2027-03-17,ACTIVE
CA02292,AC01370,CU01259,7581-9857-6173-9121,CREDIT,2025-02-19,2030-02-19,BLOCKED
CA02293,AC05809,CU03186,3789-1979-9995-3657,CREDIT,2021-11-23,2025-11-23,ACTIVE
CA02294,AC06772,CU01623,9472-6189-5781-6304,CREDIT,2023-10-31,2028-10-31,BLOCKED
CA02295,AC01483,CU02615,8574-9174-9672-9525,DEBIT,2022-07-10,2027-07-10,BLOCKED
CA02296,AC01152,CU00344,1324-0442-6988-0518,DEBIT,2022-06-02,2026-06-02,BLOCKED
CA02297,AC06450,CU03724,5015-5290-1484-8861,DEBIT,2023-03-31,2026-03-31,BLOCKED
CA02298,AC01795,CU01960,4574-4709-1555-2231,DEBIT,2022-06-24,2025-06-24,BLOCKED
CA02299,AC02345,CU01757,1715-3266-5816-4354,CREDIT,2025-12-06,2029-12-06,EXPIRED
CA02300,AC02366,CU03455,0040-9648-6170-6281,DEBIT,2022-08-21,2027-08-21,EXPIRED
CA02301,AC07217,CU03749,6083-0691-8830-7397,CREDIT,2020-07-18,2023-07-18,ACTIVE
CA02302,AC03615,CU02625,9863-3494-4149-0391,CREDIT,2023-07-18,2026-07-18,ACTIVE
CA02303,AC03396,CU01599,5097-2810-9373-6926,DEBIT,2020-03-19,2023-03-19,BLOCKED
CA02304,AC07073,CU03688,9047-5154-9995-7325,DEBIT,2023-03-15,2027-03-15,ACTIVE
CA02305,AC04055,CU03046,1961-7609-6195-3222,DEBIT,2025-04-16,2030-04-16,ACTIVE
CA02306,AC05251,CU00437,3273-3657-8213-7073,DEBIT,2023-02-18,2026-02-18,BLOCKED
CA02307,AC07238,CU02342,6613-0693-5087-9234,CREDIT,2024-08-07,2027-08-07,BLOCKED
CA02308,AC07539,CU02995,3883-2560-1669-5216,DEBIT,2023-06-15,2026-06-15,ACTIVE
CA02309,AC05601,CU04530,7634-1522-2513-6243,DEBIT,2023-02-02,2028-02-02,EXPIRED
CA02310,AC05453,CU01496,8438-1247-1658-1195,DEBIT,2022-01-11,2026-01-11,BLOCKED
CA02311,AC03542,CU02202,1681-6887-4276-2453,CREDIT,2021-11-04,2026-11-04,ACTIVE
CA02312,AC07451,CU02458,0276-9594-5468-9373,CREDIT,2025-09-09,2028-09-09,BLOCKED
CA02313,AC03002,CU01796,6704-6483-7021-8013,CREDIT,2020-07-01,2023-07-01,BLOCKED
CA02314,AC04628,CU02403,3554-3515-5390-2695,DEBIT,2022-10-08,2027-10-08,ACTIVE
CA02315,AC00740,CU02480,7283-4191-8813-5418,DEBIT,2025-07-05,2030-07-05,ACTIVE
CA02316,AC01179,CU03987,6307-2782-1894-1854,CREDIT,2025-05-05,2028-05-05,EXPIRED
CA02317,AC00076,CU02738,2678-8443-9717-8688,CREDIT,2020-12-26,2024-12-26,ACTIVE
CA02318,AC07469,CU04958,3331-5481-1941-7245,CREDIT,2022-01-18,2026-01-18,EXPIRED
CA02319,AC02555,CU02494,2553-1068-1442-4159,CREDIT,2024-03-21,2029-03-21,BLOCKED
CA02320,AC06065,CU04476,9235-7442-4026-7505,DEBIT,2023-07-11,2027-07-11,BLOCKED
CA02321,AC00642,CU00665,7650-5807-3814-6014,CREDIT,2022-09-12,2027-09-12,ACTIVE
CA02322,AC06253,CU00356,5533-9828-6879-7462,CREDIT,2022-02-18,2027-02-18,EXPIRED
CA02323,AC03561,CU00537,2402-5044-0116-4300,CREDIT,2023-12-09,2028-12-09,BLOCKED
CA02324,AC07857,CU04808,8006-7748-7266-1130,CREDIT,2020-09-28,2023-09-28,BLOCKED
CA02325,AC02209,CU03891,0311-0879-6063-8077,CREDIT,2020-10-23,2023-10-23,EXPIRED
CA02326,AC04316,CU03479,4345-9230-4356-6254,CREDIT,2025-10-13,2029-10-13,BLOCKED
CA02327,AC01086,CU01112,6603-0314-5521-6428,DEBIT,2022-03-18,2027-03-18,ACTIVE
CA02328,AC04587,CU01425,6541-3108-4956-3925,DEBIT,2023-03-09,2028-03-09,BLOCKED
CA02329,AC06643,CU00471,6247-8238-5995-1381,DEBIT,2021-09-10,2025-09-10,EXPIRED
CA02330,AC00416,CU00434,2387-5845-7702-5352,CREDIT,2022-08-04,2025-08-04,BLOCKED
CA02331,AC07078,CU03878,8089-0186-9029-0216,DEBIT,2022-01-31,2026-01-31,ACTIVE
CA02332,AC02925,CU03655,4946-9804-4394-8629,CREDIT,2020-11-12,2023-11-12,ACTIVE
CA02333,AC04048,CU03942,6721-0919-8536-2711,DEBIT,2024-03-08,2027-03-08,BLOCKED
CA02334,AC04163,CU02454,6710-6832-2489-2801,DEBIT,2020-05-05,2025-05-05,ACTIVE
CA02335,AC01895,CU04270,8403-3366-4877-0229,CREDIT,2021-07-07,2025-07-07,BLOCKED
CA02336,AC02866,CU00716,4595-0309-2484-1105,CREDIT,2020-07-22,2023-07-22,EXPIRED
CA02337,AC02539,CU02511,3803-4648-6415-7425,DEBIT,2021-09-12,2024-09-12,EXPIRED
CA02338,AC01285,CU04277,7570-3642-9915-2219,CREDIT,2023-07-01,2026-07-01,ACTIVE
CA02339,AC03058,CU04260,6988-8720-8945-5862,DEBIT,2025-02-23,2030-02-23,ACTIVE
CA02340,AC01827,CU01120,9256-8376-7565-1636,DEBIT,2020-03-14,2025-03-14,BLOCKED
CA02341,AC02793,CU00082,1829-3485-9496-1123,CREDIT,2022-05-10,2027-05-10,ACTIVE
CA02342,AC01141,CU01252,7465-4503-0794-7880,CREDIT,2020-12-29,2024-12-29,BLOCKED
CA02343,AC02428,CU02066,8250-7695-9309-1458,CREDIT,2022-01-23,2025-01-23,EXPIRED
CA02344,AC02413,CU02678,3215-3640-0950-8590,DEBIT,2020-04-15,2024-04-15,ACTIVE
CA02345,AC07365,CU00610,1930-3949-8969-3157,CREDIT,2020-04-29,2025-04-29,EXPIRED
CA02346,AC07414,CU03773,9552-5087-0587-4232,DEBIT,2021-05-15,2024-05-15,BLOCKED
CA02347,AC07674,CU04608,8348-6275-4697-5864,CREDIT,2020-08-06,2025-08-06,BLOCKED
CA02348,AC00090,CU04085,7696-9622-6403-5979,CREDIT,2022-01-27,2027-01-27,ACTIVE
CA02349,AC07741,CU01980,6442-4540-0613-6962,CREDIT,2022-04-01,2025-04-01,ACTIVE
CA02350,AC04902,CU01111,1851-0902-8531-8618,DEBIT,2020-05-17,2024-05-17,BLOCKED
CA02351,AC06641,CU00864,0012-4668-9698-2986,CREDIT,2022-08-16,2025-08-16,ACTIVE
CA02352,AC07269,CU01843,3981-3812-2546-4501,CREDIT,2023-08-25,2028-08-25,ACTIVE
CA02353,AC06651,CU03901,7127-1835-2063-2030,DEBIT,2022-01-22,2025-01-22,ACTIVE
CA02354,AC00438,CU03047,0638-6394-7701-4517,CREDIT,2025-06-27,2028-06-27,BLOCKED
CA02355,AC04345,CU00118,9913-9862-0326-3714,DEBIT,2022-03-20,2027-03-20,ACTIVE
CA02356,AC06757,CU00770,9523-5693-1792-1169,DEBIT,2020-11-23,2024-11-23,BLOCKED
CA02357,AC01461,CU02349,2614-6748-3104-0039,DEBIT,2021-01-18,2024-01-18,EXPIRED
CA02358,AC00994,CU04918,7406-6047-0352-7424,CREDIT,2024-03-19,2028-03-19,BLOCKED
CA02359,AC03675,CU04718,2181-5860-5072-3805,DEBIT,2025-11-09,2029-11-09,EXPIRED
CA02360,AC03067,CU03610,4907-2623-1176-9033,CREDIT,2023-09-13,2028-09-13,EXPIRED
CA02361,AC02627,CU00273,8396-2384-3021-9554,CREDIT,2023-11-10,2028-11-10,ACTIVE
CA02362,AC01308,CU01927,5162-3636-3378-6138,DEBIT,2022-01-22,2025-01-22,EXPIRED
CA02363,AC05498,CU04349,9660-6565-9656-0347,CREDIT,2022-09-26,2027-09-26,BLOCKED
CA02364,AC02083,CU00931,3349-9131-1538-3769,CREDIT,2024-08-30,2027-08-30,BLOCKED
CA02365,AC00876,CU04798,5825-5821-5238-1764,CREDIT,2023-12-12,2027-12-12,BLOCKED
CA02366,AC01948,CU01696,0619-4236-6610-6043,CREDIT,2024-05-18,2028-05-18,ACTIVE
CA02367,AC05015,CU00868,0257-2814-2211-7945,DEBIT,2023-10-19,2027-10-19,EXPIRED
CA02368,AC00468,CU02737,8484-6441-1676-2285,CREDIT,2022-03-20,2025-03-20,BLOCKED
CA02369,AC02108,CU02881,1577-7275-0935-4754,DEBIT,2023-11-22,2028-11-22,EXPIRED
CA02370,AC07146,CU00326,4347-9703-9333-2627,DEBIT,2024-12-29,2029-12-29,EXPIRED
CA02371,AC03407,CU02549,8611-2168-0561-5589,CREDIT,2024-03-02,2029-03-02,ACTIVE
CA02372,AC02364,CU03205,7389-6463-3729-7379,CREDIT,2025-03-11,2028-03-11,EXPIRED
CA02373,AC01066,CU00661,3158-6514-2233-2682,DEBIT,2024-09-02,2028-09-02,EXPIRED
CA02374,AC00587,CU02888,1943-3489-4057-0312,DEBIT,2021-04-12,2026-04-12,BLOCKED
CA02375,AC02518,CU01828,6311-9662-1743-3164,CREDIT,2021-01-18,2024-01-18,ACTIVE
CA02376,AC07549,CU04501,4734-9047-1287-8454,DEBIT,2021-07-15,2025-07-15,EXPIRED
CA02377,AC00218,CU00292,2821-3136-3147-5886,DEBIT,2024-01-18,2028-01-18,EXPIRED
CA02378,AC00446,CU02714,5490-3960-2071-7417,CREDIT,2024-08-01,2029-08-01,BLOCKED
CA02379,AC02807,CU03129,3324-2976-2053-0152,DEBIT,2023-07-31,2027-07-31,EXPIRED
CA02380,AC03101,CU02479,8966-5001-3570-9421,DEBIT,2024-10-22,2028-10-22,BLOCKED
CA02381,AC06011,CU04011,5390-1546-6921-5691,DEBIT,2025-01-28,2029-01-28,ACTIVE
CA02382,AC04761,CU00105,6060-0721-1640-7540,CREDIT,2021-05-06,2024-05-06,EXPIRED
CA02383,AC06048,CU03001,2881-2124-1185-1332,DEBIT,2021-04-17,2025-04-17,ACTIVE
CA02384,AC06268,CU01165,8381-3515-9563-2632,DEBIT,2025-06-25,2028-06-25,BLOCKED
CA02385,AC05573,CU04133,5620-8783-2543-6328,CREDIT,2025-04-20,2029-04-20,EXPIRED
CA02386,AC04709,CU03097,6184-5837-4196-6492,DEBIT,2025-03-07,2030-03-07,BLOCKED
CA02387,AC05150,CU04661,6159-1711-6196-5242,DEBIT,2024-07-21,2028-07-21,EXPIRED
CA02388,AC03896,CU03033,6994-0886-3885-5432,CREDIT,2021-12-04,2024-12-04,BLOCKED
CA02389,AC03105,CU01747,3555-1853-5074-4559,CREDIT,2022-06-26,2026-06-26,EXPIRED
CA02390,AC00556,CU00635,4320-2856-3517-9771,DEBIT,2024-04-07,2027-04-07,BLOCKED
CA02391,AC07130,CU02239,2729-3832-5834-5616,CREDIT,2024-07-20,2027-07-20,ACTIVE
CA02392,AC01165,CU03041,7581-3406-2888-5806,CREDIT,2024-02-21,2028-02-21,BLOCKED
CA02393,AC00484,CU01081,5537-7467-9539-7500,DEBIT,2022-10-27,2027-10-27,ACTIVE
CA02394,AC01150,CU03481,4009-2805-3614-6407,CREDIT,2025-03-31,2029-03-31,EXPIRED
CA02395,AC00851,CU00290,5721-7520-9293-0624,DEBIT,2020-01-30,2023-01-30,BLOCKED
CA02396,AC04675,CU00950,5619-7201-5392-8859,CREDIT,2021-01-14,2026-01-14,BLOCKED
CA02397,AC02526,CU03358,5819-8734-4431-3351,CREDIT,2022-10-16,2025-10-16,ACTIVE
CA02398,AC01391,CU01067,0536-4371-0603-6398,CREDIT,2020-10-14,2024-10-14,EXPIRED
CA02399,AC00145,CU03334,6400-1081-1189-2984,DEBIT,2024-01-28,2029-01-28,BLOCKED
CA02400,AC03458,CU01723,8187-1516-8504-7877,CREDIT,2021-05-22,2024-05-22,BLOCKED
CA02401,AC00028,CU02724,0436-0790-6200-7472,CREDIT,2021-10-24,2025-10-24,BLOCKED
CA02402,AC02074,CU00711,4130-4646-7174-9835,DEBIT,2022-08-02,2027-08-02,EXPIRED
CA02403,AC02021,CU00779,6604-6405-7986-2115,DEBIT,2022-05-20,2026-05-20,BLOCKED
CA02404,AC05435,CU01992,2444-1636-9818-1578,DEBIT,2021-01-06,2024-01-06,ACTIVE
CA02405,AC06424,CU04702,4248-1139-4237-0733,CREDIT,2024-02-01,2027-02-01,ACTIVE
CA02406,AC05227,CU02353,1167-8721-2631-2133,DEBIT,2024-11-30,2029-11-30,ACTIVE
CA02407,AC05305,CU02488,0588-9933-9052-1219,CREDIT,2025-06-01,2028-06-01,ACTIVE
CA02408,AC02529,CU00947,1428-0877-0013-4611,DEBIT,2022-08-05,2027-08-05,ACTIVE
CA02409,AC01096,CU04490,3547-5814-9223-3718,DEBIT,2023-04-06,2028-04-06,EXPIRED
CA02410,AC01528,CU03805,4425-9072-2582-5446,DEBIT,2022-09-01,2026-09-01,ACTIVE
CA02411,AC07178,CU01383,1757-6480-2548-5888,CREDIT,2021-01-31,2024-01-31,ACTIVE
CA02412,AC05302,CU04127,0556-6988-4072-9634,DEBIT,2023-11-27,2027-11-27,ACTIVE
CA02413,AC00176,CU00377,8894-0218-2970-3583,CREDIT,2023-06-21,2028-06-21,EXPIRED
CA02414,AC03014,CU00680,2363-4545-7312-0309,CREDIT,2021-04-30,2026-04-30,EXPIRED
CA02415,AC00971,CU04215,0655-6937-1519-7335,DEBIT,2025-12-15,2030-12-15,EXPIRED
CA02416,AC00108,CU00948,2737-1081-6068-8932,DEBIT,2020-06-18,2025-06-18,BLOCKED
CA02417,AC03875,CU04586,4223-3895-7349-8436,CREDIT,2025-06-15,2030-06-15,ACTIVE
CA02418,AC04914,CU02219,9242-0054-9550-3907,CREDIT,2023-01-24,2028-01-24,ACTIVE
CA02419,AC03347,CU03421,7039-5269-3209-5734,CREDIT,2025-11-09,2028-11-09,EXPIRED
CA02420,AC00645,CU00740,9763-4013-5398-3254,DEBIT,2022-07-29,2025-07-29,ACTIVE
CA02421,AC03843,CU03629,5761-1209-8855-2986,CREDIT,2024-03-18,2027-03-18,BLOCKED
CA02422,AC07879,CU01289,2288-6559-2869-9665,CREDIT,2022-05-05,2025-05-05,EXPIRED
CA02423,AC04839,CU02630,5984-5442-8769-3875,DEBIT,2022-02-06,2027-02-06,BLOCKED
CA02424,AC06066,CU02254,9045-6899-5236-5374,DEBIT,2022-06-08,2025-06-08,ACTIVE
CA02425,AC04380,CU04122,2308-1066-3725-7601,CREDIT,2022-08-12,2025-08-12,BLOCKED
CA02426,AC07448,CU01029,5471-5565-1438-1278,CREDIT,2023-01-23,2026-01-23,ACTIVE
CA02427,AC06029,CU01287,1455-5676-1597-8863,CREDIT,2025-08-30,2028-08-30,BLOCKED
CA02428,AC02044,CU02387,8022-5956-0744-1342,CREDIT,2020-03-03,2025-03-03,ACTIVE
CA02429,AC03428,CU02365,5364-1923-8068-1920,CREDIT,2023-01-23,2028-01-23,BLOCKED
CA02430,AC02524,CU02354,0785-1619-8708-4075,DEBIT,2020-04-19,2023-04-19,EXPIRED
CA02431,AC06265,CU03206,2039-7052-9038-9345,CREDIT,2024-01-27,2029-01-27,EXPIRED
CA02432,AC06107,CU02113,9699-8290-8439-6260,DEBIT,2022-05-10,2025-05-10,EXPIRED
CA02433,AC05071,CU00618,3225-4249-1012-2911,DEBIT,2022-02-17,2025-02-17,EXPIRED
CA02434,AC04930,CU04759,1366-4610-8488-7414,DEBIT,2023-02-24,2028-02-24,BLOCKED
CA02435,AC05907,CU01899,9901-1093-0453-1181,CREDIT,2025-06-18,2030-06-18,EXPIRED
CA02436,AC05896,CU04271,6752-0847-7685-7762,CREDIT,2023-02-28,2026-02-28,BLOCKED
CA02437,AC05405,CU02960,8130-0709-9510-0018,CREDIT,2025-06-18,2028-06-18,ACTIVE
CA02438,AC01332,CU01946,2369-8580-5286-2963,CREDIT,2021-04-21,2026-04-21,BLOCKED
CA02439,AC06191,CU02519,2022-7378-6624-3362,CREDIT,2024-07-30,2028-07-30,EXPIRED
CA02440,AC00384,CU00247,9145-9351-3321-4281,DEBIT,2022-09-27,2027-09-27,ACTIVE
CA02441,AC01489,CU02866,6288-9932-7440-5653,CREDIT,2023-02-15,2028-02-15,ACTIVE
CA02442,AC04362,CU00785,3441-8092-6105-5767,CREDIT,2022-08-07,2027-08-07,ACTIVE
CA02443,AC04353,CU01016,0521-7357-5793-4483,DEBIT,2025-01-28,2030-01-28,ACTIVE
CA02444,AC06811,CU02056,3205-7322-6354-9776,DEBIT,2025-02-05,2029-02-05,EXPIRED
CA02445,AC00120,CU01347,8730-8394-5185-5137,DEBIT,2024-12-25,2027-12-25,EXPIRED
CA02446,AC03110,CU00421,0030-0083-5098-5377,DEBIT,2021-07-12,2026-07-12,BLOCKED
CA02447,AC06895,CU01425,4040-0668-6580-2799,DEBIT,2025-12-29,2028-12-29,BLOCKED
CA02448,AC07801,CU00385,3680-7186-9946-8890,CREDIT,2025-10-31,2030-10-31,ACTIVE
CA02449,AC04305,CU02816,6683-9818-0207-0544,DEBIT,2025-10-02,2030-10-02,ACTIVE
CA02450,AC01578,CU03491,2814-7677-3893-6046,CREDIT,2024-09-05,2029-09-05,EXPIRED
CA02451,AC03506,CU00305,6891-7132-3756-9703,CREDIT,2024-11-29,2027-11-29,EXPIRED
CA02452,AC03771,CU00100,7335-1990-9635-9076,DEBIT,2023-11-08,2027-11-08,BLOCKED
CA02453,AC07528,CU03032,1477-5361-4274-9107,DEBIT,2022-12-13,2026-12-13,EXPIRED
CA02454,AC02051,CU04613,8770-5024-2441-0403,CREDIT,2022-01-23,2027-01-23,BLOCKED
CA02455,AC04915,CU00389,2526-4686-3578-3438,DEBIT,2023-01-13,2027-01-13,BLOCKED
CA02456,AC04089,CU02994,5927-7607-4210-1368,CREDIT,2024-01-13,2027-01-13,ACTIVE
CA02457,AC00232,CU00612,6795-4077-1366-4841,CREDIT,2025-03-03,2028-03-03,BLOCKED
CA02458,AC06247,CU02209,2820-3675-5540-8808,DEBIT,2024-08-30,2028-08-30,BLOCKED
CA02459,AC02073,CU04061,4832-0992-7496-2436,CREDIT,2023-05-10,2026-05-10,EXPIRED
CA02460,AC05849,CU02004,4529-7251-4736-1591,CREDIT,2024-06-06,2027-06-06,ACTIVE
CA02461,AC03915,CU03949,2475-3345-8286-1580,DEBIT,2021-06-06,2026-06-06,EXPIRED
CA02462,AC01171,CU04562,7807-4181-1991-1107,CREDIT,2020-04-11,2024-04-11,EXPIRED
CA02463,AC05821,CU03515,7650-8327-2372-5769,CREDIT,2022-06-06,2026-06-06,ACTIVE
CA02464,AC02007,CU03290,4157-4393-0961-6180,CREDIT,2020-12-02,2024-12-02,EXPIRED
CA02465,AC04050,CU00706,3479-4042-4826-9971,DEBIT,2024-07-15,2029-07-15,ACTIVE
CA02466,AC00855,CU00984,9597-1175-4404-4841,CREDIT,2023-05-09,2026-05-09,EXPIRED
CA02467,AC02400,CU02681,1840-1525-3336-3062,DEBIT,2023-08-08,2026-08-08,BLOCKED
CA02468,AC00173,CU00641,2943-8138-0561-9530,CREDIT,2022-06-11,2027-06-11,ACTIVE
CA02469,AC04983,CU02218,7311-6041-4885-2569,DEBIT,2021-03-09,2024-03-09,BLOCKED
CA02470,AC07548,CU03491,4097-3452-0044-3354,CREDIT,2022-10-09,2027-10-09,ACTIVE
CA02471,AC04897,CU02767,3077-2813-1377-7347,CREDIT,2020-07-16,2023-07-16,ACTIVE
CA02472,AC00045,CU02456,4559-1322-6307-9390,CREDIT,2023-05-28,2028-05-28,BLOCKED
CA02473,AC05606,CU01427,5080-9054-1323-1950,DEBIT,2022-10-29,2025-10-29,ACTIVE
CA02474,AC00489,CU04840,7753-0979-0353-7321,DEBIT,2021-12-14,2024-12-14,BLOCKED
CA02475,AC00627,CU02204,8419-5332-0273-7898,CREDIT,2022-03-21,2025-03-21,ACTIVE
CA02476,AC07257,CU02726,2264-2213-5070-3549,CREDIT,2024-05-29,2027-05-29,EXPIRED
CA02477,AC01328,CU02584,9814-1537-6109-7447,DEBIT,2021-02-07,2024-02-07,BLOCKED
CA02478,AC00225,CU04185,2576-4358-0787-3628,DEBIT,2024-04-02,2028-04-02,EXPIRED
CA02479,AC01552,CU03686,3183-5225-0002-2189,CREDIT,2024-10-06,2028-10-06,ACTIVE
CA02480,AC07639,CU01223,9008-0872-2119-4138,DEBIT,2021-03-28,2026-03-28,EXPIRED
CA02481,AC06127,CU01435,6217-4695-6709-7625,CREDIT,2021-02-10,2025-02-10,EXPIRED
CA02482,AC01705,CU04967,3974-6995-9234-3291,DEBIT,2021-06-06,2024-06-06,EXPIRED
CA02483,AC04273,CU03707,7825-1833-7441-3403,CREDIT,2023-09-23,2027-09-23,EXPIRED
CA02484,AC07839,CU00370,6759-6046-2282-5016,CREDIT,2022-05-03,2025-05-03,ACTIVE
CA02485,AC02978,CU01321,8411-5630-2831-5359,CREDIT,2023-05-31,2026-05-31,EXPIRED
CA02486,AC02705,CU01401,9018-8367-6256-7963,DEBIT,2024-08-26,2028-08-26,EXPIRED
CA02487,AC00532,CU04687,5859-6875-2360-2089,CREDIT,2024-06-08,2028-06-08,EXPIRED
CA02488,AC02907,CU00279,8502-8385-4847-0276,CREDIT,2024-06-04,2028-06-04,EXPIRED
CA02489,AC03194,CU01174,5920-3017-3833-4664,CREDIT,2024-12-07,2027-12-07,EXPIRED
CA02490,AC06031,CU04344,7665-8316-8179-7805,CREDIT,2020-04-29,2025-04-29,BLOCKED
CA02491,AC06836,CU01816,1052-9979-6776-8194,CREDIT,2024-09-05,2029-09-05,BLOCKED
CA02492,AC01682,CU04032,3632-5322-9175-0606,DEBIT,2023-02-14,2026-02-14,ACTIVE
CA02493,AC01414,CU00506,3627-6784-4693-4984,DEBIT,2022-02-18,2027-02-18,BLOCKED
CA02494,AC02310,CU00628,2265-8693-2777-6864,DEBIT,2023-04-05,2027-04-05,ACTIVE
CA02495,AC06557,CU01565,6920-5010-8802-3835,CREDIT,2020-04-04,2025-04-04,EXPIRED
CA02496,AC07348,CU00646,4485-3447-1853-6212,CREDIT,2024-09-21,2029-09-21,EXPIRED
CA02497,AC04878,CU00837,2126-4096-7933-9146,DEBIT,2023-06-19,2027-06-19,BLOCKED
CA02498,AC02609,CU03770,0196-4855-7698-5624,CREDIT,2021-12-04,2024-12-04,BLOCKED
CA02499,AC07495,CU04418,1994-9173-4365-5843,DEBIT,2023-07-15,2027-07-15,EXPIRED
CA02500,AC07552,CU03141,6977-0378-9782-7524,CREDIT,2020-10-26,2025-10-26,ACTIVE
CA02501,AC01626,CU04736,9092-0327-4321-7354,DEBIT,2020-04-13,2025-04-13,EXPIRED
CA02502,AC00193,CU02410,1953-5208-6644-9594,DEBIT,2025-08-17,2028-08-17,ACTIVE
CA02503,AC06504,CU02936,5187-2056-8338-7318,DEBIT,2023-05-27,2027-05-27,ACTIVE
CA02504,AC06120,CU02389,2862-8051-9647-4355,CREDIT,2022-08-14,2025-08-14,EXPIRED
CA02505,AC01756,CU02928,2039-8973-0977-9927,CREDIT,2021-01-15,2024-01-15,BLOCKED
CA02506,AC03551,CU00898,3521-9466-8983-0904,CREDIT,2025-06-12,2029-06-12,BLOCKED
CA02507,AC00958,CU03739,4473-9009-2072-1592,CREDIT,2025-12-31,2028-12-31,ACTIVE
CA02508,AC06747,CU03980,5184-9585-2879-3392,CREDIT,2022-01-02,2025-01-02,EXPIRED
CA02509,AC00519,CU02222,8581-9797-3343-5896,CREDIT,2022-01-03,2025-01-03,EXPIRED
CA02510,AC06591,CU03512,1897-2671-5352-7239,DEBIT,2022-11-02,2027-11-02,ACTIVE
CA02511,AC04944,CU00762,4615-7448-7702-2702,DEBIT,2021-03-14,2025-03-14,EXPIRED
CA02512,AC05265,CU00342,2219-9470-8837-4676,DEBIT,2022-10-24,2027-10-24,BLOCKED
CA02513,AC02321,CU00812,9761-6099-6237-7664,DEBIT,2023-07-12,2026-07-12,BLOCKED
CA02514,AC01649,CU03581,4379-9946-6804-9239,DEBIT,2024-10-25,2028-10-25,EXPIRED
CA02515,AC00657,CU04153,5512-5654-0013-5865,CREDIT,2022-10-08,2027-10-08,BLOCKED
CA02516,AC03280,CU00363,4355-8775-2372-8646,DEBIT,2021-03-27,2024-03-27,EXPIRED
CA02517,AC07770,CU02460,1439-6994-2535-0846,DEBIT,2025-04-22,2030-04-22,EXPIRED
CA02518,AC02667,CU02616,6079-1564-7762-6557,CREDIT,2022-10-23,2027-10-23,ACTIVE
CA02519,AC01351,CU00056,3882-5845-4579-0968,DEBIT,2024-09-17,2029-09-17,ACTIVE
CA02520,AC00766,CU03841,6106-2435-3804-2166,CREDIT,2022-09-24,2025-09-24,ACTIVE
CA02521,AC03829,CU01540,6175-2726-0254-5295,CREDIT,2023-08-28,2027-08-28,ACTIVE
CA02522,AC00177,CU03241,7526-8240-2863-2426,CREDIT,2020-07-08,2024-07-08,EXPIRED
CA02523,AC02604,CU00871,4764-1666-1973-3704,DEBIT,2024-01-02,2029-01-02,EXPIRED
CA02524,AC02241,CU00238,4145-8865-8293-4872,CREDIT,2020-12-31,2025-12-31,BLOCKED
CA02525,AC07929,CU02966,2914-4536-2013-0833,CREDIT,2023-03-30,2026-03-30,BLOCKED
CA02526,AC06738,CU04503,9314-5092-1487-1830,DEBIT,2025-04-08,2030-04-08,EXPIRED
CA02527,AC05131,CU01474,6393-9024-4495-6657,DEBIT,2021-04-04,2026-04-04,BLOCKED
CA02528,AC05970,CU01394,7099-9848-8298-4444,DEBIT,2024-03-08,2029-03-08,EXPIRED
CA02529,AC03297,CU03390,9471-3874-9996-6195,CREDIT,2023-11-27,2028-11-27,ACTIVE
CA02530,AC01821,CU03747,3288-5988-8149-2526,CREDIT,2022-07-15,2025-07-15,BLOCKED
CA02531,AC03471,CU03452,6805-1495-6474-3394,DEBIT,2023-02-04,2027-02-04,EXPIRED
CA02532,AC00601,CU00336,2420-6805-4411-0301,CREDIT,2024-02-22,2029-02-22,EXPIRED
CA02533,AC02536,CU03354,2560-2533-0046-7828,DEBIT,2023-12-21,2027-12-21,EXPIRED
CA02534,AC07338,CU00119,1150-0869-9434-7013,CREDIT,2022-08-05,2025-08-05,ACTIVE
CA02535,AC05549,CU02849,4724-4804-1036-3420,DEBIT,2020-12-07,2024-12-07,BLOCKED
CA02536,AC04643,CU01727,7224-6702-2340-8750,DEBIT,2021-08-08,2025-08-08,EXPIRED
CA02537,AC03584,CU04716,6994-3990-1847-6384,CREDIT,2025-02-10,2030-02-10,EXPIRED
CA02538,AC06673,CU01034,6484-9059-5991-0804,DEBIT,2021-05-01,2024-05-01,BLOCKED
CA02539,AC01996,CU02220,9090-0551-5396-0791,DEBIT,2021-04-06,2026-04-06,BLOCKED
CA02540,AC06286,CU00229,6327-3237-1708-2078,CREDIT,2022-09-12,2025-09-12,BLOCKED
CA02541,AC05596,CU03555,2510-4148-2628-6665,DEBIT,2025-10-18,2029-10-18,EXPIRED
CA02542,AC07515,CU04751,5983-1166-5178-5996,DEBIT,2023-11-08,2027-11-08,ACTIVE
CA02543,AC04147,CU01122,1881-8606-1477-8308,CREDIT,2024-10-31,2028-10-31,BLOCKED
CA02544,AC07481,CU00178,0956-0339-0647-7067,CREDIT,2024-10-31,2028-10-31,ACTIVE
CA02545,AC00253,CU01890,7729-1467-2408-5030,CREDIT,2022-07-19,2027-07-19,BLOCKED
CA02546,AC06863,CU02198,7855-6829-7955-0613,DEBIT,2022-07-06,2026-07-06,EXPIRED
CA02547,AC02381,CU04250,0297-0254-9248-0945,DEBIT,2025-07-21,2028-07-21,BLOCKED
CA02548,AC05080,CU03054,6548-2064-3812-5166,CREDIT,2022-04-19,2027-04-19,ACTIVE
CA02549,AC00986,CU04242,1924-7456-0281-4575,DEBIT,2024-01-12,2027-01-12,BLOCKED
CA02550,AC00636,CU00183,5064-8804-8891-9353,CREDIT,2021-01-18,2024-01-18,BLOCKED
CA02551,AC01057,CU03639,4931-3990-5966-9182,CREDIT,2024-07-27,2028-07-27,BLOCKED
CA02552,AC02084,CU03588,9771-5678-9032-3906,CREDIT,2025-04-29,2029-04-29,EXPIRED
CA02553,AC00925,CU01299,7023-0968-5267-2146,DEBIT,2023-12-19,2028-12-19,EXPIRED
CA02554,AC00974,CU04086,1020-7746-3729-7340,CREDIT,2023-12-20,2026-12-20,ACTIVE
CA02555,AC01022,CU04928,0653-0185-7491-3639,CREDIT,2020-10-01,2024-10-01,EXPIRED
CA02556,AC01269,CU00515,7912-6340-0338-9182,CREDIT,2022-03-11,2026-03-11,BLOCKED
CA02557,AC02697,CU04997,1348-9283-9949-7944,CREDIT,2023-03-08,2027-03-08,BLOCKED
CA02558,AC00062,CU01874,6248-4022-4286-9003,CREDIT,2024-04-30,2029-04-30,EXPIRED
CA02559,AC05902,CU00367,9314-6240-3166-0482,CREDIT,2021-06-05,2025-06-05,EXPIRED
CA02560,AC05586,CU04427,3412-0586-5857-2812,DEBIT,2020-03-07,2025-03-07,ACTIVE
CA02561,AC02832,CU03460,1811-0351-3173-4468,CREDIT,2023-02-20,2028-02-20,EXPIRED
CA02562,AC00941,CU00657,3853-6076-5137-4225,DEBIT,2022-01-06,2025-01-06,BLOCKED
CA02563,AC02217,CU00835,6049-2955-8296-7783,DEBIT,2021-08-10,2025-08-10,BLOCKED
CA02564,AC06154,CU04124,6445-0054-0465-7483,CREDIT,2023-06-15,2027-06-15,EXPIRED
CA02565,AC04176,CU04355,0524-9698-9448-6940,DEBIT,2023-02-11,2026-02-11,ACTIVE
CA02566,AC01697,CU00416,1727-3761-4226-4230,DEBIT,2020-10-21,2025-10-21,EXPIRED
CA02567,AC01374,CU00782,1441-1904-5690-9878,DEBIT,2024-07-31,2027-07-31,EXPIRED
CA02568,AC05418,CU03460,6599-0254-9931-1655,DEBIT,2021-12-24,2024-12-24,BLOCKED
CA02569,AC02079,CU01671,9100-5717-5544-8383,CREDIT,2022-06-23,2027-06-23,EXPIRED
CA02570,AC05127,CU00308,0709-8880-9453-1847,CREDIT,2024-04-06,2027-04-06,BLOCKED
CA02571,AC07362,CU04793,4788-6413-3567-9242,DEBIT,2022-06-18,2025-06-18,EXPIRED
CA02572,AC05081,CU00274,9461-2419-9872-1038,DEBIT,2025-02-07,2028-02-07,EXPIRED
CA02573,AC00233,CU04822,3219-4053-2518-3461,CREDIT,2024-03-01,2027-03-01,ACTIVE
CA02574,AC03177,CU04311,9558-6269-8411-0395,CREDIT,2020-09-04,2023-09-04,ACTIVE
CA02575,AC01618,CU03839,4176-3150-2528-5642,DEBIT,2025-10-22,2029-10-22,BLOCKED
CA02576,AC02277,CU02115,1335-2562-0672-6651,DEBIT,2023-07-16,2027-07-16,EXPIRED
CA02577,AC03791,CU04551,4795-8050-5067-6590,CREDIT,2022-06-15,2025-06-15,BLOCKED
CA02578,AC02039,CU01607,5468-2927-2223-7316,DEBIT,2024-08-05,2028-08-05,EXPIRED
CA02579,AC05924,CU00662,6609-0333-4530-0948,DEBIT,2024-04-16,2028-04-16,ACTIVE
CA02580,AC04175,CU00184,3056-7306-0468-4801,DEBIT,2023-10-29,2026-10-29,BLOCKED
CA02581,AC02781,CU00580,0763-3500-5807-4776,DEBIT,2022-04-10,2027-04-10,BLOCKED
CA02582,AC05539,CU02871,6081-2750-7594-6632,CREDIT,2024-09-30,2027-09-30,BLOCKED
CA02583,AC00707,CU00153,3156-4062-1281-9166,CREDIT,2025-08-24,2028-08-24,EXPIRED
CA02584,AC04031,CU04011,2569-1166-3759-3462,DEBIT,2025-06-03,2028-06-03,ACTIVE
CA02585,AC07507,CU02806,9553-7927-4334-5334,CREDIT,2024-01-07,2029-01-07,BLOCKED
CA02586,AC04369,CU03892,6984-0813-1639-2495,CREDIT,2023-06-17,2026-06-17,BLOCKED
CA02587,AC07346,CU00862,1557-9205-7037-9494,CREDIT,2021-05-26,2025-05-26,ACTIVE
CA02588,AC03965,CU03008,7454-6636-7820-3526,CREDIT,2020-03-30,2025-03-30,EXPIRED
CA02589,AC04639,CU04363,6509-0449-9580-8337,DEBIT,2023-07-14,2028-07-14,EXPIRED
CA02590,AC04705,CU01036,9345-5880-5176-3312,DEBIT,2020-06-21,2024-06-21,BLOCKED
CA02591,AC05504,CU04442,4571-5597-4512-8584,CREDIT,2024-06-25,2029-06-25,EXPIRED
CA02592,AC02131,CU04338,5215-4918-8288-6548,DEBIT,2025-02-12,2028-02-12,ACTIVE
CA02593,AC01810,CU02039,4553-2855-8184-2680,DEBIT,2025-05-07,2028-05-07,ACTIVE
CA02594,AC07767,CU02658,4583-1983-1627-0461,DEBIT,2021-12-28,2025-12-28,ACTIVE
CA02595,AC03094,CU00044,0644-1646-8281-6870,CREDIT,2023-10-11,2027-10-11,EXPIRED
CA02596,AC05908,CU01163,1447-3283-1846-8036,DEBIT,2020-11-13,2025-11-13,BLOCKED
CA02597,AC03646,CU01857,0244-3111-3071-5276,DEBIT,2023-10-15,2026-10-15,EXPIRED
CA02598,AC04809,CU03630,3964-4875-8643-5829,DEBIT,2021-11-13,2024-11-13,BLOCKED
CA02599,AC00261,CU04626,8245-1288-1910-5596,DEBIT,2024-02-02,2027-02-02,EXPIRED
CA02600,AC02055,CU02626,7696-0861-2790-1052,CREDIT,2021-10-15,2026-10-15,BLOCKED
CA02601,AC06955,CU02016,1486-2816-6393-3451,DEBIT,2021-07-29,2026-07-29,EXPIRED
CA02602,AC07426,CU01033,9194-5009-7750-6941,DEBIT,2020-08-24,2025-08-24,BLOCKED
CA02603,AC05096,CU02557,1948-8555-5748-7335,DEBIT,2022-06-19,2027-06-19,EXPIRED
CA02604,AC00033,CU02990,3533-9536-4280-0013,CREDIT,2020-06-27,2024-06-27,EXPIRED
CA02605,AC07008,CU03188,1360-0286-8808-9777,CREDIT,2023-03-23,2028-03-23,EXPIRED
CA02606,AC02521,CU03566,5738-4155-3688-9946,CREDIT,2021-07-10,2025-07-10,BLOCKED
CA02607,AC07153,CU01067,6976-4919-3901-9615,CREDIT,2025-05-07,2030-05-07,ACTIVE
CA02608,AC05423,CU03183,1978-8168-5940-9575,CREDIT,2022-04-25,2027-04-25,ACTIVE
CA02609,AC07846,CU00519,9551-3581-2637-2056,DEBIT,2024-02-08,2029-02-08,ACTIVE
CA02610,AC02572,CU00225,0597-8343-0441-8882,CREDIT,2024-07-01,2027-07-01,EXPIRED
CA02611,AC01718,CU03024,9234-4219-8509-5433,DEBIT,2021-07-31,2025-07-31,ACTIVE
CA02612,AC00164,CU02429,3300-3956-2069-2719,DEBIT,2024-12-03,2029-12-03,ACTIVE
CA02613,AC02744,CU03673,2133-8127-4957-8541,CREDIT,2023-09-30,2028-09-30,EXPIRED
CA02614,AC01534,CU03676,3101-0001-2156-5727,DEBIT,2025-06-01,2028-06-01,ACTIVE
CA02615,AC02414,CU04522,2707-0584-2452-9603,CREDIT,2024-06-21,2027-06-21,ACTIVE
CA02616,AC01740,CU02078,5766-7963-2658-0461,CREDIT,2024-04-27,2029-04-27,BLOCKED
CA02617,AC01343,CU02871,5898-3683-2298-3308,DEBIT,2025-07-06,2028-07-06,BLOCKED
CA02618,AC02047,CU01647,6089-8321-4848-0407,DEBIT,2023-04-10,2026-04-10,BLOCKED
CA02619,AC02486,CU03874,9329-8043-9959-2532,DEBIT,2021-01-24,2026-01-24,ACTIVE
CA02620,AC05773,CU02868,9275-6155-9241-8441,DEBIT,2025-08-22,2029-08-22,EXPIRED
CA02621,AC06091,CU02039,9598-3348-5596-0620,CREDIT,2022-09-24,2026-09-24,EXPIRED
CA02622,AC07274,CU02342,6577-7004-8033-7284,CREDIT,2025-04-10,2028-04-10,ACTIVE
CA02623,AC01178,CU02208,2959-0140-0804-9388,DEBIT,2023-04-17,2027-04-17,EXPIRED
CA02624,AC01267,CU00539,7641-6457-4978-2386,CREDIT,2023-10-19,2028-10-19,ACTIVE
CA02625,AC04179,CU00564,3077-1572-4303-4203,DEBIT,2022-01-26,2026-01-26,BLOCKED
CA02626,AC04483,CU02442,0549-8226-4621-8377,DEBIT,2024-05-21,2027-05-21,ACTIVE
CA02627,AC07445,CU01834,8849-7601-0607-8929,CREDIT,2022-08-30,2027-08-30,BLOCKED
CA02628,AC03800,CU04657,3772-5153-1478-2565,DEBIT,2023-07-14,2028-07-14,ACTIVE
CA02629,AC00754,CU04712,2470-8195-1258-1490,CREDIT,2025-11-09,2029-11-09,ACTIVE
CA02630,AC02522,CU04394,1827-2505-3375-5201,DEBIT,2020-06-24,2024-06-24,EXPIRED
CA02631,AC00970,CU00358,1872-5755-2784-1660,CREDIT,2021-04-16,2025-04-16,BLOCKED
CA02632,AC00325,CU04704,9967-6651-7609-5269,DEBIT,2024-04-10,2029-04-10,BLOCKED
CA02633,AC02804,CU01495,0021-4800-7448-3468,DEBIT,2023-12-28,2028-12-28,ACTIVE
CA02634,AC06216,CU00978,1955-9397-4675-4728,DEBIT,2022-11-18,2026-11-18,ACTIVE
CA02635,AC04507,CU02505,0067-3122-5794-4309,DEBIT,2024-09-06,2028-09-06,BLOCKED
CA02636,AC00456,CU02621,1660-4250-8322-9443,CREDIT,2024-02-11,2029-02-11,BLOCKED
CA02637,AC00513,CU02729,5534-0717-3143-9547,DEBIT,2020-12-01,2024-12-01,ACTIVE
CA02638,AC01512,CU03636,5899-5985-6206-5432,CREDIT,2021-10-31,2024-10-31,EXPIRED
CA02639,AC02041,CU01931,2697-2135-9168-4016,DEBIT,2020-11-20,2025-11-20,EXPIRED
CA02640,AC02919,CU04302,4388-7641-0087-0507,DEBIT,2025-05-23,2030-05-23,BLOCKED
CA02641,AC06225,CU03901,0609-4025-3016-7048,DEBIT,2022-03-16,2027-03-16,EXPIRED
CA02642,AC01048,CU00018,5678-6629-7440-5071,DEBIT,2025-07-25,2028-07-25,EXPIRED
CA02643,AC06909,CU02753,7408-6455-3811-5880,CREDIT,2023-08-08,2028-08-08,ACTIVE
CA02644,AC02040,CU04251,6203-2010-9293-4781,DEBIT,2020-02-13,2024-02-13,ACTIVE
CA02645,AC00201,CU01578,0629-6109-8037-8111,CREDIT,2022-01-29,2026-01-29,ACTIVE
CA02646,AC05051,CU03068,8046-8591-8653-0171,DEBIT,2023-01-04,2028-01-04,EXPIRED
CA02647,AC06037,CU01915,3148-0726-2600-9917,CREDIT,2021-04-16,2025-04-16,EXPIRED
CA02648,AC00049,CU04268,3651-0601-9553-5737,DEBIT,2022-01-17,2025-01-17,EXPIRED
CA02649,AC04191,CU02839,0602-3221-7098-7202,DEBIT,2020-07-25,2024-07-25,ACTIVE
CA02650,AC07926,CU02134,4284-4894-5136-5436,DEBIT,2025-10-30,2030-10-30,BLOCKED
CA02651,AC03339,CU04870,4358-1703-1123-4285,DEBIT,2025-06-10,2029-06-10,ACTIVE
CA02652,AC04096,CU00941,8420-9402-3518-2449,DEBIT,2022-12-06,2025-12-06,BLOCKED
CA02653,AC04668,CU00508,8241-8010-7016-2077,DEBIT,2021-02-19,2026-02-19,ACTIVE
CA02654,AC02602,CU00565,3229-0515-6399-7309,CREDIT,2023-01-30,2027-01-30,EXPIRED
CA02655,AC02069,CU00175,7023-7762-2151-4726,CREDIT,2023-07-18,2027-07-18,EXPIRED
CA02656,AC06742,CU03712,6029-3545-3786-2167,CREDIT,2020-04-05,2023-04-05,EXPIRED
CA02657,AC05585,CU03851,6985-3362-5146-1180,DEBIT,2022-09-04,2027-09-04,EXPIRED
CA02658,AC07357,CU02365,6308-9493-5574-9108,DEBIT,2025-02-24,2028-02-24,BLOCKED
CA02659,AC07686,CU02056,7571-3204-2713-1647,CREDIT,2022-11-29,2027-11-29,EXPIRED
CA02660,AC04212,CU00634,3138-0653-4806-5789,CREDIT,2024-12-12,2028-12-12,EXPIRED
CA02661,AC04516,CU01837,3632-9731-8305-1000,CREDIT,2021-07-17,2024-07-17,BLOCKED
CA02662,AC07284,CU00641,7385-1714-3271-7983,DEBIT,2020-11-30,2023-11-30,ACTIVE
CA02663,AC01314,CU03644,0651-6977-6255-7663,CREDIT,2022-08-28,2027-08-28,BLOCKED
CA02664,AC06568,CU02449,3490-4142-6352-9274,DEBIT,2024-05-14,2027-05-14,EXPIRED
CA02665,AC02284,CU03628,9716-7535-3363-7704,CREDIT,2020-05-19,2024-05-19,BLOCKED
CA02666,AC02984,CU04643,8586-7100-0372-5191,CREDIT,2025-01-05,2030-01-05,ACTIVE
CA02667,AC04782,CU01394,2605-7031-0176-4219,DEBIT,2023-07-05,2026-07-05,ACTIVE
CA02668,AC07254,CU01262,4693-2542-0486-4563,CREDIT,2022-08-06,2025-08-06,EXPIRED
CA02669,AC07190,CU03282,7945-8890-6125-4728,CREDIT,2024-03-27,2029-03-27,ACTIVE
CA02670,AC07494,CU02987,3131-2825-4106-2305,CREDIT,2020-06-05,2025-06-05,ACTIVE
CA02671,AC00874,CU02263,1502-9604-8527-2957,DEBIT,2025-12-27,2028-12-27,ACTIVE
CA02672,AC06792,CU02746,1102-9384-0263-3741,CREDIT,2025-01-14,2029-01-14,EXPIRED
CA02673,AC00720,CU02822,5271-2046-6379-6625,CREDIT,2022-08-07,2025-08-07,ACTIVE
CA02674,AC06578,CU01046,5270-8627-2384-4672,DEBIT,2025-08-28,2030-08-28,BLOCKED
CA02675,AC06342,CU04933,7026-2853-3402-5877,CREDIT,2024-12-29,2029-12-29,ACTIVE
CA02676,AC00344,CU03074,5766-3831-7890-3882,DEBIT,2024-05-10,2027-05-10,EXPIRED
CA02677,AC06144,CU01152,3152-2381-8809-3456,DEBIT,2021-02-01,2025-02-01,ACTIVE
CA02678,AC03039,CU02923,7098-7276-9636-9471,CREDIT,2021-11-04,2025-11-04,EXPIRED
CA02679,AC07909,CU04582,4374-1204-4885-7555,DEBIT,2022-11-30,2026-11-30,BLOCKED
CA02680,AC02195,CU04382,8606-6003-6035-0973,CREDIT,2022-07-05,2027-07-05,EXPIRED
CA02681,AC06886,CU03013,7838-5569-5198-8466,CREDIT,2024-01-02,2027-01-02,BLOCKED
CA02682,AC02680,CU02053,3762-3211-2432-3644,DEBIT,2023-07-27,2026-07-27,EXPIRED
CA02683,AC02171,CU03237,7493-7383-3190-6961,CREDIT,2022-01-20,2025-01-20,ACTIVE
CA02684,AC03858,CU01260,7794-5478-8906-5251,CREDIT,2023-06-15,2027-06-15,BLOCKED
CA02685,AC06893,CU01904,2166-2866-5662-8605,DEBIT,2023-06-13,2028-06-13,EXPIRED
CA02686,AC06838,CU04951,5500-8513-2301-7304,DEBIT,2025-12-29,2029-12-29,BLOCKED
CA02687,AC05412,CU04402,2860-7768-0566-7207,DEBIT,2020-04-18,2024-04-18,ACTIVE
CA02688,AC06513,CU03309,1977-3274-9036-6452,CREDIT,2025-08-21,2028-08-21,ACTIVE
CA02689,AC07411,CU01791,4854-6214-1056-2242,DEBIT,2020-05-03,2024-05-03,BLOCKED
CA02690,AC05488,CU02941,0390-4881-2568-2363,CREDIT,2022-11-30,2027-11-30,BLOCKED
CA02691,AC07319,CU03006,9906-8213-7963-3228,CREDIT,2025-11-23,2030-11-23,ACTIVE
CA02692,AC00251,CU01077,9450-7704-5191-8881,DEBIT,2023-08-21,2027-08-21,ACTIVE
CA02693,AC01206,CU02437,4734-1573-2699-6431,CREDIT,2021-02-04,2025-02-04,EXPIRED
CA02694,AC00691,CU01856,6103-4775-2022-0727,CREDIT,2022-05-03,2027-05-03,ACTIVE
CA02695,AC01907,CU03924,7506-3655-3732-8612,DEBIT,2020-08-17,2023-08-17,ACTIVE
CA02696,AC05868,CU02099,2649-3921-7492-6059,DEBIT,2022-06-02,2027-06-02,BLOCKED
CA02697,AC00417,CU00963,0186-2372-7081-2532,CREDIT,2025-11-12,2029-11-12,ACTIVE
CA02698,AC05242,CU04968,1680-2516-4511-9558,DEBIT,2022-02-27,2025-02-27,EXPIRED
CA02699,AC01250,CU02384,4821-6754-9978-7730,CREDIT,2020-09-28,2023-09-28,EXPIRED
CA02700,AC03417,CU04756,6537-6224-7304-5327,CREDIT,2022-08-06,2027-08-06,ACTIVE
CA02701,AC00364,CU02931,3867-2729-6109-1074,DEBIT,2024-08-14,2028-08-14,ACTIVE
CA02702,AC07672,CU00471,8199-1090-3920-1745,DEBIT,2021-04-17,2024-04-17,ACTIVE
CA02703,AC07732,CU01412,3738-2364-7154-7908,CREDIT,2023-10-04,2028-10-04,BLOCKED
CA02704,AC04284,CU00314,1334-1614-2368-4034,CREDIT,2020-09-21,2024-09-21,EXPIRED
CA02705,AC01961,CU00942,1500-2222-3010-0250,CREDIT,2022-12-10,2027-12-10,BLOCKED
CA02706,AC04497,CU01320,9779-3006-5966-0300,CREDIT,2023-03-13,2026-03-13,ACTIVE
CA02707,AC04698,CU04957,0374-0149-7000-3139,CREDIT,2024-05-06,2028-05-06,ACTIVE
CA02708,AC07782,CU02253,9571-0124-6216-6449,CREDIT,2021-12-27,2026-12-27,EXPIRED
CA02709,AC05104,CU02027,1697-7616-0023-8884,CREDIT,2023-06-03,2027-06-03,ACTIVE
CA02710,AC05786,CU00530,7688-0846-6146-3339,DEBIT,2024-06-01,2028-06-01,ACTIVE
CA02711,AC04986,CU02189,5031-5200-9089-2443,CREDIT,2021-04-21,2025-04-21,EXPIRED
CA02712,AC01180,CU00568,6166-8372-8404-3209,DEBIT,2023-10-23,2026-10-23,BLOCKED
CA02713,AC01215,CU02360,5621-6626-8400-6900,CREDIT,2023-10-27,2027-10-27,BLOCKED
CA02714,AC01882,CU03374,6082-5409-6028-7296,CREDIT,2024-10-01,2027-10-01,EXPIRED
CA02715,AC03663,CU02565,4340-8733-7344-5550,CREDIT,2023-04-29,2026-04-29,ACTIVE
CA02716,AC01617,CU02448,4901-8790-6180-2645,CREDIT,2025-05-03,2030-05-03,EXPIRED
CA02717,AC06500,CU03512,0634-4521-4862-3227,CREDIT,2020-03-10,2025-03-10,ACTIVE
CA02718,AC07931,CU01101,2080-3601-7714-2772,CREDIT,2021-02-02,2024-02-02,EXPIRED
CA02719,AC04069,CU01592,4205-9103-7669-3696,CREDIT,2024-04-09,2027-04-09,EXPIRED
CA02720,AC03988,CU01206,8196-3330-2861-2209,DEBIT,2023-10-24,2026-10-24,ACTIVE
CA02721,AC05045,CU02194,0611-4325-7678-1169,CREDIT,2022-01-18,2025-01-18,ACTIVE
CA02722,AC05732,CU02159,6583-0771-4048-7357,DEBIT,2023-03-06,2026-03-06,BLOCKED
CA02723,AC06382,CU01180,6294-6773-5345-9956,DEBIT,2024-07-09,2029-07-09,ACTIVE
CA02724,AC03284,CU00652,8589-8727-4917-5680,DEBIT,2021-11-03,2025-11-03,BLOCKED
CA02725,AC05604,CU00133,4656-3221-4506-3036,CREDIT,2023-01-19,2027-01-19,EXPIRED
CA02726,AC03087,CU03649,2497-5886-9859-8704,CREDIT,2025-07-04,2029-07-04,EXPIRED
CA02727,AC04735,CU00805,6045-9289-8873-6837,CREDIT,2021-12-04,2024-12-04,EXPIRED
CA02728,AC01381,CU01414,3488-1510-5324-3888,CREDIT,2024-11-13,2028-11-13,ACTIVE
CA02729,AC00675,CU03825,2871-9713-0497-6613,CREDIT,2024-06-02,2028-06-02,ACTIVE
CA02730,AC00400,CU00737,9427-9823-9566-6013,CREDIT,2023-09-01,2028-09-01,BLOCKED
CA02731,AC07444,CU03201,1129-4856-0557-5935,DEBIT,2024-11-12,2028-11-12,BLOCKED
CA02732,AC04598,CU02725,9827-2012-2438-9109,DEBIT,2024-12-04,2028-12-04,ACTIVE
CA02733,AC04207,CU01410,2845-3001-0114-3345,DEBIT,2021-08-10,2026-08-10,EXPIRED
CA02734,AC01842,CU03570,7120-9506-4051-6223,DEBIT,2024-03-08,2027-03-08,ACTIVE
CA02735,AC01044,CU02876,9722-7087-8591-2076,CREDIT,2025-06-19,2028-06-19,BLOCKED
CA02736,AC07317,CU04102,1376-5076-6191-2498,CREDIT,2024-05-03,2027-05-03,EXPIRED
CA02737,AC05039,CU02930,9389-7362-3441-5790,CREDIT,2022-02-02,2026-02-02,ACTIVE
CA02738,AC02959,CU00511,5899-0239-9827-2584,CREDIT,2024-03-18,2028-03-18,EXPIRED
CA02739,AC01904,CU00032,7567-2397-7085-8845,CREDIT,2024-06-06,2028-06-06,BLOCKED
CA02740,AC01556,CU00902,8283-3262-6976-2698,DEBIT,2021-03-07,2026-03-07,EXPIRED
CA02741,AC07206,CU00320,3756-4987-5101-6124,DEBIT,2021-11-06,2026-11-06,ACTIVE
CA02742,AC07792,CU02886,3156-4240-8924-2845,CREDIT,2021-12-18,2025-12-18,BLOCKED
CA02743,AC06894,CU03359,3289-4259-4912-5858,CREDIT,2021-11-22,2024-11-22,EXPIRED
CA02744,AC00665,CU02692,1683-6678-5446-7685,DEBIT,2024-08-13,2029-08-13,ACTIVE
CA02745,AC05698,CU00053,5280-7613-7193-9714,DEBIT,2022-01-31,2026-01-31,BLOCKED
CA02746,AC04140,CU04884,3070-3850-6086-8405,DEBIT,2022-07-23,2025-07-23,EXPIRED
CA02747,AC07184,CU01817,9103-2795-3520-3982,DEBIT,2025-08-08,2029-08-08,BLOCKED
CA02748,AC04000,CU03380,5770-5451-8270-9423,DEBIT,2022-02-26,2026-02-26,BLOCKED
CA02749,AC07656,CU04425,7391-2719-0100-5201,CREDIT,2022-04-13,2027-04-13,BLOCKED
CA02750,AC06083,CU01803,3154-4964-9331-0772,DEBIT,2022-03-23,2027-03-23,BLOCKED
CA02751,AC04150,CU03239,8744-8135-8443-1256,DEBIT,2022-05-30,2027-05-30,EXPIRED
CA02752,AC07870,CU04615,8470-4028-9476-4179,DEBIT,2021-10-30,2024-10-30,EXPIRED
CA02753,AC00945,CU00702,4130-1654-9548-7036,DEBIT,2025-04-19,2030-04-19,EXPIRED
CA02754,AC05906,CU01594,4445-0398-4970-2159,DEBIT,2022-04-24,2025-04-24,EXPIRED
CA02755,AC06800,CU04835,5337-0239-4045-5498,DEBIT,2020-09-22,2023-09-22,BLOCKED
CA02756,AC05804,CU00178,0853-5854-5760-8910,DEBIT,2022-04-30,2026-04-30,ACTIVE
CA02757,AC00892,CU04329,4312-9324-6768-6349,CREDIT,2021-04-05,2025-04-05,EXPIRED
CA02758,AC05004,CU04728,3320-0714-6879-3866,CREDIT,2020-05-17,2024-05-17,EXPIRED
CA02759,AC06879,CU02390,5316-0969-1716-2566,CREDIT,2020-01-17,2023-01-17,ACTIVE
CA02760,AC07866,CU04193,6429-3080-4273-7314,CREDIT,2020-02-09,2024-02-09,EXPIRED
CA02761,AC06988,CU04885,9765-4533-4263-2528,DEBIT,2025-04-29,2028-04-29,ACTIVE
CA02762,AC06156,CU00475,2609-4950-8647-4665,DEBIT,2022-11-20,2026-11-20,EXPIRED
CA02763,AC04659,CU03486,2563-0000-6218-3721,CREDIT,2025-08-06,2028-08-06,BLOCKED
CA02764,AC05514,CU00910,2418-4086-0348-7379,DEBIT,2025-05-28,2028-05-28,BLOCKED
CA02765,AC05407,CU03180,7119-0716-4897-7247,DEBIT,2022-09-21,2025-09-21,EXPIRED
CA02766,AC03351,CU00055,3060-3051-5031-5712,DEBIT,2020-11-12,2024-11-12,ACTIVE
CA02767,AC05443,CU04633,2771-3224-0931-0622,DEBIT,2021-07-25,2024-07-25,BLOCKED
CA02768,AC04277,CU00614,4718-7064-2880-6727,CREDIT,2020-02-27,2024-02-27,EXPIRED
CA02769,AC03483,CU04119,0350-1700-0585-7599,DEBIT,2020-02-15,2023-02-15,EXPIRED
CA02770,AC06361,CU02351,4877-5364-7374-5732,CREDIT,2021-11-28,2026-11-28,ACTIVE
CA02771,AC00042,CU04878,9147-6064-0936-0445,CREDIT,2020-03-04,2023-03-04,EXPIRED
CA02772,AC03133,CU04274,2852-8736-2152-8530,CREDIT,2024-07-17,2027-07-17,ACTIVE
CA02773,AC05597,CU01509,8816-7330-6951-1095,CREDIT,2023-05-03,2027-05-03,ACTIVE
CA02774,AC02343,CU01564,9525-9248-6791-5003,CREDIT,2021-06-19,2024-06-19,BLOCKED
CA02775,AC07698,CU00958,5743-0539-4185-0194,DEBIT,2025-05-05,2029-05-05,BLOCKED
CA02776,AC04511,CU03257,1398-7036-9419-7708,DEBIT,2020-08-17,2023-08-17,ACTIVE
CA02777,AC00522,CU04508,6756-7521-9969-4466,CREDIT,2023-09-21,2027-09-21,BLOCKED
CA02778,AC06989,CU01167,4239-2544-8262-1404,CREDIT,2020-08-26,2024-08-26,EXPIRED
CA02779,AC00823,CU01049,0800-2976-9905-4232,DEBIT,2022-02-09,2025-02-09,BLOCKED
CA02780,AC02963,CU01948,8352-7880-3930-2382,DEBIT,2024-09-14,2028-09-14,ACTIVE
CA02781,AC01792,CU01781,3859-0961-6181-0930,CREDIT,2024-10-18,2027-10-18,ACTIVE
CA02782,AC02653,CU03368,2920-7012-2350-9130,CREDIT,2022-03-13,2025-03-13,ACTIVE
CA02783,AC05029,CU01956,7500-5888-7793-1196,CREDIT,2025-05-19,2030-05-19,ACTIVE
CA02784,AC06725,CU02627,2387-3775-4847-3497,CREDIT,2021-06-21,2025-06-21,ACTIVE
CA02785,AC03986,CU03268,4187-8507-0083-8279,DEBIT,2023-08-13,2026-08-13,EXPIRED
CA02786,AC01050,CU00789,6066-7555-9404-1181,DEBIT,2025-10-18,2029-10-18,EXPIRED
CA02787,AC02715,CU03565,9906-1404-4664-2620,CREDIT,2024-11-13,2027-11-13,BLOCKED
CA02788,AC02454,CU04144,0923-7066-0294-4739,DEBIT,2020-12-29,2023-12-29,BLOCKED
CA02789,AC02818,CU02366,2755-7105-2779-5665,DEBIT,2020-01-12,2025-01-12,ACTIVE
CA02790,AC01009,CU00605,2449-8900-1880-2735,DEBIT,2025-02-15,2028-02-15,BLOCKED
CA02791,AC07810,CU04350,6568-2828-0800-2640,CREDIT,2025-05-22,2029-05-22,EXPIRED
CA02792,AC04882,CU02044,5287-8550-7551-3156,DEBIT,2023-05-02,2028-05-02,ACTIVE
CA02793,AC01893,CU00003,9068-9937-7247-3629,CREDIT,2022-04-23,2027-04-23,BLOCKED
CA02794,AC00559,CU02002,7174-4631-2217-8644,CREDIT,2021-08-01,2025-08-01,EXPIRED
CA02795,AC07103,CU04562,8110-6267-3696-1617,CREDIT,2021-02-08,2025-02-08,EXPIRED
CA02796,AC01061,CU03443,1076-3269-5397-0174,CREDIT,2024-04-16,2028-04-16,BLOCKED
CA02797,AC07005,CU00436,9000-9061-9417-8354,CREDIT,2020-09-22,2024-09-22,BLOCKED
CA02798,AC07738,CU01906,6315-0324-1951-6237,DEBIT,2024-06-12,2027-06-12,ACTIVE
CA02799,AC00676,CU03899,2853-6020-1647-4229,DEBIT,2025-04-13,2030-04-13,BLOCKED
CA02800,AC00709,CU02073,0013-9999-9193-5431,CREDIT,2025-10-14,2028-10-14,EXPIRED
CA02801,AC01745,CU03963,6959-0600-7758-9367,DEBIT,2023-03-17,2028-03-17,EXPIRED
CA02802,AC05158,CU00727,7000-8623-1535-9061,DEBIT,2023-11-22,2027-11-22,BLOCKED
CA02803,AC07928,CU00880,1647-0816-0762-6144,DEBIT,2023-06-29,2028-06-29,ACTIVE
CA02804,AC01936,CU04789,9033-1743-2660-2450,CREDIT,2021-10-26,2025-10-26,BLOCKED
CA02805,AC01867,CU01714,7088-2617-9320-4863,CREDIT,2023-09-27,2026-09-27,BLOCKED
CA02806,AC04372,CU03487,0101-4556-5991-1969,DEBIT,2022-07-02,2026-07-02,BLOCKED
CA02807,AC00818,CU03299,1092-5807-6207-3749,DEBIT,2023-09-10,2028-09-10,EXPIRED
CA02808,AC00372,CU04800,7620-4613-7349-0903,CREDIT,2022-12-11,2027-12-11,ACTIVE
CA02809,AC05687,CU03076,5461-3952-2055-8465,CREDIT,2024-01-16,2029-01-16,EXPIRED
CA02810,AC01851,CU04171,6411-8041-8491-7749,DEBIT,2020-12-15,2025-12-15,EXPIRED
CA02811,AC06061,CU00425,3236-7053-8365-8826,CREDIT,2021-10-25,2025-10-25,ACTIVE
CA02812,AC07668,CU03844,4726-9643-7379-3018,CREDIT,2023-12-14,2026-12-14,BLOCKED
CA02813,AC07347,CU01750,1749-7952-7504-1801,CREDIT,2021-01-30,2025-01-30,ACTIVE
CA02814,AC02189,CU00352,1135-9295-7600-3179,DEBIT,2024-05-12,2029-05-12,ACTIVE
CA02815,AC04629,CU03973,3651-7837-0777-3212,DEBIT,2025-02-11,2029-02-11,BLOCKED
CA02816,AC00024,CU04727,6736-8811-3476-8883,DEBIT,2020-07-18,2025-07-18,BLOCKED
CA02817,AC00047,CU02544,4010-2427-5649-8019,CREDIT,2021-12-22,2025-12-22,ACTIVE
CA02818,AC03108,CU00045,0512-0920-6996-4664,CREDIT,2022-01-18,2025-01-18,BLOCKED
CA02819,AC06595,CU00358,3210-7965-2599-4838,CREDIT,2021-01-30,2025-01-30,BLOCKED
CA02820,AC01106,CU00263,7747-5833-1727-7724,DEBIT,2023-04-08,2026-04-08,BLOCKED
CA02821,AC01496,CU00210,9117-5712-7582-9178,DEBIT,2020-02-29,2024-02-29,BLOCKED
CA02822,AC01857,CU01150,0226-5085-6307-4233,DEBIT,2023-02-13,2027-02-13,EXPIRED
CA02823,AC05561,CU04974,2933-9594-1563-5722,CREDIT,2024-04-12,2028-04-12,ACTIVE
CA02824,AC07133,CU03447,9343-2447-9159-5515,DEBIT,2020-11-05,2023-11-05,BLOCKED
CA02825,AC02031,CU01116,4501-1029-7439-3176,CREDIT,2022-12-04,2026-12-04,BLOCKED
CA02826,AC03497,CU01945,5157-5018-2539-3055,CREDIT,2021-06-15,2024-06-15,ACTIVE
CA02827,AC07968,CU03587,0917-9648-8743-7181,CREDIT,2022-10-08,2027-10-08,EXPIRED
CA02828,AC03520,CU03510,1396-2048-5302-5380,DEBIT,2023-06-06,2027-06-06,EXPIRED
CA02829,AC02669,CU04069,4658-1516-7502-0039,DEBIT,2023-11-07,2026-11-07,ACTIVE
CA02830,AC03514,CU03330,8281-3357-0278-0714,DEBIT,2022-07-01,2027-07-01,ACTIVE
CA02831,AC03313,CU03345,7861-1249-0678-7042,DEBIT,2021-07-22,2026-07-22,ACTIVE
CA02832,AC07561,CU00461,8350-5575-4937-7171,DEBIT,2023-02-06,2027-02-06,BLOCKED
CA02833,AC06533,CU02764,4925-6817-2426-5032,CREDIT,2022-07-04,2025-07-04,ACTIVE
CA02834,AC07601,CU00963,0580-7651-8871-3535,DEBIT,2025-10-08,2029-10-08,ACTIVE
CA02835,AC01600,CU00452,0773-4483-3653-9393,DEBIT,2021-06-05,2025-06-05,BLOCKED
CA02836,AC05640,CU04328,2954-6101-2665-7623,CREDIT,2024-03-02,2028-03-02,EXPIRED
CA02837,AC05334,CU00095,6227-7606-1677-8495,DEBIT,2022-11-13,2025-11-13,EXPIRED
CA02838,AC01470,CU03657,5446-7931-6446-9445,DEBIT,2020-05-30,2023-05-30,EXPIRED
CA02839,AC00751,CU03293,7415-5332-7171-7902,CREDIT,2025-12-09,2029-12-09,BLOCKED
CA02840,AC07502,CU00801,8276-3271-9277-1601,DEBIT,2021-06-17,2024-06-17,EXPIRED
CA02841,AC05392,CU04021,6991-2296-4233-2387,CREDIT,2024-04-25,2029-04-25,ACTIVE
CA02842,AC04459,CU03585,6633-8226-1762-1729,CREDIT,2024-02-02,2028-02-02,EXPIRED
CA02843,AC01133,CU04410,9849-7590-3062-2102,DEBIT,2024-10-15,2029-10-15,EXPIRED
CA02844,AC02774,CU01632,4389-2387-5459-3149,DEBIT,2024-09-19,2028-09-19,BLOCKED
CA02845,AC01648,CU00919,6734-7337-8718-3347,CREDIT,2020-04-20,2025-04-20,EXPIRED
CA02846,AC03310,CU01470,3967-4501-9225-3177,CREDIT,2022-11-24,2027-11-24,EXPIRED
CA02847,AC04224,CU01686,8401-8560-4513-5387,DEBIT,2023-08-11,2028-08-11,EXPIRED
CA02848,AC03363,CU01521,9407-5158-9307-7330,CREDIT,2023-12-30,2028-12-30,EXPIRED
CA02849,AC04430,CU02341,4730-7789-9697-1952,DEBIT,2023-05-04,2026-05-04,ACTIVE
CA02850,AC00799,CU02212,5987-3395-7670-6795,DEBIT,2025-06-21,2030-06-21,ACTIVE
CA02851,AC04333,CU04867,7953-1453-6770-3257,CREDIT,2022-01-17,2026-01-17,ACTIVE
CA02852,AC03956,CU01195,9327-1309-2700-0722,CREDIT,2025-07-10,2029-07-10,EXPIRED
CA02853,AC01928,CU00135,4022-7276-5966-5031,CREDIT,2021-09-09,2025-09-09,BLOCKED
CA02854,AC06818,CU02313,1335-9164-0662-1734,CREDIT,2023-10-17,2026-10-17,EXPIRED
CA02855,AC00341,CU02345,4488-0899-6832-2104,DEBIT,2021-03-12,2024-03-12,EXPIRED
CA02856,AC06831,CU02405,9416-2030-5696-2058,CREDIT,2021-11-14,2026-11-14,ACTIVE
CA02857,AC02689,CU03970,4636-5768-2935-0705,CREDIT,2024-04-13,2029-04-13,ACTIVE
CA02858,AC03095,CU00543,7210-6252-7553-2299,CREDIT,2025-05-17,2029-05-17,EXPIRED
CA02859,AC05614,CU00781,0682-0727-5346-7686,DEBIT,2022-07-20,2027-07-20,ACTIVE
CA02860,AC06407,CU03611,1378-5058-9141-7216,CREDIT,2024-10-01,2027-10-01,EXPIRED
CA02861,AC02875,CU02799,4560-5812-6926-7715,DEBIT,2020-03-02,2025-03-02,ACTIVE
CA02862,AC02548,CU02536,8918-3791-7037-7164,DEBIT,2025-03-15,2029-03-15,BLOCKED
CA02863,AC02943,CU01962,9007-9726-2758-0383,DEBIT,2020-10-12,2025-10-12,BLOCKED
CA02864,AC03127,CU01493,1112-5086-8916-7179,DEBIT,2024-04-26,2027-04-26,ACTIVE
CA02865,AC00406,CU02055,7086-7286-6921-7309,DEBIT,2022-03-27,2027-03-27,ACTIVE
CA02866,AC04473,CU02416,6673-3632-8715-7927,CREDIT,2022-11-15,2026-11-15,EXPIRED
CA02867,AC03737,CU04040,2530-3437-8427-6233,CREDIT,2021-09-30,2024-09-30,ACTIVE
CA02868,AC06148,CU03274,4493-7791-7107-4247,CREDIT,2025-08-17,2028-08-17,BLOCKED
CA02869,AC00230,CU02160,8229-9668-9894-3731,CREDIT,2025-05-26,2028-05-26,EXPIRED
CA02870,AC01082,CU02201,9000-2006-1915-8982,CREDIT,2024-04-19,2028-04-19,ACTIVE
CA02871,AC01488,CU04035,8271-8350-6998-7284,DEBIT,2023-06-13,2028-06-13,BLOCKED
CA02872,AC03289,CU01949,3073-5688-8108-6280,DEBIT,2020-07-26,2023-07-26,BLOCKED
CA02873,AC06040,CU02070,2762-9956-3685-5488,DEBIT,2023-11-30,2027-11-30,BLOCKED
CA02874,AC06645,CU00418,7395-9922-6970-0324,DEBIT,2025-08-04,2030-08-04,BLOCKED
CA02875,AC02591,CU01818,9400-9839-6448-7442,DEBIT,2023-11-10,2028-11-10,BLOCKED
CA02876,AC06834,CU00194,1275-5845-4588-5313,DEBIT,2021-03-01,2026-03-01,ACTIVE
CA02877,AC06986,CU02731,0992-3332-1485-1399,DEBIT,2024-07-08,2028-07-08,EXPIRED
CA02878,AC03596,CU00402,0890-0205-8617-1471,DEBIT,2022-01-09,2027-01-09,BLOCKED
CA02879,AC07029,CU02236,2735-8039-5699-0981,DEBIT,2024-02-20,2029-02-20,EXPIRED
CA02880,AC01226,CU02019,9453-8548-1904-5440,CREDIT,2022-02-25,2025-02-25,EXPIRED
CA02881,AC00600,CU00116,0852-1310-3235-3033,CREDIT,2024-11-12,2029-11-12,BLOCKED
CA02882,AC03154,CU04395,2397-3319-4794-5334,DEBIT,2024-12-10,2029-12-10,BLOCKED
CA02883,AC04218,CU03337,6889-9519-4327-3687,CREDIT,2023-05-25,2027-05-25,ACTIVE
CA02884,AC00408,CU02348,6235-7668-9269-6719,DEBIT,2020-07-01,2024-07-01,ACTIVE
CA02885,AC07127,CU01215,6655-2309-6212-2316,DEBIT,2020-12-31,2025-12-31,BLOCKED
CA02886,AC05588,CU04718,5349-6975-8812-9119,CREDIT,2020-03-12,2025-03-12,ACTIVE
CA02887,AC03804,CU04018,0246-1609-8083-9098,DEBIT,2023-06-14,2026-06-14,BLOCKED
CA02888,AC02037,CU02445,6111-2295-2543-1943,DEBIT,2025-10-04,2030-10-04,BLOCKED
CA02889,AC06691,CU04658,7590-5222-2174-3480,CREDIT,2024-02-12,2027-02-12,ACTIVE
CA02890,AC00003,CU00850,5023-4528-4415-4782,CREDIT,2022-02-15,2025-02-15,ACTIVE
CA02891,AC02886,CU03765,2058-9822-6318-2145,CREDIT,2023-10-13,2028-10-13,ACTIVE
CA02892,AC05783,CU01735,2035-5345-5853-3596,CREDIT,2022-03-24,2027-03-24,ACTIVE
CA02893,AC06432,CU03271,7353-9942-8639-0180,CREDIT,2023-01-13,2028-01-13,BLOCKED
CA02894,AC00116,CU00167,9098-4965-8855-1350,DEBIT,2020-07-30,2024-07-30,BLOCKED
CA02895,AC06502,CU01621,4154-3949-6186-0802,CREDIT,2023-06-16,2026-06-16,ACTIVE
CA02896,AC01172,CU04143,9860-3124-3159-7684,CREDIT,2021-10-10,2025-10-10,EXPIRED
CA02897,AC00739,CU02026,3219-4483-7998-4811,CREDIT,2024-05-04,2027-05-04,EXPIRED
CA02898,AC07530,CU01252,0123-9151-9596-4659,DEBIT,2021-01-17,2024-01-17,BLOCKED
CA02899,AC05441,CU03755,0980-9464-9900-5333,CREDIT,2024-12-18,2028-12-18,EXPIRED
CA02900,AC00073,CU03322,8537-2829-1898-8883,CREDIT,2022-03-11,2026-03-11,EXPIRED
CA02901,AC07196,CU01757,9670-2626-5054-9634,DEBIT,2022-06-12,2026-06-12,EXPIRED
CA02902,AC06759,CU00253,3427-9648-2647-5836,CREDIT,2020-08-06,2023-08-06,ACTIVE
CA02903,AC02560,CU00154,6973-9580-0947-5044,DEBIT,2022-10-20,2026-10-20,ACTIVE
CA02904,AC06898,CU00056,8697-5279-8581-8669,DEBIT,2024-06-23,2027-06-23,EXPIRED
CA02905,AC06085,CU02651,6041-0515-0963-5742,DEBIT,2022-02-03,2025-02-03,EXPIRED
CA02906,AC04666,CU00606,7838-0676-8456-0577,DEBIT,2023-05-17,2027-05-17,ACTIVE
CA02907,AC06060,CU02761,1139-9916-0516-7734,CREDIT,2023-04-05,2028-04-05,ACTIVE
CA02908,AC06033,CU00809,7005-8747-7841-8816,CREDIT,2024-04-26,2027-04-26,EXPIRED
CA02909,AC06715,CU00540,4734-1852-4919-7262,CREDIT,2021-07-11,2026-07-11,BLOCKED
CA02910,AC06594,CU04799,3051-1686-1480-8888,CREDIT,2022-06-03,2026-06-03,ACTIVE
CA02911,AC05040,CU01254,3384-2091-1431-5852,DEBIT,2023-02-02,2026-02-02,ACTIVE
CA02912,AC04412,CU02525,0739-8620-5006-7896,DEBIT,2024-05-31,2028-05-31,EXPIRED
CA02913,AC02289,CU03303,4553-4530-5882-6011,CREDIT,2025-06-30,2030-06-30,ACTIVE
CA02914,AC01068,CU02587,5008-1119-3086-1166,CREDIT,2021-07-29,2024-07-29,BLOCKED
CA02915,AC00548,CU01518,7740-2935-8406-7479,DEBIT,2021-09-28,2026-09-28,BLOCKED
CA02916,AC00016,CU03177,3598-5551-2521-2797,CREDIT,2025-12-26,2029-12-26,EXPIRED
CA02917,AC07557,CU02649,6259-3221-5870-7719,CREDIT,2021-11-28,2024-11-28,EXPIRED
CA02918,AC05716,CU03394,4470-0874-0206-0381,CREDIT,2024-02-27,2027-02-27,EXPIRED
CA02919,AC07416,CU00891,9191-4698-3347-2052,CREDIT,2021-04-03,2025-04-03,ACTIVE
CA02920,AC00977,CU04571,6879-1611-3286-4014,CREDIT,2024-12-20,2028-12-20,EXPIRED
CA02921,AC01423,CU02210,2637-6496-9494-8328,DEBIT,2022-01-24,2027-01-24,BLOCKED
CA02922,AC05056,CU04481,7902-2192-4810-8540,DEBIT,2023-02-04,2028-02-04,BLOCKED
CA02923,AC04559,CU02873,2519-3629-4525-1840,DEBIT,2023-02-18,2027-02-18,BLOCKED
CA02924,AC07717,CU00501,9489-0837-0211-3300,DEBIT,2020-09-24,2023-09-24,EXPIRED
CA02925,AC07966,CU04051,9730-7629-6026-2422,DEBIT,2022-12-31,2025-12-31,BLOCKED
CA02926,AC04024,CU04980,5318-0096-2386-4662,CREDIT,2025-05-02,2030-05-02,BLOCKED
CA02927,AC05769,CU01797,8287-8948-4240-0917,DEBIT,2022-08-04,2027-08-04,ACTIVE
CA02928,AC01327,CU01156,7769-2652-4045-8402,CREDIT,2021-05-17,2025-05-17,BLOCKED
CA02929,AC01980,CU01491,9027-3390-9980-9956,CREDIT,2022-06-26,2026-06-26,EXPIRED
CA02930,AC07111,CU00853,5530-3872-7635-9086,DEBIT,2020-04-28,2023-04-28,BLOCKED
CA02931,AC06902,CU04040,0841-8197-7367-3082,DEBIT,2021-12-16,2026-12-16,EXPIRED
CA02932,AC04431,CU04514,6169-4960-5752-7789,CREDIT,2025-05-15,2030-05-15,BLOCKED
CA02933,AC06164,CU01951,7746-8858-1591-9301,DEBIT,2025-05-03,2029-05-03,BLOCKED
CA02934,AC01161,CU04656,6507-0484-7936-9892,CREDIT,2021-05-24,2026-05-24,ACTIVE
CA02935,AC05531,CU04459,8793-7257-5556-8899,DEBIT,2021-07-23,2026-07-23,BLOCKED
CA02936,AC02915,CU01443,7189-7700-8896-9723,DEBIT,2025-12-15,2029-12-15,BLOCKED
CA02937,AC05259,CU01698,4589-8274-3490-4704,DEBIT,2025-03-16,2029-03-16,ACTIVE
CA02938,AC02029,CU01755,1988-2108-2279-3229,CREDIT,2025-06-18,2030-06-18,BLOCKED
CA02939,AC02201,CU03922,2847-3799-6529-3238,DEBIT,2023-05-24,2027-05-24,BLOCKED
CA02940,AC01768,CU00842,7010-4622-1938-3062,DEBIT,2020-01-07,2024-01-07,BLOCKED
CA02941,AC07794,CU02051,7606-4761-2131-0858,DEBIT,2021-02-16,2024-02-16,EXPIRED
CA02942,AC05012,CU03120,5551-5060-5758-4369,DEBIT,2020-03-19,2025-03-19,ACTIVE
CA02943,AC05373,CU00274,9116-4165-0680-2296,DEBIT,2022-10-09,2027-10-09,BLOCKED
CA02944,AC03345,CU02153,4964-4027-1763-6666,DEBIT,2021-10-14,2026-10-14,BLOCKED
CA02945,AC03260,CU01407,7894-9607-2812-1091,DEBIT,2022-06-07,2025-06-07,ACTIVE
CA02946,AC01064,CU02556,7788-7949-4282-9257,CREDIT,2025-09-27,2029-09-27,ACTIVE
CA02947,AC03425,CU02463,4130-6323-6853-7357,DEBIT,2020-08-23,2025-08-23,ACTIVE
CA02948,AC07277,CU03542,4733-1480-9808-2064,CREDIT,2021-11-25,2024-11-25,EXPIRED
CA02949,AC02456,CU04984,5292-5320-8762-4653,DEBIT,2021-09-26,2024-09-26,ACTIVE
CA02950,AC07769,CU01460,3330-0344-7501-8578,CREDIT,2023-08-05,2027-08-05,BLOCKED
CA02951,AC05356,CU03750,2925-6530-9176-1996,CREDIT,2021-08-09,2024-08-09,EXPIRED
CA02952,AC03160,CU04863,8566-9865-6077-2322,DEBIT,2021-01-05,2024-01-05,EXPIRED
CA02953,AC01349,CU01858,2430-4468-5720-7608,DEBIT,2022-12-23,2027-12-23,BLOCKED
CA02954,AC01923,CU04113,1732-8327-6255-9588,CREDIT,2021-03-27,2026-03-27,EXPIRED
CA02955,AC05696,CU04785,1558-8838-8894-1354,DEBIT,2025-08-06,2028-08-06,EXPIRED
CA02956,AC00703,CU04207,2132-2715-6516-7381,CREDIT,2021-04-04,2024-04-04,ACTIVE
CA02957,AC04728,CU03760,6997-0447-3909-2189,CREDIT,2023-11-06,2028-11-06,ACTIVE
CA02958,AC06387,CU04464,1364-3830-5234-7508,CREDIT,2020-08-19,2024-08-19,BLOCKED
CA02959,AC06475,CU01199,4734-9120-5116-4181,DEBIT,2025-07-10,2029-07-10,BLOCKED
CA02960,AC05377,CU01516,5587-3949-2434-0309,CREDIT,2023-07-13,2028-07-13,ACTIVE
CA02961,AC02900,CU02114,8701-2958-5993-1480,DEBIT,2023-10-25,2027-10-25,BLOCKED
CA02962,AC06519,CU02254,7531-0348-3899-6014,CREDIT,2022-11-10,2025-11-10,BLOCKED
CA02963,AC07986,CU03472,5973-1666-6096-4906,DEBIT,2024-03-30,2027-03-30,BLOCKED
CA02964,AC04245,CU03086,9877-1597-2114-8033,CREDIT,2024-10-22,2028-10-22,EXPIRED
CA02965,AC07764,CU04398,1171-7434-8173-9996,DEBIT,2025-08-01,2029-08-01,ACTIVE
CA02966,AC04226,CU02833,8297-7502-9072-1127,CREDIT,2022-09-30,2026-09-30,ACTIVE
CA02967,AC04407,CU00994,6650-3189-4770-9889,CREDIT,2025-03-31,2029-03-31,EXPIRED
CA02968,AC07424,CU02336,8517-0063-6641-6449,DEBIT,2023-07-02,2028-07-02,EXPIRED
CA02969,AC00773,CU00687,8962-2338-3024-4882,CREDIT,2025-04-03,2030-04-03,BLOCKED
CA02970,AC06243,CU03449,8520-4480-7072-9554,DEBIT,2021-08-27,2024-08-27,ACTIVE
CA02971,AC04447,CU04604,1139-2380-8952-1079,DEBIT,2024-05-07,2029-05-07,BLOCKED
CA02972,AC03524,CU02677,0181-0771-8399-1073,DEBIT,2023-05-02,2027-05-02,EXPIRED
CA02973,AC01315,CU04973,9289-9467-3981-5762,CREDIT,2021-12-21,2024-12-21,BLOCKED
CA02974,AC05524,CU02071,2303-3131-3495-5464,DEBIT,2025-09-08,2030-09-08,ACTIVE
CA02975,AC02732,CU03621,1988-3685-4724-2861,DEBIT,2025-02-23,2028-02-23,ACTIVE
CA02976,AC02033,CU00187,1782-7592-7312-9194,DEBIT,2023-02-20,2026-02-20,EXPIRED
CA02977,AC00370,CU01152,3081-4882-4590-3232,CREDIT,2025-05-10,2029-05-10,ACTIVE
CA02978,AC06921,CU02606,4435-6854-4582-3478,CREDIT,2020-05-12,2023-05-12,BLOCKED
CA02979,AC02679,CU02794,8885-7219-0908-3070,CREDIT,2025-01-14,2029-01-14,ACTIVE
CA02980,AC07902,CU00273,4290-7285-0988-7909,CREDIT,2024-07-03,2028-07-03,ACTIVE
CA02981,AC06563,CU00008,0414-8741-9663-6004,DEBIT,2025-12-21,2028-12-21,BLOCKED
CA02982,AC00564,CU01253,9509-8337-6332-7009,DEBIT,2021-10-28,2026-10-28,EXPIRED
CA02983,AC07699,CU02355,8469-5875-2441-3201,CREDIT,2020-07-09,2023-07-09,BLOCKED
CA02984,AC05758,CU04637,3449-1654-5180-6947,CREDIT,2025-12-05,2029-12-05,ACTIVE
CA02985,AC06532,CU03024,8510-0946-5421-8075,CREDIT,2021-04-23,2026-04-23,ACTIVE
CA02986,AC01523,CU02278,5158-7305-6221-3837,CREDIT,2021-03-18,2026-03-18,ACTIVE
CA02987,AC02229,CU03971,7234-6738-1706-8515,CREDIT,2022-06-23,2027-06-23,ACTIVE
CA02988,AC02909,CU03478,6730-6289-6943-1668,DEBIT,2025-10-08,2030-10-08,EXPIRED
CA02989,AC04887,CU02335,0450-2126-0215-0465,CREDIT,2025-01-19,2028-01-19,EXPIRED
CA02990,AC04638,CU03106,0479-6009-7915-5355,CREDIT,2022-05-31,2025-05-31,EXPIRED
CA02991,AC06625,CU01783,8492-0461-0451-1069,CREDIT,2025-01-17,2028-01-17,ACTIVE
CA02992,AC03583,CU02507,2143-8186-8972-1814,CREDIT,2024-04-05,2028-04-05,EXPIRED
CA02993,AC02042,CU00376,6407-0021-9571-7855,CREDIT,2024-03-29,2028-03-29,EXPIRED
CA02994,AC02296,CU04289,3973-7009-0479-2187,DEBIT,2020-09-09,2024-09-09,BLOCKED
CA02995,AC04529,CU00720,9720-3731-5893-2879,DEBIT,2021-11-02,2026-11-02,BLOCKED
CA02996,AC00650,CU01417,2572-6685-7105-2956,DEBIT,2025-09-29,2030-09-29,BLOCKED
CA02997,AC06423,CU04352,3457-9329-8717-7416,DEBIT,2023-12-14,2027-12-14,ACTIVE
CA02998,AC03443,CU00014,9808-7247-1725-0658,DEBIT,2022-10-11,2026-10-11,BLOCKED
CA02999,AC04390,CU03806,5017-8300-4159-1158,CREDIT,2020-08-13,2024-08-13,EXPIRED
CA03000,AC07080,CU04672,1263-7536-6394-7386,DEBIT,2022-07-01,2025-07-01,EXPIRED
CA03001,AC03947,CU04205,5948-8789-0827-8653,CREDIT,2023-06-13,2026-06-13,EXPIRED
CA03002,AC03656,CU01007,7023-9787-0377-6801,CREDIT,2020-03-19,2025-03-19,EXPIRED
CA03003,AC02812,CU02155,5905-9440-9620-8915,CREDIT,2021-10-17,2025-10-17,BLOCKED
CA03004,AC06280,CU02634,3986-1764-3226-6237,CREDIT,2024-05-09,2028-05-09,EXPIRED
CA03005,AC05087,CU01755,7441-3766-0216-2633,CREDIT,2023-07-18,2028-07-18,EXPIRED
CA03006,AC01776,CU04625,5364-0024-8113-9222,CREDIT,2021-04-04,2024-04-04,ACTIVE
CA03007,AC06190,CU00370,8429-6699-1226-0191,DEBIT,2025-12-15,2029-12-15,ACTIVE
CA03008,AC06351,CU00414,2095-6321-5534-5051,DEBIT,2025-10-30,2030-10-30,BLOCKED
CA03009,AC01765,CU04159,1161-6957-7678-4196,CREDIT,2025-12-08,2030-12-08,ACTIVE
CA03010,AC00002,CU04451,8626-8763-0092-0346,CREDIT,2022-01-04,2025-01-04,EXPIRED
CA03011,AC00805,CU01885,3226-4816-1884-2376,DEBIT,2025-04-12,2030-04-12,EXPIRED
CA03012,AC03397,CU02396,5169-6684-4329-8470,DEBIT,2021-04-30,2024-04-30,BLOCKED
CA03013,AC07666,CU03681,6047-6146-0711-3645,DEBIT,2020-03-30,2025-03-30,BLOCKED
CA03014,AC03475,CU04184,8051-6659-3272-9593,DEBIT,2023-12-16,2026-12-16,ACTIVE
CA03015,AC00549,CU04969,0352-5407-2325-1448,DEBIT,2020-12-24,2023-12-24,EXPIRED
CA03016,AC07101,CU03103,7054-8002-1668-5778,DEBIT,2022-12-13,2027-12-13,EXPIRED
CA03017,AC06942,CU00896,6132-7081-2564-7706,DEBIT,2022-02-22,2027-02-22,ACTIVE
CA03018,AC07643,CU03765,1160-8698-2487-4158,DEBIT,2023-08-01,2027-08-01,ACTIVE
CA03019,AC04134,CU02045,4025-8751-7892-5443,CREDIT,2023-05-11,2028-05-11,EXPIRED
CA03020,AC04526,CU03082,7225-7364-5036-4115,CREDIT,2022-06-12,2027-06-12,ACTIVE
CA03021,AC03106,CU01151,9948-2280-7928-1355,CREDIT,2024-09-06,2028-09-06,EXPIRED
CA03022,AC03910,CU04684,0744-8481-4742-1754,DEBIT,2020-05-08,2024-05-08,BLOCKED
CA03023,AC05290,CU01230,1241-7212-9814-2124,CREDIT,2024-09-23,2028-09-23,EXPIRED
CA03024,AC05879,CU04635,9849-0629-4388-2209,DEBIT,2025-03-19,2030-03-19,BLOCKED
CA03025,AC02193,CU03427,5264-0869-3918-0576,CREDIT,2020-02-26,2024-02-26,EXPIRED
CA03026,AC06953,CU00017,4762-5727-6346-8618,CREDIT,2023-05-02,2027-05-02,EXPIRED
CA03027,AC06353,CU00326,9449-3930-3538-0902,DEBIT,2025-07-21,2030-07-21,ACTIVE
CA03028,AC05594,CU03087,5459-7954-3011-6869,DEBIT,2021-07-05,2024-07-05,EXPIRED
CA03029,AC06634,CU00574,8816-3917-0894-4050,CREDIT,2020-05-29,2024-05-29,BLOCKED
CA03030,AC06949,CU00655,1712-4416-0986-0608,DEBIT,2022-07-24,2026-07-24,EXPIRED
CA03031,AC06518,CU01465,4825-3808-3716-4388,DEBIT,2020-02-20,2025-02-20,ACTIVE
CA03032,AC04662,CU02067,2795-8253-0732-8660,CREDIT,2024-05-10,2029-05-10,EXPIRED
CA03033,AC05198,CU01636,0906-5271-6099-7426,CREDIT,2024-09-22,2029-09-22,ACTIVE
CA03034,AC05637,CU01219,8669-7710-3418-4780,CREDIT,2022-08-07,2025-08-07,EXPIRED
CA03035,AC04266,CU00203,3855-9011-8148-0284,CREDIT,2023-08-31,2027-08-31,ACTIVE
CA03036,AC06150,CU04522,0340-6304-6898-3951,DEBIT,2025-11-10,2028-11-10,BLOCKED
CA03037,AC03765,CU01374,5550-3740-6991-2506,DEBIT,2020-05-09,2023-05-09,ACTIVE
CA03038,AC06756,CU01449,2837-9006-5472-4130,DEBIT,2025-03-20,2029-03-20,EXPIRED
CA03039,AC01294,CU02702,2006-1161-4638-3158,DEBIT,2023-07-04,2026-07-04,ACTIVE
CA03040,AC00385,CU03818,9823-7943-2287-7619,DEBIT,2021-11-13,2024-11-13,ACTIVE
CA03041,AC05975,CU02990,6085-3745-7601-2146,DEBIT,2024-04-04,2029-04-04,ACTIVE
CA03042,AC01193,CU01956,9596-0535-0356-5070,DEBIT,2021-12-14,2025-12-14,ACTIVE
CA03043,AC01901,CU01652,4058-4856-3809-6806,DEBIT,2023-02-21,2028-02-21,EXPIRED
CA03044,AC06582,CU02974,8238-4180-3380-8708,DEBIT,2020-10-13,2024-10-13,ACTIVE
CA03045,AC05075,CU03270,0402-6520-9881-3089,CREDIT,2021-04-22,2025-04-22,EXPIRED
CA03046,AC00358,CU00142,8643-8794-1401-4812,DEBIT,2024-02-23,2028-02-23,BLOCKED
CA03047,AC04970,CU02926,8350-4765-1056-4993,CREDIT,2025-03-29,2028-03-29,BLOCKED
CA03048,AC07270,CU04331,2446-3198-4383-1902,DEBIT,2022-03-27,2025-03-27,BLOCKED
CA03049,AC01515,CU02521,9302-4529-9059-1738,DEBIT,2025-04-15,2028-04-15,EXPIRED
CA03050,AC01926,CU04632,2914-7517-7018-9731,DEBIT,2021-12-07,2025-12-07,BLOCKED
CA03051,AC01472,CU01019,1660-1730-0604-4793,CREDIT,2024-07-14,2028-07-14,EXPIRED
CA03052,AC06877,CU04645,2143-2934-7231-9671,CREDIT,2020-06-18,2024-06-18,EXPIRED
CA03053,AC01644,CU04979,3663-1844-7137-8999,DEBIT,2021-04-22,2025-04-22,EXPIRED
CA03054,AC04435,CU01313,4489-0609-4343-2753,DEBIT,2020-05-08,2023-05-08,EXPIRED
CA03055,AC02337,CU04384,0173-0448-4919-5115,CREDIT,2020-08-20,2024-08-20,BLOCKED
CA03056,AC01891,CU04472,8926-8496-2595-3025,DEBIT,2021-05-21,2026-05-21,EXPIRED
CA03057,AC01587,CU01803,9508-0991-4135-4880,DEBIT,2020-10-14,2024-10-14,BLOCKED
CA03058,AC05330,CU00967,8430-6874-2396-1232,CREDIT,2021-09-15,2026-09-15,ACTIVE
CA03059,AC04339,CU02466,2983-2187-9191-5446,CREDIT,2020-10-20,2023-10-20,ACTIVE
CA03060,AC01831,CU03244,0868-9851-8634-0442,CREDIT,2024-06-23,2028-06-23,ACTIVE
CA03061,AC02879,CU01606,6376-4072-6094-8612,CREDIT,2025-10-11,2030-10-11,BLOCKED
CA03062,AC00004,CU01893,3212-6506-6793-6500,CREDIT,2020-02-14,2023-02-14,ACTIVE
CA03063,AC00869,CU00613,6640-1273-8313-2441,CREDIT,2021-10-28,2026-10-28,BLOCKED
CA03064,AC07744,CU03414,9071-6631-8904-1719,CREDIT,2020-01-08,2025-01-08,EXPIRED
CA03065,AC05174,CU02299,4228-8543-2184-3735,CREDIT,2020-01-21,2023-01-21,ACTIVE
CA03066,AC05439,CU02276,9068-2100-8571-2357,DEBIT,2022-10-04,2026-10-04,BLOCKED
CA03067,AC06924,CU04329,8790-8204-5232-8498,CREDIT,2025-05-10,2030-05-10,ACTIVE
CA03068,AC04045,CU01965,4906-9326-5910-7114,DEBIT,2022-09-28,2025-09-28,EXPIRED
CA03069,AC00425,CU01114,6968-7858-6912-9039,DEBIT,2023-02-25,2028-02-25,ACTIVE
CA03070,AC02140,CU03989,1688-6884-3654-8075,CREDIT,2025-08-21,2028-08-21,EXPIRED
CA03071,AC02663,CU02126,7024-1932-7818-2604,DEBIT,2021-04-02,2026-04-02,BLOCKED
CA03072,AC04777,CU01574,4419-1968-2145-0640,CREDIT,2020-02-02,2025-02-02,EXPIRED
CA03073,AC00207,CU04126,7598-0419-9160-3839,DEBIT,2024-10-29,2029-10-29,ACTIVE
CA03074,AC03762,CU01547,1561-8825-1779-2795,CREDIT,2025-09-23,2028-09-23,EXPIRED
CA03075,AC02497,CU02860,6222-9863-4560-0540,DEBIT,2022-10-09,2027-10-09,ACTIVE
CA03076,AC06977,CU02170,5300-0655-2877-8680,CREDIT,2020-06-23,2024-06-23,EXPIRED
CA03077,AC03671,CU00054,8527-6473-9478-8063,DEBIT,2024-07-17,2028-07-17,BLOCKED
CA03078,AC01839,CU03788,4119-0787-7265-5991,CREDIT,2025-12-15,2028-12-15,ACTIVE
CA03079,AC03463,CU04811,5468-2825-6037-5269,DEBIT,2025-02-03,2030-02-03,ACTIVE
CA03080,AC03350,CU01426,7753-1364-6567-9026,DEBIT,2024-10-31,2029-10-31,BLOCKED
CA03081,AC00947,CU03225,9408-5092-2472-8050,DEBIT,2025-05-27,2028-05-27,BLOCKED
CA03082,AC00440,CU03022,0410-3879-3320-1769,DEBIT,2022-07-06,2027-07-06,BLOCKED
CA03083,AC03033,CU04781,6509-3760-3516-4346,CREDIT,2021-04-28,2025-04-28,ACTIVE
CA03084,AC05199,CU03191,1291-2388-7943-5441,DEBIT,2025-05-05,2028-05-05,ACTIVE
CA03085,AC01543,CU02823,0672-6593-0619-4077,CREDIT,2025-04-24,2029-04-24,ACTIVE
CA03086,AC06203,CU03901,8977-0618-0489-5933,CREDIT,2020-06-04,2024-06-04,EXPIRED
CA03087,AC07948,CU01402,2216-3651-6499-8104,CREDIT,2020-02-08,2025-02-08,ACTIVE
CA03088,AC02845,CU01626,7005-0213-0943-8108,DEBIT,2024-01-23,2027-01-23,EXPIRED
CA03089,AC06554,CU03435,8184-5247-9835-1009,DEBIT,2021-07-13,2025-07-13,ACTIVE
CA03090,AC02237,CU03055,0992-5229-9921-3613,CREDIT,2023-05-10,2026-05-10,ACTIVE
CA03091,AC01401,CU03886,2373-1212-6390-7980,DEBIT,2021-02-11,2025-02-11,BLOCKED
CA03092,AC02671,CU02261,2516-4907-8531-9274,CREDIT,2020-10-28,2025-10-28,EXPIRED
CA03093,AC01402,CU03785,8632-0662-2991-2527,CREDIT,2025-07-08,2028-07-08,ACTIVE
CA03094,AC04648,CU01433,2492-8014-4731-7817,CREDIT,2020-01-04,2024-01-04,ACTIVE
CA03095,AC03586,CU04160,5832-0450-4335-1265,DEBIT,2025-07-23,2028-07-23,BLOCKED
CA03096,AC05625,CU01084,4852-1761-4730-0298,DEBIT,2020-10-19,2024-10-19,EXPIRED
CA03097,AC02466,CU04020,5517-0360-8953-4561,DEBIT,2021-09-08,2025-09-08,ACTIVE
CA03098,AC04781,CU02122,1964-7093-6221-2557,CREDIT,2021-10-09,2025-10-09,BLOCKED
CA03099,AC00152,CU03484,1350-4738-5564-2305,CREDIT,2022-12-31,2025-12-31,EXPIRED
CA03100,AC04993,CU02694,6501-1446-0853-7486,CREDIT,2021-05-31,2024-05-31,EXPIRED
CA03101,AC02661,CU03300,0633-6339-5125-7914,DEBIT,2025-06-06,2028-06-06,BLOCKED
CA03102,AC04820,CU04401,3716-0255-6824-4744,CREDIT,2024-04-01,2027-04-01,BLOCKED
CA03103,AC06946,CU03536,3464-0064-5843-0379,CREDIT,2020-08-22,2023-08-22,EXPIRED
CA03104,AC06754,CU00035,8099-3577-7497-5145,DEBIT,2020-02-18,2025-02-18,EXPIRED
CA03105,AC01974,CU03141,8404-8171-0351-3857,DEBIT,2025-07-18,2028-07-18,BLOCKED
CA03106,AC02703,CU02914,6621-3242-4067-2990,DEBIT,2024-08-31,2027-08-31,EXPIRED
CA03107,AC07389,CU01202,0238-9860-2354-5728,CREDIT,2021-11-12,2025-11-12,BLOCKED
CA03108,AC04142,CU02824,2509-0123-4573-2467,CREDIT,2025-11-20,2030-11-20,BLOCKED
CA03109,AC03833,CU00237,7475-6882-7093-2970,DEBIT,2023-07-12,2028-07-12,ACTIVE
CA03110,AC07067,CU02227,4046-6491-4445-1302,CREDIT,2023-10-18,2027-10-18,EXPIRED
CA03111,AC06038,CU01685,1588-0291-8273-1523,CREDIT,2024-07-12,2029-07-12,ACTIVE
CA03112,AC03325,CU03678,1269-6614-7322-4738,DEBIT,2025-04-15,2030-04-15,BLOCKED
CA03113,AC05041,CU00940,8812-5973-2675-1639,DEBIT,2020-02-16,2025-02-16,BLOCKED
CA03114,AC04103,CU03745,2998-4514-6284-1076,CREDIT,2020-02-07,2023-02-07,EXPIRED
CA03115,AC01506,CU00556,1728-3247-7800-6977,DEBIT,2021-01-12,2024-01-12,ACTIVE
CA03116,AC03609,CU00205,9834-5761-5565-0403,DEBIT,2023-09-24,2026-09-24,EXPIRED
CA03117,AC07466,CU01849,7954-3571-0259-0267,CREDIT,2024-11-10,2027-11-10,EXPIRED
CA03118,AC07241,CU00961,5766-9766-9367-2807,DEBIT,2022-09-18,2027-09-18,ACTIVE
CA03119,AC04697,CU00855,7901-9231-8390-9607,CREDIT,2023-06-21,2028-06-21,ACTIVE
CA03120,AC01263,CU01133,2511-6169-8723-7606,CREDIT,2025-01-18,2029-01-18,ACTIVE
CA03121,AC05538,CU00411,9924-1007-4451-1371,DEBIT,2021-03-01,2025-03-01,EXPIRED
CA03122,AC06941,CU00794,6467-2633-7141-5195,DEBIT,2025-01-12,2029-01-12,BLOCKED
CA03123,AC05451,CU04006,3220-5092-0710-7141,DEBIT,2022-12-06,2025-12-06,BLOCKED
CA03124,AC03890,CU02058,4072-8960-5902-7932,CREDIT,2023-09-19,2028-09-19,ACTIVE
CA03125,AC07377,CU03206,5192-9237-4363-3796,CREDIT,2023-07-24,2027-07-24,BLOCKED
CA03126,AC07028,CU02598,5603-9675-3839-5437,CREDIT,2024-02-17,2028-02-17,EXPIRED
CA03127,AC04772,CU04544,1261-0307-6430-8484,CREDIT,2020-03-31,2023-03-31,BLOCKED
CA03128,AC06680,CU02361,0750-5498-7755-4778,DEBIT,2021-06-25,2024-06-25,ACTIVE
CA03129,AC05743,CU01211,5854-0849-4586-9187,CREDIT,2022-07-27,2026-07-27,EXPIRED
CA03130,AC07383,CU02874,0349-1368-1460-3764,CREDIT,2021-10-21,2024-10-21,ACTIVE
CA03131,AC01392,CU02734,5024-9158-8055-5461,DEBIT,2022-08-25,2026-08-25,ACTIVE
CA03132,AC07249,CU04445,6282-8876-2628-7063,CREDIT,2021-04-02,2024-04-02,EXPIRED
CA03133,AC01573,CU02679,7329-9956-4850-3828,CREDIT,2022-04-09,2027-04-09,EXPIRED
CA03134,AC02461,CU03852,8194-4069-8175-3346,CREDIT,2024-04-12,2027-04-12,EXPIRED
CA03135,AC01934,CU02357,3609-0693-2033-5927,DEBIT,2021-11-29,2024-11-29,EXPIRED
CA03136,AC02987,CU03364,9366-3068-7628-0641,DEBIT,2022-07-09,2027-07-09,EXPIRED
CA03137,AC02153,CU03659,4991-6113-3325-7405,DEBIT,2021-12-12,2026-12-12,BLOCKED
CA03138,AC05621,CU02413,0310-6375-0301-9315,CREDIT,2022-04-13,2025-04-13,EXPIRED
CA03139,AC05317,CU04987,1741-0407-4230-6377,DEBIT,2022-01-18,2025-01-18,ACTIVE
CA03140,AC01018,CU02664,5789-1476-2183-0585,CREDIT,2021-06-22,2025-06-22,BLOCKED
CA03141,AC03786,CU02900,1057-9825-6176-7763,CREDIT,2022-09-01,2025-09-01,BLOCKED
CA03142,AC07315,CU00071,6850-2517-5849-8799,DEBIT,2023-05-24,2028-05-24,EXPIRED
CA03143,AC00956,CU01675,9563-5278-0051-6948,DEBIT,2021-03-13,2026-03-13,EXPIRED
CA03144,AC06536,CU04377,5256-3998-3431-5666,CREDIT,2024-10-15,2029-10-15,ACTIVE
CA03145,AC03775,CU00374,9756-0901-6696-8062,CREDIT,2022-01-21,2026-01-21,BLOCKED
CA03146,AC04575,CU04667,3876-7292-4142-9481,CREDIT,2025-02-22,2028-02-22,EXPIRED
CA03147,AC01270,CU01636,3726-7516-3834-5860,DEBIT,2021-04-29,2026-04-29,EXPIRED
CA03148,AC02222,CU02482,9691-8140-1968-9526,DEBIT,2021-08-10,2026-08-10,EXPIRED
CA03149,AC04458,CU01423,8784-6089-7829-1488,DEBIT,2023-04-17,2026-04-17,ACTIVE
CA03150,AC01555,CU00723,8689-5474-0076-0123,DEBIT,2023-08-31,2026-08-31,EXPIRED
CA03151,AC05550,CU02831,5235-8755-4823-0527,DEBIT,2023-10-23,2027-10-23,BLOCKED
CA03152,AC04294,CU03934,1179-6476-0721-3989,CREDIT,2023-01-26,2028-01-26,EXPIRED
CA03153,AC04052,CU01239,3463-5880-4525-8413,DEBIT,2021-01-18,2024-01-18,EXPIRED
CA03154,AC06315,CU00038,5003-2844-1058-7282,DEBIT,2025-10-25,2028-10-25,ACTIVE
CA03155,AC04778,CU02068,9363-2246-6371-1910,CREDIT,2022-11-22,2025-11-22,BLOCKED
CA03156,AC06974,CU03648,6490-5183-5290-7808,DEBIT,2021-06-16,2026-06-16,BLOCKED
CA03157,AC03598,CU00325,6846-4551-2474-9738,CREDIT,2020-06-12,2023-06-12,EXPIRED
CA03158,AC01417,CU00442,3336-2573-6953-1834,CREDIT,2020-09-18,2023-09-18,BLOCKED
CA03159,AC00973,CU04345,1392-9638-2344-4175,DEBIT,2024-11-19,2029-11-19,ACTIVE
CA03160,AC03468,CU01565,3625-0766-2073-3692,CREDIT,2022-06-09,2026-06-09,ACTIVE
CA03161,AC04165,CU01222,9135-7448-8025-8691,CREDIT,2021-05-23,2025-05-23,ACTIVE
CA03162,AC01801,CU01437,4501-6587-4588-7689,CREDIT,2021-10-31,2026-10-31,ACTIVE
CA03163,AC07581,CU01574,8692-7308-2949-1931,DEBIT,2023-10-18,2026-10-18,BLOCKED
CA03164,AC02873,CU00658,7182-2733-6477-6184,DEBIT,2025-12-08,2030-12-08,BLOCKED
CA03165,AC02110,CU03706,1452-7403-6684-5998,DEBIT,2023-06-08,2026-06-08,EXPIRED
CA03166,AC05228,CU03510,2393-6364-7033-3439,DEBIT,2023-11-22,2028-11-22,EXPIRED
CA03167,AC00133,CU02231,4568-2954-1844-6622,CREDIT,2023-08-28,2026-08-28,BLOCKED
CA03168,AC03248,CU02911,3759-9507-2545-8924,CREDIT,2022-10-27,2025-10-27,EXPIRED
CA03169,AC01572,CU03291,7394-3087-8778-7827,CREDIT,2020-12-09,2025-12-09,BLOCKED
CA03170,AC02452,CU01785,7980-7662-4674-3821,DEBIT,2024-08-25,2028-08-25,EXPIRED
CA03171,AC02092,CU01921,6147-6173-6987-8939,DEBIT,2022-08-09,2026-08-09,BLOCKED
CA03172,AC06119,CU04458,3311-7455-7230-5171,CREDIT,2022-07-10,2025-07-10,ACTIVE
CA03173,AC03634,CU03506,4902-3029-3430-0702,DEBIT,2020-11-25,2023-11-25,EXPIRED
CA03174,AC07436,CU02133,4909-7466-0377-4858,CREDIT,2021-08-14,2025-08-14,EXPIRED
CA03175,AC06438,CU04099,8676-7998-9271-8914,DEBIT,2021-06-27,2026-06-27,BLOCKED
CA03176,AC04849,CU04603,1447-4401-9736-5418,CREDIT,2021-10-05,2026-10-05,EXPIRED
CA03177,AC00733,CU02804,9713-6520-6840-5049,DEBIT,2020-07-25,2025-07-25,ACTIVE
CA03178,AC00135,CU00091,0820-7538-7579-2374,CREDIT,2024-01-05,2028-01-05,EXPIRED
CA03179,AC02964,CU00119,9864-5039-4507-0762,CREDIT,2024-07-29,2029-07-29,EXPIRED
CA03180,AC05271,CU01602,8337-3089-4016-5344,CREDIT,2020-12-06,2024-12-06,EXPIRED
CA03181,AC07899,CU03527,0422-7708-8912-2464,DEBIT,2025-01-01,2028-01-01,BLOCKED
CA03182,AC07799,CU01664,0169-2791-5733-7317,CREDIT,2025-03-17,2028-03-17,BLOCKED
CA03183,AC00300,CU02236,3771-3657-2505-2775,DEBIT,2022-12-17,2027-12-17,EXPIRED
CA03184,AC06515,CU01407,9532-9441-5392-0564,DEBIT,2020-10-17,2023-10-17,EXPIRED
CA03185,AC02885,CU02792,6186-1287-9315-9871,DEBIT,2020-12-16,2024-12-16,ACTIVE
CA03186,AC04865,CU03786,2219-0787-0395-3064,DEBIT,2022-07-10,2027-07-10,EXPIRED
CA03187,AC05138,CU03326,0718-1023-1586-4734,CREDIT,2024-03-02,2027-03-02,BLOCKED
CA03188,AC06696,CU01110,4080-0759-9664-4581,DEBIT,2025-02-19,2029-02-19,BLOCKED
CA03189,AC03832,CU03353,5782-8794-5326-7703,CREDIT,2021-07-27,2026-07-27,EXPIRED
CA03190,AC03332,CU00693,3654-2384-5691-1059,DEBIT,2023-04-01,2026-04-01,EXPIRED
CA03191,AC06245,CU03908,4704-4481-5740-6350,DEBIT,2020-07-19,2025-07-19,EXPIRED
CA03192,AC01276,CU01037,0066-7768-6183-2640,DEBIT,2024-10-06,2029-10-06,ACTIVE
CA03193,AC05297,CU01876,3327-8605-0374-9138,CREDIT,2025-10-02,2029-10-02,BLOCKED
CA03194,AC05704,CU02637,7211-5566-9258-3889,DEBIT,2021-10-30,2024-10-30,EXPIRED
CA03195,AC05349,CU02677,3993-5682-8355-0669,DEBIT,2021-12-11,2024-12-11,EXPIRED
CA03196,AC01055,CU01778,2008-8097-7026-7946,CREDIT,2020-04-10,2024-04-10,ACTIVE
CA03197,AC02612,CU00090,5489-5794-7433-1681,DEBIT,2021-05-03,2025-05-03,ACTIVE
CA03198,AC00565,CU01589,2547-5810-4372-9653,DEBIT,2025-07-02,2028-07-02,BLOCKED
CA03199,AC04029,CU03808,6824-5673-9650-3528,DEBIT,2022-08-02,2027-08-02,EXPIRED
CA03200,AC04127,CU00749,5790-1964-8796-6499,DEBIT,2021-03-04,2025-03-04,EXPIRED
CA03201,AC02676,CU00973,7456-6361-8165-8545,CREDIT,2025-11-10,2028-11-10,EXPIRED
CA03202,AC07397,CU03789,4391-4101-5786-4222,DEBIT,2021-11-15,2026-11-15,ACTIVE
CA03203,AC04456,CU02573,4143-6203-9881-2742,DEBIT,2021-03-06,2025-03-06,BLOCKED
CA03204,AC07518,CU03997,6821-1790-1936-2604,DEBIT,2023-12-09,2028-12-09,EXPIRED
CA03205,AC06339,CU00398,1029-5688-5833-9996,DEBIT,2023-08-24,2026-08-24,EXPIRED
CA03206,AC05114,CU03422,9358-9206-2945-5143,DEBIT,2020-03-17,2023-03-17,BLOCKED
CA03207,AC00954,CU04421,7087-9117-9216-2814,CREDIT,2024-12-30,2029-12-30,EXPIRED
CA03208,AC03401,CU02676,5003-3436-1661-4433,DEBIT,2023-08-12,2026-08-12,ACTIVE
CA03209,AC01020,CU00088,4101-3509-7618-3635,DEBIT,2020-06-18,2025-06-18,BLOCKED
CA03210,AC07069,CU03039,6422-6687-0646-2819,CREDIT,2025-07-28,2028-07-28,BLOCKED
CA03211,AC05567,CU00297,0155-8654-4818-1690,CREDIT,2024-08-02,2029-08-02,BLOCKED
CA03212,AC03914,CU00694,0507-9117-0780-3066,DEBIT,2021-02-26,2024-02-26,EXPIRED
CA03213,AC06878,CU04813,0688-8801-0547-6488,CREDIT,2025-02-11,2028-02-11,EXPIRED
CA03214,AC00938,CU01288,5293-6062-3457-1044,DEBIT,2025-05-12,2029-05-12,ACTIVE
CA03215,AC06647,CU00109,3232-6876-7504-3279,DEBIT,2020-03-21,2025-03-21,EXPIRED
CA03216,AC05105,CU04538,4388-3878-6994-6708,CREDIT,2020-06-11,2025-06-11,BLOCKED
CA03217,AC07514,CU01135,4684-3373-2235-9536,DEBIT,2020-01-07,2024-01-07,BLOCKED
CA03218,AC03728,CU01296,0164-3861-3099-2049,CREDIT,2022-10-14,2027-10-14,BLOCKED
CA03219,AC07332,CU01527,9937-2419-9283-2142,DEBIT,2023-11-11,2027-11-11,ACTIVE
CA03220,AC03973,CU01517,4438-4477-2930-8222,CREDIT,2022-05-28,2027-05-28,ACTIVE
CA03221,AC05875,CU03505,0369-1274-5942-9578,CREDIT,2023-11-04,2026-11-04,ACTIVE
CA03222,AC07333,CU00118,5866-2275-3258-0918,DEBIT,2023-02-13,2026-02-13,EXPIRED
CA03223,AC01758,CU04685,1375-7156-0668-7636,DEBIT,2025-06-23,2029-06-23,ACTIVE
CA03224,AC03029,CU01484,5391-7329-2646-6162,DEBIT,2025-07-26,2029-07-26,EXPIRED
CA03225,AC00816,CU01117,4293-0701-8098-2242,DEBIT,2023-12-13,2028-12-13,ACTIVE
CA03226,AC03633,CU04574,9443-1353-5894-8306,CREDIT,2022-08-03,2027-08-03,BLOCKED
CA03227,AC04367,CU03563,9967-5917-6811-3489,CREDIT,2024-02-17,2029-02-17,EXPIRED
CA03228,AC02470,CU02564,1459-5927-6690-5874,CREDIT,2022-12-05,2026-12-05,BLOCKED
CA03229,AC01289,CU04516,2130-2226-5377-1341,CREDIT,2023-07-04,2026-07-04,ACTIVE
CA03230,AC02325,CU01772,0266-6703-7326-6690,CREDIT,2024-04-07,2029-04-07,BLOCKED
CA03231,AC05491,CU00948,4935-1082-5861-1713,DEBIT,2023-04-17,2027-04-17,BLOCKED
CA03232,AC04856,CU00781,9668-3446-7878-1647,CREDIT,2021-12-25,2024-12-25,EXPIRED
CA03233,AC02444,CU03131,8021-7834-9009-2703,CREDIT,2021-03-06,2026-03-06,BLOCKED
CA03234,AC04453,CU04901,8164-0199-2940-0228,DEBIT,2025-08-21,2029-08-21,BLOCKED
CA03235,AC05327,CU01138,6179-2458-1795-0170,DEBIT,2023-04-19,2028-04-19,BLOCKED
CA03236,AC05335,CU03845,4552-7657-4932-5346,CREDIT,2022-06-23,2027-06-23,EXPIRED
CA03237,AC03392,CU01396,7078-1176-1766-2833,DEBIT,2021-02-03,2024-02-03,ACTIVE
CA03238,AC06224,CU00074,2180-3934-8926-7473,DEBIT,2021-06-19,2026-06-19,EXPIRED
CA03239,AC02836,CU00681,8197-4426-7957-0561,DEBIT,2025-04-19,2029-04-19,BLOCKED
CA03240,AC03707,CU04259,0225-1245-8380-6206,CREDIT,2024-04-14,2028-04-14,BLOCKED
CA03241,AC03183,CU02237,0715-3919-0484-7756,DEBIT,2025-04-29,2029-04-29,EXPIRED
CA03242,AC00443,CU00637,0678-0307-5026-8942,CREDIT,2024-04-11,2028-04-11,EXPIRED
CA03243,AC02297,CU00393,8771-6760-5768-6549,DEBIT,2020-04-02,2023-04-02,BLOCKED
CA03244,AC05255,CU01015,5720-6989-9997-5696,DEBIT,2023-05-10,2028-05-10,ACTIVE
CA03245,AC06849,CU02723,0744-1896-9894-1005,CREDIT,2023-06-20,2027-06-20,BLOCKED
CA03246,AC04445,CU00316,3028-6442-0622-5529,DEBIT,2024-10-27,2028-10-27,EXPIRED
CA03247,AC04410,CU01780,1573-0010-5470-5107,DEBIT,2024-02-04,2029-02-04,BLOCKED
CA03248,AC02993,CU03145,8446-9197-0054-4473,CREDIT,2024-05-21,2027-05-21,ACTIVE
CA03249,AC00927,CU01524,4686-1571-1490-2083,DEBIT,2023-11-08,2026-11-08,ACTIVE
CA03250,AC00223,CU04579,0517-2711-3630-2265,CREDIT,2024-01-18,2029-01-18,BLOCKED
CA03251,AC02848,CU00576,6144-0958-8335-7082,DEBIT,2022-07-03,2026-07-03,EXPIRED
CA03252,AC02332,CU03090,6642-0116-0455-8297,CREDIT,2020-01-20,2023-01-20,ACTIVE
CA03253,AC00467,CU02611,6293-0671-0072-0441,CREDIT,2023-04-18,2027-04-18,ACTIVE
CA03254,AC00066,CU03981,4955-8656-7559-5798,DEBIT,2021-10-23,2026-10-23,EXPIRED
CA03255,AC05404,CU00292,7396-2013-2445-4526,CREDIT,2020-09-02,2025-09-02,BLOCKED
CA03256,AC00813,CU01855,2593-1049-5917-6504,DEBIT,2024-11-24,2027-11-24,BLOCKED
CA03257,AC02046,CU02983,0412-8040-8313-1601,DEBIT,2020-07-09,2025-07-09,ACTIVE
CA03258,AC06198,CU03722,1701-1563-2216-9467,DEBIT,2020-07-17,2024-07-17,ACTIVE
CA03259,AC07471,CU02028,2190-0691-3051-6200,DEBIT,2023-04-28,2027-04-28,ACTIVE
CA03260,AC01027,CU00750,0777-1073-4073-0598,CREDIT,2025-09-04,2028-09-04,EXPIRED
CA03261,AC05465,CU04315,2722-2048-9249-6621,CREDIT,2024-12-20,2027-12-20,EXPIRED
CA03262,AC07326,CU03452,0139-3359-8815-7061,DEBIT,2020-04-16,2024-04-16,EXPIRED
CA03263,AC01704,CU02553,6530-4185-3647-4889,CREDIT,2020-04-18,2024-04-18,ACTIVE
CA03264,AC04912,CU04834,4569-4749-2687-6668,CREDIT,2025-08-10,2030-08-10,EXPIRED
CA03265,AC07375,CU04855,9252-2648-2161-5133,CREDIT,2022-08-01,2025-08-01,BLOCKED
CA03266,AC05269,CU00438,1997-8075-0295-5353,CREDIT,2021-08-03,2026-08-03,ACTIVE
CA03267,AC02517,CU02444,5895-5111-1520-6748,DEBIT,2021-04-01,2024-04-01,EXPIRED
CA03268,AC02704,CU03259,7991-3971-1662-1282,DEBIT,2022-12-01,2026-12-01,ACTIVE
CA03269,AC05033,CU04304,8892-4270-8181-9685,DEBIT,2024-08-17,2029-08-17,BLOCKED
CA03270,AC04159,CU02185,1882-0248-4002-7312,CREDIT,2020-08-22,2025-08-22,BLOCKED
CA03271,AC05754,CU01904,1039-0468-2672-1864,DEBIT,2024-07-10,2029-07-10,ACTIVE
CA03272,AC02238,CU00939,3735-2604-3777-8843,DEBIT,2021-01-31,2025-01-31,EXPIRED
CA03273,AC04454,CU02296,5942-7866-3217-4677,DEBIT,2021-08-03,2026-08-03,EXPIRED
CA03274,AC02162,CU01918,0655-4490-1303-9880,CREDIT,2025-08-02,2029-08-02,ACTIVE
CA03275,AC04168,CU04698,6951-5349-2362-2756,DEBIT,2024-11-03,2027-11-03,EXPIRED
CA03276,AC05495,CU04677,0213-4566-7140-5008,DEBIT,2025-05-31,2028-05-31,BLOCKED
CA03277,AC02973,CU00695,7883-0430-7704-6718,DEBIT,2020-03-08,2023-03-08,BLOCKED
CA03278,AC02045,CU00562,9002-2256-3544-4580,CREDIT,2023-02-16,2028-02-16,EXPIRED
CA03279,AC03462,CU01002,4507-9836-2068-6253,CREDIT,2025-07-22,2029-07-22,EXPIRED
CA03280,AC05749,CU04734,6654-1712-7770-9840,CREDIT,2023-11-05,2027-11-05,ACTIVE
CA03281,AC01818,CU02061,7612-8628-5170-9291,CREDIT,2020-03-19,2023-03-19,EXPIRED
CA03282,AC00844,CU03138,6618-6226-8311-6734,CREDIT,2020-10-03,2025-10-03,BLOCKED
CA03283,AC01538,CU04269,4019-6944-6962-1235,DEBIT,2020-04-23,2025-04-23,EXPIRED
CA03284,AC00476,CU01733,4139-5234-7469-8524,CREDIT,2020-08-03,2024-08-03,EXPIRED
CA03285,AC06785,CU04673,9304-8644-1597-6164,CREDIT,2021-12-11,2026-12-11,BLOCKED
CA03286,AC05353,CU02295,6579-4913-1189-2059,DEBIT,2020-12-11,2024-12-11,ACTIVE
CA03287,AC05799,CU04919,4485-2799-7432-3380,DEBIT,2024-07-10,2028-07-10,EXPIRED
CA03288,AC05583,CU02701,5980-4372-9741-3168,DEBIT,2020-03-31,2025-03-31,EXPIRED
CA03289,AC01021,CU04584,5336-0471-8782-7545,DEBIT,2020-09-18,2024-09-18,EXPIRED
CA03290,AC06421,CU02801,8197-8049-9732-9762,DEBIT,2021-03-27,2024-03-27,EXPIRED
CA03291,AC06088,CU00470,2414-5890-1410-2588,CREDIT,2025-06-27,2030-06-27,ACTIVE
CA03292,AC03464,CU01224,4268-9476-8032-5795,DEBIT,2024-12-08,2028-12-08,EXPIRED
CA03293,AC05610,CU02155,8928-6740-8049-2683,DEBIT,2025-07-20,2028-07-20,EXPIRED
CA03294,AC02823,CU03329,6885-1177-3312-6356,CREDIT,2022-08-21,2025-08-21,ACTIVE
CA03295,AC01979,CU00362,4932-5733-9906-8060,DEBIT,2021-10-17,2026-10-17,ACTIVE
CA03296,AC06832,CU04076,6908-7557-9028-9867,DEBIT,2025-12-18,2029-12-18,EXPIRED
CA03297,AC02733,CU04651,8098-1063-2119-8974,DEBIT,2024-08-11,2028-08-11,EXPIRED
CA03298,AC00197,CU00621,2945-4528-4820-7736,DEBIT,2024-10-22,2027-10-22,BLOCKED
CA03299,AC01130,CU00917,9081-4474-7403-8571,CREDIT,2020-10-14,2023-10-14,ACTIVE
CA03300,AC04729,CU04683,8441-6288-7402-6274,CREDIT,2023-02-09,2026-02-09,EXPIRED
CA03301,AC03051,CU03690,3369-6938-7549-7143,DEBIT,2020-07-16,2023-07-16,BLOCKED
CA03302,AC03972,CU04528,4693-9391-1971-0867,DEBIT,2024-12-18,2028-12-18,BLOCKED
CA03303,AC07773,CU04856,6969-3081-9730-6826,CREDIT,2023-05-25,2028-05-25,BLOCKED
CA03304,AC02934,CU04438,0450-9563-1060-2088,CREDIT,2024-02-24,2027-02-24,ACTIVE
CA03305,AC06584,CU03025,7400-9793-1001-5441,CREDIT,2023-07-31,2027-07-31,BLOCKED
CA03306,AC04077,CU00386,5123-4455-2633-2946,DEBIT,2021-01-01,2025-01-01,BLOCKED
CA03307,AC02673,CU03524,9479-9968-9523-2943,DEBIT,2022-04-15,2026-04-15,EXPIRED
CA03308,AC07671,CU02529,5832-6169-5751-4558,DEBIT,2021-01-11,2025-01-11,BLOCKED
CA03309,AC01918,CU03984,8896-8530-0202-9776,DEBIT,2021-06-13,2024-06-13,BLOCKED
CA03310,AC05322,CU01546,4262-8255-3558-2939,DEBIT,2021-02-24,2026-02-24,EXPIRED
CA03311,AC02905,CU04366,9516-5418-4939-8606,CREDIT,2021-04-23,2025-04-23,EXPIRED
CA03312,AC07586,CU01796,0555-7243-7170-6778,DEBIT,2020-06-23,2023-06-23,ACTIVE
CA03313,AC04455,CU03780,4275-9220-4784-1454,CREDIT,2025-11-15,2029-11-15,ACTIVE
CA03314,AC00999,CU00974,8203-4772-7112-8739,CREDIT,2022-06-30,2027-06-30,BLOCKED
CA03315,AC06544,CU00833,5942-4421-1276-7158,DEBIT,2021-11-29,2025-11-29,ACTIVE
CA03316,AC07825,CU02827,5595-0060-5076-9267,CREDIT,2024-12-26,2027-12-26,BLOCKED
CA03317,AC06783,CU04729,3690-8077-2718-4382,CREDIT,2022-03-23,2026-03-23,BLOCKED
CA03318,AC04580,CU00968,2620-0345-6866-0743,CREDIT,2025-01-01,2029-01-01,EXPIRED
CA03319,AC01278,CU04042,7992-6904-5521-7106,CREDIT,2025-03-27,2028-03-27,BLOCKED
CA03320,AC04622,CU00027,0170-1822-1251-1817,CREDIT,2020-05-03,2023-05-03,EXPIRED
CA03321,AC00352,CU03005,6957-2931-7096-1223,DEBIT,2020-09-14,2025-09-14,ACTIVE
CA03322,AC01866,CU03847,7581-3857-3907-2034,CREDIT,2024-09-07,2028-09-07,BLOCKED
CA03323,AC03895,CU03327,7626-5392-9871-2196,CREDIT,2022-09-19,2027-09-19,EXPIRED
CA03324,AC01310,CU02918,6390-2665-7836-1229,CREDIT,2023-01-14,2026-01-14,EXPIRED
CA03325,AC01439,CU04213,7754-2679-3542-7492,DEBIT,2022-04-09,2027-04-09,BLOCKED
CA03326,AC02070,CU03406,8022-2638-1296-6514,CREDIT,2023-06-01,2028-06-01,ACTIVE
CA03327,AC00632,CU04054,4857-2253-4741-6585,DEBIT,2023-11-09,2027-11-09,EXPIRED
CA03328,AC01135,CU04370,6990-1561-7703-5482,DEBIT,2022-08-28,2027-08-28,EXPIRED
CA03329,AC03099,CU03105,8137-5077-6246-0448,CREDIT,2023-05-18,2026-05-18,BLOCKED
CA03330,AC03403,CU00130,0519-6555-1028-5843,CREDIT,2022-09-16,2027-09-16,BLOCKED
CA03331,AC06228,CU01173,1142-3935-3107-7957,DEBIT,2025-04-03,2029-04-03,BLOCKED
CA03332,AC02053,CU00357,1997-9467-6102-4484,DEBIT,2025-01-02,2028-01-02,BLOCKED
CA03333,AC00850,CU02330,3838-8889-8186-0149,CREDIT,2020-07-11,2025-07-11,BLOCKED
CA03334,AC00203,CU00887,4826-8708-1855-4835,DEBIT,2021-10-22,2026-10-22,BLOCKED
CA03335,AC04561,CU04647,7701-0425-6003-5401,DEBIT,2020-07-12,2025-07-12,ACTIVE
CA03336,AC07841,CU02074,7188-4328-0233-2407,CREDIT,2023-07-15,2028-07-15,EXPIRED
CA03337,AC03960,CU01544,0446-5070-2232-4128,DEBIT,2022-09-22,2027-09-22,ACTIVE
CA03338,AC02187,CU03776,6449-1765-7339-8019,DEBIT,2022-03-05,2025-03-05,EXPIRED
CA03339,AC03674,CU04710,4306-0699-8491-7086,DEBIT,2020-12-12,2025-12-12,BLOCKED
CA03340,AC00965,CU02941,8802-5785-8078-1655,CREDIT,2021-04-30,2024-04-30,BLOCKED
CA03341,AC02960,CU00107,3175-7036-0902-7406,CREDIT,2022-08-27,2025-08-27,EXPIRED
CA03342,AC06196,CU03407,5343-0333-5107-4130,DEBIT,2024-02-10,2027-02-10,EXPIRED
CA03343,AC02475,CU04720,2132-1534-0029-5707,CREDIT,2023-12-19,2028-12-19,EXPIRED
CA03344,AC00541,CU04276,8161-2557-9491-3905,DEBIT,2025-02-24,2030-02-24,EXPIRED
CA03345,AC00307,CU04148,3080-9165-1506-7788,CREDIT,2020-02-09,2025-02-09,BLOCKED
CA03346,AC05374,CU00827,9282-0112-1913-8497,CREDIT,2020-02-09,2024-02-09,BLOCKED
CA03347,AC02986,CU03401,5705-3491-8037-5375,CREDIT,2024-06-12,2027-06-12,EXPIRED
CA03348,AC06671,CU03158,6302-0612-6402-2761,DEBIT,2021-01-03,2026-01-03,ACTIVE
CA03349,AC07775,CU01624,1030-3956-1886-6049,DEBIT,2024-09-03,2027-09-03,ACTIVE
CA03350,AC04193,CU04440,4778-3033-2441-9564,DEBIT,2024-11-17,2028-11-17,EXPIRED
CA03351,AC07599,CU01808,1720-2221-4362-3651,CREDIT,2022-11-20,2025-11-20,EXPIRED
CA03352,AC07053,CU01195,5907-1741-2535-8945,CREDIT,2021-09-12,2024-09-12,EXPIRED
CA03353,AC03982,CU01087,9291-9541-5243-9351,DEBIT,2025-07-02,2030-07-02,BLOCKED
CA03354,AC05739,CU03932,9149-0720-0698-8286,DEBIT,2020-07-31,2025-07-31,EXPIRED
CA03355,AC05149,CU04008,4917-9554-2346-0735,DEBIT,2020-01-14,2025-01-14,BLOCKED
CA03356,AC00815,CU02104,6174-3283-9846-5473,CREDIT,2025-06-08,2030-06-08,BLOCKED
CA03357,AC01077,CU02241,4369-8958-8209-0128,CREDIT,2021-11-13,2025-11-13,ACTIVE
CA03358,AC00731,CU01610,6915-0323-7199-2194,DEBIT,2020-07-10,2024-07-10,ACTIVE
CA03359,AC01382,CU01966,5519-3339-4651-6288,DEBIT,2023-10-12,2027-10-12,ACTIVE
CA03360,AC04602,CU00496,1121-9573-6226-0767,CREDIT,2021-06-11,2025-06-11,EXPIRED
CA03361,AC03507,CU02315,7486-0351-4421-4436,DEBIT,2022-10-09,2026-10-09,EXPIRED
CA03362,AC03293,CU01048,4087-7054-5607-3264,DEBIT,2022-01-10,2026-01-10,ACTIVE
CA03363,AC01448,CU00285,0259-4089-2164-3029,CREDIT,2021-10-26,2024-10-26,EXPIRED
CA03364,AC05960,CU04275,5644-7295-0287-0491,CREDIT,2025-03-10,2029-03-10,BLOCKED
CA03365,AC00672,CU01734,4368-6057-7364-1075,DEBIT,2020-12-09,2025-12-09,EXPIRED
CA03366,AC02133,CU03404,4371-7507-7551-3308,DEBIT,2021-01-19,2026-01-19,EXPIRED
CA03367,AC00280,CU01605,6840-9679-9646-9647,DEBIT,2021-03-17,2025-03-17,ACTIVE
CA03368,AC07657,CU04806,7086-2532-8295-3077,CREDIT,2024-05-21,2027-05-21,EXPIRED
CA03369,AC06312,CU00905,5441-8636-0966-7672,DEBIT,2025-04-28,2028-04-28,EXPIRED
CA03370,AC05133,CU04136,1304-2426-4230-9586,DEBIT,2022-12-25,2025-12-25,ACTIVE
CA03371,AC04650,CU03363,4694-1265-1151-0638,CREDIT,2021-12-05,2024-12-05,BLOCKED
CA03372,AC04396,CU00791,9070-2391-8723-7480,DEBIT,2020-06-12,2023-06-12,ACTIVE
CA03373,AC03902,CU00815,7914-7587-2988-0909,DEBIT,2025-03-28,2030-03-28,BLOCKED
CA03374,AC03068,CU04046,0301-6307-0039-5065,DEBIT,2020-09-02,2023-09-02,ACTIVE
CA03375,AC00871,CU02887,6252-6454-2099-9173,CREDIT,2021-07-07,2025-07-07,EXPIRED
CA03376,AC03192,CU02213,1097-9327-3581-2547,CREDIT,2022-03-30,2026-03-30,BLOCKED
CA03377,AC05590,CU00003,8723-5344-0245-9381,DEBIT,2025-03-03,2030-03-03,EXPIRED
CA03378,AC03085,CU02599,8854-0832-1665-2905,CREDIT,2023-09-22,2026-09-22,ACTIVE
CA03379,AC01854,CU02607,9524-9102-6475-6336,DEBIT,2023-07-09,2026-07-09,BLOCKED
CA03380,AC00810,CU00774,2041-0343-5431-9482,DEBIT,2023-12-29,2028-12-29,ACTIVE
CA03381,AC05985,CU02398,7934-8799-9700-3905,DEBIT,2025-11-25,2028-11-25,BLOCKED
CA03382,AC02148,CU04219,6210-1012-5875-1405,DEBIT,2022-06-08,2025-06-08,ACTIVE
CA03383,AC03865,CU01104,2290-8512-8868-2110,DEBIT,2021-08-30,2025-08-30,ACTIVE
CA03384,AC03353,CU03940,9192-8196-6003-3994,DEBIT,2021-10-24,2025-10-24,ACTIVE
CA03385,AC02903,CU01645,9912-3196-5280-2161,CREDIT,2022-04-16,2026-04-16,BLOCKED
CA03386,AC05064,CU04404,5948-8947-5279-5361,CREDIT,2021-12-31,2025-12-31,ACTIVE
CA03387,AC06722,CU00119,5459-5826-5337-7405,CREDIT,2021-03-29,2024-03-29,EXPIRED
CA03388,AC07752,CU00783,2574-6001-7047-4642,CREDIT,2020-03-15,2025-03-15,BLOCKED
CA03389,AC05939,CU00459,9372-1875-1212-9498,DEBIT,2023-12-28,2026-12-28,EXPIRED
CA03390,AC03321,CU02156,5997-1895-3354-7728,CREDIT,2023-07-30,2026-07-30,EXPIRED
CA03391,AC03768,CU01920,6587-6051-2467-4658,DEBIT,2022-06-03,2027-06-03,EXPIRED
CA03392,AC02628,CU03158,4181-2871-2414-9909,CREDIT,2025-04-14,2029-04-14,BLOCKED
CA03393,AC05820,CU00022,5636-8997-0722-1218,CREDIT,2021-03-16,2026-03-16,ACTIVE
CA03394,AC05697,CU01275,5009-0809-2635-6487,DEBIT,2023-03-25,2027-03-25,BLOCKED
CA03395,AC03204,CU00783,1890-6253-9919-1647,DEBIT,2020-01-20,2025-01-20,ACTIVE
CA03396,AC05047,CU02014,1579-0994-7557-4377,CREDIT,2021-02-12,2025-02-12,EXPIRED
CA03397,AC06589,CU04964,7545-4217-0838-4181,DEBIT,2023-07-13,2027-07-13,EXPIRED
CA03398,AC01992,CU02320,9737-0990-5502-8916,DEBIT,2021-11-05,2026-11-05,EXPIRED
CA03399,AC02204,CU03654,3688-5443-1467-1107,CREDIT,2023-11-14,2028-11-14,EXPIRED
CA03400,AC03732,CU03073,6968-3208-9956-2843,CREDIT,2025-01-02,2029-01-02,ACTIVE
CA03401,AC06021,CU00596,1699-6843-9134-8323,DEBIT,2022-08-15,2025-08-15,ACTIVE
CA03402,AC07364,CU01154,1135-4718-3108-5860,CREDIT,2024-04-15,2028-04-15,BLOCKED
CA03403,AC04346,CU03533,1439-6354-8888-2510,DEBIT,2021-09-15,2025-09-15,ACTIVE
CA03404,AC01964,CU04589,1435-0262-7969-7004,CREDIT,2020-07-22,2025-07-22,BLOCKED
CA03405,AC06153,CU01835,4571-7731-4664-3424,CREDIT,2023-01-14,2028-01-14,BLOCKED
CA03406,AC03251,CU02850,1191-3048-0265-6879,DEBIT,2022-11-27,2027-11-27,BLOCKED
CA03407,AC04597,CU04833,5288-5647-6846-9199,DEBIT,2025-07-03,2029-07-03,BLOCKED
CA03408,AC05977,CU02237,9319-8568-4304-9278,CREDIT,2020-08-08,2024-08-08,ACTIVE
CA03409,AC07863,CU03076,6789-5891-0864-1686,DEBIT,2025-12-18,2029-12-18,EXPIRED
CA03410,AC01076,CU04063,6398-1545-6665-3655,CREDIT,2023-06-27,2026-06-27,BLOCKED
CA03411,AC05110,CU01726,5001-0432-8652-4853,CREDIT,2022-03-05,2026-03-05,BLOCKED
CA03412,AC07003,CU04470,4701-2683-9775-0506,CREDIT,2022-05-10,2027-05-10,EXPIRED
CA03413,AC03653,CU03662,8265-1004-0410-9984,CREDIT,2020-10-26,2025-10-26,ACTIVE
CA03414,AC01473,CU03200,4359-7392-9049-5514,DEBIT,2022-01-25,2026-01-25,EXPIRED
CA03415,AC05126,CU02497,1868-1262-5676-5404,CREDIT,2021-11-22,2024-11-22,ACTIVE
CA03416,AC06810,CU00960,0802-8890-9407-8029,DEBIT,2023-04-12,2026-04-12,EXPIRED
CA03417,AC02208,CU01532,4523-2976-4818-5498,CREDIT,2025-04-20,2030-04-20,ACTIVE
CA03418,AC05062,CU04015,4028-0747-0589-0738,CREDIT,2024-10-16,2028-10-16,BLOCKED
CA03419,AC04852,CU02736,9923-1080-3295-1997,DEBIT,2020-01-31,2023-01-31,ACTIVE
CA03420,AC07853,CU01037,4418-5762-0315-2151,DEBIT,2025-09-06,2029-09-06,EXPIRED
CA03421,AC00490,CU00903,0311-7818-0452-4773,DEBIT,2024-07-14,2027-07-14,EXPIRED
CA03422,AC07610,CU01776,3468-7347-6805-1881,DEBIT,2025-07-27,2030-07-27,EXPIRED
CA03423,AC04214,CU04795,3136-7642-7031-5117,CREDIT,2020-03-07,2024-03-07,BLOCKED
CA03424,AC00479,CU01822,3678-7007-8209-5846,CREDIT,2025-12-15,2030-12-15,EXPIRED
CA03425,AC02699,CU01787,9115-6175-5366-7422,CREDIT,2020-05-26,2025-05-26,ACTIVE
CA03426,AC05316,CU01736,1342-4946-6563-9073,DEBIT,2021-12-16,2026-12-16,BLOCKED
CA03427,AC04739,CU00682,8585-9474-1573-9719,DEBIT,2022-03-15,2025-03-15,ACTIVE
CA03428,AC06904,CU02985,8000-3110-5456-2409,DEBIT,2021-09-06,2026-09-06,ACTIVE
CA03429,AC03876,CU03316,6284-0238-6658-9834,CREDIT,2024-06-02,2029-06-02,ACTIVE
CA03430,AC05557,CU01421,5139-9654-3335-5023,DEBIT,2022-12-06,2026-12-06,BLOCKED
CA03431,AC01659,CU03682,6009-8884-3539-2795,DEBIT,2020-04-06,2024-04-06,BLOCKED
CA03432,AC05462,CU02513,7716-8844-5151-3543,DEBIT,2020-10-14,2023-10-14,EXPIRED
CA03433,AC06461,CU03332,6819-1051-5154-6314,CREDIT,2022-06-16,2026-06-16,ACTIVE
CA03434,AC01222,CU01951,0027-5578-2579-1451,CREDIT,2022-03-10,2027-03-10,ACTIVE
CA03435,AC06235,CU00242,4806-8723-5276-3949,DEBIT,2023-03-17,2028-03-17,BLOCKED
CA03436,AC02514,CU03236,9398-5117-4157-3305,CREDIT,2025-03-29,2028-03-29,EXPIRED
CA03437,AC05278,CU03053,5730-4164-6447-2755,CREDIT,2023-10-24,2026-10-24,BLOCKED
CA03438,AC01960,CU03756,0285-0061-8378-0763,CREDIT,2022-07-13,2027-07-13,ACTIVE
CA03439,AC01521,CU03977,1473-9461-4211-7329,DEBIT,2021-05-29,2025-05-29,BLOCKED
CA03440,AC00771,CU00046,8111-6195-6106-3227,DEBIT,2020-10-25,2023-10-25,EXPIRED
CA03441,AC04451,CU00745,3318-2481-2906-9157,DEBIT,2020-05-10,2024-05-10,ACTIVE
CA03442,AC00127,CU03880,2607-4352-7033-8992,CREDIT,2024-05-06,2029-05-06,ACTIVE
CA03443,AC03156,CU00891,4817-4078-9964-4316,DEBIT,2023-03-21,2026-03-21,EXPIRED
CA03444,AC02783,CU03466,0373-9772-4945-4781,CREDIT,2021-03-31,2025-03-31,EXPIRED
CA03445,AC00103,CU03864,8089-4097-4912-6722,CREDIT,2025-11-27,2028-11-27,EXPIRED
CA03446,AC03789,CU02858,5241-4370-3506-1544,CREDIT,2020-04-17,2023-04-17,EXPIRED
CA03447,AC06329,CU00779,7278-2352-5076-4113,DEBIT,2021-04-13,2026-04-13,ACTIVE
CA03448,AC04699,CU04286,6108-8567-4637-5074,DEBIT,2025-03-13,2030-03-13,ACTIVE
CA03449,AC03585,CU01666,4876-9671-5170-1105,DEBIT,2025-12-11,2029-12-11,EXPIRED
CA03450,AC03053,CU03913,6653-4706-4448-6121,DEBIT,2023-10-08,2028-10-08,BLOCKED
CA03451,AC07329,CU00735,0245-8396-7310-3661,CREDIT,2020-07-20,2024-07-20,EXPIRED
CA03452,AC03419,CU04443,2438-9528-9873-3519,DEBIT,2021-08-01,2024-08-01,ACTIVE
CA03453,AC03208,CU03718,6055-0370-4888-9943,DEBIT,2023-04-14,2027-04-14,ACTIVE
CA03454,AC00687,CU04959,6675-1735-1902-6135,CREDIT,2023-08-26,2027-08-26,BLOCKED
CA03455,AC06605,CU00966,9115-2354-7541-6435,CREDIT,2025-04-09,2030-04-09,EXPIRED
CA03456,AC06760,CU00578,9564-9258-5267-3201,DEBIT,2020-03-29,2024-03-29,EXPIRED
CA03457,AC04687,CU04141,6062-7453-2563-6090,CREDIT,2024-02-11,2028-02-11,EXPIRED
CA03458,AC05240,CU01171,1305-7959-5996-7470,DEBIT,2021-10-01,2025-10-01,EXPIRED
CA03459,AC02098,CU02167,4922-3509-8339-4544,CREDIT,2022-08-12,2026-08-12,EXPIRED
CA03460,AC02788,CU01146,6637-8468-0938-6290,CREDIT,2022-04-22,2026-04-22,EXPIRED
CA03461,AC07406,CU03094,9116-1702-2499-7653,DEBIT,2023-08-19,2026-08-19,BLOCKED
CA03462,AC04360,CU03779,0386-9498-6883-0630,DEBIT,2022-01-18,2025-01-18,BLOCKED
CA03463,AC06739,CU02346,3559-8742-5375-5622,DEBIT,2024-02-26,2029-02-26,EXPIRED
CA03464,AC04857,CU01373,0155-6310-5587-1071,DEBIT,2025-08-06,2030-08-06,ACTIVE
CA03465,AC04727,CU04271,4153-8649-8938-6460,DEBIT,2025-08-30,2028-08-30,BLOCKED
CA03466,AC05496,CU01230,2174-0048-6860-3449,CREDIT,2020-01-12,2024-01-12,EXPIRED
CA03467,AC04921,CU00954,2723-0159-4942-8938,CREDIT,2023-07-07,2026-07-07,EXPIRED
CA03468,AC02464,CU00449,0892-1027-5190-3432,CREDIT,2025-10-18,2030-10-18,EXPIRED
CA03469,AC03390,CU00102,9560-9553-2514-2239,DEBIT,2020-09-28,2024-09-28,EXPIRED
CA03470,AC04640,CU04475,6097-8604-6265-8341,DEBIT,2022-06-06,2026-06-06,BLOCKED
CA03471,AC04884,CU02547,7996-4634-6541-4243,CREDIT,2022-01-08,2025-01-08,BLOCKED
CA03472,AC06596,CU00262,4692-4616-7974-9596,DEBIT,2024-09-01,2028-09-01,BLOCKED
CA03473,AC05084,CU02469,6680-1333-2686-1558,DEBIT,2025-07-29,2030-07-29,EXPIRED
CA03474,AC01716,CU02768,2661-7061-0312-0913,CREDIT,2025-02-13,2030-02-13,EXPIRED
CA03475,AC03745,CU00906,9682-2132-5190-5883,DEBIT,2021-01-09,2024-01-09,EXPIRED
CA03476,AC01128,CU03968,3316-7203-9705-1142,CREDIT,2023-04-08,2028-04-08,ACTIVE
CA03477,AC01845,CU03432,7446-2280-0924-5168,DEBIT,2020-08-16,2023-08-16,EXPIRED
CA03478,AC07910,CU00831,5763-2661-6104-1535,DEBIT,2023-05-09,2028-05-09,ACTIVE
CA03479,AC03418,CU01226,6135-5737-9535-7605,DEBIT,2020-10-09,2025-10-09,EXPIRED
CA03480,AC06808,CU04709,8541-2258-3629-6202,CREDIT,2024-02-27,2027-02-27,ACTIVE
CA03481,AC03723,CU00520,0801-2671-3282-1906,DEBIT,2022-07-12,2025-07-12,EXPIRED
CA03482,AC01335,CU03298,7394-5637-4617-8903,DEBIT,2021-06-08,2026-06-08,ACTIVE
CA03483,AC01589,CU00964,3561-9784-3829-2201,DEBIT,2024-10-13,2028-10-13,EXPIRED
CA03484,AC07617,CU04169,7283-5161-1835-4780,DEBIT,2025-02-24,2028-02-24,EXPIRED
CA03485,AC01781,CU00725,7132-7211-5047-8325,DEBIT,2021-09-16,2025-09-16,EXPIRED
CA03486,AC01271,CU03526,8127-5535-0540-7975,CREDIT,2023-03-22,2027-03-22,ACTIVE
CA03487,AC04377,CU02132,8675-5418-6433-1481,CREDIT,2024-06-11,2028-06-11,BLOCKED
CA03488,AC06440,CU03480,4974-7639-4424-1317,CREDIT,2021-12-22,2025-12-22,ACTIVE
CA03489,AC04331,CU00888,4563-2866-0801-3178,DEBIT,2025-08-31,2030-08-31,EXPIRED
CA03490,AC02235,CU03435,2719-8860-8078-9577,CREDIT,2023-01-16,2027-01-16,BLOCKED
CA03491,AC00697,CU01930,1628-2991-5696-9715,CREDIT,2022-01-08,2026-01-08,ACTIVE
CA03492,AC04403,CU02697,5603-0544-2341-9412,DEBIT,2023-10-22,2027-10-22,BLOCKED
CA03493,AC07483,CU04664,1475-9455-7606-2940,CREDIT,2022-10-16,2027-10-16,EXPIRED
CA03494,AC07789,CU04266,3829-7059-0274-8074,DEBIT,2024-10-12,2029-10-12,EXPIRED
CA03495,AC03550,CU01274,6112-1765-9798-2434,DEBIT,2025-11-26,2029-11-26,BLOCKED
CA03496,AC02120,CU04597,0160-3642-3810-5427,CREDIT,2022-07-17,2025-07-17,ACTIVE
CA03497,AC06828,CU03141,9414-8697-8032-1602,CREDIT,2020-04-14,2023-04-14,BLOCKED
CA03498,AC01636,CU03085,3632-1925-3007-6841,DEBIT,2024-02-18,2028-02-18,EXPIRED
CA03499,AC01706,CU02583,9365-3065-4484-3583,DEBIT,2025-09-23,2028-09-23,ACTIVE
CA03500,AC04545,CU01357,0917-2720-8095-6597,CREDIT,2023-02-27,2028-02-27,BLOCKED
CA03501,AC04060,CU02557,5140-8435-0567-6262,CREDIT,2025-11-15,2028-11-15,BLOCKED
CA03502,AC01429,CU02316,8078-0034-7131-2525,DEBIT,2021-03-28,2026-03-28,ACTIVE
CA03503,AC04544,CU02418,4873-9121-4748-7707,DEBIT,2020-07-02,2025-07-02,BLOCKED
CA03504,AC00342,CU03006,0425-6579-1844-9298,DEBIT,2020-08-10,2023-08-10,EXPIRED
CA03505,AC05108,CU04561,8128-3040-7307-3000,DEBIT,2025-04-20,2028-04-20,EXPIRED
CA03506,AC00900,CU04310,5568-7952-5394-5131,DEBIT,2020-06-25,2025-06-25,ACTIVE
CA03507,AC07057,CU04661,5863-9385-3010-2531,CREDIT,2023-03-25,2028-03-25,EXPIRED
CA03508,AC04949,CU04412,9272-0909-5435-5875,DEBIT,2025-11-11,2028-11-11,ACTIVE
CA03509,AC07934,CU00266,2896-3305-4505-7770,DEBIT,2024-12-12,2027-12-12,ACTIVE
CA03510,AC07162,CU02825,9672-7842-0119-4035,CREDIT,2025-01-08,2029-01-08,EXPIRED
CA03511,AC04604,CU02948,2325-2635-7667-1725,CREDIT,2023-07-24,2026-07-24,EXPIRED
CA03512,AC04863,CU03110,0635-8644-8721-9161,DEBIT,2025-06-16,2029-06-16,ACTIVE
CA03513,AC04397,CU00150,5813-5645-8334-4784,CREDIT,2021-01-05,2026-01-05,BLOCKED
CA03514,AC02930,CU02665,3881-8488-5329-8229,DEBIT,2021-12-08,2025-12-08,EXPIRED
CA03515,AC01526,CU03701,2084-0297-1532-3128,DEBIT,2020-03-29,2024-03-29,ACTIVE
CA03516,AC01554,CU02485,6100-2229-4639-9961,CREDIT,2022-06-17,2025-06-17,BLOCKED
CA03517,AC02928,CU00228,6602-9639-4135-4289,DEBIT,2020-01-27,2023-01-27,EXPIRED
CA03518,AC03919,CU01409,2821-4048-2502-3767,CREDIT,2022-01-07,2025-01-07,ACTIVE
CA03519,AC07876,CU01083,0095-9699-1233-4396,DEBIT,2022-12-30,2026-12-30,ACTIVE
CA03520,AC01760,CU03595,4661-4908-7599-9949,CREDIT,2024-01-28,2027-01-28,BLOCKED
CA03521,AC00718,CU00409,2256-7606-4676-4902,DEBIT,2021-11-15,2026-11-15,EXPIRED
CA03522,AC04801,CU00679,1786-8812-8731-4114,CREDIT,2024-02-08,2029-02-08,EXPIRED
CA03523,AC01957,CU03078,2260-4903-3358-6139,CREDIT,2025-07-09,2028-07-09,ACTIVE
CA03524,AC04432,CU03867,7571-1596-0791-0973,DEBIT,2022-09-30,2027-09-30,ACTIVE
CA03525,AC05834,CU04477,5511-3164-7748-4229,CREDIT,2020-12-03,2024-12-03,ACTIVE
CA03526,AC00521,CU01312,7447-3195-5974-5215,CREDIT,2021-12-09,2025-12-09,ACTIVE
CA03527,AC02923,CU00415,9736-2153-6489-8452,CREDIT,2020-09-28,2024-09-28,ACTIVE
CA03528,AC03828,CU02735,4354-3588-5416-3313,DEBIT,2020-02-23,2023-02-23,EXPIRED
CA03529,AC07807,CU02198,8377-1762-2270-1889,DEBIT,2020-06-17,2023-06-17,ACTIVE
CA03530,AC06602,CU00053,0756-9511-1520-7642,DEBIT,2025-08-19,2030-08-19,EXPIRED
CA03531,AC03166,CU04846,0027-5291-4934-0910,CREDIT,2021-01-21,2026-01-21,EXPIRED
CA03532,AC05843,CU00171,9462-4562-9927-3085,CREDIT,2020-05-28,2024-05-28,EXPIRED
CA03533,AC03626,CU02496,9361-0225-8303-2793,CREDIT,2021-12-04,2026-12-04,ACTIVE
CA03534,AC01630,CU04529,3702-9935-7164-6695,DEBIT,2025-12-21,2029-12-21,EXPIRED
CA03535,AC02478,CU01162,4353-8419-3588-6215,DEBIT,2023-05-01,2028-05-01,ACTIVE
CA03536,AC00982,CU03560,0975-2148-1657-2884,DEBIT,2022-12-28,2027-12-28,EXPIRED
CA03537,AC07106,CU00780,1969-3907-2787-9137,CREDIT,2024-10-03,2029-10-03,BLOCKED
CA03538,AC03116,CU04075,1127-5174-2687-6682,CREDIT,2025-03-30,2029-03-30,EXPIRED
CA03539,AC03319,CU00248,7431-3727-0336-7137,DEBIT,2022-04-08,2025-04-08,BLOCKED
CA03540,AC06202,CU00705,9010-9451-0838-4032,DEBIT,2025-05-10,2029-05-10,BLOCKED
CA03541,AC03047,CU04009,7592-1679-8509-5452,CREDIT,2020-08-11,2023-08-11,BLOCKED
CA03542,AC03309,CU01575,1091-7591-9340-6828,DEBIT,2022-10-19,2027-10-19,EXPIRED
CA03543,AC03219,CU02746,1692-3857-6303-5871,DEBIT,2020-08-17,2023-08-17,BLOCKED
CA03544,AC05681,CU00605,8391-9426-7165-2389,CREDIT,2025-02-07,2028-02-07,EXPIRED
CA03545,AC07227,CU01323,5631-2088-8796-9257,CREDIT,2020-12-07,2023-12-07,EXPIRED
CA03546,AC07906,CU01392,0671-3062-1832-5407,CREDIT,2022-02-09,2025-02-09,ACTIVE
CA03547,AC06249,CU01682,4311-5977-8348-5752,CREDIT,2021-02-18,2025-02-18,BLOCKED
CA03548,AC04556,CU01325,6727-9535-7148-6287,DEBIT,2023-10-28,2027-10-28,BLOCKED
CA03549,AC01925,CU02199,3194-8961-9034-6862,DEBIT,2025-11-11,2028-11-11,EXPIRED
CA03550,AC06768,CU03707,9148-1951-1044-0772,CREDIT,2020-04-08,2024-04-08,ACTIVE
CA03551,AC06466,CU01057,6565-8106-7927-1615,CREDIT,2022-10-28,2025-10-28,ACTIVE
CA03552,AC03724,CU04802,3563-2841-3788-9165,DEBIT,2025-09-30,2029-09-30,EXPIRED
CA03553,AC02607,CU02188,3657-9125-0270-4197,DEBIT,2023-03-18,2028-03-18,ACTIVE
CA03554,AC00379,CU02531,2206-9730-2705-8005,DEBIT,2020-12-07,2025-12-07,BLOCKED
CA03555,AC03059,CU04817,8080-7793-2261-7916,DEBIT,2022-06-11,2025-06-11,BLOCKED
CA03556,AC04307,CU04413,2415-4086-3018-9700,DEBIT,2022-02-05,2027-02-05,ACTIVE
CA03557,AC01582,CU01566,3416-8784-3298-3314,DEBIT,2022-04-27,2027-04-27,BLOCKED
CA03558,AC02427,CU03111,2072-8352-0310-2789,CREDIT,2022-10-21,2025-10-21,BLOCKED
CA03559,AC01157,CU00011,0805-8975-0613-6367,DEBIT,2025-02-23,2029-02-23,ACTIVE
CA03560,AC03232,CU02862,2209-6908-2066-2324,CREDIT,2022-03-19,2027-03-19,BLOCKED
CA03561,AC03983,CU03256,3480-1232-7719-5096,DEBIT,2025-11-16,2030-11-16,EXPIRED
CA03562,AC05672,CU01781,0593-2478-9733-0251,DEBIT,2025-12-09,2029-12-09,ACTIVE
CA03563,AC06492,CU04198,0043-3891-3545-3031,CREDIT,2022-04-20,2026-04-20,EXPIRED
CA03564,AC05825,CU01404,5522-4357-5601-3122,DEBIT,2020-02-21,2025-02-21,ACTIVE
CA03565,AC06380,CU00480,6809-8492-3475-9744,CREDIT,2023-03-05,2026-03-05,EXPIRED
CA03566,AC05655,CU04899,1072-8599-9544-9851,DEBIT,2022-11-02,2026-11-02,ACTIVE
CA03567,AC04450,CU03336,9796-3290-9199-1404,CREDIT,2024-03-24,2029-03-24,ACTIVE
CA03568,AC01897,CU03980,0852-7574-0356-6635,DEBIT,2025-01-26,2028-01-26,ACTIVE
CA03569,AC04344,CU01372,6384-0780-1258-8418,DEBIT,2020-09-21,2023-09-21,BLOCKED
CA03570,AC01665,CU04323,6179-0767-8051-1083,DEBIT,2021-09-23,2026-09-23,EXPIRED
CA03571,AC04503,CU01553,9423-0115-9662-8128,DEBIT,2024-08-16,2029-08-16,ACTIVE
CA03572,AC00048,CU02529,5771-0954-5508-5232,CREDIT,2025-08-20,2029-08-20,EXPIRED
CA03573,AC02860,CU03099,5245-0178-2818-5251,DEBIT,2020-09-29,2023-09-29,ACTIVE
CA03574,AC04518,CU01616,0677-0416-3350-7517,CREDIT,2025-12-21,2029-12-21,EXPIRED
CA03575,AC01119,CU03546,5848-9571-1747-7692,CREDIT,2024-06-07,2029-06-07,ACTIVE
CA03576,AC04860,CU01473,2696-3645-0648-0620,DEBIT,2023-09-11,2028-09-11,EXPIRED
CA03577,AC02853,CU01875,4067-9365-2189-4564,DEBIT,2022-06-24,2025-06-24,EXPIRED
CA03578,AC03431,CU01014,1826-1027-8941-9623,DEBIT,2020-03-10,2025-03-10,ACTIVE
CA03579,AC04074,CU04377,0934-1108-9484-7798,DEBIT,2022-06-28,2027-06-28,BLOCKED
CA03580,AC00907,CU01418,0666-7260-4789-2530,DEBIT,2024-07-01,2029-07-01,ACTIVE
CA03581,AC00353,CU04974,4179-0666-1884-2428,DEBIT,2022-02-20,2026-02-20,ACTIVE
CA03582,AC01982,CU04105,1394-2009-9242-2105,CREDIT,2023-09-17,2028-09-17,EXPIRED
CA03583,AC03525,CU04190,9986-0548-2523-7620,CREDIT,2023-10-29,2026-10-29,ACTIVE
CA03584,AC07387,CU04302,0815-5668-3110-2760,DEBIT,2020-04-16,2025-04-16,EXPIRED
CA03585,AC05263,CU02572,0894-8501-6062-5722,DEBIT,2021-06-27,2025-06-27,EXPIRED
CA03586,AC07854,CU02710,0300-9726-8579-0559,CREDIT,2025-07-31,2030-07-31,EXPIRED
CA03587,AC01265,CU01981,9767-4635-0830-1007,CREDIT,2020-03-21,2024-03-21,BLOCKED
CA03588,AC05916,CU01370,8430-6173-5570-5710,CREDIT,2024-11-04,2027-11-04,ACTIVE
CA03589,AC04888,CU03492,6527-1193-4290-1252,DEBIT,2025-12-21,2030-12-21,ACTIVE
CA03590,AC05370,CU00416,4956-3981-2945-3363,DEBIT,2023-06-17,2026-06-17,BLOCKED
CA03591,AC00395,CU01876,0946-2594-1440-6750,DEBIT,2020-08-06,2025-08-06,EXPIRED
CA03592,AC06541,CU00521,9044-5148-1840-4625,DEBIT,2020-08-24,2024-08-24,ACTIVE
CA03593,AC03447,CU01894,7162-9682-8700-2233,CREDIT,2023-12-03,2026-12-03,EXPIRED
CA03594,AC06965,CU04569,7968-4223-7761-2348,DEBIT,2023-03-05,2027-03-05,BLOCKED
CA03595,AC05651,CU04070,0657-6877-1598-8793,DEBIT,2024-05-01,2027-05-01,EXPIRED
CA03596,AC04213,CU02542,6721-2773-7381-3296,DEBIT,2020-12-27,2025-12-27,BLOCKED
CA03597,AC04282,CU02533,3675-8228-7875-8214,CREDIT,2022-12-03,2025-12-03,EXPIRED
CA03598,AC06256,CU04837,9666-7645-1461-7549,CREDIT,2020-12-27,2023-12-27,BLOCKED
CA03599,AC00316,CU03802,0802-1702-2222-0099,CREDIT,2020-07-11,2024-07-11,BLOCKED
CA03600,AC07872,CU03075,4313-3565-7130-9836,DEBIT,2024-12-21,2028-12-21,BLOCKED
CA03601,AC00257,CU04648,7333-8067-4711-5353,DEBIT,2022-10-17,2026-10-17,EXPIRED
CA03602,AC05282,CU04040,4677-1327-4545-4075,CREDIT,2023-10-14,2026-10-14,ACTIVE
CA03603,AC06969,CU02485,8338-6750-5203-7239,CREDIT,2024-01-28,2029-01-28,BLOCKED
CA03604,AC05066,CU03042,6368-5925-6479-3451,DEBIT,2024-07-29,2029-07-29,EXPIRED
CA03605,AC01207,CU03564,5926-0225-3828-3658,CREDIT,2022-10-27,2025-10-27,BLOCKED
CA03606,AC03855,CU04609,0397-3158-7905-4137,DEBIT,2021-09-13,2024-09-13,ACTIVE
CA03607,AC05860,CU03830,2715-0790-1168-1528,CREDIT,2021-04-16,2025-04-16,BLOCKED
CA03608,AC01400,CU04097,4362-3303-8684-7132,DEBIT,2025-07-31,2030-07-31,EXPIRED
CA03609,AC04837,CU01537,2783-9145-3601-4859,DEBIT,2022-03-09,2025-03-09,EXPIRED
CA03610,AC02882,CU00602,5405-8213-6111-5412,DEBIT,2023-11-27,2026-11-27,ACTIVE
CA03611,AC03503,CU03708,8683-3834-2257-5048,DEBIT,2020-01-09,2025-01-09,ACTIVE
CA03612,AC00704,CU02548,1516-2141-9628-4823,DEBIT,2025-07-24,2029-07-24,BLOCKED
CA03613,AC01033,CU03624,2525-7029-7693-3563,DEBIT,2025-10-15,2029-10-15,ACTIVE
CA03614,AC01958,CU01732,9792-6439-6226-3755,DEBIT,2025-12-25,2028-12-25,ACTIVE
CA03615,AC04985,CU03035,6827-1297-0998-2584,CREDIT,2022-04-25,2027-04-25,EXPIRED
CA03616,AC02076,CU01748,2158-2682-2212-1461,CREDIT,2023-12-02,2028-12-02,ACTIVE
CA03617,AC05871,CU04532,1269-5931-1572-0333,DEBIT,2024-09-06,2029-09-06,ACTIVE
CA03618,AC02646,CU00414,8882-9098-8185-3868,CREDIT,2020-01-24,2023-01-24,ACTIVE
CA03619,AC06583,CU03804,3717-2472-3953-3040,DEBIT,2020-06-21,2023-06-21,ACTIVE
CA03620,AC05909,CU04320,5831-3430-3431-1283,CREDIT,2021-01-01,2025-01-01,EXPIRED
CA03621,AC00562,CU00552,1797-6992-9064-6918,CREDIT,2022-04-25,2027-04-25,BLOCKED
CA03622,AC07722,CU03861,2087-8214-0308-5341,DEBIT,2025-06-08,2029-06-08,EXPIRED
CA03623,AC03591,CU01078,9537-6104-0768-0582,CREDIT,2022-03-12,2025-03-12,ACTIVE
CA03624,AC00497,CU00372,6040-5636-3785-9818,CREDIT,2020-08-31,2024-08-31,ACTIVE
CA03625,AC07823,CU00662,1814-9777-8152-2415,CREDIT,2025-10-02,2029-10-02,EXPIRED
CA03626,AC07967,CU01707,2180-5720-3646-1608,DEBIT,2024-11-20,2027-11-20,BLOCKED
CA03627,AC02592,CU02844,9817-5406-7259-9295,DEBIT,2025-03-30,2030-03-30,BLOCKED
CA03628,AC06279,CU01914,5419-1982-3624-3906,CREDIT,2020-08-27,2025-08-27,ACTIVE
CA03629,AC07977,CU00900,7530-4895-5551-1668,CREDIT,2024-02-14,2027-02-14,ACTIVE
CA03630,AC06703,CU00074,5804-9453-5164-8765,CREDIT,2023-08-22,2027-08-22,ACTIVE
CA03631,AC02806,CU03053,9243-6977-2296-2582,CREDIT,2024-03-10,2029-03-10,ACTIVE
CA03632,AC06732,CU04351,2099-0861-7416-5234,CREDIT,2021-09-08,2026-09-08,BLOCKED
CA03633,AC05654,CU03207,1157-7231-2118-7831,DEBIT,2022-03-05,2027-03-05,EXPIRED
CA03634,AC05671,CU01714,9922-0725-8744-7345,CREDIT,2024-06-07,2027-06-07,EXPIRED
CA03635,AC02666,CU03384,7954-5606-0541-7790,CREDIT,2020-11-07,2024-11-07,BLOCKED
CA03636,AC05070,CU04332,6982-6397-3935-3503,DEBIT,2023-05-26,2027-05-26,ACTIVE
CA03637,AC02200,CU02690,2782-0679-2297-7628,DEBIT,2023-05-13,2026-05-13,BLOCKED
CA03638,AC03777,CU01541,7124-5538-3420-0934,CREDIT,2021-04-15,2024-04-15,EXPIRED
CA03639,AC03772,CU04742,2510-8009-2183-1932,DEBIT,2022-06-19,2026-06-19,ACTIVE
CA03640,AC07407,CU03063,6294-7037-4118-2559,DEBIT,2024-09-18,2029-09-18,ACTIVE
CA03641,AC06480,CU00080,3874-9252-0854-3114,DEBIT,2025-02-09,2028-02-09,BLOCKED
CA03642,AC03612,CU03824,7753-1508-8546-6781,DEBIT,2021-01-11,2026-01-11,EXPIRED
CA03643,AC04987,CU02930,7078-0543-8647-3311,DEBIT,2020-05-31,2025-05-31,BLOCKED
CA03644,AC04326,CU04921,5638-6637-2955-6094,CREDIT,2023-05-22,2027-05-22,BLOCKED
CA03645,AC03115,CU03319,0965-2345-2571-7815,CREDIT,2022-03-03,2025-03-03,BLOCKED
CA03646,AC03959,CU00600,6735-4647-6866-5729,DEBIT,2024-08-24,2027-08-24,ACTIVE
CA03647,AC05705,CU04332,5371-0756-4450-9174,CREDIT,2025-11-29,2029-11-29,EXPIRED
CA03648,AC06753,CU03401,6742-5300-4681-8386,CREDIT,2024-05-23,2028-05-23,BLOCKED
CA03649,AC04632,CU01020,2072-5121-3958-2596,CREDIT,2020-05-05,2024-05-05,BLOCKED
CA03650,AC06497,CU02408,2752-5353-2496-4575,CREDIT,2020-04-29,2025-04-29,EXPIRED
CA03651,AC07896,CU02497,3714-5363-9176-0207,DEBIT,2021-11-08,2026-11-08,BLOCKED
CA03652,AC03143,CU00688,9727-9872-9302-8851,CREDIT,2025-10-09,2029-10-09,BLOCKED
CA03653,AC02134,CU03826,9177-0554-7281-2440,DEBIT,2021-09-05,2024-09-05,ACTIVE
CA03654,AC03109,CU04939,1223-9397-9492-9505,DEBIT,2024-12-17,2027-12-17,EXPIRED
CA03655,AC04737,CU03216,3947-5001-5737-8141,DEBIT,2020-05-04,2023-05-04,ACTIVE
CA03656,AC05650,CU01360,3100-4576-5038-7498,DEBIT,2020-10-17,2025-10-17,BLOCKED
CA03657,AC02317,CU00395,7772-0863-0163-3795,DEBIT,2021-10-01,2026-10-01,EXPIRED
CA03658,AC06051,CU01274,8672-8074-5104-9721,DEBIT,2024-11-07,2028-11-07,EXPIRED
CA03659,AC07233,CU02965,8103-5054-1626-0905,CREDIT,2020-06-07,2025-06-07,BLOCKED
CA03660,AC02389,CU03017,6656-5478-1046-6358,DEBIT,2024-06-03,2028-06-03,ACTIVE
CA03661,AC04704,CU01655,6650-6250-3907-3430,CREDIT,2025-07-08,2030-07-08,BLOCKED
CA03662,AC04217,CU01442,7555-6999-2097-1976,DEBIT,2021-08-18,2024-08-18,EXPIRED
CA03663,AC05808,CU03908,9965-3647-0153-2696,CREDIT,2025-06-11,2029-06-11,ACTIVE
CA03664,AC04107,CU01009,5891-1231-6966-4994,DEBIT,2025-10-06,2029-10-06,ACTIVE
CA03665,AC04796,CU02134,1065-7049-7234-3937,DEBIT,2022-10-12,2026-10-12,EXPIRED
CA03666,AC04184,CU04100,3547-9426-1272-3467,DEBIT,2023-03-25,2027-03-25,EXPIRED
CA03667,AC03868,CU00489,7953-5952-8143-7545,CREDIT,2025-11-21,2028-11-21,EXPIRED
CA03668,AC06701,CU04351,7923-7165-1522-6913,CREDIT,2023-05-29,2027-05-29,ACTIVE
CA03669,AC06488,CU04958,4422-9457-5883-0880,DEBIT,2024-07-27,2029-07-27,EXPIRED
CA03670,AC05376,CU02642,9865-9511-8965-4876,DEBIT,2021-06-07,2024-06-07,BLOCKED
CA03671,AC01274,CU01000,5658-3854-2226-4342,CREDIT,2024-04-15,2029-04-15,BLOCKED
CA03672,AC00860,CU02639,3245-3629-0730-4436,DEBIT,2021-03-08,2025-03-08,ACTIVE
CA03673,AC07568,CU04520,6340-7643-4470-0502,DEBIT,2025-03-06,2028-03-06,ACTIVE
CA03674,AC06343,CU03981,2762-0720-8800-8216,DEBIT,2020-04-05,2025-04-05,EXPIRED
CA03675,AC04012,CU04758,9618-9158-3911-9586,DEBIT,2020-01-08,2023-01-08,EXPIRED
CA03676,AC07602,CU03044,4879-2455-4940-5384,DEBIT,2021-04-12,2026-04-12,EXPIRED
CA03677,AC01634,CU00190,9546-3459-6258-3456,CREDIT,2022-10-13,2026-10-13,BLOCKED
CA03678,AC01134,CU03937,8245-2365-8665-3135,CREDIT,2023-12-06,2026-12-06,BLOCKED
CA03679,AC07582,CU01592,2114-8254-0211-2597,CREDIT,2022-04-28,2026-04-28,BLOCKED
CA03680,AC03222,CU04232,2906-3607-2863-1845,DEBIT,2020-10-27,2024-10-27,BLOCKED
CA03681,AC07626,CU00871,3792-0607-0233-5751,CREDIT,2022-04-23,2025-04-23,ACTIVE
CA03682,AC06664,CU04158,4070-4676-4042-1440,DEBIT,2021-02-14,2026-02-14,BLOCKED
CA03683,AC06043,CU00029,6881-3517-9395-8960,DEBIT,2021-08-30,2025-08-30,BLOCKED
CA03684,AC06080,CU03809,3022-7390-3519-2377,DEBIT,2021-02-25,2025-02-25,ACTIVE
CA03685,AC03077,CU04066,2869-8056-3263-4197,DEBIT,2023-12-12,2027-12-12,ACTIVE
CA03686,AC04535,CU02029,1349-9710-0709-9992,DEBIT,2020-06-04,2025-06-04,BLOCKED
CA03687,AC03398,CU01422,9530-3764-6052-1443,DEBIT,2020-10-27,2023-10-27,BLOCKED
CA03688,AC05898,CU00046,8148-6829-0492-3100,CREDIT,2020-05-31,2025-05-31,BLOCKED
CA03689,AC05311,CU01063,9664-1036-1124-7887,DEBIT,2020-05-21,2023-05-21,EXPIRED
CA03690,AC02622,CU04146,0261-2078-3610-1153,CREDIT,2020-02-02,2025-02-02,ACTIVE
CA03691,AC07143,CU03756,1864-9755-5433-9997,DEBIT,2023-04-08,2026-04-08,BLOCKED
CA03692,AC02484,CU00253,9746-2262-4583-6221,CREDIT,2023-05-30,2028-05-30,EXPIRED
CA03693,AC01942,CU01886,7423-6606-7809-0787,CREDIT,2025-08-04,2028-08-04,EXPIRED
CA03694,AC01637,CU04714,0251-1579-9145-0621,DEBIT,2020-12-14,2023-12-14,ACTIVE
CA03695,AC01679,CU03051,9665-9429-2244-3454,CREDIT,2020-11-13,2025-11-13,ACTIVE
CA03696,AC05250,CU00051,5193-8834-4266-6299,DEBIT,2023-02-14,2027-02-14,BLOCKED
CA03697,AC01026,CU04826,3150-6653-8538-3914,DEBIT,2024-04-14,2027-04-14,EXPIRED
CA03698,AC03878,CU03689,0755-9471-8288-5877,DEBIT,2022-03-23,2027-03-23,EXPIRED
CA03699,AC02896,CU03513,3309-9837-1547-0413,DEBIT,2023-02-12,2028-02-12,BLOCKED
CA03700,AC07564,CU04130,8646-3621-1624-3021,DEBIT,2022-09-03,2025-09-03,EXPIRED
CA03701,AC00820,CU00775,9005-4340-9439-4451,DEBIT,2020-09-28,2025-09-28,ACTIVE
CA03702,AC00142,CU03250,2029-2151-9850-1426,DEBIT,2021-03-21,2024-03-21,EXPIRED
CA03703,AC01108,CU01984,4519-5024-2733-1114,CREDIT,2025-03-29,2029-03-29,EXPIRED
CA03704,AC01430,CU02095,5378-8635-1583-1086,DEBIT,2024-08-13,2029-08-13,BLOCKED
CA03705,AC06399,CU03452,9738-1111-0785-9138,CREDIT,2021-09-23,2025-09-23,ACTIVE
CA03706,AC00535,CU04325,7545-3971-6896-0974,DEBIT,2023-02-09,2028-02-09,ACTIVE
CA03707,AC02287,CU03821,4294-0465-8121-8049,DEBIT,2024-10-30,2027-10-30,ACTIVE
CA03708,AC05910,CU02078,7078-3210-8798-7568,DEBIT,2021-10-28,2024-10-28,ACTIVE
CA03709,AC03008,CU02748,7486-8376-4631-1859,DEBIT,2020-08-20,2025-08-20,ACTIVE
CA03710,AC06741,CU01712,3151-4459-8108-5583,CREDIT,2021-12-19,2024-12-19,EXPIRED
CA03711,AC00200,CU03461,7572-1248-2636-9857,CREDIT,2025-11-28,2029-11-28,ACTIVE
CA03712,AC04296,CU01183,5350-2250-2698-8915,CREDIT,2020-02-19,2024-02-19,EXPIRED
CA03713,AC00457,CU02306,6390-4046-9540-6044,DEBIT,2022-11-10,2025-11-10,BLOCKED
CA03714,AC00305,CU03162,5702-4967-5906-9080,DEBIT,2021-10-06,2025-10-06,BLOCKED
CA03715,AC00797,CU01308,5843-3208-1439-5413,DEBIT,2025-02-22,2030-02-22,EXPIRED
CA03716,AC07505,CU01540,8125-5295-6204-4724,CREDIT,2022-09-27,2026-09-27,ACTIVE
CA03717,AC04812,CU03275,5937-0314-9169-4605,DEBIT,2023-06-06,2026-06-06,BLOCKED
CA03718,AC04149,CU01504,6528-3479-3118-1472,CREDIT,2025-05-04,2028-05-04,ACTIVE
CA03719,AC04161,CU03049,5902-8818-3683-4633,CREDIT,2023-02-14,2027-02-14,BLOCKED
CA03720,AC02445,CU00733,0837-3597-2233-3680,DEBIT,2020-10-20,2024-10-20,BLOCKED
CA03721,AC02233,CU02778,3412-0757-2066-8363,CREDIT,2021-09-14,2026-09-14,EXPIRED
CA03722,AC00224,CU01809,6340-3734-3404-6533,DEBIT,2025-09-07,2030-09-07,EXPIRED
CA03723,AC03934,CU03865,4490-1035-8382-8422,CREDIT,2023-07-10,2026-07-10,EXPIRED
CA03724,AC06530,CU02427,4522-3983-5020-1466,CREDIT,2023-06-07,2026-06-07,BLOCKED
CA03725,AC04613,CU04462,5976-9338-8564-1599,DEBIT,2023-04-06,2027-04-06,ACTIVE
CA03726,AC07670,CU00812,0051-1273-6826-7586,CREDIT,2023-01-04,2026-01-04,ACTIVE
CA03727,AC01174,CU00739,4058-4653-5260-9378,DEBIT,2024-11-06,2029-11-06,ACTIVE
CA03728,AC00880,CU03232,7844-9221-6740-3083,CREDIT,2021-10-26,2025-10-26,BLOCKED
CA03729,AC04890,CU04263,1371-8575-7654-8263,CREDIT,2025-09-28,2029-09-28,EXPIRED
CA03730,AC02775,CU01469,2543-8557-4485-6630,CREDIT,2025-07-01,2029-07-01,ACTIVE
CA03731,AC04467,CU03167,2417-0044-0088-8748,CREDIT,2020-09-21,2024-09-21,BLOCKED
CA03732,AC06366,CU02937,3418-6261-5764-9073,CREDIT,2024-01-16,2029-01-16,BLOCKED
CA03733,AC04665,CU04541,8426-5825-9838-2625,CREDIT,2022-11-05,2026-11-05,EXPIRED
CA03734,AC04104,CU00648,9303-5846-9897-5355,CREDIT,2025-07-19,2030-07-19,EXPIRED
CA03735,AC00516,CU02461,4547-0554-2991-3137,DEBIT,2024-08-08,2027-08-08,EXPIRED
CA03736,AC06125,CU01932,7634-2478-5818-6721,DEBIT,2020-02-18,2023-02-18,EXPIRED
CA03737,AC05281,CU01766,4585-7549-1600-6585,DEBIT,2025-05-29,2028-05-29,EXPIRED
CA03738,AC06966,CU00562,6602-3804-9645-6492,DEBIT,2025-08-19,2029-08-19,EXPIRED
CA03739,AC00932,CU00856,6070-0531-3827-5052,CREDIT,2022-02-19,2025-02-19,EXPIRED
CA03740,AC01221,CU00900,8348-1535-8283-9396,CREDIT,2021-03-04,2024-03-04,BLOCKED
CA03741,AC05170,CU04092,8331-1797-6623-3439,CREDIT,2021-12-06,2025-12-06,ACTIVE
CA03742,AC07366,CU04161,2907-8295-1819-2374,CREDIT,2022-07-23,2026-07-23,BLOCKED
CA03743,AC07962,CU04182,1696-9683-6189-4940,CREDIT,2024-08-01,2029-08-01,EXPIRED
CA03744,AC04568,CU04861,4366-5931-8303-5096,CREDIT,2025-11-18,2030-11-18,EXPIRED
CA03745,AC05032,CU01314,8367-1156-4407-4242,CREDIT,2024-01-10,2027-01-10,ACTIVE
CA03746,AC06908,CU02684,4244-0075-8092-2575,CREDIT,2020-01-18,2024-01-18,EXPIRED
CA03747,AC03409,CU02215,7543-5911-2479-2734,DEBIT,2022-03-09,2026-03-09,ACTIVE
CA03748,AC00917,CU00121,5293-5932-3982-4894,DEBIT,2022-11-28,2027-11-28,ACTIVE
CA03749,AC06267,CU03422,9558-9692-8889-2510,DEBIT,2025-12-27,2030-12-27,ACTIVE
CA03750,AC05829,CU01074,2913-2012-8771-4197,CREDIT,2022-06-06,2027-06-06,EXPIRED
CA03751,AC00777,CU02766,3041-6889-2900-2097,CREDIT,2025-03-08,2028-03-08,BLOCKED
CA03752,AC02471,CU03191,4623-5294-6904-0888,CREDIT,2023-07-25,2027-07-25,ACTIVE
CA03753,AC03430,CU02192,7347-3583-5182-2605,DEBIT,2022-03-24,2026-03-24,EXPIRED
CA03754,AC02901,CU04537,6598-1660-2633-1682,CREDIT,2023-03-19,2026-03-19,ACTIVE
CA03755,AC05364,CU00297,2996-9992-9245-6556,DEBIT,2023-11-16,2028-11-16,ACTIVE
CA03756,AC03746,CU02258,5351-5948-6668-4746,CREDIT,2020-03-20,2023-03-20,BLOCKED
CA03757,AC02474,CU03340,1345-8749-3742-5453,CREDIT,2025-04-11,2028-04-11,EXPIRED
CA03758,AC05266,CU00444,6370-3624-1441-5247,CREDIT,2021-07-25,2024-07-25,BLOCKED
CA03759,AC03050,CU00453,2086-3293-8406-2530,CREDIT,2022-11-21,2026-11-21,BLOCKED
CA03760,AC04658,CU01165,5403-2402-0138-6832,CREDIT,2021-10-07,2024-10-07,ACTIVE
CA03761,AC02411,CU02006,8038-8960-1378-8301,DEBIT,2025-09-25,2028-09-25,BLOCKED
CA03762,AC05069,CU00138,9886-2687-9266-3449,DEBIT,2023-09-25,2026-09-25,BLOCKED
CA03763,AC05351,CU00213,8814-2094-9777-3610,CREDIT,2020-06-17,2025-06-17,EXPIRED
CA03764,AC03937,CU04783,0368-3948-7788-8291,DEBIT,2024-07-09,2028-07-09,ACTIVE
CA03765,AC00936,CU02038,9813-1603-7377-7775,CREDIT,2022-08-25,2026-08-25,ACTIVE
CA03766,AC03278,CU03944,4586-3004-6057-8945,DEBIT,2021-09-22,2024-09-22,ACTIVE
CA03767,AC07797,CU01876,1042-9949-3426-3802,DEBIT,2025-12-23,2028-12-23,BLOCKED
CA03768,AC03261,CU04315,6607-9311-2896-9021,DEBIT,2025-04-29,2029-04-29,EXPIRED
CA03769,AC00187,CU03071,5706-2245-4006-9343,DEBIT,2022-04-27,2025-04-27,ACTIVE
CA03770,AC03981,CU03018,3398-1218-2759-9973,DEBIT,2023-03-02,2027-03-02,EXPIRED
CA03771,AC03958,CU00271,1023-4664-6240-8534,CREDIT,2022-08-01,2027-08-01,EXPIRED
CA03772,AC06052,CU04314,5722-9015-5196-8014,DEBIT,2022-01-24,2027-01-24,BLOCKED
CA03773,AC07859,CU03446,4729-2114-9889-7395,CREDIT,2023-05-19,2028-05-19,BLOCKED
CA03774,AC02721,CU00803,4456-3670-7802-4543,CREDIT,2023-09-05,2027-09-05,EXPIRED
CA03775,AC05959,CU00911,3604-6659-5544-8838,DEBIT,2023-05-14,2026-05-14,ACTIVE
CA03776,AC07819,CU00123,2401-3236-7863-3354,DEBIT,2023-07-12,2027-07-12,BLOCKED
CA03777,AC07645,CU04233,6896-1746-3386-3155,CREDIT,2020-12-31,2023-12-31,BLOCKED
CA03778,AC06498,CU00924,3934-2255-6139-0235,DEBIT,2023-10-23,2027-10-23,BLOCKED
CA03779,AC05876,CU01369,6168-0055-1682-4207,CREDIT,2024-07-08,2027-07-08,ACTIVE
CA03780,AC00690,CU02764,1365-5312-2914-4938,CREDIT,2025-04-22,2029-04-22,ACTIVE
CA03781,AC03942,CU01173,1365-6916-7064-9006,DEBIT,2025-06-13,2029-06-13,BLOCKED
CA03782,AC04740,CU00080,2467-2913-9827-5319,CREDIT,2023-04-18,2027-04-18,BLOCKED
CA03783,AC06658,CU00776,0779-8586-0381-5195,DEBIT,2021-03-21,2026-03-21,ACTIVE
CA03784,AC05469,CU00743,8108-9948-8072-9624,CREDIT,2020-05-06,2024-05-06,BLOCKED
CA03785,AC04315,CU00578,5686-8741-9966-8757,CREDIT,2022-03-11,2025-03-11,ACTIVE
CA03786,AC06446,CU00318,6951-2860-7060-8806,DEBIT,2022-06-12,2025-06-12,BLOCKED
CA03787,AC05017,CU01161,1535-1499-4134-8222,DEBIT,2021-08-01,2025-08-01,BLOCKED
CA03788,AC05917,CU00853,8818-3003-8791-7065,DEBIT,2025-01-23,2028-01-23,BLOCKED
CA03789,AC07534,CU03096,3232-0103-6584-7242,DEBIT,2020-06-25,2024-06-25,EXPIRED
CA03790,AC01595,CU00643,7668-3589-1619-4808,DEBIT,2023-06-25,2027-06-25,BLOCKED
CA03791,AC04901,CU01382,1168-4516-8440-1697,DEBIT,2023-02-17,2027-02-17,ACTIVE
CA03792,AC03312,CU03836,6407-4670-8657-5174,DEBIT,2025-04-12,2028-04-12,ACTIVE
CA03793,AC02158,CU03166,3887-7924-0275-3456,DEBIT,2021-02-02,2026-02-02,ACTIVE
CA03794,AC00621,CU00996,7512-9564-3307-1167,CREDIT,2023-04-26,2026-04-26,EXPIRED
CA03795,AC05964,CU00058,4635-4639-9378-6985,DEBIT,2024-08-22,2028-08-22,EXPIRED
CA03796,AC00337,CU01300,8372-0270-7951-8728,DEBIT,2020-10-17,2023-10-17,ACTIVE
CA03797,AC02184,CU03341,2826-6100-8823-2930,DEBIT,2022-11-18,2025-11-18,EXPIRED
CA03798,AC00311,CU04116,1146-0501-3856-9690,CREDIT,2025-07-14,2030-07-14,ACTIVE
CA03799,AC00450,CU04772,4217-6897-6665-7386,CREDIT,2020-02-16,2024-02-16,ACTIVE
CA03800,AC00212,CU01191,1696-1861-3881-6046,DEBIT,2020-04-26,2025-04-26,EXPIRED
CA03801,AC05344,CU00268,1865-0153-7242-1377,CREDIT,2024-06-28,2029-06-28,BLOCKED
CA03802,AC03806,CU00660,4112-4416-0980-6672,DEBIT,2021-01-27,2024-01-27,EXPIRED
CA03803,AC02525,CU02908,5738-8641-4398-3057,CREDIT,2024-07-31,2028-07-31,EXPIRED
CA03804,AC05544,CU04948,1956-1007-9706-1401,CREDIT,2020-04-20,2023-04-20,ACTIVE
CA03805,AC00087,CU04674,2367-4690-8479-1415,DEBIT,2020-12-14,2024-12-14,ACTIVE
CA03806,AC07244,CU00166,3041-2216-0975-8719,CREDIT,2022-03-05,2025-03-05,ACTIVE
CA03807,AC00392,CU02696,3945-7513-1170-9330,CREDIT,2020-12-05,2023-12-05,ACTIVE
CA03808,AC06370,CU01830,8362-8775-1420-3008,DEBIT,2023-08-10,2028-08-10,BLOCKED
CA03809,AC01850,CU02704,8293-4119-0129-8715,CREDIT,2025-08-03,2030-08-03,BLOCKED
CA03810,AC04607,CU00274,2058-7402-5608-3809,CREDIT,2023-11-20,2028-11-20,BLOCKED
CA03811,AC02655,CU02248,4157-4020-0572-0178,CREDIT,2023-09-12,2028-09-12,ACTIVE
CA03812,AC03991,CU01233,3749-0554-7188-1053,DEBIT,2024-06-09,2027-06-09,BLOCKED
CA03813,AC04883,CU01571,5247-0958-6070-8729,DEBIT,2025-01-03,2028-01-03,BLOCKED
CA03814,AC02161,CU01145,6207-6194-9274-6915,CREDIT,2025-04-16,2030-04-16,EXPIRED
CA03815,AC03989,CU00047,4070-6530-1247-7595,CREDIT,2025-12-27,2030-12-27,BLOCKED
CA03816,AC06460,CU04557,8069-9624-1901-0094,CREDIT,2020-09-30,2024-09-30,ACTIVE
CA03817,AC01292,CU03057,3886-2209-8825-2497,DEBIT,2020-08-23,2025-08-23,EXPIRED
CA03818,AC01769,CU03066,5583-7204-2704-0187,DEBIT,2020-10-19,2023-10-19,BLOCKED
CA03819,AC06390,CU00382,0848-3645-3232-7816,DEBIT,2024-08-24,2028-08-24,EXPIRED
CA03820,AC05249,CU04207,3522-5558-2889-7033,DEBIT,2024-04-06,2027-04-06,BLOCKED
CA03821,AC04880,CU01234,2369-3471-3747-0251,DEBIT,2025-06-02,2030-06-02,ACTIVE
CA03822,AC03195,CU04673,6663-0519-6006-9223,CREDIT,2025-06-23,2028-06-23,ACTIVE
CA03823,AC06737,CU03567,1903-7031-0554-8314,DEBIT,2020-02-08,2024-02-08,BLOCKED
CA03824,AC00760,CU02116,2499-2369-7514-6932,DEBIT,2022-11-30,2025-11-30,BLOCKED
CA03825,AC00883,CU04052,0861-0164-1140-5560,CREDIT,2020-11-23,2023-11-23,BLOCKED
CA03826,AC07921,CU00809,9225-7667-6200-0634,CREDIT,2023-01-06,2026-01-06,ACTIVE
CA03827,AC05752,CU01284,2755-3755-0918-5025,CREDIT,2020-01-04,2024-01-04,BLOCKED
CA03828,AC03457,CU04583,6650-4925-3413-3120,DEBIT,2023-04-09,2027-04-09,ACTIVE
CA03829,AC01069,CU03961,4555-6872-1469-8909,DEBIT,2024-07-31,2028-07-31,BLOCKED
CA03830,AC02480,CU01383,8007-0469-7189-8975,DEBIT,2022-05-02,2025-05-02,EXPIRED
CA03831,AC02251,CU01990,8269-2612-9168-4826,CREDIT,2022-01-06,2026-01-06,BLOCKED
CA03832,AC00684,CU03951,0836-8815-2810-9427,DEBIT,2023-09-20,2026-09-20,BLOCKED
CA03833,AC02537,CU01779,5916-3268-0059-6785,DEBIT,2020-06-09,2023-06-09,EXPIRED
CA03834,AC04512,CU04131,2976-0722-4003-3064,CREDIT,2023-02-16,2026-02-16,ACTIVE
CA03835,AC02469,CU00925,0523-3069-8700-9226,DEBIT,2024-11-01,2029-11-01,BLOCKED
CA03836,AC05485,CU01070,6772-7518-3133-6600,DEBIT,2020-02-27,2023-02-27,ACTIVE
CA03837,AC05292,CU04955,0892-3692-7181-7477,CREDIT,2022-04-20,2027-04-20,BLOCKED
CA03838,AC02796,CU01976,1663-8975-6015-4604,DEBIT,2021-04-22,2024-04-22,ACTIVE
CA03839,AC05745,CU04125,1892-5110-2884-8982,DEBIT,2021-03-16,2025-03-16,BLOCKED
CA03840,AC05528,CU01483,0900-8445-3952-3653,DEBIT,2024-10-24,2027-10-24,ACTIVE
CA03841,AC04685,CU01028,6490-9564-9095-7388,CREDIT,2020-02-07,2024-02-07,EXPIRED
CA03842,AC02095,CU04545,5017-9563-8533-3579,CREDIT,2024-06-20,2029-06-20,EXPIRED
CA03843,AC04049,CU04065,8418-6222-0933-2312,CREDIT,2023-12-11,2028-12-11,ACTIVE
CA03844,AC06876,CU03451,0614-4606-8765-9589,DEBIT,2022-11-18,2025-11-18,EXPIRED
CA03845,AC05447,CU00749,2105-9915-2643-0613,DEBIT,2024-12-17,2028-12-17,EXPIRED
CA03846,AC00398,CU03060,6441-0304-9564-9480,DEBIT,2025-07-25,2030-07-25,BLOCKED
CA03847,AC06408,CU02960,3206-1946-3556-2637,DEBIT,2025-02-12,2028-02-12,BLOCKED
CA03848,AC05169,CU01159,9463-4397-4939-8540,DEBIT,2023-06-17,2026-06-17,EXPIRED
CA03849,AC02568,CU03185,1808-4762-4493-3073,DEBIT,2023-03-03,2028-03-03,BLOCKED
CA03850,AC05151,CU00836,4821-8511-5201-9846,CREDIT,2023-09-07,2028-09-07,ACTIVE
CA03851,AC03481,CU02385,0849-8871-7861-4154,DEBIT,2024-08-17,2028-08-17,EXPIRED
CA03852,AC01124,CU04886,0194-9802-9001-4101,DEBIT,2024-04-30,2027-04-30,BLOCKED
CA03853,AC04183,CU01556,4564-5399-9199-5912,DEBIT,2024-05-24,2029-05-24,ACTIVE
CA03854,AC02752,CU04092,4148-6696-7756-8867,DEBIT,2023-03-29,2026-03-29,BLOCKED
CA03855,AC05483,CU01224,7225-7779-9320-7160,DEBIT,2023-05-28,2027-05-28,EXPIRED
CA03856,AC04766,CU03763,0704-2600-2761-2856,DEBIT,2025-12-04,2029-12-04,ACTIVE
CA03857,AC07800,CU04325,5060-2429-7991-9181,CREDIT,2022-05-13,2027-05-13,ACTIVE
CA03858,AC06740,CU03607,8375-4302-2660-1891,DEBIT,2023-06-02,2027-06-02,EXPIRED
CA03859,AC02388,CU02732,9515-6561-1777-7065,DEBIT,2025-01-09,2028-01-09,EXPIRED
CA03860,AC07098,CU03950,1538-0276-9813-2572,CREDIT,2020-03-04,2024-03-04,EXPIRED
CA03861,AC05010,CU01438,7312-5128-5301-8028,DEBIT,2024-10-23,2028-10-23,EXPIRED
CA03862,AC03708,CU01591,3988-7310-6747-0466,CREDIT,2021-11-19,2024-11-19,BLOCKED
CA03863,AC00735,CU01749,7669-0498-2917-4653,CREDIT,2025-12-10,2029-12-10,ACTIVE
CA03864,AC03399,CU02666,7093-5328-0708-9772,DEBIT,2020-12-16,2025-12-16,ACTIVE
CA03865,AC03366,CU02901,1443-4354-6316-6007,DEBIT,2024-05-16,2029-05-16,BLOCKED
CA03866,AC00096,CU03539,3846-8765-7398-6799,DEBIT,2022-09-28,2025-09-28,EXPIRED
CA03867,AC02798,CU00700,9718-2108-8408-1390,DEBIT,2021-03-01,2026-03-01,EXPIRED
CA03868,AC01777,CU03407,4053-0467-8836-4919,CREDIT,2025-03-11,2030-03-11,ACTIVE
CA03869,AC04205,CU03065,0287-9855-1324-3918,DEBIT,2022-06-02,2025-06-02,EXPIRED
CA03870,AC01656,CU03667,0057-0727-8276-2998,DEBIT,2023-03-06,2027-03-06,ACTIVE
CA03871,AC05234,CU02088,5279-8635-0359-3281,DEBIT,2024-08-25,2029-08-25,BLOCKED
CA03872,AC03490,CU03188,0586-1530-2774-3808,DEBIT,2020-01-16,2023-01-16,EXPIRED
CA03873,AC00277,CU02807,4774-2693-2526-3279,DEBIT,2023-07-29,2026-07-29,BLOCKED
CA03874,AC03845,CU04083,6450-1217-7515-1895,DEBIT,2021-10-16,2024-10-16,ACTIVE
CA03875,AC05853,CU03659,6901-2805-1763-7997,DEBIT,2022-03-28,2027-03-28,BLOCKED
CA03876,AC06608,CU03007,6242-0107-7717-6544,DEBIT,2025-01-27,2029-01-27,EXPIRED
CA03877,AC02227,CU01438,6134-4828-6087-9260,DEBIT,2022-07-12,2025-07-12,BLOCKED
CA03878,AC01418,CU03736,0896-3582-1921-7664,CREDIT,2023-08-24,2026-08-24,BLOCKED
CA03879,AC04094,CU03469,8049-7582-0214-7085,DEBIT,2023-10-27,2027-10-27,BLOCKED
CA03880,AC02417,CU03175,9193-5479-9431-1557,DEBIT,2020-09-17,2025-09-17,BLOCKED
CA03881,AC00401,CU03142,9944-7251-8284-5305,CREDIT,2025-03-18,2029-03-18,EXPIRED
CA03882,AC05961,CU01374,3743-1258-8785-9086,CREDIT,2021-11-24,2025-11-24,EXPIRED
CA03883,AC05188,CU04268,1506-3404-8190-6851,DEBIT,2021-04-15,2024-04-15,BLOCKED
CA03884,AC07404,CU01882,8430-8457-8210-8841,CREDIT,2024-04-26,2029-04-26,ACTIVE
CA03885,AC07795,CU02289,8522-5798-0728-4791,DEBIT,2021-05-24,2024-05-24,EXPIRED
CA03886,AC07844,CU04913,1605-5555-4832-6728,CREDIT,2025-03-29,2029-03-29,BLOCKED
CA03887,AC04984,CU03800,5385-8715-2864-1227,DEBIT,2022-07-22,2025-07-22,BLOCKED
CA03888,AC01239,CU02051,3297-7577-0749-5980,DEBIT,2023-07-05,2027-07-05,ACTIVE
CA03889,AC04619,CU01741,8380-7813-8160-6267,DEBIT,2023-04-23,2028-04-23,BLOCKED
CA03890,AC05763,CU02298,3888-4013-1250-4536,CREDIT,2021-08-02,2024-08-02,BLOCKED
CA03891,AC02920,CU02517,8179-5984-8750-9525,DEBIT,2020-09-14,2024-09-14,ACTIVE
CA03892,AC07749,CU02191,6368-4005-8527-3463,DEBIT,2023-05-05,2028-05-05,EXPIRED
CA03893,AC00174,CU03652,9044-7175-5117-0323,DEBIT,2024-06-02,2029-06-02,BLOCKED
CA03894,AC05338,CU00196,4658-4969-0461-4274,CREDIT,2020-06-04,2023-06-04,BLOCKED
CA03895,AC02999,CU04786,5750-2654-3766-1094,DEBIT,2021-06-16,2026-06-16,BLOCKED
CA03896,AC04154,CU01408,5286-3607-3909-8184,DEBIT,2021-05-12,2026-05-12,BLOCKED
CA03897,AC02890,CU04866,8884-3327-7265-0951,DEBIT,2020-09-19,2024-09-19,EXPIRED
CA03898,AC06868,CU03495,8945-8639-7595-3338,DEBIT,2020-07-11,2023-07-11,EXPIRED
CA03899,AC03713,CU01180,0219-1646-4519-0157,DEBIT,2020-04-05,2025-04-05,BLOCKED
CA03900,AC01281,CU00540,1958-4250-1337-2260,CREDIT,2020-07-29,2023-07-29,BLOCKED
CA03901,AC01187,CU04388,9445-5164-2877-1835,CREDIT,2020-04-14,2024-04-14,EXPIRED
CA03902,AC06369,CU04600,7549-8312-9366-3488,DEBIT,2021-03-27,2026-03-27,BLOCKED
CA03903,AC00863,CU01865,8245-2586-7697-6652,DEBIT,2021-11-06,2025-11-06,EXPIRED
CA03904,AC05414,CU03178,4185-2391-3182-8283,CREDIT,2025-06-11,2029-06-11,ACTIVE
CA03905,AC03620,CU02682,5429-5440-0989-3218,DEBIT,2023-04-06,2027-04-06,EXPIRED
CA03906,AC06959,CU04234,7791-9254-9898-4140,CREDIT,2020-03-02,2024-03-02,EXPIRED
CA03907,AC02183,CU02125,5053-2333-2604-9129,CREDIT,2021-09-21,2025-09-21,ACTIVE
CA03908,AC01864,CU02478,8099-3115-3229-0778,DEBIT,2025-09-25,2028-09-25,EXPIRED
CA03909,AC05535,CU01172,8180-5645-0093-1986,CREDIT,2025-09-09,2029-09-09,BLOCKED
CA03910,AC03648,CU03645,4634-8096-8895-0936,CREDIT,2023-05-10,2027-05-10,EXPIRED
CA03911,AC05445,CU02310,7722-3755-5138-6907,DEBIT,2023-10-08,2028-10-08,EXPIRED
CA03912,AC03756,CU02057,7349-3505-5152-7514,CREDIT,2022-08-22,2025-08-22,EXPIRED
CA03913,AC03252,CU04932,4672-3849-4822-6696,CREDIT,2020-07-27,2025-07-27,ACTIVE
CA03914,AC07811,CU02534,9801-7097-5863-4599,CREDIT,2020-04-09,2025-04-09,EXPIRED
CA03915,AC00493,CU01717,4547-5268-8069-9188,CREDIT,2021-07-25,2024-07-25,BLOCKED
CA03916,AC05775,CU01703,5664-7496-2131-4718,CREDIT,2023-12-15,2028-12-15,ACTIVE
CA03917,AC01321,CU03465,0633-7203-6763-5332,DEBIT,2021-05-13,2026-05-13,EXPIRED
CA03918,AC06485,CU02669,3868-9111-3165-2502,CREDIT,2024-10-07,2028-10-07,BLOCKED
CA03919,AC06393,CU01333,4053-1631-8450-1640,CREDIT,2023-01-27,2026-01-27,BLOCKED
CA03920,AC05406,CU02506,6851-7610-4095-8064,DEBIT,2020-08-23,2024-08-23,ACTIVE
CA03921,AC04108,CU01304,3421-4827-9704-1541,CREDIT,2025-06-15,2030-06-15,BLOCKED
CA03922,AC01365,CU01192,6334-7109-8092-7564,CREDIT,2020-05-17,2023-05-17,BLOCKED
CA03923,AC03442,CU04080,9527-7001-7091-4884,DEBIT,2025-02-23,2029-02-23,BLOCKED
CA03924,AC07044,CU04231,9993-9010-0030-1109,DEBIT,2025-06-16,2028-06-16,EXPIRED
CA03925,AC01126,CU04351,4892-6071-7432-3536,CREDIT,2024-05-13,2029-05-13,BLOCKED
CA03926,AC03743,CU02602,5783-3862-7525-7714,DEBIT,2020-06-29,2023-06-29,EXPIRED
CA03927,AC01547,CU00170,1724-9192-9138-8822,DEBIT,2021-11-23,2024-11-23,BLOCKED
CA03928,AC04933,CU02867,1523-6978-3258-2476,DEBIT,2025-04-30,2029-04-30,BLOCKED
CA03929,AC07904,CU01428,9360-2007-6895-0157,CREDIT,2025-03-07,2029-03-07,ACTIVE
CA03930,AC05747,CU01344,8134-3032-0487-8513,CREDIT,2025-02-23,2030-02-23,ACTIVE
CA03931,AC00520,CU02338,1940-9408-8474-9381,DEBIT,2023-05-18,2026-05-18,ACTIVE
CA03932,AC07979,CU01024,4737-1905-1404-3900,CREDIT,2025-06-20,2030-06-20,EXPIRED
CA03933,AC04660,CU04547,6427-7325-2069-3381,CREDIT,2025-10-17,2029-10-17,ACTIVE
CA03934,AC03193,CU00317,0508-9447-8531-3799,DEBIT,2020-12-16,2025-12-16,EXPIRED
CA03935,AC02751,CU00542,2314-0333-7639-0855,DEBIT,2022-10-28,2025-10-28,ACTIVE
CA03936,AC01661,CU02520,5130-1553-6891-4122,CREDIT,2022-11-17,2026-11-17,ACTIVE
CA03937,AC07071,CU01129,5762-2445-2698-9316,DEBIT,2022-08-24,2026-08-24,BLOCKED
CA03938,AC00557,CU04694,1162-6802-3057-3312,CREDIT,2021-04-12,2026-04-12,EXPIRED
CA03939,AC01646,CU01562,5029-7497-2445-2074,DEBIT,2025-12-21,2028-12-21,BLOCKED
CA03940,AC03611,CU02281,5953-1779-7755-8354,CREDIT,2022-08-28,2027-08-28,EXPIRED
CA03941,AC07589,CU04835,0689-6721-2500-2027,DEBIT,2023-07-31,2026-07-31,EXPIRED
CA03942,AC01440,CU02842,0898-0403-3262-5802,DEBIT,2025-04-30,2029-04-30,ACTIVE
CA03943,AC06816,CU00923,7346-6171-5997-3869,DEBIT,2021-05-10,2026-05-10,ACTIVE
CA03944,AC06320,CU02567,1706-1308-6947-9747,CREDIT,2022-06-18,2025-06-18,BLOCKED
CA03945,AC01160,CU00625,5843-8097-7261-7952,DEBIT,2021-03-01,2024-03-01,ACTIVE
CA03946,AC04911,CU02698,6150-9368-8806-8126,CREDIT,2025-08-26,2029-08-26,ACTIVE
CA03947,AC06187,CU00093,8499-2573-3123-1099,CREDIT,2021-07-08,2026-07-08,EXPIRED
CA03948,AC06272,CU01205,7818-7885-8665-8334,DEBIT,2021-03-24,2024-03-24,EXPIRED
CA03949,AC02066,CU01988,6804-2172-7153-1189,DEBIT,2025-01-22,2028-01-22,ACTIVE
CA03950,AC06095,CU04149,9973-9545-9794-0536,CREDIT,2021-05-07,2026-05-07,EXPIRED
CA03951,AC03645,CU04733,7149-5377-6782-5984,CREDIT,2022-11-20,2027-11-20,EXPIRED
CA03952,AC06276,CU03870,1205-3896-1131-1309,CREDIT,2023-02-22,2028-02-22,EXPIRED
CA03953,AC02207,CU00139,1483-7341-0725-0918,DEBIT,2024-12-21,2029-12-21,BLOCKED
CA03954,AC06468,CU03145,1380-9898-0480-7709,DEBIT,2023-11-25,2028-11-25,ACTIVE
CA03955,AC01672,CU00582,1153-6604-2853-3069,DEBIT,2024-02-24,2028-02-24,ACTIVE
CA03956,AC01828,CU00112,2439-8385-3455-3641,CREDIT,2021-03-20,2025-03-20,ACTIVE
CA03957,AC07460,CU03161,6075-6336-5764-7491,CREDIT,2020-03-13,2023-03-13,BLOCKED
CA03958,AC00726,CU01110,2908-2978-5439-1294,DEBIT,2020-02-11,2025-02-11,BLOCKED
CA03959,AC02990,CU03147,7251-0499-3537-6763,DEBIT,2025-07-16,2029-07-16,ACTIVE
CA03960,AC01475,CU01507,1912-9096-9466-2092,DEBIT,2024-09-27,2029-09-27,ACTIVE
CA03961,AC07141,CU03308,9235-3113-4458-0989,DEBIT,2020-12-18,2025-12-18,BLOCKED
CA03962,AC05770,CU04012,3211-0491-0554-1490,DEBIT,2022-10-16,2026-10-16,EXPIRED
CA03963,AC02271,CU01523,3942-9244-7367-7871,DEBIT,2021-12-01,2024-12-01,EXPIRED
CA03964,AC03698,CU01065,8674-0824-6221-3357,CREDIT,2022-10-22,2027-10-22,ACTIVE
CA03965,AC03257,CU03362,8262-7789-2531-7445,DEBIT,2025-02-12,2028-02-12,BLOCKED
CA03966,AC04006,CU01650,2693-4839-2613-5692,DEBIT,2020-07-29,2024-07-29,BLOCKED
CA03967,AC06917,CU01415,2490-0777-4287-0111,CREDIT,2020-11-27,2024-11-27,BLOCKED
CA03968,AC05857,CU04070,2756-5364-3437-3986,DEBIT,2020-05-11,2024-05-11,EXPIRED
CA03969,AC06128,CU02934,0465-0369-9755-0144,CREDIT,2022-10-18,2027-10-18,BLOCKED
CA03970,AC05436,CU00037,6346-8318-0660-8254,CREDIT,2024-08-01,2029-08-01,BLOCKED
CA03971,AC07079,CU02276,8662-9257-1207-6129,CREDIT,2022-11-24,2026-11-24,ACTIVE
CA03972,AC04256,CU02656,1501-3031-3679-5644,DEBIT,2021-03-11,2026-03-11,BLOCKED
CA03973,AC03323,CU02960,3368-7584-1363-8956,CREDIT,2024-10-11,2029-10-11,EXPIRED
CA03974,AC06978,CU04104,2679-4352-1731-1794,CREDIT,2023-06-14,2028-06-14,EXPIRED
CA03975,AC03841,CU01670,6369-7174-8152-9312,CREDIT,2020-05-17,2025-05-17,EXPIRED
CA03976,AC07205,CU02711,7178-0364-4689-1231,CREDIT,2023-05-22,2026-05-22,EXPIRED
CA03977,AC04841,CU01593,3332-6777-3800-8496,DEBIT,2022-06-02,2026-06-02,ACTIVE
CA03978,AC01186,CU00563,6799-0904-8450-5582,DEBIT,2021-01-29,2026-01-29,BLOCKED
CA03979,AC07566,CU04766,7209-2026-6288-3272,CREDIT,2025-10-27,2029-10-27,BLOCKED
CA03980,AC02248,CU04350,5292-9968-1173-6233,DEBIT,2024-06-11,2027-06-11,EXPIRED
CA03981,AC04695,CU02163,7013-5825-5124-3417,DEBIT,2023-09-14,2028-09-14,ACTIVE
CA03982,AC07165,CU03150,3871-2516-8241-3708,CREDIT,2023-02-12,2026-02-12,BLOCKED
CA03983,AC04085,CU00134,8624-5023-9517-9575,CREDIT,2023-03-09,2027-03-09,BLOCKED
CA03984,AC03489,CU00817,6630-0855-4815-3700,CREDIT,2025-07-16,2029-07-16,BLOCKED
CA03985,AC06666,CU03218,2601-0535-6422-0089,CREDIT,2022-12-22,2026-12-22,EXPIRED
CA03986,AC00662,CU03938,3090-3085-0540-2543,DEBIT,2022-01-28,2026-01-28,BLOCKED
CA03987,AC03805,CU04763,7428-9011-5536-4023,CREDIT,2025-10-16,2030-10-16,BLOCKED
CA03988,AC03413,CU00355,3846-2199-0260-4057,CREDIT,2025-11-03,2029-11-03,ACTIVE
CA03989,AC01081,CU04857,8996-3029-3791-2184,CREDIT,2020-06-18,2023-06-18,ACTIVE
CA03990,AC01529,CU00864,3458-6261-1542-9334,CREDIT,2020-12-16,2025-12-16,EXPIRED
CA03991,AC06885,CU01506,3647-3132-8444-6661,CREDIT,2020-02-11,2023-02-11,EXPIRED
CA03992,AC00328,CU04790,6400-3213-6376-9426,CREDIT,2022-05-20,2027-05-20,BLOCKED
CA03993,AC02306,CU00122,1564-8231-7909-6151,CREDIT,2025-06-11,2030-06-11,BLOCKED
CA03994,AC04348,CU03042,4224-3377-3969-7222,CREDIT,2025-01-02,2029-01-02,EXPIRED
CA03995,AC06483,CU04933,9452-9997-7390-3708,DEBIT,2021-11-08,2026-11-08,ACTIVE
CA03996,AC04626,CU03582,5227-1644-8116-1424,DEBIT,2022-09-29,2026-09-29,EXPIRED
CA03997,AC02476,CU00500,0876-5040-2483-5072,DEBIT,2020-02-29,2025-02-28,ACTIVE
CA03998,AC07476,CU04790,0416-1639-1978-7279,CREDIT,2023-06-28,2026-06-28,ACTIVE
CA03999,AC03107,CU02334,9757-7335-5761-8340,DEBIT,2021-05-25,2024-05-25,BLOCKED
CA04000,AC00909,CU03023,4868-5302-8779-0731,DEBIT,2025-05-28,2030-05-28,BLOCKED
CA04001,AC07139,CU03667,5194-5866-2914-5427,CREDIT,2020-09-04,2025-09-04,ACTIVE
CA04002,AC01255,CU00435,4740-4004-3169-2402,DEBIT,2024-06-17,2027-06-17,EXPIRED
CA04003,AC01433,CU04588,2178-5916-6435-1020,DEBIT,2023-11-19,2026-11-19,BLOCKED
CA04004,AC03040,CU02949,7774-8681-6954-1881,CREDIT,2024-06-17,2029-06-17,ACTIVE
CA04005,AC03650,CU03408,8118-7244-0778-0691,CREDIT,2021-08-19,2026-08-19,EXPIRED
CA04006,AC05440,CU04897,4734-9716-8020-1937,CREDIT,2024-09-08,2028-09-08,EXPIRED
CA04007,AC02996,CU04422,2177-4006-9091-3684,DEBIT,2020-01-06,2024-01-06,BLOCKED
CA04008,AC07579,CU00158,6721-2152-4057-6796,DEBIT,2021-08-01,2026-08-01,ACTIVE
CA04009,AC03539,CU02898,1017-9781-3537-7077,CREDIT,2023-10-24,2027-10-24,BLOCKED
CA04010,AC03874,CU02853,9361-7196-9807-7890,CREDIT,2023-04-13,2028-04-13,BLOCKED
CA04011,AC00912,CU02234,9239-6817-3654-0018,CREDIT,2025-06-11,2029-06-11,EXPIRED
CA04012,AC06285,CU02102,6456-2085-6996-2241,DEBIT,2022-03-19,2026-03-19,BLOCKED
CA04013,AC04185,CU02439,2627-4212-6828-7850,DEBIT,2025-05-06,2030-05-06,ACTIVE
CA04014,AC04889,CU00366,1012-8994-1553-5565,DEBIT,2025-11-27,2030-11-27,BLOCKED
CA04015,AC05427,CU01320,2847-3443-1030-7352,CREDIT,2025-10-28,2029-10-28,EXPIRED
CA04016,AC01761,CU00259,2565-9322-7379-3536,DEBIT,2023-03-13,2027-03-13,BLOCKED
CA04017,AC05497,CU00657,0277-2978-3454-9629,CREDIT,2025-11-10,2028-11-10,BLOCKED
CA04018,AC05806,CU03550,2203-4514-0295-3290,CREDIT,2022-11-08,2026-11-08,ACTIVE
CA04019,AC04896,CU01255,8977-5384-2754-5932,DEBIT,2024-08-15,2028-08-15,BLOCKED
CA04020,AC07351,CU02621,8650-2985-3311-5198,DEBIT,2020-01-16,2025-01-16,EXPIRED
CA04021,AC04252,CU02225,5439-0910-7499-3852,DEBIT,2020-03-08,2024-03-08,BLOCKED
CA04022,AC06692,CU00996,3522-0963-6582-4252,DEBIT,2021-05-19,2026-05-19,BLOCKED
CA04023,AC01812,CU03280,9408-5174-8774-4625,CREDIT,2024-04-10,2029-04-10,BLOCKED
CA04024,AC02547,CU02739,9700-4493-2872-3873,DEBIT,2021-05-22,2024-05-22,EXPIRED
CA04025,AC01830,CU04612,2192-6000-4126-6770,CREDIT,2020-08-04,2024-08-04,BLOCKED
CA04026,AC06306,CU00850,4375-1739-6207-5992,DEBIT,2025-03-18,2028-03-18,ACTIVE
CA04027,AC06856,CU00201,3248-9278-6182-4505,CREDIT,2020-08-24,2025-08-24,BLOCKED
CA04028,AC01513,CU04906,8357-8925-7129-8608,DEBIT,2021-03-17,2025-03-17,EXPIRED
CA04029,AC00383,CU00486,5290-6296-7186-4308,DEBIT,2024-10-13,2027-10-13,EXPIRED
CA04030,AC02734,CU01763,6335-7924-2847-3005,DEBIT,2025-07-09,2028-07-09,EXPIRED
CA04031,AC05172,CU02238,5917-6173-2338-3476,CREDIT,2023-03-10,2027-03-10,EXPIRED
CA04032,AC00157,CU03694,6301-2789-7573-4263,CREDIT,2024-12-21,2027-12-21,ACTIVE
CA04033,AC07835,CU03163,8360-3897-4721-3212,CREDIT,2024-09-24,2028-09-24,EXPIRED
CA04034,AC04804,CU02646,9418-0491-2723-5331,DEBIT,2025-06-10,2029-06-10,EXPIRED
CA04035,AC02307,CU04555,2875-0089-2652-6999,CREDIT,2020-04-15,2024-04-15,BLOCKED
CA04036,AC03672,CU00050,1889-7287-0012-1479,DEBIT,2023-02-24,2027-02-24,EXPIRED
CA04037,AC00211,CU04340,2531-9973-0092-6933,CREDIT,2024-10-25,2029-10-25,BLOCKED
CA04038,AC02078,CU04937,7044-5930-1554-9752,CREDIT,2025-10-01,2029-10-01,EXPIRED
CA04039,AC03304,CU01060,6686-1112-8924-3837,DEBIT,2023-09-26,2026-09-26,BLOCKED
CA04040,AC07066,CU04900,8066-6172-6281-7736,CREDIT,2021-06-28,2025-06-28,BLOCKED
CA04041,AC01906,CU03941,2734-7331-5889-0614,CREDIT,2024-11-05,2027-11-05,BLOCKED
CA04042,AC06630,CU02447,2714-1663-2989-7843,DEBIT,2020-01-24,2025-01-24,BLOCKED
CA04043,AC00183,CU01358,3310-6150-9956-5218,DEBIT,2020-06-12,2025-06-12,EXPIRED
CA04044,AC04452,CU00227,2833-9475-4940-6499,DEBIT,2022-05-11,2025-05-11,BLOCKED
CA04045,AC05973,CU02180,2936-4978-2239-4372,CREDIT,2022-08-26,2025-08-26,BLOCKED
CA04046,AC06882,CU04731,1781-0665-6206-3181,DEBIT,2023-10-13,2028-10-13,EXPIRED
CA04047,AC06271,CU03612,0813-2269-2556-9976,CREDIT,2022-08-04,2027-08-04,BLOCKED
CA04048,AC04905,CU04849,1323-7502-7412-0979,CREDIT,2024-10-01,2028-10-01,ACTIVE
CA04049,AC00617,CU04396,9233-2758-8716-5605,DEBIT,2025-05-01,2030-05-01,EXPIRED
CA04050,AC03247,CU03101,6498-3992-2112-3884,DEBIT,2021-10-23,2024-10-23,BLOCKED
CA04051,AC04960,CU02152,7195-3752-3472-7248,CREDIT,2025-03-15,2028-03-15,BLOCKED
CA04052,AC05778,CU01547,1605-3561-5907-3118,DEBIT,2025-09-19,2029-09-19,EXPIRED
CA04053,AC05694,CU00813,2366-6424-1096-1200,CREDIT,2023-03-12,2026-03-12,EXPIRED
CA04054,AC03929,CU02800,6029-4929-9863-7100,DEBIT,2020-03-13,2025-03-13,ACTIVE
CA04055,AC02010,CU04464,8366-3706-4405-1501,CREDIT,2022-03-29,2026-03-29,ACTIVE
CA04056,AC07092,CU01743,7536-6007-6071-0553,DEBIT,2023-05-08,2027-05-08,EXPIRED
CA04057,AC00857,CU00575,9865-0467-3537-9218,CREDIT,2020-06-02,2023-06-02,ACTIVE
CA04058,AC00962,CU00671,0960-0470-6033-4375,CREDIT,2025-04-27,2029-04-27,EXPIRED
CA04059,AC01924,CU01563,9097-9141-8477-8261,CREDIT,2024-01-09,2029-01-09,EXPIRED
CA04060,AC02906,CU04640,7526-6085-2291-8463,DEBIT,2023-10-22,2027-10-22,BLOCKED
CA04061,AC03933,CU02300,5991-0931-0238-1899,DEBIT,2025-06-13,2029-06-13,ACTIVE
CA04062,AC06714,CU03743,3425-5746-8314-8425,CREDIT,2023-12-15,2028-12-15,BLOCKED
CA04063,AC07296,CU02284,6562-4898-2346-4248,DEBIT,2024-12-23,2028-12-23,ACTIVE
CA04064,AC02685,CU00510,3256-2387-0683-2246,DEBIT,2024-06-21,2027-06-21,EXPIRED
CA04065,AC06980,CU04059,6488-0390-7275-7653,DEBIT,2022-10-03,2026-10-03,EXPIRED
CA04066,AC00744,CU00592,3603-3389-5760-9336,DEBIT,2021-09-03,2025-09-03,EXPIRED
CA04067,AC03055,CU04214,1175-0761-0991-8852,CREDIT,2024-01-27,2027-01-27,EXPIRED
CA04068,AC05688,CU03264,5925-7347-3084-2405,CREDIT,2025-02-20,2028-02-20,BLOCKED
CA04069,AC03300,CU01307,7971-7403-8168-4866,DEBIT,2025-11-06,2030-11-06,ACTIVE
CA04070,AC04533,CU01335,6052-1508-1460-2729,CREDIT,2024-08-01,2029-08-01,BLOCKED
CA04071,AC05122,CU00047,9811-1860-7945-1657,DEBIT,2024-10-18,2028-10-18,BLOCKED
CA04072,AC00822,CU01531,8257-8925-0546-8901,DEBIT,2024-11-20,2027-11-20,EXPIRED
CA04073,AC05466,CU04754,8452-5498-3419-3430,CREDIT,2024-03-20,2027-03-20,BLOCKED
CA04074,AC07603,CU00219,6806-3589-0661-4451,CREDIT,2020-09-10,2024-09-10,EXPIRED
CA04075,AC01651,CU00065,7343-3706-0585-8572,DEBIT,2023-09-16,2026-09-16,ACTIVE
CA04076,AC07604,CU02028,3299-8882-8719-2516,DEBIT,2021-06-12,2025-06-12,EXPIRED
CA04077,AC01101,CU02726,7975-0910-6398-6157,DEBIT,2021-04-14,2025-04-14,ACTIVE
CA04078,AC04495,CU03737,1104-9968-9125-3027,CREDIT,2020-04-21,2025-04-21,BLOCKED
CA04079,AC04939,CU03688,0432-9247-7346-4870,CREDIT,2023-07-27,2028-07-27,BLOCKED
CA04080,AC00664,CU03195,5103-5544-1406-7953,CREDIT,2021-09-02,2026-09-02,BLOCKED
CA04081,AC04281,CU01529,2563-2280-5889-7678,CREDIT,2024-05-06,2027-05-06,ACTIVE
CA04082,AC03575,CU01153,6570-3393-7680-3370,DEBIT,2025-03-20,2030-03-20,EXPIRED
CA04083,AC04261,CU04553,2338-5618-2000-7704,DEBIT,2021-12-22,2025-12-22,BLOCKED
CA04084,AC07299,CU00009,7412-1194-2599-5994,DEBIT,2021-10-27,2025-10-27,ACTIVE
CA04085,AC01752,CU02015,6180-7627-7829-8397,CREDIT,2024-08-14,2027-08-14,ACTIVE
CA04086,AC05884,CU02480,3701-2800-7143-1570,DEBIT,2020-08-19,2025-08-19,BLOCKED
CA04087,AC05714,CU02404,8368-3269-0148-6099,CREDIT,2020-08-03,2025-08-03,BLOCKED
CA04088,AC03924,CU00249,1157-7758-3733-7999,CREDIT,2024-09-26,2027-09-26,EXPIRED
CA04089,AC00265,CU03160,3746-9582-6136-8484,CREDIT,2025-06-29,2028-06-29,EXPIRED
CA04090,AC04621,CU04676,1270-9880-2977-9008,DEBIT,2023-09-27,2027-09-27,EXPIRED
CA04091,AC04694,CU02428,7683-5413-9976-8059,DEBIT,2022-11-22,2027-11-22,EXPIRED
CA04092,AC07983,CU00748,3126-2893-5045-2875,DEBIT,2025-06-17,2029-06-17,BLOCKED
CA04093,AC06995,CU02193,4288-5232-1582-0095,DEBIT,2024-03-08,2028-03-08,EXPIRED
CA04094,AC05776,CU01630,1258-9849-4895-1965,DEBIT,2024-08-26,2029-08-26,EXPIRED
CA04095,AC02430,CU02575,3005-4022-4159-9565,DEBIT,2024-08-21,2027-08-21,BLOCKED
CA04096,AC03341,CU04864,2411-2268-4834-5385,DEBIT,2023-09-06,2026-09-06,EXPIRED
CA04097,AC07858,CU01317,1743-4030-7006-8881,DEBIT,2020-04-15,2025-04-15,EXPIRED
CA04098,AC00188,CU01435,9995-8686-1300-6597,CREDIT,2022-05-30,2026-05-30,EXPIRED
CA04099,AC04864,CU04469,2080-9408-2335-3647,CREDIT,2022-06-26,2026-06-26,ACTIVE
CA04100,AC00655,CU04044,1422-8029-2012-7342,DEBIT,2021-07-23,2026-07-23,EXPIRED
CA04101,AC03290,CU03146,0836-5097-0071-9301,DEBIT,2025-02-25,2028-02-25,BLOCKED
CA04102,AC07999,CU01791,0502-4480-2888-5341,CREDIT,2022-01-27,2026-01-27,EXPIRED
CA04103,AC05877,CU01093,6876-7563-1165-4172,CREDIT,2022-10-22,2025-10-22,ACTIVE
CA04104,AC02460,CU04056,5658-0137-4542-6256,DEBIT,2025-06-28,2030-06-28,EXPIRED
CA04105,AC01871,CU00747,3206-1178-1566-5064,DEBIT,2022-02-27,2025-02-27,BLOCKED
CA04106,AC00983,CU01604,6330-0504-6400-6158,DEBIT,2024-08-14,2029-08-14,ACTIVE
CA04107,AC02448,CU01514,3653-8769-2562-2157,CREDIT,2020-05-16,2023-05-16,ACTIVE
CA04108,AC03644,CU02987,9371-7503-3557-8948,CREDIT,2021-08-02,2025-08-02,BLOCKED
CA04109,AC00993,CU02934,1633-9517-2446-2910,DEBIT,2023-12-13,2027-12-13,ACTIVE
CA04110,AC03083,CU04807,8794-0674-8421-6011,DEBIT,2020-04-22,2023-04-22,BLOCKED
CA04111,AC04786,CU04431,1389-8820-2749-4216,CREDIT,2020-05-31,2024-05-31,BLOCKED
CA04112,AC06925,CU01134,4096-4647-6693-1744,DEBIT,2025-03-28,2030-03-28,ACTIVE
CA04113,AC01998,CU04635,2068-5770-9530-1436,CREDIT,2023-08-08,2026-08-08,BLOCKED
CA04114,AC00284,CU00536,8567-9160-4641-2763,DEBIT,2025-06-04,2030-06-04,BLOCKED
CA04115,AC02764,CU02477,6937-2527-3707-7684,DEBIT,2020-05-13,2023-05-13,EXPIRED
CA04116,AC05340,CU02801,0701-1058-1671-6051,CREDIT,2024-04-21,2029-04-21,ACTIVE
CA04117,AC05844,CU00140,7012-5437-5683-5842,DEBIT,2022-09-08,2027-09-08,BLOCKED
CA04118,AC00020,CU04356,5461-0846-1393-5939,CREDIT,2023-10-09,2028-10-09,BLOCKED
CA04119,AC06755,CU04127,0183-8639-3689-7671,DEBIT,2025-01-10,2029-01-10,ACTIVE
CA04120,AC07086,CU03082,4004-5280-5824-4603,CREDIT,2021-03-06,2024-03-06,ACTIVE
CA04121,AC00319,CU03869,8258-4638-7556-0171,CREDIT,2022-12-02,2027-12-02,ACTIVE
CA04122,AC04076,CU01095,9041-6730-2059-6799,CREDIT,2025-02-19,2029-02-19,BLOCKED
CA04123,AC07592,CU02845,6657-2727-5971-0402,DEBIT,2025-07-29,2030-07-29,BLOCKED
CA04124,AC01965,CU03995,8365-7118-6981-7439,DEBIT,2021-01-22,2026-01-22,EXPIRED
CA04125,AC05554,CU00720,2312-7906-4609-2323,DEBIT,2023-01-16,2027-01-16,EXPIRED
CA04126,AC02165,CU04509,2033-5317-1235-9290,DEBIT,2021-10-20,2026-10-20,EXPIRED
CA04127,AC05810,CU02004,1432-6857-5479-7706,CREDIT,2021-04-05,2026-04-05,BLOCKED
CA04128,AC02116,CU00163,9996-9310-2562-0312,DEBIT,2022-06-11,2026-06-11,ACTIVE
CA04129,AC07077,CU00901,8381-2294-4273-1019,DEBIT,2024-12-03,2027-12-03,ACTIVE
CA04130,AC02660,CU00019,4877-4095-9264-5781,CREDIT,2021-02-27,2024-02-27,EXPIRED
CA04131,AC03069,CU03685,7773-0133-8276-2344,CREDIT,2024-10-15,2029-10-15,BLOCKED
CA04132,AC07957,CU02530,5086-0557-1707-8432,DEBIT,2025-01-19,2029-01-19,ACTIVE
CA04133,AC03810,CU00048,0133-1136-4410-4142,CREDIT,2022-07-05,2026-07-05,EXPIRED
CA04134,AC05685,CU04975,6064-6090-2470-2449,DEBIT,2025-10-14,2030-10-14,BLOCKED
CA04135,AC06208,CU00073,9599-8047-2744-4186,DEBIT,2021-11-18,2025-11-18,BLOCKED
CA04136,AC04578,CU04201,8840-1867-0389-6760,DEBIT,2025-06-11,2028-06-11,EXPIRED
CA04137,AC05202,CU00270,5567-4336-4776-4386,DEBIT,2022-11-01,2025-11-01,BLOCKED
CA04138,AC05628,CU00285,8542-6242-0699-4102,DEBIT,2025-08-02,2030-08-02,EXPIRED
CA04139,AC00950,CU02591,3278-8720-2126-9339,CREDIT,2023-11-22,2026-11-22,BLOCKED
CA04140,AC04623,CU03246,7252-8207-0943-7771,CREDIT,2020-12-09,2025-12-09,ACTIVE
CA04141,AC00566,CU00999,4506-7343-4136-6616,DEBIT,2021-05-28,2026-05-28,BLOCKED
CA04142,AC05509,CU02957,5769-0622-4857-6516,DEBIT,2024-10-07,2027-10-07,EXPIRED
CA04143,AC01344,CU00531,2401-9760-6628-9389,DEBIT,2022-06-23,2027-06-23,BLOCKED
CA04144,AC01333,CU02312,9809-6416-7498-2671,CREDIT,2021-12-11,2025-12-11,BLOCKED
CA04145,AC03220,CU02872,2267-2715-5350-6704,CREDIT,2023-11-26,2026-11-26,ACTIVE
CA04146,AC02063,CU02453,9486-7851-8635-4065,CREDIT,2022-01-01,2027-01-01,ACTIVE
CA04147,AC02559,CU01171,3281-8478-3736-7644,CREDIT,2022-03-15,2027-03-15,ACTIVE
CA04148,AC00620,CU01164,9860-6311-4141-3092,DEBIT,2021-04-20,2024-04-20,ACTIVE
CA04149,AC01293,CU02197,5429-1802-4301-2373,CREDIT,2025-08-14,2028-08-14,ACTIVE
CA04150,AC06990,CU04073,7752-7257-9316-5131,CREDIT,2022-01-23,2026-01-23,BLOCKED
CA04151,AC04531,CU00656,2123-2736-5316-9334,CREDIT,2023-12-10,2027-12-10,ACTIVE
CA04152,AC04910,CU03838,1617-9511-4705-0250,DEBIT,2021-03-12,2026-03-12,BLOCKED
CA04153,AC07944,CU02801,5902-7915-6668-3820,CREDIT,2021-10-13,2024-10-13,EXPIRED
CA04154,AC02651,CU02168,6675-9395-7914-6187,DEBIT,2020-07-11,2025-07-11,ACTIVE
CA04155,AC06462,CU03683,5362-8744-7001-0942,CREDIT,2021-02-11,2025-02-11,ACTIVE
CA04156,AC01342,CU00097,0698-9700-5596-2546,DEBIT,2024-07-14,2029-07-14,ACTIVE
CA04157,AC05855,CU03967,9981-5188-1356-6237,CREDIT,2023-01-21,2027-01-21,BLOCKED
CA04158,AC06365,CU04126,9708-6999-8844-4723,CREDIT,2024-05-24,2027-05-24,EXPIRED
CA04159,AC01917,CU04298,7659-6314-2878-1441,DEBIT,2023-11-07,2027-11-07,EXPIRED
CA04160,AC01379,CU04478,0216-9807-5803-8354,DEBIT,2025-03-21,2028-03-21,BLOCKED
CA04161,AC05616,CU00574,7520-4273-7575-1782,DEBIT,2022-03-17,2026-03-17,BLOCKED
CA04162,AC04582,CU02420,7479-9619-9192-7681,DEBIT,2021-09-05,2025-09-05,BLOCKED
CA04163,AC05175,CU02017,2892-5197-8574-0751,DEBIT,2020-01-04,2025-01-04,BLOCKED
CA04164,AC04092,CU04661,6440-0465-9547-0035,DEBIT,2021-02-24,2026-02-24,EXPIRED
CA04165,AC04062,CU04634,1885-5022-8668-7882,DEBIT,2025-04-02,2028-04-02,ACTIVE
CA04166,AC03137,CU04757,4047-6167-8907-9701,CREDIT,2020-10-08,2025-10-08,ACTIVE
CA04167,AC05726,CU03858,7609-5923-8476-4937,DEBIT,2025-10-17,2030-10-17,BLOCKED
CA04168,AC04988,CU02663,1932-6660-5453-7781,DEBIT,2024-09-30,2029-09-30,BLOCKED
CA04169,AC07490,CU01102,9603-1702-6507-8444,CREDIT,2023-06-24,2027-06-24,EXPIRED
CA04170,AC03182,CU02644,2218-6591-6488-8525,DEBIT,2020-05-24,2024-05-24,ACTIVE
CA04171,AC03975,CU02760,8836-9728-0492-1059,DEBIT,2021-02-17,2025-02-17,EXPIRED
CA04172,AC05363,CU02986,1633-7708-7176-2534,CREDIT,2021-01-02,2026-01-02,BLOCKED
CA04173,AC00263,CU03857,3968-9069-2472-3642,CREDIT,2022-07-31,2026-07-31,BLOCKED
CA04174,AC01073,CU02818,9794-6457-0034-6555,DEBIT,2024-09-01,2029-09-01,ACTIVE
CA04175,AC05357,CU00239,9341-3213-4501-0797,DEBIT,2025-09-23,2030-09-23,ACTIVE
CA04176,AC06007,CU02784,3583-1660-0510-4658,CREDIT,2023-07-26,2028-07-26,ACTIVE
CA04177,AC01721,CU01170,2273-7035-5496-6201,CREDIT,2021-04-30,2024-04-30,EXPIRED
CA04178,AC00668,CU01379,9222-6044-4212-0894,CREDIT,2024-05-16,2029-05-16,ACTIVE
CA04179,AC03692,CU01664,8747-7312-4067-3676,CREDIT,2022-10-12,2025-10-12,EXPIRED
CA04180,AC02283,CU03151,6983-8728-8832-9188,CREDIT,2023-06-03,2028-06-03,BLOCKED
CA04181,AC03448,CU02229,2887-1293-6266-2392,CREDIT,2021-11-26,2024-11-26,ACTIVE
CA04182,AC05867,CU02371,8732-8877-4460-8418,CREDIT,2023-08-26,2028-08-26,BLOCKED
CA04183,AC02156,CU01032,4410-9801-3535-3233,CREDIT,2023-03-17,2026-03-17,BLOCKED
CA04184,AC04365,CU03540,2458-7898-8847-7886,DEBIT,2025-02-19,2029-02-19,EXPIRED
CA04185,AC01247,CU00597,6712-9773-5841-3578,DEBIT,2020-12-18,2024-12-18,BLOCKED
CA04186,AC01623,CU02326,8707-0064-0744-7790,CREDIT,2025-09-03,2028-09-03,ACTIVE
CA04187,AC00286,CU02142,0415-5798-0204-1717,DEBIT,2023-03-06,2026-03-06,BLOCKED
CA04188,AC00248,CU00438,8975-0401-0580-5276,DEBIT,2021-11-22,2024-11-22,BLOCKED
CA04189,AC01166,CU02689,4444-0500-6051-8835,DEBIT,2021-08-10,2024-08-10,ACTIVE
CA04190,AC06415,CU01523,7193-6297-1800-8275,DEBIT,2023-03-16,2026-03-16,EXPIRED
CA04191,AC02540,CU01545,2911-9829-3046-9153,DEBIT,2022-01-18,2026-01-18,EXPIRED
CA04192,AC07826,CU04865,5633-9361-5866-5038,CREDIT,2020-04-24,2024-04-24,BLOCKED
CA04193,AC01362,CU00260,0053-2543-2339-0269,DEBIT,2020-01-24,2024-01-24,ACTIVE
CA04194,AC01903,CU00744,0504-5565-8590-5541,DEBIT,2024-07-12,2027-07-12,BLOCKED
CA04195,AC04225,CU03381,3899-9048-1118-7603,DEBIT,2023-01-07,2027-01-07,BLOCKED
CA04196,AC05994,CU01039,9285-9395-5052-3899,DEBIT,2024-12-29,2028-12-29,EXPIRED
CA04197,AC03337,CU01251,5347-4519-4715-4118,DEBIT,2024-06-13,2029-06-13,EXPIRED
CA04198,AC04420,CU02205,7324-7006-3468-1516,DEBIT,2025-04-07,2029-04-07,ACTIVE
CA04199,AC07871,CU00410,4849-5165-8205-7425,CREDIT,2021-09-28,2026-09-28,BLOCKED
CA04200,AC03911,CU00940,0249-1859-8504-4931,DEBIT,2025-01-23,2029-01-23,ACTIVE
CA04201,AC02147,CU00070,3187-6266-9976-1320,DEBIT,2020-04-12,2024-04-12,EXPIRED
CA04202,AC01358,CU00394,2562-8747-9520-1806,CREDIT,2023-06-13,2028-06-13,EXPIRED
CA04203,AC04771,CU04049,4624-7202-5279-6358,DEBIT,2025-10-03,2028-10-03,EXPIRED
CA04204,AC06614,CU01156,1999-0764-8953-1613,CREDIT,2022-05-29,2027-05-29,EXPIRED
CA04205,AC06607,CU01809,4248-9973-7550-8668,CREDIT,2022-02-21,2027-02-21,ACTIVE
CA04206,AC02847,CU03453,6361-4724-6397-7335,CREDIT,2021-05-15,2026-05-15,BLOCKED
CA04207,AC05861,CU01663,9648-3238-9536-1569,CREDIT,2024-11-06,2029-11-06,BLOCKED
CA04208,AC03605,CU04118,4332-7370-2040-1304,DEBIT,2020-10-26,2024-10-26,EXPIRED
CA04209,AC01058,CU00280,6414-8427-5746-2145,DEBIT,2020-01-11,2023-01-11,EXPIRED
CA04210,AC06801,CU03174,0652-3301-4710-8672,CREDIT,2022-07-11,2025-07-11,ACTIVE
CA04211,AC04124,CU00218,7969-0961-2679-4946,DEBIT,2025-01-16,2028-01-16,ACTIVE
CA04212,AC01117,CU04905,5719-7196-5125-7887,DEBIT,2024-04-21,2027-04-21,ACTIVE
CA04213,AC00431,CU03134,2219-3593-1761-5425,CREDIT,2024-05-10,2029-05-10,ACTIVE
CA04214,AC02339,CU02836,6146-6046-0499-2687,CREDIT,2025-04-25,2028-04-25,EXPIRED
CA04215,AC06291,CU00378,3239-2318-3378-1355,CREDIT,2025-06-08,2030-06-08,BLOCKED
CA04216,AC05805,CU04986,5800-4410-1466-3099,DEBIT,2023-04-14,2027-04-14,EXPIRED
CA04217,AC05400,CU03287,8815-2708-0401-5875,CREDIT,2024-05-07,2029-05-07,BLOCKED
CA04218,AC03229,CU04316,9443-8266-2608-3513,DEBIT,2022-10-01,2027-10-01,ACTIVE
CA04219,AC07410,CU02294,3848-1133-4551-6054,CREDIT,2023-08-06,2028-08-06,BLOCKED
CA04220,AC01203,CU00445,4237-9141-7123-8814,CREDIT,2024-03-11,2028-03-11,ACTIVE
CA04221,AC03230,CU01974,9780-0883-3712-7343,DEBIT,2023-06-26,2026-06-26,ACTIVE
CA04222,AC06464,CU00188,7808-3799-0647-3327,CREDIT,2022-03-13,2025-03-13,BLOCKED
CA04223,AC00273,CU04041,5221-8107-9775-5698,DEBIT,2022-04-07,2026-04-07,EXPIRED
CA04224,AC00365,CU04110,0052-4710-9504-4092,DEBIT,2023-01-23,2027-01-23,EXPIRED
CA04225,AC00897,CU00345,8408-3996-1046-8844,DEBIT,2022-05-30,2026-05-30,ACTIVE
CA04226,AC00960,CU00312,0706-3915-0802-8094,CREDIT,2024-12-23,2029-12-23,EXPIRED
CA04227,AC06674,CU02938,6999-4432-2493-8185,DEBIT,2021-10-14,2026-10-14,BLOCKED
CA04228,AC00821,CU01711,6826-6511-7005-7683,CREDIT,2020-01-29,2025-01-29,ACTIVE
CA04229,AC04975,CU04755,3693-0351-7075-7617,DEBIT,2023-05-20,2028-05-20,BLOCKED
CA04230,AC06027,CU03706,9176-2662-2003-6260,CREDIT,2023-08-23,2027-08-23,BLOCKED
CA04231,AC01410,CU04142,0933-8311-2208-3104,DEBIT,2022-04-11,2026-04-11,ACTIVE
CA04232,AC02584,CU03534,8346-9067-8392-2293,CREDIT,2023-04-24,2028-04-24,EXPIRED
CA04233,AC06326,CU02803,0691-1329-8669-8779,DEBIT,2023-01-14,2027-01-14,ACTIVE
CA04234,AC00285,CU01991,8769-9452-9067-9523,DEBIT,2024-08-03,2027-08-03,EXPIRED
CA04235,AC02805,CU00870,5377-0375-8912-9308,CREDIT,2024-02-16,2027-02-16,ACTIVE
CA04236,AC01114,CU02362,3406-1476-7188-4082,DEBIT,2024-02-26,2028-02-26,EXPIRED
CA04237,AC02779,CU00770,1429-5617-7706-2072,CREDIT,2021-01-19,2026-01-19,BLOCKED
CA04238,AC07594,CU03646,5726-4649-5729-6164,DEBIT,2020-05-05,2023-05-05,ACTIVE
CA04239,AC05564,CU00723,3808-8848-8301-1582,CREDIT,2023-08-01,2026-08-01,BLOCKED
CA04240,AC00377,CU03967,9480-7347-2615-6841,DEBIT,2022-08-05,2026-08-05,ACTIVE
CA04241,AC01920,CU00638,1957-9008-4462-8040,CREDIT,2021-09-27,2025-09-27,EXPIRED
CA04242,AC02883,CU03419,7042-3249-2373-3022,DEBIT,2020-11-12,2025-11-12,BLOCKED
CA04243,AC05851,CU01717,4528-3431-3719-8183,CREDIT,2023-06-16,2027-06-16,BLOCKED
CA04244,AC07898,CU01075,1329-5130-6007-7808,DEBIT,2020-03-21,2023-03-21,ACTIVE
CA04245,AC01463,CU00504,5309-0526-9137-2331,DEBIT,2024-11-17,2029-11-17,EXPIRED
CA04246,AC07191,CU01848,9879-2516-6051-0546,CREDIT,2024-10-23,2029-10-23,EXPIRED
CA04247,AC06506,CU00263,6030-7601-0475-8943,DEBIT,2022-08-19,2026-08-19,BLOCKED
CA04248,AC03114,CU02939,0799-7437-9458-1888,CREDIT,2024-08-11,2028-08-11,EXPIRED
CA04249,AC07386,CU04286,1965-9593-8905-7226,CREDIT,2024-07-06,2029-07-06,BLOCKED
CA04250,AC02880,CU02855,1005-7545-7308-7110,CREDIT,2023-03-23,2026-03-23,BLOCKED
CA04251,AC04669,CU01229,2637-5456-9863-2078,DEBIT,2025-03-24,2029-03-24,EXPIRED
CA04252,AC05729,CU04076,9114-1035-0266-0036,CREDIT,2024-07-23,2029-07-23,EXPIRED
CA04253,AC01703,CU01096,1136-9449-1030-3316,CREDIT,2024-07-03,2027-07-03,EXPIRED
CA04254,AC07431,CU03945,2674-7685-6407-5297,CREDIT,2020-11-05,2024-11-05,BLOCKED
CA04255,AC00084,CU02558,3025-4360-9204-8613,CREDIT,2020-04-12,2023-04-12,EXPIRED
CA04256,AC05817,CU03184,7814-3081-3579-7510,CREDIT,2021-12-18,2026-12-18,ACTIVE
CA04257,AC06363,CU02179,6729-8176-8286-5729,CREDIT,2020-03-24,2023-03-24,BLOCKED
CA04258,AC04618,CU01079,8625-8030-2136-2597,CREDIT,2023-07-22,2027-07-22,EXPIRED
CA04259,AC04866,CU00197,0937-7546-4773-6915,DEBIT,2024-10-27,2028-10-27,EXPIRED
CA04260,AC00667,CU03238,6102-2953-8710-0370,CREDIT,2023-06-30,2028-06-30,EXPIRED
CA04261,AC07951,CU00765,5932-9616-4891-1413,CREDIT,2021-09-03,2025-09-03,BLOCKED
CA04262,AC03084,CU03832,2934-2626-1242-8943,CREDIT,2021-02-23,2024-02-23,EXPIRED
CA04263,AC07197,CU00233,4553-8426-2722-2214,CREDIT,2022-09-30,2026-09-30,BLOCKED
CA04264,AC01575,CU00485,7764-2940-1525-4968,CREDIT,2021-01-02,2024-01-02,BLOCKED
CA04265,AC06748,CU01595,1822-8946-6343-2993,DEBIT,2021-10-04,2026-10-04,EXPIRED
CA04266,AC02567,CU04230,6966-0317-1165-2568,CREDIT,2023-08-31,2028-08-31,BLOCKED
CA04267,AC00134,CU01915,5644-8979-6383-5265,DEBIT,2023-06-18,2028-06-18,ACTIVE
CA04268,AC06455,CU01149,5720-8244-9435-1239,CREDIT,2023-11-26,2026-11-26,EXPIRED
CA04269,AC02603,CU00649,1515-1637-2618-3522,DEBIT,2023-05-04,2026-05-04,BLOCKED
CA04270,AC02091,CU01283,9404-5099-4172-6292,DEBIT,2020-05-04,2025-05-04,EXPIRED
CA04271,AC01808,CU03283,8192-1116-3876-7813,DEBIT,2022-11-06,2025-11-06,ACTIVE
CA04272,AC01438,CU04762,9990-6001-9907-2275,DEBIT,2025-10-17,2029-10-17,BLOCKED
CA04273,AC06998,CU00136,3599-9633-5102-8714,CREDIT,2022-07-07,2026-07-07,BLOCKED
CA04274,AC08000,CU03288,8999-3472-4335-5617,DEBIT,2020-04-25,2024-04-25,EXPIRED
CA04275,AC02067,CU03528,5151-8314-7053-5694,DEBIT,2021-07-29,2026-07-29,BLOCKED
CA04276,AC02615,CU04689,2049-5760-9696-8383,DEBIT,2020-11-20,2025-11-20,ACTIVE
CA04277,AC06687,CU04891,9181-7855-8847-5917,DEBIT,2021-08-24,2024-08-24,ACTIVE
CA04278,AC05187,CU03537,5347-3401-2393-9047,CREDIT,2022-04-01,2025-04-01,BLOCKED
CA04279,AC05390,CU03112,8224-8344-3917-5416,DEBIT,2022-09-05,2025-09-05,BLOCKED
CA04280,AC05129,CU04919,2600-8370-9823-6051,DEBIT,2024-01-08,2027-01-08,BLOCKED
CA04281,AC00323,CU01277,5430-4178-8275-9889,DEBIT,2025-03-31,2029-03-31,BLOCKED
CA04282,AC02035,CU04767,7992-3716-9947-5446,CREDIT,2022-01-25,2025-01-25,EXPIRED
CA04283,AC01610,CU00868,1163-0135-3708-0612,CREDIT,2024-05-03,2027-05-03,ACTIVE
CA04284,AC04177,CU02813,3233-0881-1139-4101,CREDIT,2022-01-09,2027-01-09,BLOCKED
CA04285,AC04952,CU00328,9077-5044-4016-9441,DEBIT,2024-04-05,2029-04-05,BLOCKED
CA04286,AC04375,CU02460,0221-4657-1191-1024,DEBIT,2024-08-24,2027-08-24,EXPIRED
CA04287,AC05735,CU03026,7996-2812-3717-2322,CREDIT,2022-12-24,2027-12-24,ACTIVE
CA04288,AC00681,CU04821,7811-1245-5093-8640,DEBIT,2024-01-27,2027-01-27,EXPIRED
CA04289,AC06410,CU00889,7797-6426-0869-1461,CREDIT,2023-06-02,2027-06-02,BLOCKED
CA04290,AC06096,CU01835,0807-4274-6791-0800,DEBIT,2024-06-29,2029-06-29,ACTIVE
CA04291,AC03301,CU03947,3454-1343-6150-9516,DEBIT,2022-08-29,2027-08-29,BLOCKED
CA04292,AC02050,CU01428,2922-5091-7024-4642,DEBIT,2021-06-07,2026-06-07,BLOCKED
CA04293,AC07565,CU01786,1714-3127-6850-6244,CREDIT,2023-08-12,2028-08-12,BLOCKED
CA04294,AC03263,CU02604,6988-4529-1229-8387,CREDIT,2021-01-08,2024-01-08,EXPIRED
CA04295,AC05471,CU01017,6669-6374-0817-5900,DEBIT,2025-07-17,2029-07-17,EXPIRED
CA04296,AC03879,CU04152,2913-8602-6197-3388,DEBIT,2021-07-18,2025-07-18,ACTIVE
CA04297,AC07616,CU04973,3913-4505-3261-8159,DEBIT,2020-10-17,2024-10-17,ACTIVE
CA04298,AC06058,CU01160,6725-9623-3601-2054,DEBIT,2024-09-25,2029-09-25,ACTIVE
CA04299,AC03718,CU00429,5403-5982-6053-2316,DEBIT,2025-06-17,2030-06-17,ACTIVE
CA04300,AC04502,CU02092,3694-2976-6820-0360,CREDIT,2021-03-04,2025-03-04,EXPIRED
CA04301,AC05951,CU01973,7765-8030-7472-7022,DEBIT,2025-11-19,2028-11-19,EXPIRED
CA04302,AC07107,CU03269,0125-5971-4666-5430,CREDIT,2022-06-06,2027-06-06,EXPIRED
CA04303,AC04013,CU00513,4135-0771-3257-0534,DEBIT,2021-01-18,2026-01-18,EXPIRED
CA04304,AC00097,CU04359,6234-7155-5092-4179,CREDIT,2025-11-04,2030-11-04,ACTIVE
CA04305,AC07550,CU02668,3676-3215-6450-2236,DEBIT,2022-03-28,2027-03-28,EXPIRED
CA04306,AC03836,CU03606,7651-7870-7302-4945,DEBIT,2024-04-04,2029-04-04,EXPIRED
CA04307,AC04196,CU03076,7736-2386-1470-1189,CREDIT,2021-08-02,2024-08-02,ACTIVE
CA04308,AC04223,CU00392,1069-4415-9484-5588,DEBIT,2023-09-28,2028-09-28,ACTIVE
CA04309,AC01384,CU04820,5192-6466-8440-0033,DEBIT,2020-04-22,2023-04-22,BLOCKED
CA04310,AC03113,CU01831,4064-1423-6021-2430,DEBIT,2024-12-09,2029-12-09,ACTIVE
CA04311,AC04232,CU04715,3416-6192-0189-7999,CREDIT,2023-03-05,2027-03-05,ACTIVE
CA04312,AC06770,CU04397,7520-5884-4794-4207,CREDIT,2025-02-06,2028-02-06,ACTIVE
CA04313,AC04487,CU01231,4336-2218-4870-8497,DEBIT,2020-11-27,2025-11-27,BLOCKED
CA04314,AC00470,CU00410,2086-8999-7782-3663,CREDIT,2021-01-10,2026-01-10,EXPIRED
CA04315,AC02877,CU02000,4604-6325-3184-7827,DEBIT,2025-11-03,2029-11-03,ACTIVE
CA04316,AC07791,CU00807,7315-5223-8066-6075,DEBIT,2020-02-20,2025-02-20,BLOCKED
CA04317,AC00595,CU03915,6747-0788-5456-9904,CREDIT,2024-07-26,2029-07-26,EXPIRED
CA04318,AC00861,CU01558,8513-8521-9627-5651,DEBIT,2022-06-11,2027-06-11,BLOCKED
CA04319,AC06869,CU04002,7337-9853-8769-1456,DEBIT,2020-07-12,2025-07-12,BLOCKED
CA04320,AC03161,CU03215,1986-0627-4990-7639,CREDIT,2023-10-19,2027-10-19,ACTIVE
CA04321,AC03167,CU03498,1665-3840-7800-3998,CREDIT,2024-03-06,2027-03-06,EXPIRED
CA04322,AC05336,CU02341,3763-9904-9209-7706,DEBIT,2022-10-26,2027-10-26,BLOCKED
CA04323,AC05991,CU03154,7183-6330-6825-0427,CREDIT,2021-11-04,2024-11-04,ACTIVE
CA04324,AC00165,CU00541,9738-5674-6565-5159,DEBIT,2023-02-27,2028-02-27,BLOCKED
CA04325,AC06636,CU00814,5169-5847-6006-7434,CREDIT,2023-02-13,2028-02-13,EXPIRED
CA04326,AC07916,CU02425,4888-6474-1067-8047,DEBIT,2024-02-29,2029-02-28,ACTIVE
CA04327,AC05402,CU03372,5035-7377-2713-9687,CREDIT,2021-09-19,2026-09-19,BLOCKED
CA04328,AC06082,CU01149,2757-6787-2479-5591,DEBIT,2025-12-13,2030-12-13,EXPIRED
CA04329,AC03123,CU03719,8462-0729-1778-2029,CREDIT,2022-03-22,2027-03-22,EXPIRED
CA04330,AC00196,CU04577,1469-2049-3629-1747,DEBIT,2024-05-28,2028-05-28,ACTIVE
CA04331,AC00547,CU04912,5164-6945-7967-0528,CREDIT,2024-12-17,2028-12-17,BLOCKED
CA04332,AC05479,CU00046,6061-1974-0036-0269,CREDIT,2025-05-23,2030-05-23,EXPIRED
CA04333,AC07202,CU03671,9454-5719-0839-3815,DEBIT,2022-09-16,2026-09-16,EXPIRED
CA04334,AC04536,CU04081,8398-1535-2761-4490,CREDIT,2024-02-14,2029-02-14,BLOCKED
CA04335,AC05304,CU02652,3614-9900-0754-4557,DEBIT,2022-06-08,2025-06-08,EXPIRED
CA04336,AC05182,CU00837,7730-0085-8327-5120,DEBIT,2022-12-08,2025-12-08,EXPIRED
CA04337,AC01973,CU03901,3994-1325-7117-7408,CREDIT,2025-03-30,2029-03-30,EXPIRED
CA04338,AC04558,CU02921,6237-0926-4133-4046,DEBIT,2021-02-03,2026-02-03,ACTIVE
CA04339,AC01474,CU00459,0674-5323-1752-4974,CREDIT,2021-10-28,2024-10-28,BLOCKED
CA04340,AC06805,CU00364,1613-1303-0154-1726,DEBIT,2020-12-13,2024-12-13,BLOCKED
CA04341,AC04700,CU01082,8541-2339-4019-2775,DEBIT,2025-03-29,2030-03-29,BLOCKED
CA04342,AC04466,CU00587,2996-7177-9390-9141,CREDIT,2022-08-19,2026-08-19,ACTIVE
CA04343,AC04966,CU04805,1795-9382-0904-6432,DEBIT,2024-11-14,2027-11-14,BLOCKED
CA04344,AC00589,CU04982,2234-3569-2960-3564,DEBIT,2020-04-02,2023-04-02,EXPIRED
CA04345,AC05003,CU03034,1383-7525-8741-1817,DEBIT,2025-08-16,2029-08-16,ACTIVE
CA04346,AC06345,CU02580,8976-0732-9860-3475,CREDIT,2024-06-07,2029-06-07,ACTIVE
CA04347,AC07709,CU02161,6473-1429-1171-2261,CREDIT,2022-07-14,2027-07-14,EXPIRED
CA04348,AC03207,CU02574,9407-5566-1742-7341,CREDIT,2025-10-08,2030-10-08,BLOCKED
CA04349,AC06022,CU01197,1179-5937-6567-1612,DEBIT,2022-11-02,2025-11-02,ACTIVE
CA04350,AC02718,CU04581,8046-4178-1110-0789,DEBIT,2025-06-26,2029-06-26,ACTIVE
CA04351,AC02194,CU01603,2483-3104-2820-1837,DEBIT,2022-06-19,2026-06-19,ACTIVE
CA04352,AC07703,CU03428,1586-0106-3385-3057,CREDIT,2021-04-14,2024-04-14,ACTIVE
CA04353,AC01869,CU02526,3517-8057-8156-8135,DEBIT,2022-02-17,2025-02-17,EXPIRED
CA04354,AC06549,CU01742,4892-1470-5559-0070,DEBIT,2024-11-08,2028-11-08,EXPIRED
CA04355,AC01029,CU03653,5761-5623-6355-3348,CREDIT,2023-07-23,2027-07-23,BLOCKED
CA04356,AC01620,CU00146,1921-6583-6694-2811,DEBIT,2022-04-27,2026-04-27,BLOCKED
CA04357,AC00611,CU00361,6191-1791-2346-5372,DEBIT,2022-04-12,2025-04-12,EXPIRED
CA04358,AC05366,CU00440,4597-9414-1020-1017,DEBIT,2021-07-24,2025-07-24,BLOCKED
CA04359,AC00738,CU04447,2534-4635-9743-9757,CREDIT,2024-10-15,2028-10-15,BLOCKED
CA04360,AC06652,CU02347,7585-9006-2685-2766,CREDIT,2021-12-07,2025-12-07,BLOCKED
CA04361,AC07704,CU00087,6926-7119-5168-4024,DEBIT,2022-04-26,2025-04-26,ACTIVE
CA04362,AC06896,CU03905,3331-5424-3035-0379,CREDIT,2022-04-24,2026-04-24,EXPIRED
CA04363,AC00786,CU02283,2682-0445-9275-1504,DEBIT,2023-03-29,2026-03-29,EXPIRED
CA04364,AC00067,CU03150,8817-3004-1632-1858,DEBIT,2023-05-18,2026-05-18,EXPIRED
CA04365,AC01103,CU04031,1737-9935-5131-4932,CREDIT,2025-02-11,2028-02-11,ACTIVE
CA04366,AC06189,CU02364,6878-7941-7364-4996,DEBIT,2025-05-15,2028-05-15,BLOCKED
CA04367,AC00817,CU00901,3596-6586-0044-2500,CREDIT,2025-04-25,2030-04-25,BLOCKED
CA04368,AC07369,CU03076,5957-2535-7586-8154,DEBIT,2023-07-30,2026-07-30,ACTIVE
CA04369,AC00432,CU03935,7668-6267-0856-3461,DEBIT,2024-09-14,2028-09-14,BLOCKED
CA04370,AC04371,CU04524,5796-7695-0021-9893,CREDIT,2024-10-22,2029-10-22,ACTIVE
CA04371,AC04850,CU00629,2686-9691-9494-5540,DEBIT,2022-04-03,2025-04-03,BLOCKED
CA04372,AC02159,CU04960,5704-0996-4483-1100,CREDIT,2024-05-28,2027-05-28,BLOCKED
CA04373,AC05288,CU03414,0105-9087-5004-6099,CREDIT,2020-01-16,2024-01-16,ACTIVE
CA04374,AC02043,CU03135,9775-9147-8497-5210,DEBIT,2021-05-31,2026-05-31,BLOCKED
CA04375,AC01337,CU00246,5680-7126-5323-9893,CREDIT,2022-04-30,2026-04-30,BLOCKED
CA04376,AC06439,CU00590,2997-6064-5668-3254,DEBIT,2020-09-10,2024-09-10,ACTIVE
CA04377,AC06723,CU03530,1382-8682-1648-6050,CREDIT,2022-07-30,2026-07-30,EXPIRED
CA04378,AC02272,CU00623,9934-5827-7898-8369,DEBIT,2020-06-09,2025-06-09,BLOCKED
CA04379,AC05470,CU03679,0972-6166-6770-9613,CREDIT,2024-12-26,2029-12-26,EXPIRED
CA04380,AC03926,CU03887,4300-0014-4116-3384,CREDIT,2025-06-02,2030-06-02,BLOCKED
CA04381,AC06795,CU03949,0351-9564-7617-9800,DEBIT,2021-07-31,2026-07-31,EXPIRED
CA04382,AC03272,CU01476,6231-4466-0626-2248,DEBIT,2023-06-18,2026-06-18,ACTIVE
CA04383,AC00050,CU00262,9801-0530-6712-4307,DEBIT,2024-11-29,2027-11-29,EXPIRED
CA04384,AC04937,CU03590,5540-2332-8275-7194,CREDIT,2024-06-28,2028-06-28,EXPIRED
CA04385,AC07458,CU01106,0972-7933-9820-5051,DEBIT,2022-03-20,2027-03-20,ACTIVE
CA04386,AC02797,CU00063,5951-6342-3244-3053,CREDIT,2023-01-10,2026-01-10,EXPIRED
CA04387,AC01820,CU04237,3569-4432-7268-7992,CREDIT,2025-10-21,2030-10-21,ACTIVE
CA04388,AC02681,CU04303,0973-3202-0546-0585,DEBIT,2025-07-30,2030-07-30,EXPIRED
CA04389,AC02459,CU01008,7876-5740-4079-8774,DEBIT,2020-12-11,2024-12-11,ACTIVE
CA04390,AC03760,CU03483,2592-8970-2489-7393,DEBIT,2023-08-07,2027-08-07,ACTIVE
CA04391,AC06837,CU01862,0581-5211-3529-4648,DEBIT,2025-01-08,2028-01-08,EXPIRED
CA04392,AC05897,CU01997,9039-6142-6865-1693,CREDIT,2025-09-22,2030-09-22,EXPIRED
CA04393,AC07578,CU00069,4916-6630-5619-8975,DEBIT,2024-10-01,2028-10-01,EXPIRED
CA04394,AC04813,CU01103,7016-4410-3487-9432,CREDIT,2024-10-01,2027-10-01,BLOCKED
CA04395,AC03888,CU01546,4121-2526-8304-9910,CREDIT,2020-08-22,2025-08-22,EXPIRED
CA04396,AC05419,CU02293,5298-4077-4749-5615,DEBIT,2023-07-22,2026-07-22,BLOCKED
CA04397,AC00926,CU03227,7031-5119-6602-7149,CREDIT,2020-01-18,2024-01-18,ACTIVE
CA04398,AC06159,CU04407,8156-6940-9642-0495,DEBIT,2023-10-11,2026-10-11,BLOCKED
CA04399,AC00271,CU03994,7175-9760-4158-2277,DEBIT,2020-08-07,2024-08-07,BLOCKED
CA04400,AC05963,CU04493,9457-7077-0882-5759,CREDIT,2021-03-14,2024-03-14,ACTIVE
CA04401,AC05247,CU01493,3934-9149-5304-7947,CREDIT,2025-01-14,2029-01-14,ACTIVE
CA04402,AC00905,CU04211,9085-7892-9990-7596,CREDIT,2023-10-07,2028-10-07,BLOCKED
CA04403,AC07438,CU02365,7603-8610-4652-3998,CREDIT,2020-12-27,2025-12-27,ACTIVE
CA04404,AC07755,CU04060,3620-7449-4449-6752,CREDIT,2025-03-11,2029-03-11,BLOCKED
CA04405,AC05965,CU03761,3964-8412-2633-3446,CREDIT,2021-11-27,2025-11-27,ACTIVE
CA04406,AC05612,CU02591,6052-3456-3311-2031,DEBIT,2023-06-03,2026-06-03,ACTIVE
CA04407,AC04354,CU01057,7556-1056-2108-7748,DEBIT,2025-10-09,2029-10-09,ACTIVE
CA04408,AC05750,CU03064,2612-4001-8134-6052,CREDIT,2021-12-06,2026-12-06,BLOCKED
CA04409,AC00596,CU02082,5314-9341-1692-6741,DEBIT,2020-05-12,2025-05-12,EXPIRED
CA04410,AC02308,CU03068,6042-4866-7235-7808,DEBIT,2022-02-27,2025-02-27,ACTIVE
CA04411,AC03560,CU01163,5555-5580-4372-2631,CREDIT,2024-04-13,2029-04-13,EXPIRED
CA04412,AC03359,CU04999,9331-0578-8758-8909,DEBIT,2024-08-06,2027-08-06,BLOCKED
CA04413,AC05034,CU00056,2825-0350-4408-4263,CREDIT,2020-02-27,2023-02-27,ACTIVE
CA04414,AC01598,CU03373,5120-9577-4639-8664,CREDIT,2025-04-13,2030-04-13,ACTIVE
CA04415,AC04323,CU03378,0850-0673-2229-5526,DEBIT,2024-10-09,2027-10-09,ACTIVE
CA04416,AC01163,CU02244,4098-5393-9595-5452,DEBIT,2024-01-12,2027-01-12,ACTIVE
CA04417,AC01583,CU02628,4293-8379-0257-2097,DEBIT,2024-11-16,2029-11-16,BLOCKED
CA04418,AC02863,CU03531,2600-3884-1602-0862,CREDIT,2020-02-17,2025-02-17,EXPIRED
CA04419,AC06199,CU00081,8801-7964-7430-8960,DEBIT,2024-04-20,2029-04-20,ACTIVE
CA04420,AC05766,CU01894,8185-1670-0501-4224,CREDIT,2021-04-25,2026-04-25,ACTIVE
CA04421,AC02551,CU01838,3126-6893-0888-7624,DEBIT,2020-08-23,2025-08-23,ACTIVE
CA04422,AC03859,CU01216,3803-9638-4605-6751,CREDIT,2021-01-15,2026-01-15,EXPIRED
CA04423,AC07134,CU03102,1256-4610-1236-7463,DEBIT,2020-11-12,2024-11-12,ACTIVE
CA04424,AC03267,CU04482,6253-3466-1649-6526,CREDIT,2024-10-06,2029-10-06,EXPIRED
CA04425,AC05061,CU00738,0984-9592-0608-1978,DEBIT,2020-11-22,2025-11-22,ACTIVE
CA04426,AC04599,CU01447,3388-7051-1641-4149,DEBIT,2025-03-04,2028-03-04,ACTIVE
CA04427,AC06789,CU01332,3931-7928-0228-7981,DEBIT,2022-08-22,2025-08-22,EXPIRED
CA04428,AC03927,CU03948,9249-1000-4277-1847,CREDIT,2021-07-25,2024-07-25,ACTIVE
CA04429,AC05873,CU04091,9651-0622-5067-6436,CREDIT,2025-07-05,2028-07-05,BLOCKED
CA04430,AC00366,CU02356,6446-0712-3436-1751,DEBIT,2021-05-29,2024-05-29,ACTIVE
CA04431,AC02632,CU04349,3976-6425-6428-5334,DEBIT,2020-08-04,2023-08-04,EXPIRED
CA04432,AC03823,CU04809,6185-3554-9476-3439,CREDIT,2024-07-23,2029-07-23,ACTIVE
CA04433,AC03825,CU02675,9118-5093-7541-7057,CREDIT,2021-08-21,2025-08-21,EXPIRED
CA04434,AC03917,CU04947,4392-2517-4375-8965,DEBIT,2023-01-27,2028-01-27,BLOCKED
CA04435,AC07012,CU01741,7740-8003-5652-1226,CREDIT,2020-05-23,2023-05-23,BLOCKED
CA04436,AC00494,CU01868,7790-1008-6354-8185,DEBIT,2024-04-23,2027-04-23,BLOCKED
CA04437,AC03685,CU01860,8341-6702-3934-9195,CREDIT,2020-09-02,2023-09-02,EXPIRED
CA04438,AC01492,CU04615,1878-1504-1064-4405,CREDIT,2025-12-19,2029-12-19,EXPIRED
CA04439,AC04609,CU02285,9395-3881-8373-0520,DEBIT,2025-09-20,2029-09-20,ACTIVE
CA04440,AC07089,CU03862,5150-0865-0581-9931,CREDIT,2024-09-12,2027-09-12,ACTIVE
CA04441,AC03705,CU01989,3663-3472-8129-4535,DEBIT,2020-05-23,2023-05-23,ACTIVE
CA04442,AC06496,CU04014,0447-9144-3747-8706,CREDIT,2021-02-06,2026-02-06,BLOCKED
CA04443,AC05424,CU00649,2608-3274-1400-0086,CREDIT,2022-09-13,2025-09-13,EXPIRED
CA04444,AC01883,CU02779,0373-0072-6689-7830,CREDIT,2022-09-07,2026-09-07,ACTIVE
CA04445,AC05905,CU02164,3214-1255-4835-9043,CREDIT,2023-03-01,2026-03-01,EXPIRED
CA04446,AC00540,CU00340,3030-9143-3094-9633,DEBIT,2021-02-15,2025-02-15,ACTIVE
CA04447,AC06289,CU03576,6945-7313-5553-5617,CREDIT,2021-07-15,2025-07-15,EXPIRED
CA04448,AC03276,CU04139,4135-9739-3377-8909,CREDIT,2021-07-24,2024-07-24,EXPIRED
CA04449,AC02861,CU04368,2199-2777-4653-8870,CREDIT,2020-02-24,2024-02-24,EXPIRED
CA04450,AC04329,CU04354,6711-5373-0310-3814,DEBIT,2022-01-04,2025-01-04,BLOCKED
CA04451,AC00604,CU00524,8642-4338-6061-1476,CREDIT,2025-12-10,2030-12-10,ACTIVE
CA04452,AC00496,CU03126,4712-6552-1876-4108,DEBIT,2022-10-21,2026-10-21,EXPIRED
CA04453,AC07808,CU04286,9162-3666-5997-3998,CREDIT,2021-04-13,2024-04-13,ACTIVE
CA04454,AC03314,CU02608,4341-2731-0954-7286,DEBIT,2023-07-27,2027-07-27,BLOCKED
CA04455,AC04037,CU03207,9575-4873-3723-9686,CREDIT,2024-10-26,2029-10-26,EXPIRED
CA04456,AC07306,CU02411,7577-0683-8321-0822,CREDIT,2020-05-26,2025-05-26,EXPIRED
CA04457,AC07412,CU02565,6022-2181-8865-3928,CREDIT,2025-06-13,2029-06-13,ACTIVE
CA04458,AC03121,CU00330,0856-7654-1697-5517,DEBIT,2023-07-12,2028-07-12,ACTIVE
CA04459,AC02600,CU04985,5535-1664-4721-0706,CREDIT,2025-09-03,2030-09-03,ACTIVE
CA04460,AC02565,CU02741,3578-4534-1727-7057,CREDIT,2022-01-26,2026-01-26,ACTIVE
CA04461,AC07018,CU01721,6671-0851-3549-0383,CREDIT,2023-05-06,2028-05-06,BLOCKED
CA04462,AC05582,CU04722,2878-3860-5848-9478,CREDIT,2024-12-01,2028-12-01,ACTIVE
CA04463,AC05298,CU01375,8228-1006-8786-4014,CREDIT,2023-12-17,2026-12-17,ACTIVE
CA04464,AC00481,CU03320,4966-9928-8490-1337,CREDIT,2022-06-26,2026-06-26,BLOCKED
CA04465,AC07573,CU02659,2413-8263-6560-6476,DEBIT,2023-12-16,2026-12-16,EXPIRED
CA04466,AC02104,CU04595,0125-0460-9326-0418,DEBIT,2024-03-17,2029-03-17,ACTIVE
CA04467,AC01426,CU02874,4784-3748-5111-0192,CREDIT,2022-01-16,2025-01-16,EXPIRED
CA04468,AC06843,CU00279,2517-4432-2245-3715,CREDIT,2022-03-08,2027-03-08,EXPIRED
CA04469,AC01645,CU01268,5093-2240-3713-9772,DEBIT,2020-01-31,2023-01-31,BLOCKED
CA04470,AC01791,CU04376,2355-2659-9585-2991,DEBIT,2023-07-12,2028-07-12,BLOCKED
CA04471,AC00819,CU01665,5230-0480-9972-0964,DEBIT,2024-02-27,2028-02-27,BLOCKED
CA04472,AC00774,CU01074,1617-5067-6853-6718,CREDIT,2022-08-23,2025-08-23,ACTIVE
CA04473,AC07163,CU02797,9847-6178-0816-5321,CREDIT,2021-04-28,2025-04-28,BLOCKED
CA04474,AC00708,CU03050,7551-6706-2275-7172,DEBIT,2023-04-26,2027-04-26,EXPIRED
CA04475,AC06453,CU04014,9475-8341-3659-9518,CREDIT,2024-05-30,2027-05-30,ACTIVE
CA04476,AC07002,CU00080,4753-7255-6329-5256,CREDIT,2024-08-03,2028-08-03,ACTIVE
CA04477,AC07487,CU01132,6939-6827-7164-7374,CREDIT,2021-12-19,2025-12-19,EXPIRED
CA04478,AC03922,CU00663,8277-6439-1119-8518,DEBIT,2024-08-14,2028-08-14,ACTIVE
CA04479,AC04438,CU03240,2380-2354-0083-1994,DEBIT,2023-12-25,2027-12-25,EXPIRED
CA04480,AC05193,CU01763,7516-5637-4527-7285,DEBIT,2025-06-26,2030-06-26,BLOCKED
CA04481,AC07102,CU01542,4522-7499-8543-9981,CREDIT,2021-11-05,2026-11-05,ACTIVE
CA04482,AC06854,CU03520,4754-9323-3919-3178,CREDIT,2020-10-22,2025-10-22,EXPIRED
CA04483,AC05605,CU03952,4525-7951-8741-6072,DEBIT,2025-01-06,2028-01-06,BLOCKED
CA04484,AC04736,CU00594,7149-9816-7886-3075,CREDIT,2024-08-14,2027-08-14,EXPIRED
CA04485,AC03908,CU02372,3859-3551-6480-0241,DEBIT,2021-02-10,2024-02-10,ACTIVE
CA04486,AC02695,CU03094,5362-7849-1531-5756,DEBIT,2022-11-02,2026-11-02,EXPIRED
CA04487,AC05365,CU03301,7328-3488-0415-1503,CREDIT,2021-11-28,2025-11-28,ACTIVE
CA04488,AC03308,CU00921,1392-0306-8700-1464,CREDIT,2024-01-08,2029-01-08,EXPIRED
CA04489,AC05195,CU04325,2146-4632-7423-0043,CREDIT,2022-07-30,2026-07-30,EXPIRED
CA04490,AC06319,CU04326,9342-5590-7325-2573,DEBIT,2023-08-25,2027-08-25,ACTIVE
CA04491,AC05309,CU03061,7866-8873-1599-2840,CREDIT,2024-05-22,2029-05-22,BLOCKED
CA04492,AC04068,CU03169,1465-5734-6737-7924,DEBIT,2024-03-06,2027-03-06,ACTIVE
CA04493,AC07478,CU02648,5720-9830-1862-1903,DEBIT,2020-06-11,2025-06-11,ACTIVE
CA04494,AC07733,CU05000,9227-6875-2113-2219,CREDIT,2022-12-04,2026-12-04,BLOCKED
CA04495,AC05759,CU02233,0764-4110-4625-4139,CREDIT,2025-01-03,2030-01-03,EXPIRED
CA04496,AC01525,CU00298,8327-1741-4945-9606,DEBIT,2021-10-01,2025-10-01,EXPIRED
CA04497,AC06079,CU03028,2380-7589-8130-2489,CREDIT,2022-10-02,2027-10-02,BLOCKED
CA04498,AC05835,CU02096,9057-4003-6432-3523,CREDIT,2021-12-25,2025-12-25,ACTIVE
CA04499,AC00692,CU02412,8970-7973-4796-7500,DEBIT,2025-01-25,2028-01-25,ACTIVE
CA04500,AC03237,CU04993,6941-4481-6143-5285,DEBIT,2025-06-06,2029-06-06,ACTIVE
CA04501,AC06248,CU04101,2346-7430-2057-5432,CREDIT,2023-08-20,2026-08-20,BLOCKED
CA04502,AC02290,CU04197,7382-3018-3900-6298,CREDIT,2025-11-20,2030-11-20,ACTIVE
CA04503,AC03213,CU04897,1289-7476-8746-3094,DEBIT,2021-06-19,2024-06-19,BLOCKED
CA04504,AC02028,CU00425,5779-2146-1366-6920,CREDIT,2024-01-28,2027-01-28,EXPIRED
CA04505,AC06229,CU01064,4547-2076-3590-7105,DEBIT,2023-04-06,2026-04-06,BLOCKED
CA04506,AC04974,CU03799,9479-2224-3100-1007,DEBIT,2020-11-08,2025-11-08,BLOCKED
CA04507,AC04482,CU01819,1849-0999-7946-0363,DEBIT,2021-12-11,2025-12-11,ACTIVE
CA04508,AC07742,CU02454,2599-3638-2292-3229,DEBIT,2022-07-15,2026-07-15,BLOCKED
CA04509,AC02633,CU02981,6395-5832-0628-2691,CREDIT,2020-10-16,2025-10-16,BLOCKED
CA04510,AC02132,CU03809,9825-8224-8334-3972,CREDIT,2023-01-28,2027-01-28,BLOCKED
CA04511,AC05607,CU03057,4042-8317-9190-4214,DEBIT,2021-08-05,2024-08-05,ACTIVE
CA04512,AC05744,CU04449,5029-2691-8221-8969,DEBIT,2024-02-16,2027-02-16,EXPIRED
CA04513,AC06296,CU03052,2315-4455-5990-7508,CREDIT,2025-08-16,2029-08-16,ACTIVE
CA04514,AC00027,CU01353,0386-4886-6217-9906,DEBIT,2024-09-24,2028-09-24,EXPIRED
CA04515,AC00422,CU04709,2731-5606-7430-7704,DEBIT,2024-10-14,2028-10-14,ACTIVE
CA04516,AC07802,CU00500,9732-4012-3890-8314,DEBIT,2024-05-11,2027-05-11,BLOCKED
CA04517,AC05793,CU01107,3646-2585-6312-8115,CREDIT,2025-10-30,2028-10-30,BLOCKED
CA04518,AC03295,CU01776,2670-6301-6375-5579,DEBIT,2022-08-21,2025-08-21,ACTIVE
CA04519,AC01465,CU01971,4214-4896-2277-0185,DEBIT,2022-10-02,2025-10-02,ACTIVE
CA04520,AC07585,CU03976,2127-4048-0767-8955,CREDIT,2022-08-30,2026-08-30,EXPIRED
CA04521,AC03736,CU04132,4498-4751-7513-5563,DEBIT,2024-10-17,2028-10-17,BLOCKED
CA04522,AC00030,CU02268,8680-2120-6236-6484,DEBIT,2021-10-07,2026-10-07,ACTIVE
CA04523,AC04490,CU00560,5532-5879-0259-5070,CREDIT,2025-09-18,2030-09-18,ACTIVE
CA04524,AC03774,CU03860,9536-3758-6701-3839,CREDIT,2022-02-05,2026-02-05,ACTIVE
CA04525,AC06599,CU03766,4088-1566-5274-7505,DEBIT,2024-06-24,2028-06-24,EXPIRED
CA04526,AC03773,CU03613,0773-2058-3201-5938,DEBIT,2021-08-16,2025-08-16,EXPIRED
CA04527,AC01089,CU01614,0728-2841-4257-9358,DEBIT,2024-11-08,2027-11-08,ACTIVE
CA04528,AC06301,CU00939,2238-5427-6904-8915,DEBIT,2021-07-31,2026-07-31,ACTIVE
CA04529,AC07712,CU02986,2882-7164-8472-8698,DEBIT,2020-02-07,2025-02-07,EXPIRED
CA04530,AC00607,CU03253,5587-1169-4050-3365,DEBIT,2023-05-26,2028-05-26,BLOCKED
CA04531,AC05619,CU00003,4341-2910-2427-0204,DEBIT,2025-04-28,2030-04-28,BLOCKED
CA04532,AC01956,CU00501,4420-6692-0271-5913,CREDIT,2020-09-13,2025-09-13,ACTIVE
CA04533,AC00809,CU02166,2437-8454-1469-0847,CREDIT,2021-01-12,2026-01-12,EXPIRED
CA04534,AC05449,CU03789,8424-0435-5610-8850,DEBIT,2025-07-26,2030-07-26,ACTIVE
CA04535,AC06112,CU04656,0104-2439-0876-8247,DEBIT,2025-06-09,2029-06-09,ACTIVE
CA04536,AC00710,CU01427,8478-7816-3141-4759,CREDIT,2021-05-27,2026-05-27,BLOCKED
CA04537,AC01946,CU01936,4120-5747-2367-0361,CREDIT,2024-12-14,2028-12-14,EXPIRED
CA04538,AC07159,CU03551,9969-4350-3697-9000,CREDIT,2021-01-22,2025-01-22,ACTIVE
CA04539,AC03793,CU02527,0499-2818-0346-1128,DEBIT,2024-05-11,2029-05-11,EXPIRED
CA04540,AC02593,CU02828,7179-1815-7416-8008,CREDIT,2022-05-16,2025-05-16,EXPIRED
CA04541,AC05027,CU04002,9151-0056-3957-9822,CREDIT,2024-03-25,2029-03-25,ACTIVE
CA04542,AC05326,CU00631,5009-7058-9153-7386,CREDIT,2020-04-12,2023-04-12,EXPIRED
CA04543,AC02157,CU00368,9472-8485-4140-2648,CREDIT,2024-04-28,2028-04-28,BLOCKED
CA04544,AC00784,CU04134,5736-0265-8929-1566,CREDIT,2022-01-07,2027-01-07,BLOCKED
CA04545,AC03742,CU03201,9215-8101-0800-6381,DEBIT,2020-11-23,2024-11-23,BLOCKED
CA04546,AC03797,CU00988,0363-1684-2372-6083,CREDIT,2022-10-30,2027-10-30,BLOCKED
CA04547,AC02000,CU03872,7881-7927-1856-6862,DEBIT,2021-04-18,2025-04-18,ACTIVE
CA04548,AC05920,CU00518,7399-9223-9262-5882,DEBIT,2024-01-06,2027-01-06,BLOCKED
CA04549,AC00768,CU03307,7840-1184-4070-8684,CREDIT,2023-10-03,2026-10-03,EXPIRED
CA04550,AC04356,CU04072,4269-5386-9443-3222,CREDIT,2023-12-15,2026-12-15,BLOCKED
CA04551,AC04637,CU03383,0590-2101-2490-8169,DEBIT,2021-01-27,2024-01-27,EXPIRED
CA04552,AC00640,CU03618,0484-1163-0275-6561,CREDIT,2023-09-05,2026-09-05,EXPIRED
CA04553,AC01434,CU01895,0642-4592-0138-3823,DEBIT,2023-02-07,2027-02-07,ACTIVE
CA04554,AC04169,CU04474,3452-6215-8880-1907,CREDIT,2022-04-10,2025-04-10,EXPIRED
CA04555,AC03948,CU04713,2966-6305-1524-1165,CREDIT,2020-06-03,2023-06-03,ACTIVE
CA04556,AC00475,CU02299,7901-6333-4919-3997,CREDIT,2021-04-17,2024-04-17,ACTIVE
CA04557,AC04349,CU02003,7823-9487-8091-5246,CREDIT,2021-08-02,2025-08-02,BLOCKED
CA04558,AC00979,CU01062,3836-6800-2855-9006,CREDIT,2020-08-15,2024-08-15,ACTIVE
CA04559,AC03089,CU04418,2266-6350-6288-9464,DEBIT,2025-06-15,2029-06-15,ACTIVE
CA04560,AC03201,CU01854,2489-2432-8186-2683,CREDIT,2021-09-04,2026-09-04,ACTIVE
CA04561,AC03243,CU03910,9487-0582-5528-7572,DEBIT,2021-06-02,2024-06-02,BLOCKED
CA04562,AC04872,CU04503,4220-8987-7222-7189,DEBIT,2025-02-18,2028-02-18,BLOCKED
CA04563,AC00682,CU01997,4694-0034-8167-7894,DEBIT,2025-09-23,2028-09-23,ACTIVE
CA04564,AC03328,CU03403,8769-7532-1618-8686,DEBIT,2021-11-02,2025-11-02,ACTIVE
CA04565,AC05452,CU04408,3665-6502-4805-0787,DEBIT,2025-05-12,2029-05-12,ACTIVE
CA04566,AC00343,CU03793,9279-4754-7649-8242,DEBIT,2023-12-23,2027-12-23,BLOCKED
CA04567,AC05220,CU00273,2820-6431-3987-9732,CREDIT,2025-06-02,2030-06-02,ACTIVE
CA04568,AC02450,CU02226,0436-8663-4719-7543,DEBIT,2025-08-23,2029-08-23,BLOCKED
CA04569,AC02181,CU02612,7106-3233-9876-8878,DEBIT,2023-06-14,2028-06-14,ACTIVE
CA04570,AC05307,CU03326,2807-1471-3587-3328,DEBIT,2022-02-04,2027-02-04,ACTIVE
CA04571,AC02899,CU04045,6607-2109-2011-6781,CREDIT,2020-01-30,2025-01-30,EXPIRED
CA04572,AC04334,CU02149,1325-5507-9431-2971,DEBIT,2024-12-16,2029-12-16,EXPIRED
CA04573,AC04051,CU00365,0457-9550-9041-1636,CREDIT,2025-11-13,2028-11-13,ACTIVE
CA04574,AC05059,CU00919,3989-1703-3654-7285,CREDIT,2024-08-09,2028-08-09,BLOCKED
CA04575,AC00872,CU02186,1593-2107-6945-7907,DEBIT,2023-11-05,2026-11-05,EXPIRED
CA04576,AC02838,CU02311,1473-5811-2716-9677,DEBIT,2022-06-29,2026-06-29,EXPIRED
CA04577,AC07637,CU03907,5483-7641-0825-8743,CREDIT,2020-08-11,2024-08-11,EXPIRED
CA04578,AC01074,CU01223,4372-1227-8080-8585,CREDIT,2021-03-24,2025-03-24,BLOCKED
CA04579,AC00949,CU04373,8781-1746-1826-5318,DEBIT,2024-04-13,2029-04-13,BLOCKED
CA04580,AC00166,CU02103,9466-8349-3007-1261,DEBIT,2024-05-11,2027-05-11,EXPIRED
CA04581,AC04818,CU04352,5091-8906-5759-6942,CREDIT,2021-02-17,2025-02-17,EXPIRED
CA04582,AC03835,CU04654,2090-4180-1489-0596,CREDIT,2025-08-05,2028-08-05,ACTIVE
CA04583,AC04464,CU02752,5441-4622-1102-2032,CREDIT,2024-11-25,2028-11-25,BLOCKED
CA04584,AC05587,CU01417,7182-7363-7225-6778,DEBIT,2022-05-02,2026-05-02,BLOCKED
CA04585,AC02831,CU01691,8622-3636-5820-7389,CREDIT,2023-12-20,2027-12-20,BLOCKED
CA04586,AC01361,CU02793,5210-4145-6293-8007,CREDIT,2023-09-19,2027-09-19,EXPIRED
CA04587,AC02386,CU00439,2150-0288-1100-4382,CREDIT,2022-06-10,2026-06-10,BLOCKED
CA04588,AC00435,CU01478,6800-5790-5349-8261,DEBIT,2020-12-18,2023-12-18,EXPIRED
CA04589,AC00590,CU01979,0372-4215-0206-3676,CREDIT,2024-05-02,2027-05-02,BLOCKED
CA04590,AC03513,CU00491,0320-4232-3290-1724,DEBIT,2022-05-05,2025-05-05,EXPIRED
CA04591,AC05918,CU00127,2585-8430-3123-4262,DEBIT,2021-10-18,2024-10-18,EXPIRED
CA04592,AC02168,CU01968,4778-1795-1209-4891,DEBIT,2024-07-03,2028-07-03,BLOCKED
CA04593,AC04388,CU01644,7759-2427-5953-6564,CREDIT,2023-09-02,2027-09-02,EXPIRED
CA04594,AC03701,CU03361,5339-1265-2632-2201,DEBIT,2022-08-29,2026-08-29,EXPIRED
CA04595,AC04571,CU03665,5770-3503-8796-2128,DEBIT,2025-10-05,2028-10-05,ACTIVE
CA04596,AC05831,CU03174,4090-5261-8441-5406,CREDIT,2025-12-31,2030-12-31,ACTIVE
CA04597,AC05063,CU04347,6904-0820-5152-8560,DEBIT,2024-03-06,2027-03-06,EXPIRED
CA04598,AC04934,CU01631,1090-7396-0824-9703,CREDIT,2023-09-07,2027-09-07,EXPIRED
CA04599,AC06683,CU02365,8615-7178-6693-5094,CREDIT,2025-02-01,2030-02-01,BLOCKED
CA04600,AC00259,CU02512,5209-1431-9073-1821,DEBIT,2025-09-07,2028-09-07,EXPIRED
CA04601,AC01566,CU00375,8956-5473-1426-4326,DEBIT,2022-08-31,2026-08-31,ACTIVE
CA04602,AC07321,CU01176,4251-0904-4977-2624,DEBIT,2020-12-03,2025-12-03,BLOCKED
CA04603,AC06812,CU03582,7044-6134-1893-2382,DEBIT,2025-02-13,2028-02-13,BLOCKED
CA04604,AC06376,CU01873,2309-8724-6143-4963,DEBIT,2025-02-15,2030-02-15,EXPIRED
CA04605,AC05742,CU02483,5787-3268-3364-6995,DEBIT,2022-11-24,2025-11-24,BLOCKED
CA04606,AC01487,CU03691,0013-2402-3347-8111,DEBIT,2020-10-31,2024-10-31,EXPIRED
CA04607,AC06076,CU02209,8393-3313-9460-5175,CREDIT,2022-09-29,2026-09-29,ACTIVE
CA04608,AC05720,CU04101,0881-3556-8138-2662,DEBIT,2024-03-28,2027-03-28,EXPIRED
CA04609,AC03754,CU01954,9393-1680-6676-8387,DEBIT,2020-10-27,2025-10-27,EXPIRED
CA04610,AC01238,CU02657,9991-0786-7597-3464,DEBIT,2023-05-13,2026-05-13,EXPIRED
CA04611,AC06559,CU03522,5135-3437-3184-2111,DEBIT,2021-07-17,2025-07-17,BLOCKED
CA04612,AC03165,CU03242,4586-3458-1556-6284,CREDIT,2023-01-15,2027-01-15,BLOCKED
CA04613,AC07519,CU01381,2350-0719-2808-1490,CREDIT,2020-12-07,2024-12-07,EXPIRED
CA04614,AC02815,CU04343,8084-8040-6680-8645,DEBIT,2025-10-16,2028-10-16,EXPIRED
CA04615,AC00891,CU02054,0697-0678-7544-9852,CREDIT,2021-07-31,2025-07-31,EXPIRED
CA04616,AC02889,CU03272,6231-1260-9887-8378,DEBIT,2025-12-29,2029-12-29,BLOCKED
CA04617,AC03238,CU04871,0055-8069-5099-9042,CREDIT,2021-11-04,2025-11-04,EXPIRED
CA04618,AC03320,CU02173,5943-7129-2288-5324,DEBIT,2023-08-24,2028-08-24,EXPIRED
CA04619,AC01404,CU01143,7047-3440-3654-5164,DEBIT,2020-01-02,2024-01-02,BLOCKED
CA04620,AC01468,CU02251,4752-2070-2153-1802,CREDIT,2024-01-29,2028-01-29,EXPIRED
CA04621,AC05260,CU03273,2793-5123-0391-4474,CREDIT,2020-02-06,2024-02-06,ACTIVE
CA04622,AC07021,CU03011,5080-4551-0873-3554,CREDIT,2023-01-04,2026-01-04,ACTIVE
CA04623,AC04693,CU02581,2144-7469-0210-3732,DEBIT,2020-09-01,2024-09-01,EXPIRED
CA04624,AC03996,CU01063,0465-9753-6231-4778,DEBIT,2021-10-19,2025-10-19,EXPIRED
CA04625,AC04549,CU02782,5987-0972-8566-4817,CREDIT,2025-06-08,2028-06-08,ACTIVE
CA04626,AC06709,CU03465,1545-7450-6141-1617,CREDIT,2021-03-26,2024-03-26,EXPIRED
CA04627,AC05824,CU04753,8041-0499-9614-9352,CREDIT,2020-03-24,2024-03-24,ACTIVE
CA04628,AC03070,CU04297,6333-0564-6210-5042,DEBIT,2025-02-16,2030-02-16,EXPIRED
CA04629,AC05493,CU03115,7453-7415-3419-5852,DEBIT,2021-09-26,2026-09-26,EXPIRED
CA04630,AC07441,CU01565,8121-0490-8415-8448,DEBIT,2025-06-22,2029-06-22,ACTIVE
CA04631,AC07591,CU04460,5682-7348-8020-2182,DEBIT,2022-06-29,2026-06-29,ACTIVE
CA04632,AC04319,CU01140,7431-9021-3553-3532,CREDIT,2022-02-04,2026-02-04,BLOCKED
CA04633,AC00439,CU01710,4674-4884-6460-7246,DEBIT,2021-01-06,2026-01-06,BLOCKED
CA04634,AC03223,CU01870,4942-8005-6011-9620,CREDIT,2025-08-05,2029-08-05,EXPIRED
CA04635,AC05181,CU03482,8345-2337-1573-1304,CREDIT,2024-11-28,2027-11-28,ACTIVE
CA04636,AC05833,CU03835,1153-2198-5961-1866,DEBIT,2025-09-09,2028-09-09,EXPIRED
CA04637,AC01121,CU01107,6249-4570-0741-7854,DEBIT,2020-07-20,2024-07-20,BLOCKED
CA04638,AC02438,CU02972,8343-5431-5680-9414,DEBIT,2024-11-01,2028-11-01,BLOCKED
CA04639,AC02202,CU03742,1696-8970-1451-4075,CREDIT,2021-06-19,2025-06-19,ACTIVE
CA04640,AC04722,CU02307,7086-3498-1259-5977,DEBIT,2025-10-09,2029-10-09,ACTIVE
CA04641,AC07372,CU04006,8043-9415-8387-6111,CREDIT,2021-06-16,2024-06-16,ACTIVE
CA04642,AC05885,CU03916,5424-0574-6981-9474,CREDIT,2024-06-19,2029-06-19,ACTIVE
CA04643,AC03032,CU00989,2336-5196-6437-2857,DEBIT,2025-12-11,2028-12-11,BLOCKED
CA04644,AC07087,CU04553,6857-9150-0917-6747,DEBIT,2022-04-25,2025-04-25,EXPIRED
CA04645,AC02742,CU02389,1834-3293-5690-4698,DEBIT,2023-05-26,2028-05-26,ACTIVE
CA04646,AC05797,CU04251,1585-7489-6033-2150,CREDIT,2020-05-17,2023-05-17,EXPIRED
CA04647,AC00310,CU01999,0740-1379-1472-6903,DEBIT,2024-05-17,2028-05-17,ACTIVE
CA04648,AC03557,CU02340,2529-7124-0895-3592,DEBIT,2023-09-09,2028-09-09,EXPIRED
CA04649,AC03955,CU04784,0067-5571-1474-5930,CREDIT,2021-10-20,2025-10-20,BLOCKED
CA04650,AC06672,CU00850,0043-4144-6108-1157,CREDIT,2021-01-15,2025-01-15,BLOCKED
CA04651,AC02722,CU01072,7740-9259-4895-8524,DEBIT,2023-02-28,2026-02-28,ACTIVE
CA04652,AC03469,CU04050,1305-1516-9685-3624,CREDIT,2023-08-09,2028-08-09,BLOCKED
CA04653,AC04361,CU04055,4329-4034-9843-8585,CREDIT,2025-06-12,2030-06-12,BLOCKED
CA04654,AC03619,CU02706,6559-6042-2884-7830,CREDIT,2023-05-16,2028-05-16,BLOCKED
CA04655,AC02708,CU01906,8435-1259-7111-6026,CREDIT,2022-05-24,2025-05-24,EXPIRED
CA04656,AC06535,CU03792,7755-9243-6345-9840,CREDIT,2020-03-02,2023-03-02,EXPIRED
CA04657,AC04011,CU04753,8863-8265-5377-4294,CREDIT,2022-09-19,2027-09-19,BLOCKED
CA04658,AC01481,CU02847,4529-3776-7773-3674,DEBIT,2023-12-31,2028-12-31,ACTIVE
CA04659,AC03834,CU02174,5285-3342-2957-2228,DEBIT,2022-09-23,2026-09-23,ACTIVE
CA04660,AC01843,CU03490,9306-4325-7196-9845,DEBIT,2023-12-30,2027-12-30,ACTIVE
CA04661,AC02871,CU02707,3571-3705-0528-4825,DEBIT,2020-04-08,2024-04-08,EXPIRED
CA04662,AC03994,CU00470,4042-3097-3042-3323,DEBIT,2020-06-03,2025-06-03,ACTIVE
CA04663,AC05315,CU01936,6339-0625-7123-7741,CREDIT,2023-06-23,2027-06-23,BLOCKED
CA04664,AC07680,CU03770,8481-8361-1699-6138,CREDIT,2020-11-02,2025-11-02,ACTIVE
CA04665,AC00930,CU02277,8150-8420-1220-3763,DEBIT,2021-10-22,2024-10-22,EXPIRED
CA04666,AC07391,CU03003,6137-7626-5237-6779,DEBIT,2021-07-08,2026-07-08,ACTIVE
CA04667,AC01910,CU01406,4681-6483-1317-6299,CREDIT,2025-01-08,2029-01-08,BLOCKED
CA04668,AC02294,CU04235,6250-1352-8171-7711,DEBIT,2025-03-25,2028-03-25,EXPIRED
CA04669,AC00793,CU02563,3786-6391-1224-7035,CREDIT,2023-09-24,2026-09-24,ACTIVE
CA04670,AC00102,CU01139,4170-4803-9129-5839,DEBIT,2025-09-24,2029-09-24,ACTIVE
CA04671,AC03706,CU00338,2405-7086-4282-0868,CREDIT,2022-02-27,2026-02-27,ACTIVE
CA04672,AC00335,CU00932,6552-7207-8127-9016,CREDIT,2024-10-05,2028-10-05,ACTIVE
CA04673,AC03421,CU03360,6630-2415-4462-0051,DEBIT,2023-02-09,2028-02-09,EXPIRED
CA04674,AC01054,CU04491,5067-0577-5536-1981,DEBIT,2024-12-03,2027-12-03,BLOCKED
CA04675,AC02409,CU01618,6035-2038-3855-6266,DEBIT,2023-05-23,2027-05-23,EXPIRED
CA04676,AC06970,CU03619,4381-8750-3826-8088,DEBIT,2023-11-11,2028-11-11,BLOCKED
CA04677,AC03146,CU01744,2737-2910-0560-2222,CREDIT,2023-08-20,2028-08-20,ACTIVE
CA04678,AC06489,CU00889,1202-3138-2158-2151,CREDIT,2021-11-03,2026-11-03,BLOCKED
CA04679,AC00571,CU01817,7658-2777-2708-3412,DEBIT,2025-09-09,2030-09-09,BLOCKED
CA04680,AC03716,CU00200,2739-2456-4398-3417,CREDIT,2020-06-16,2023-06-16,EXPIRED
CA04681,AC00933,CU04717,5285-9569-2337-1544,DEBIT,2025-04-20,2029-04-20,EXPIRED
CA04682,AC01860,CU00616,1521-7881-5428-1356,CREDIT,2024-07-10,2029-07-10,ACTIVE
CA04683,AC07884,CU03900,4460-1452-5909-0218,CREDIT,2021-08-13,2025-08-13,BLOCKED
CA04684,AC05287,CU03982,0971-7772-1386-4945,CREDIT,2020-10-03,2023-10-03,EXPIRED
CA04685,AC05931,CU03834,0219-3494-1230-0079,CREDIT,2022-08-16,2027-08-16,EXPIRED
CA04686,AC01329,CU00691,7986-9732-7469-9258,DEBIT,2024-11-03,2029-11-03,BLOCKED
CA04687,AC06412,CU01713,6690-0080-1319-8744,DEBIT,2021-07-18,2024-07-18,EXPIRED
CA04688,AC04423,CU03671,1173-9242-9685-8411,DEBIT,2022-11-30,2027-11-30,EXPIRED
CA04689,AC03511,CU03782,1195-5380-5768-1972,CREDIT,2022-08-25,2026-08-25,BLOCKED
CA04690,AC05515,CU01562,8307-6744-4821-8297,CREDIT,2020-02-22,2025-02-22,EXPIRED
CA04691,AC01607,CU01883,6405-5589-5780-4240,DEBIT,2024-03-25,2029-03-25,EXPIRED
CA04692,AC04489,CU02194,3622-0576-6702-6117,CREDIT,2020-08-30,2024-08-30,ACTIVE
CA04693,AC05661,CU01543,0943-7111-2712-5941,CREDIT,2024-08-21,2028-08-21,BLOCKED
CA04694,AC07634,CU03026,0261-3742-3008-2893,CREDIT,2020-10-21,2024-10-21,EXPIRED
CA04695,AC03849,CU02184,3659-0401-0201-1378,DEBIT,2020-07-16,2023-07-16,EXPIRED
CA04696,AC05481,CU01125,5301-1979-7726-2275,CREDIT,2022-03-10,2027-03-10,BLOCKED
CA04697,AC01231,CU04539,2432-1406-2076-1717,DEBIT,2022-10-31,2027-10-31,ACTIVE
CA04698,AC02611,CU04208,3224-5472-9698-0259,DEBIT,2025-01-08,2030-01-08,ACTIVE
CA04699,AC07384,CU01350,6566-9622-3291-2032,DEBIT,2025-12-11,2030-12-11,ACTIVE
CA04700,AC01154,CU03089,5537-7910-9362-5727,CREDIT,2025-05-17,2029-05-17,BLOCKED
CA04701,AC06610,CU00924,4842-3496-2530-2304,DEBIT,2020-03-30,2024-03-30,ACTIVE
CA04702,AC01230,CU04473,5577-3322-9117-1444,DEBIT,2023-11-24,2028-11-24,EXPIRED
CA04703,AC03968,CU01933,1645-2777-5185-3201,DEBIT,2020-04-10,2024-04-10,BLOCKED
CA04704,AC01753,CU00176,0192-9512-3171-9839,DEBIT,2024-12-11,2029-12-11,BLOCKED
CA04705,AC05183,CU00515,1228-5888-5464-0781,CREDIT,2025-08-23,2029-08-23,EXPIRED
CA04706,AC05144,CU02067,5009-1118-3559-0302,DEBIT,2020-10-10,2024-10-10,ACTIVE
CA04707,AC06667,CU02540,0842-8580-3791-3209,CREDIT,2025-12-03,2030-12-03,ACTIVE
CA04708,AC07974,CU00437,3831-2261-2379-8521,DEBIT,2020-10-16,2023-10-16,ACTIVE
CA04709,AC00329,CU00790,6403-1831-9294-3725,CREDIT,2022-01-02,2025-01-02,BLOCKED
CA04710,AC06858,CU04696,8905-7391-4108-4143,CREDIT,2025-06-14,2028-06-14,BLOCKED
CA04711,AC00327,CU02352,2545-6395-9868-8151,CREDIT,2025-02-01,2030-02-01,ACTIVE
CA04712,AC00128,CU04843,6205-2855-8433-1937,DEBIT,2025-04-05,2029-04-05,BLOCKED
CA04713,AC01264,CU02747,9867-7342-9428-9248,CREDIT,2020-12-30,2025-12-30,EXPIRED
CA04714,AC04770,CU03423,4508-9803-4057-3614,DEBIT,2020-04-03,2024-04-03,BLOCKED
CA04715,AC07771,CU00275,6606-5768-3180-4985,DEBIT,2024-01-07,2028-01-07,ACTIVE
CA04716,AC05526,CU04603,1866-9176-2940-7113,DEBIT,2025-12-07,2028-12-07,EXPIRED
CA04717,AC04838,CU00471,6050-3378-1809-0192,DEBIT,2021-03-12,2025-03-12,ACTIVE
CA04718,AC02143,CU00686,0152-5657-2033-5664,CREDIT,2023-11-28,2026-11-28,BLOCKED
CA04719,AC01737,CU00293,3605-9797-4494-3442,DEBIT,2023-05-31,2026-05-31,ACTIVE
CA04720,AC02017,CU02755,9083-7064-4723-9045,DEBIT,2023-06-10,2028-06-10,EXPIRED
CA04721,AC03078,CU01561,5025-5425-5418-4086,CREDIT,2022-02-01,2025-02-01,ACTIVE
CA04722,AC03333,CU00313,5684-9855-0174-5687,CREDIT,2025-10-08,2028-10-08,BLOCKED
CA04723,AC07437,CU03930,4518-2538-0305-3780,DEBIT,2022-01-30,2027-01-30,ACTIVE
CA04724,AC06117,CU03868,5316-6685-5537-3871,CREDIT,2020-05-28,2023-05-28,ACTIVE
CA04725,AC06074,CU01275,2607-2071-4401-5843,DEBIT,2025-08-23,2030-08-23,ACTIVE
CA04726,AC00560,CU02007,7705-8109-0794-8411,DEBIT,2024-04-13,2029-04-13,BLOCKED
CA04727,AC00758,CU01292,8761-2492-0131-5375,CREDIT,2023-03-11,2027-03-11,BLOCKED
CA04728,AC05046,CU01000,3160-7651-6699-1727,CREDIT,2022-09-12,2026-09-12,ACTIVE
CA04729,AC06508,CU00601,6966-7161-0004-1074,DEBIT,2025-03-10,2029-03-10,ACTIVE
CA04730,AC04010,CU02475,2235-1520-2939-7220,DEBIT,2021-02-14,2025-02-14,ACTIVE
CA04731,AC02988,CU02515,3397-7702-5596-2708,DEBIT,2025-05-10,2030-05-10,ACTIVE
CA04732,AC01138,CU04115,5826-1305-6125-1585,CREDIT,2021-03-15,2025-03-15,ACTIVE
CA04733,AC03404,CU03553,2182-8017-0034-6289,DEBIT,2021-05-09,2025-05-09,EXPIRED
CA04734,AC00313,CU04697,2247-0707-2071-9552,CREDIT,2025-06-25,2028-06-25,BLOCKED
CA04735,AC03157,CU04743,8371-3129-3319-2259,CREDIT,2021-09-01,2025-09-01,ACTIVE
CA04736,AC05016,CU00734,9355-6134-8866-3862,CREDIT,2021-03-02,2024-03-02,EXPIRED
CA04737,AC01296,CU02687,9338-1069-3793-2572,CREDIT,2020-11-25,2024-11-25,ACTIVE
CA04738,AC04971,CU04847,5558-4156-8344-0336,CREDIT,2023-08-24,2028-08-24,BLOCKED
CA04739,AC00181,CU00349,5657-8720-5276-5944,CREDIT,2021-09-02,2025-09-02,BLOCKED
CA04740,AC01806,CU01533,1065-0935-8721-1260,DEBIT,2021-03-19,2025-03-19,EXPIRED
CA04741,AC01111,CU04060,2262-8386-1372-3455,DEBIT,2025-02-07,2028-02-07,ACTIVE
CA04742,AC05815,CU02757,7586-3061-6513-7780,DEBIT,2023-03-30,2026-03-30,EXPIRED
CA04743,AC02870,CU02780,7628-1518-6116-2001,DEBIT,2020-04-20,2024-04-20,ACTIVE
CA04744,AC03315,CU01910,9410-4664-7512-2190,CREDIT,2021-10-14,2025-10-14,ACTIVE
CA04745,AC03953,CU02849,1861-9372-9241-3108,DEBIT,2022-04-23,2027-04-23,ACTIVE
CA04746,AC03011,CU01215,2431-7819-5090-5039,DEBIT,2024-07-31,2028-07-31,BLOCKED
CA04747,AC02665,CU02147,6738-7483-7677-8760,DEBIT,2024-12-22,2029-12-22,ACTIVE
CA04748,AC02254,CU04262,0028-7660-7117-3364,DEBIT,2020-07-18,2023-07-18,ACTIVE
CA04749,AC06056,CU02033,9089-7228-6250-8488,DEBIT,2022-07-10,2026-07-10,BLOCKED
CA04750,AC07223,CU02573,3943-9554-9116-1350,DEBIT,2023-01-12,2027-01-12,ACTIVE
CA04751,AC07303,CU01193,1226-6096-7479-7055,DEBIT,2023-07-19,2028-07-19,BLOCKED
CA04752,AC06352,CU02044,4042-4683-5244-1592,CREDIT,2022-04-26,2026-04-26,EXPIRED
CA04753,AC00538,CU00978,6713-7086-2839-6494,DEBIT,2022-02-05,2027-02-05,EXPIRED
CA04754,AC02640,CU03284,7156-3422-5835-4735,DEBIT,2021-10-08,2026-10-08,ACTIVE
CA04755,AC05521,CU04434,9140-6847-3764-7230,CREDIT,2020-05-27,2025-05-27,BLOCKED
CA04756,AC07567,CU02019,4606-1082-5601-1491,CREDIT,2022-05-18,2027-05-18,ACTIVE
CA04757,AC04718,CU04468,1722-2056-1111-1526,CREDIT,2020-02-12,2023-02-12,BLOCKED
CA04758,AC03378,CU04435,0619-7534-8375-9264,CREDIT,2025-01-09,2029-01-09,BLOCKED
CA04759,AC05177,CU00004,0757-2357-6378-4818,CREDIT,2022-01-17,2025-01-17,BLOCKED
CA04760,AC07465,CU00514,2104-8198-7691-5477,DEBIT,2021-04-12,2026-04-12,BLOCKED
CA04761,AC03393,CU02286,3803-9061-2242-5985,CREDIT,2024-09-22,2028-09-22,ACTIVE
CA04762,AC00034,CU00254,0937-3827-8203-9009,CREDIT,2024-01-01,2027-01-01,BLOCKED
CA04763,AC07988,CU02434,6571-2400-6540-8433,DEBIT,2024-11-19,2028-11-19,EXPIRED
CA04764,AC06239,CU01975,8307-6062-2682-8248,CREDIT,2021-08-07,2026-08-07,EXPIRED
CA04765,AC00249,CU03518,0207-0701-9940-4822,DEBIT,2024-06-26,2028-06-26,EXPIRED
CA04766,AC05551,CU02489,3080-2506-0778-7520,DEBIT,2024-05-19,2029-05-19,EXPIRED
CA04767,AC03526,CU03139,3942-7729-5496-4165,CREDIT,2022-09-15,2027-09-15,EXPIRED
CA04768,AC02418,CU02170,4707-9231-1665-1944,DEBIT,2020-01-10,2023-01-10,EXPIRED
CA04769,AC05584,CU01157,7131-8543-7781-7818,DEBIT,2020-07-13,2025-07-13,ACTIVE
CA04770,AC05464,CU03036,5836-0121-3443-0560,DEBIT,2021-04-26,2026-04-26,EXPIRED
CA04771,AC05530,CU01104,3401-1950-2661-4069,CREDIT,2021-10-08,2025-10-08,EXPIRED
CA04772,AC06170,CU01492,6173-4615-1120-4610,CREDIT,2021-06-03,2025-06-03,BLOCKED
CA04773,AC01621,CU02969,0747-6332-3783-2783,CREDIT,2025-03-19,2028-03-19,EXPIRED
CA04774,AC02175,CU03026,3472-6366-0629-7808,DEBIT,2022-07-23,2026-07-23,BLOCKED
CA04775,AC02967,CU03681,8900-8945-3855-6438,CREDIT,2024-12-04,2027-12-04,BLOCKED
CA04776,AC01218,CU00551,4546-4652-0371-7540,CREDIT,2020-10-19,2023-10-19,ACTIVE
CA04777,AC00023,CU03502,9373-1817-6168-9984,DEBIT,2023-10-24,2027-10-24,EXPIRED
CA04778,AC04968,CU01580,8866-8148-9722-9212,DEBIT,2025-11-09,2028-11-09,BLOCKED
CA04779,AC06386,CU04369,0730-8253-3968-7744,DEBIT,2020-05-23,2023-05-23,EXPIRED
CA04780,AC06937,CU03803,6362-7362-9611-5983,CREDIT,2025-04-23,2030-04-23,BLOCKED
CA04781,AC02942,CU01213,7494-0225-0364-2030,DEBIT,2020-07-09,2025-07-09,ACTIVE
CA04782,AC02199,CU02877,3343-4255-7486-6394,CREDIT,2023-11-02,2028-11-02,EXPIRED
CA04783,AC01581,CU01393,3152-0128-5087-1259,DEBIT,2024-12-24,2027-12-24,BLOCKED
CA04784,AC07932,CU03535,2873-1140-1871-5580,DEBIT,2024-06-17,2029-06-17,ACTIVE
CA04785,AC02362,CU00944,0460-8618-4502-5731,DEBIT,2024-05-14,2028-05-14,BLOCKED
CA04786,AC04898,CU04084,6804-3060-4161-4229,DEBIT,2022-09-29,2026-09-29,BLOCKED
CA04787,AC06779,CU01157,9975-1080-5509-2136,CREDIT,2021-08-17,2026-08-17,EXPIRED
CA04788,AC01062,CU04312,5380-2624-8002-7979,DEBIT,2020-06-02,2024-06-02,ACTIVE
CA04789,AC00510,CU03999,2205-2853-0362-1403,CREDIT,2022-04-26,2027-04-26,BLOCKED
CA04790,AC04692,CU03121,2680-4678-6028-1146,CREDIT,2025-08-30,2030-08-30,ACTIVE
CA04791,AC05006,CU04265,5896-1019-7278-1695,CREDIT,2022-02-22,2025-02-22,BLOCKED
CA04792,AC00670,CU04565,4003-8281-2483-0277,DEBIT,2021-06-11,2024-06-11,ACTIVE
CA04793,AC06139,CU01010,1409-0933-8366-1280,CREDIT,2022-02-15,2025-02-15,EXPIRED
CA04794,AC06538,CU00627,8308-8023-4633-2087,DEBIT,2022-11-16,2026-11-16,EXPIRED
CA04795,AC01927,CU00879,8221-6119-1336-9552,CREDIT,2020-08-18,2025-08-18,ACTIVE
CA04796,AC07842,CU01660,9940-6184-1984-6719,DEBIT,2020-09-03,2024-09-03,EXPIRED
CA04797,AC00460,CU03868,4017-1313-2382-4493,DEBIT,2023-12-02,2027-12-02,BLOCKED
CA04798,AC07045,CU01193,7625-1899-7142-7945,DEBIT,2025-02-18,2030-02-18,BLOCKED
CA04799,AC00647,CU00136,8960-7910-4130-9824,DEBIT,2021-07-26,2026-07-26,ACTIVE
CA04800,AC07462,CU03226,5926-7607-3921-4637,CREDIT,2022-11-29,2026-11-29,ACTIVE
CA04801,AC01019,CU02102,2286-1032-9873-9503,DEBIT,2025-11-13,2028-11-13,BLOCKED
CA04802,AC03921,CU04621,8387-5565-7165-2495,DEBIT,2025-11-28,2030-11-28,EXPIRED
CA04803,AC01545,CU03031,8475-9875-9691-7747,CREDIT,2020-09-16,2025-09-16,ACTIVE
CA04804,AC02613,CU01459,4546-1340-5499-2299,DEBIT,2021-09-30,2026-09-30,BLOCKED
CA04805,AC06569,CU01647,8305-0585-6555-5664,DEBIT,2020-11-15,2024-11-15,BLOCKED
CA04806,AC05417,CU02226,3727-6246-7005-7210,DEBIT,2025-03-28,2030-03-28,EXPIRED
CA04807,AC02493,CU02614,9823-7691-3986-8820,CREDIT,2025-03-11,2029-03-11,BLOCKED
CA04808,AC00985,CU00234,8080-0614-7238-1355,DEBIT,2022-09-20,2027-09-20,ACTIVE
CA04809,AC07409,CU00425,0340-3026-2384-0304,CREDIT,2020-06-13,2024-06-13,EXPIRED
CA04810,AC05774,CU01576,5962-0086-6120-8929,DEBIT,2022-03-29,2027-03-29,BLOCKED
CA04811,AC07352,CU02699,2132-7169-9530-2265,DEBIT,2022-12-14,2026-12-14,ACTIVE
CA04812,AC04769,CU01820,3063-6901-2537-4762,DEBIT,2024-09-01,2028-09-01,BLOCKED
CA04813,AC05489,CU02797,3870-6433-4041-9957,CREDIT,2022-10-03,2026-10-03,EXPIRED
CA04814,AC07946,CU04386,9975-4859-1667-8649,DEBIT,2023-02-10,2028-02-10,ACTIVE
CA04815,AC04328,CU02118,9674-4193-1315-6436,CREDIT,2024-04-18,2029-04-18,EXPIRED
CA04816,AC02318,CU03243,0647-1752-7075-7216,CREDIT,2024-06-11,2029-06-11,EXPIRED
CA04817,AC01181,CU00599,5786-7156-9010-7511,CREDIT,2023-08-15,2028-08-15,ACTIVE
CA04818,AC03936,CU03034,9896-7918-7356-7712,DEBIT,2023-05-13,2028-05-13,ACTIVE
CA04819,AC00382,CU01964,1004-6723-1177-4071,CREDIT,2023-08-15,2028-08-15,EXPIRED
CA04820,AC01933,CU02100,5163-8715-7862-2508,DEBIT,2024-12-19,2029-12-19,BLOCKED
CA04821,AC04738,CU00329,8812-7484-4547-2608,CREDIT,2022-08-28,2025-08-28,BLOCKED
CA04822,AC02970,CU00715,8157-2523-9368-4147,CREDIT,2021-05-02,2024-05-02,ACTIVE
CA04823,AC01894,CU00523,9634-8049-3519-8330,CREDIT,2022-09-26,2025-09-26,BLOCKED
CA04824,AC01748,CU04264,7930-7636-2068-8936,DEBIT,2024-04-03,2029-04-03,EXPIRED
CA04825,AC04444,CU00299,4573-9116-3239-9264,CREDIT,2024-12-30,2029-12-30,EXPIRED
CA04826,AC00078,CU02650,5074-9390-2902-4268,CREDIT,2020-11-11,2023-11-11,BLOCKED
CA04827,AC03643,CU04773,7526-3895-0481-5230,DEBIT,2021-11-12,2024-11-12,BLOCKED
CA04828,AC06236,CU03750,6127-9995-1069-5893,DEBIT,2023-05-05,2028-05-05,EXPIRED
CA04829,AC04942,CU03430,4209-6009-8924-0200,DEBIT,2022-02-19,2027-02-19,ACTIVE
CA04830,AC00572,CU01055,3607-5613-0133-3563,CREDIT,2021-07-21,2026-07-21,EXPIRED
CA04831,AC07237,CU02261,7326-8226-3029-2448,CREDIT,2020-10-22,2024-10-22,BLOCKED
CA04832,AC00354,CU04295,1388-8012-2470-8898,CREDIT,2020-08-22,2024-08-22,ACTIVE
CA04833,AC04446,CU00814,1794-6969-6685-8662,CREDIT,2020-07-14,2025-07-14,ACTIVE
CA04834,AC06375,CU04905,9481-4176-3854-6831,CREDIT,2024-08-09,2029-08-09,BLOCKED
CA04835,AC03625,CU01398,7592-8576-0803-0614,CREDIT,2021-04-09,2024-04-09,ACTIVE
CA04836,AC07388,CU04934,1790-8222-8488-4062,CREDIT,2020-08-08,2025-08-08,EXPIRED
CA04837,AC05000,CU04670,4176-0623-5416-5732,DEBIT,2020-02-02,2025-02-02,BLOCKED
CA04838,AC02652,CU00959,4034-5577-6215-3081,DEBIT,2023-11-07,2027-11-07,BLOCKED
CA04839,AC00430,CU03771,0975-6936-3783-6919,DEBIT,2024-12-22,2029-12-22,BLOCKED
CA04840,AC04080,CU00209,5164-9778-6527-4272,DEBIT,2020-08-01,2023-08-01,ACTIVE
CA04841,AC06633,CU04078,8595-0038-1006-8863,DEBIT,2025-06-26,2028-06-26,ACTIVE
CA04842,AC06653,CU01317,0640-1579-3374-6991,DEBIT,2021-03-26,2025-03-26,ACTIVE
CA04843,AC01466,CU04358,2365-6422-8983-3694,DEBIT,2024-10-27,2029-10-27,EXPIRED
CA04844,AC07949,CU04297,5107-0873-7240-0815,DEBIT,2023-10-15,2027-10-15,EXPIRED
CA04845,AC07043,CU01585,4104-4020-2292-2501,DEBIT,2024-06-04,2027-06-04,BLOCKED
CA04846,AC02589,CU04162,0687-0289-4387-6395,DEBIT,2024-07-14,2027-07-14,ACTIVE
CA04847,AC06055,CU03795,9970-4215-9987-9749,CREDIT,2022-02-27,2025-02-27,EXPIRED
CA04848,AC04576,CU02891,8981-2695-3997-0355,DEBIT,2023-09-14,2026-09-14,EXPIRED
CA04849,AC04916,CU04293,0309-6166-7129-9725,DEBIT,2025-05-28,2029-05-28,EXPIRED
CA04850,AC01323,CU01995,7190-2407-9017-0769,DEBIT,2025-04-12,2030-04-12,ACTIVE
CA04851,AC00788,CU00465,8886-4168-1605-6926,DEBIT,2020-02-12,2025-02-12,ACTIVE
CA04852,AC01428,CU02712,6279-9385-1789-7494,DEBIT,2023-10-03,2028-10-03,BLOCKED
CA04853,AC00192,CU03258,0294-7042-5218-2832,CREDIT,2025-03-31,2030-03-31,BLOCKED
CA04854,AC01453,CU01557,2314-1570-1531-2440,DEBIT,2020-11-08,2023-11-08,ACTIVE
CA04855,AC00531,CU02870,5647-0659-5370-5306,CREDIT,2020-05-25,2023-05-25,ACTIVE
CA04856,AC05459,CU04607,1537-8064-5732-4191,CREDIT,2021-12-17,2026-12-17,BLOCKED
CA04857,AC01413,CU04665,3399-0877-2200-7584,CREDIT,2021-09-27,2025-09-27,BLOCKED
CA04858,AC03552,CU02513,0053-6105-7986-3450,CREDIT,2025-03-29,2030-03-29,BLOCKED
CA04859,AC01708,CU02695,5965-6470-9136-5088,CREDIT,2021-12-26,2024-12-26,EXPIRED
CA04860,AC06303,CU02877,9820-7843-3140-4512,CREDIT,2022-08-28,2027-08-28,EXPIRED
CA04861,AC07679,CU03985,7375-8109-6092-4225,CREDIT,2022-02-04,2027-02-04,EXPIRED
CA04862,AC01211,CU04409,9068-8105-1292-2718,DEBIT,2020-12-27,2024-12-27,EXPIRED
CA04863,AC03998,CU01317,9283-2301-6996-7214,CREDIT,2024-09-04,2027-09-04,EXPIRED
CA04864,AC05570,CU03398,1350-9417-2130-2797,CREDIT,2021-11-05,2024-11-05,EXPIRED
CA04865,AC07608,CU00884,3121-2879-6070-9474,CREDIT,2023-07-28,2028-07-28,ACTIVE
CA04866,AC03381,CU01825,6651-5992-7014-2126,DEBIT,2025-01-28,2030-01-28,ACTIVE
CA04867,AC07072,CU02481,9647-9227-5269-0115,CREDIT,2022-07-07,2026-07-07,ACTIVE
CA04868,AC05634,CU00513,3226-7905-0612-2885,CREDIT,2023-06-19,2028-06-19,ACTIVE
CA04869,AC02336,CU00877,2985-4223-7314-2415,CREDIT,2021-01-14,2026-01-14,EXPIRED
CA04870,AC02331,CU04163,2666-0693-4862-2067,DEBIT,2022-06-03,2027-06-03,BLOCKED
CA04871,AC02054,CU04071,5327-0896-0285-9150,DEBIT,2021-06-22,2025-06-22,ACTIVE
CA04872,AC05434,CU01514,7734-2907-8909-7260,CREDIT,2021-07-01,2025-07-01,BLOCKED
CA04873,AC05043,CU01724,4396-8809-8719-0943,DEBIT,2020-12-19,2023-12-19,ACTIVE
CA04874,AC04304,CU02144,8545-8136-8934-8641,DEBIT,2024-06-30,2028-06-30,EXPIRED
CA04875,AC02252,CU03010,7858-6035-4003-2841,CREDIT,2025-01-21,2030-01-21,ACTIVE
CA04876,AC03509,CU04023,9422-9535-1203-4383,DEBIT,2023-12-03,2027-12-03,EXPIRED
CA04877,AC05946,CU01384,9924-5627-1065-6760,DEBIT,2021-07-17,2025-07-17,BLOCKED
CA04878,AC03120,CU00829,8452-1345-7302-3443,DEBIT,2025-08-24,2028-08-24,EXPIRED
CA04879,AC04251,CU04029,4998-5373-4608-7287,DEBIT,2022-07-13,2025-07-13,BLOCKED
CA04880,AC06138,CU02466,3157-8426-3576-3699,DEBIT,2021-04-24,2026-04-24,BLOCKED
CA04881,AC00765,CU04012,9607-7087-8867-0028,DEBIT,2023-01-02,2027-01-02,ACTIVE
CA04882,AC02025,CU00303,9014-3367-3221-9089,CREDIT,2025-08-16,2029-08-16,EXPIRED
CA04883,AC03405,CU01241,6082-8130-9034-8537,CREDIT,2025-06-19,2029-06-19,BLOCKED
CA04884,AC05657,CU04427,6336-2809-9486-7833,DEBIT,2025-11-12,2028-11-12,BLOCKED
CA04885,AC01282,CU00223,9829-0296-8962-3599,DEBIT,2022-01-02,2026-01-02,EXPIRED
CA04886,AC01188,CU02368,8989-0834-9865-1037,CREDIT,2020-08-01,2023-08-01,EXPIRED
CA04887,AC03451,CU03224,0776-1007-0517-7093,DEBIT,2024-04-03,2028-04-03,ACTIVE
CA04888,AC06523,CU02476,8627-6699-5929-2901,DEBIT,2025-12-07,2030-12-07,EXPIRED
CA04889,AC01606,CU04776,7767-4728-8252-6501,CREDIT,2022-01-05,2026-01-05,EXPIRED
CA04890,AC01900,CU01705,1490-6619-5625-2187,DEBIT,2025-06-04,2028-06-04,EXPIRED
CA04891,AC01035,CU00242,3449-7126-7672-6467,CREDIT,2024-02-11,2027-02-11,EXPIRED
CA04892,AC02621,CU04191,6541-0889-7876-1364,DEBIT,2024-06-23,2027-06-23,BLOCKED
CA04893,AC04997,CU04933,7047-2073-6041-5715,CREDIT,2022-11-25,2025-11-25,BLOCKED
CA04894,AC06447,CU01542,2943-2991-9201-7250,CREDIT,2020-11-14,2025-11-14,ACTIVE
CA04895,AC07990,CU00328,5737-0727-0443-8671,DEBIT,2025-01-21,2028-01-21,EXPIRED
CA04896,AC07394,CU01508,4757-3792-0831-2371,DEBIT,2021-05-02,2025-05-02,ACTIVE
CA04897,AC07082,CU04048,4013-8777-1754-2327,DEBIT,2023-09-07,2028-09-07,ACTIVE
CA04898,AC03173,CU00384,3865-2403-5357-5269,DEBIT,2025-12-09,2030-12-09,EXPIRED
CA04899,AC05276,CU04828,9717-2837-2687-4114,DEBIT,2024-03-06,2029-03-06,EXPIRED
CA04900,AC07083,CU01817,9229-7369-8230-7830,DEBIT,2020-11-16,2024-11-16,EXPIRED
CA04901,AC07917,CU00035,3089-8468-4435-4161,DEBIT,2025-08-03,2028-08-03,ACTIVE
CA04902,AC06860,CU04855,8724-9050-7106-5978,DEBIT,2023-07-24,2027-07-24,BLOCKED
CA04903,AC05101,CU02497,4212-6806-8645-1721,CREDIT,2020-08-27,2024-08-27,ACTIVE
CA04904,AC00009,CU00816,9974-9060-0672-3708,CREDIT,2025-03-04,2029-03-04,ACTIVE
CA04905,AC05197,CU00534,0552-2222-2412-2735,DEBIT,2024-11-27,2029-11-27,BLOCKED
CA04906,AC01424,CU04223,2190-1711-9171-1387,CREDIT,2024-12-02,2029-12-02,BLOCKED
CA04907,AC06258,CU04180,1172-8940-8348-5411,CREDIT,2020-12-05,2024-12-05,EXPIRED
CA04908,AC07696,CU02495,8866-9047-4607-0579,CREDIT,2023-10-26,2026-10-26,BLOCKED
CA04909,AC00737,CU04149,5199-5783-9582-0632,DEBIT,2022-11-09,2027-11-09,BLOCKED
CA04910,AC01558,CU00147,5660-1378-4145-5513,CREDIT,2020-05-19,2025-05-19,BLOCKED
CA04911,AC02696,CU03752,6658-8648-9050-6984,CREDIT,2024-01-13,2029-01-13,BLOCKED
CA04912,AC04754,CU01462,8136-2110-8104-8477,DEBIT,2022-12-15,2026-12-15,ACTIVE
CA04913,AC01252,CU01227,6358-3320-9534-3018,CREDIT,2022-12-30,2025-12-30,ACTIVE
CA04914,AC04532,CU02072,0260-9614-4136-8029,CREDIT,2020-10-04,2024-10-04,ACTIVE
CA04915,AC04546,CU02500,0678-3837-3958-2239,DEBIT,2024-01-04,2028-01-04,ACTIVE
CA04916,AC00006,CU03176,7103-2499-3527-5008,DEBIT,2021-08-23,2026-08-23,BLOCKED
CA04917,AC04655,CU00250,8436-4073-3291-6327,DEBIT,2023-04-02,2028-04-02,EXPIRED
CA04918,AC07873,CU03720,0294-4727-0799-4678,CREDIT,2023-01-15,2027-01-15,EXPIRED
CA04919,AC05408,CU04278,7623-7886-0385-9742,DEBIT,2020-01-24,2025-01-24,EXPIRED
CA04920,AC06257,CU00686,3491-8554-3134-4707,DEBIT,2020-02-26,2025-02-26,EXPIRED
CA04921,AC01628,CU01656,4910-2537-6160-9196,CREDIT,2021-10-21,2025-10-21,BLOCKED
CA04922,AC07313,CU04948,1628-0673-0936-6441,DEBIT,2021-02-05,2024-02-05,BLOCKED
CA04923,AC04337,CU01031,5972-3755-1227-0632,DEBIT,2023-06-12,2028-06-12,BLOCKED
CA04924,AC05123,CU03188,5166-6384-7812-1449,DEBIT,2021-10-10,2025-10-10,BLOCKED
CA04925,AC05734,CU04450,2291-7737-3782-4285,CREDIT,2020-09-19,2023-09-19,EXPIRED
CA04926,AC07648,CU03628,9335-3088-0333-9882,DEBIT,2021-11-27,2026-11-27,EXPIRED
CA04927,AC02407,CU00689,5539-5098-3460-6833,CREDIT,2023-02-17,2028-02-17,BLOCKED
CA04928,AC04858,CU01851,5488-7596-6502-9189,DEBIT,2024-09-19,2029-09-19,BLOCKED
CA04929,AC05646,CU01702,7207-0135-4078-4266,DEBIT,2023-01-17,2028-01-17,ACTIVE
CA04930,AC00834,CU02402,4490-5683-9838-6229,CREDIT,2024-08-11,2028-08-11,ACTIVE
CA04931,AC03662,CU00760,7057-6639-4636-0459,CREDIT,2023-10-03,2027-10-03,BLOCKED
CA04932,AC06773,CU04374,5549-6496-4729-4126,CREDIT,2020-04-26,2023-04-26,EXPIRED
CA04933,AC01232,CU00066,1010-0376-0061-6533,CREDIT,2025-10-05,2030-10-05,EXPIRED
CA04934,AC03024,CU01445,6827-0670-2728-5207,DEBIT,2024-07-18,2029-07-18,EXPIRED
CA04935,AC03287,CU03450,7470-9364-9144-5103,CREDIT,2022-01-23,2026-01-23,BLOCKED
CA04936,AC02182,CU00291,6241-9152-3337-2308,DEBIT,2025-09-19,2030-09-19,EXPIRED
CA04937,AC01105,CU03519,7260-6696-1583-1448,CREDIT,2024-02-27,2027-02-27,EXPIRED
CA04938,AC03491,CU01823,8461-6429-9286-3680,CREDIT,2021-02-07,2026-02-07,BLOCKED
CA04939,AC05565,CU03604,5191-9199-0900-0298,DEBIT,2022-09-24,2027-09-24,ACTIVE
CA04940,AC03249,CU04339,3246-4013-5872-4562,CREDIT,2025-06-12,2029-06-12,BLOCKED
CA04941,AC00789,CU02523,8419-5201-6296-1601,CREDIT,2024-02-24,2028-02-24,EXPIRED
CA04942,AC01739,CU00233,4609-8304-5486-2229,CREDIT,2024-11-28,2028-11-28,EXPIRED
CA04943,AC01479,CU03396,6883-9488-4857-9989,CREDIT,2023-09-10,2026-09-10,BLOCKED
CA04944,AC01319,CU03612,1828-2356-0855-3732,DEBIT,2025-01-25,2029-01-25,BLOCKED
CA04945,AC06039,CU03271,7074-2097-0978-6364,CREDIT,2025-03-21,2030-03-21,BLOCKED
CA04946,AC05206,CU03558,5255-2153-4875-0037,CREDIT,2021-04-16,2024-04-16,BLOCKED
CA04947,AC07649,CU02893,6615-4531-2985-4641,DEBIT,2021-12-04,2024-12-04,BLOCKED
CA04948,AC04156,CU00512,7225-0749-3339-2546,DEBIT,2022-09-13,2025-09-13,EXPIRED
CA04949,AC02477,CU02411,6649-7270-8351-9165,CREDIT,2022-08-06,2026-08-06,EXPIRED
CA04950,AC06014,CU03870,1697-5686-9677-5801,DEBIT,2023-05-18,2027-05-18,EXPIRED
CA04951,AC00221,CU02383,0085-6851-5524-2406,CREDIT,2021-06-08,2024-06-08,ACTIVE
CA04952,AC05106,CU02167,3000-8784-7601-7333,DEBIT,2022-04-11,2027-04-11,BLOCKED
CA04953,AC00530,CU04563,4021-6667-5085-9818,DEBIT,2022-08-23,2025-08-23,BLOCKED
CA04954,AC02058,CU01022,5367-1791-7399-4673,CREDIT,2024-03-05,2029-03-05,EXPIRED
CA04955,AC03330,CU02065,6854-5500-3919-1504,CREDIT,2021-03-23,2026-03-23,EXPIRED
CA04956,AC05173,CU04548,8192-4031-0751-1961,CREDIT,2020-04-06,2023-04-06,EXPIRED
CA04957,AC01286,CU03376,9960-6162-3494-5809,CREDIT,2022-08-11,2027-08-11,EXPIRED
CA04958,AC07669,CU04537,1317-2576-1712-5521,DEBIT,2023-12-05,2027-12-05,EXPIRED
CA04959,AC03540,CU01879,5450-8230-0061-6557,DEBIT,2025-02-06,2029-02-06,EXPIRED
CA04960,AC01919,CU02671,6048-9954-9084-7014,DEBIT,2022-02-02,2027-02-02,BLOCKED
CA04961,AC06996,CU02440,2223-1019-6301-9984,DEBIT,2025-12-06,2029-12-06,ACTIVE
CA04962,AC02151,CU04692,8032-4429-4729-4167,CREDIT,2020-01-29,2025-01-29,EXPIRED
CA04963,AC00955,CU03231,9180-4449-7647-6495,DEBIT,2021-04-27,2025-04-27,EXPIRED
CA04964,AC04005,CU02377,8565-4276-8833-8678,CREDIT,2025-07-04,2028-07-04,EXPIRED
CA04965,AC06887,CU01128,4562-0802-2810-0015,CREDIT,2025-10-12,2028-10-12,EXPIRED
CA04966,AC06457,CU03330,8603-6066-2793-7878,DEBIT,2023-02-16,2027-02-16,EXPIRED
CA04967,AC00567,CU00104,1579-8592-5680-4058,CREDIT,2021-05-03,2026-05-03,ACTIVE
CA04968,AC00104,CU03555,8805-3429-8393-8493,DEBIT,2025-06-27,2028-06-27,ACTIVE
CA04969,AC07402,CU02195,0485-8086-9446-7627,DEBIT,2021-11-08,2024-11-08,EXPIRED
CA04970,AC04833,CU03975,3926-5108-5772-7128,DEBIT,2024-11-25,2027-11-25,ACTIVE
CA04971,AC02117,CU00669,2579-7761-9157-2016,DEBIT,2023-01-24,2026-01-24,EXPIRED
CA04972,AC00546,CU01184,6611-5639-6478-0084,DEBIT,2022-11-26,2025-11-26,BLOCKED
CA04973,AC06201,CU04494,1343-2657-6481-7413,CREDIT,2023-12-30,2028-12-30,BLOCKED
CA04974,AC05229,CU04136,5540-1316-9990-0347,CREDIT,2022-05-31,2026-05-31,BLOCKED
CA04975,AC01585,CU04726,4409-2418-4036-4738,CREDIT,2023-03-15,2028-03-15,EXPIRED
CA04976,AC04025,CU04252,9212-3055-4998-0793,CREDIT,2020-03-10,2025-03-10,BLOCKED
CA04977,AC02828,CU02214,0460-2352-5055-9271,DEBIT,2025-02-28,2030-02-28,BLOCKED
CA04978,AC00274,CU03475,9955-3601-7061-2586,CREDIT,2022-12-22,2025-12-22,ACTIVE
CA04979,AC00091,CU00896,9848-3960-1210-5978,DEBIT,2025-04-21,2030-04-21,BLOCKED
CA04980,AC06193,CU04149,0825-6844-4310-3296,DEBIT,2023-10-23,2027-10-23,ACTIVE
CA04981,AC00635,CU03434,7754-1069-5850-6301,CREDIT,2021-06-04,2024-06-04,ACTIVE
CA04982,AC05196,CU04826,3913-1406-2002-4693,CREDIT,2024-02-24,2027-02-24,EXPIRED
CA04983,AC00295,CU00798,1013-8717-4387-9410,DEBIT,2023-10-23,2028-10-23,EXPIRED
CA04984,AC06686,CU02143,6691-8382-1117-9188,CREDIT,2025-08-02,2029-08-02,ACTIVE
CA04985,AC01431,CU02440,4004-7850-7319-5008,DEBIT,2020-09-25,2023-09-25,EXPIRED
CA04986,AC02144,CU01836,8687-1800-1780-4842,DEBIT,2021-06-29,2024-06-29,ACTIVE
CA04987,AC05499,CU04073,1892-6364-2322-0436,CREDIT,2025-12-15,2030-12-15,ACTIVE
CA04988,AC06600,CU02335,0555-9166-5649-0394,CREDIT,2021-03-26,2026-03-26,ACTIVE
CA04989,AC07500,CU04964,9201-7588-4863-0769,DEBIT,2023-03-20,2026-03-20,EXPIRED
CA04990,AC05794,CU00597,8856-1992-3193-0874,DEBIT,2025-02-11,2030-02-11,BLOCKED
CA04991,AC03012,CU03503,9793-3956-8198-6745,CREDIT,2024-04-26,2029-04-26,ACTIVE
CA04992,AC04528,CU04688,5536-5769-0893-2791,CREDIT,2022-06-14,2027-06-14,ACTIVE
CA04993,AC07663,CU03969,0848-7457-1244-9346,CREDIT,2023-09-24,2028-09-24,BLOCKED
CA04994,AC00641,CU00064,0195-2391-8216-6277,DEBIT,2024-08-11,2027-08-11,EXPIRED
CA04995,AC01330,CU00378,1905-9782-3943-9784,CREDIT,2024-02-28,2028-02-28,ACTIVE
CA04996,AC00409,CU00023,0731-7240-1729-3849,CREDIT,2022-10-03,2025-10-03,BLOCKED
CA04997,AC07310,CU01643,3391-5846-7122-6737,CREDIT,2023-12-03,2026-12-03,BLOCKED
CA04998,AC06944,CU00586,6579-9696-4303-4067,DEBIT,2024-09-09,2028-09-09,EXPIRED
CA04999,AC04239,CU03866,6369-5396-3281-3721,DEBIT,2023-12-17,2027-12-17,BLOCKED
CA05000,AC02316,CU00913,9925-2016-3185-0560,CREDIT,2021-02-06,2026-02-06,ACTIVE
