collateral_id,loan_id,collateral_type,description,valuation_amount,valuation_date,owner_name,collateral_status
CO00001,LN00001,DEPOSIT,Fixed deposit lien,4634166.29,2019-09-13,Rohan Malhotra,ACTIVE
CO00002,LN00002,DEPOSIT,Fixed deposit lien,190336.83,2022-10-11,Ananya Patel,ACTIVE
CO00003,LN00003,VEHICLE,Vehicle collateral,1028395.70,2021-03-06,Ananya Khan,ACTIVE
CO00004,LN00004,SECURITIES,Listed securities pledge,1619661.30,2023-05-19,Vivaan Iyer,ACTIVE
CO00005,LN00005,DEPOSIT,Fixed deposit lien,4926263.56,2022-05-31,Meera Singh,ACTIVE
CO00006,LN00006,SECURITIES,Listed securities pledge,393919.30,2020-12-31,Aarav Chopra,RELEASED
CO00007,LN00007,DEPOSIT,Fixed deposit lien,3703539.68,2020-05-03,Sneha Nair,RELEASED
CO00008,LN00008,PROPERTY,Residential property collateral,1444462.71,2022-10-07,Neha Kapoor,RELEASED
CO00009,LN00009,DEPOSIT,Fixed deposit lien,5507275.14,2024-10-27,Kavya Rao,RELEASED
CO00010,LN00010,VEHICLE,Vehicle collateral,966202.38,2025-02-01,Pooja Sharma,ACTIVE
CO00011,LN00011,DEPOSIT,Fixed deposit lien,4488547.47,2023-06-24,Karan Sharma,ACTIVE
CO00012,LN00012,PROPERTY,Residential property collateral,4012696.11,2019-01-18,Rajesh Kapoor,RELEASED
CO00013,LN00013,DEPOSIT,Fixed deposit lien,3726378.94,2022-05-27,Ananya Rao,RELEASED
CO00014,LN00014,DEPOSIT,Fixed deposit lien,2372181.36,2022-12-14,Rahul Joshi,RELEASED
CO00015,LN00015,SECURITIES,Listed securities pledge,3425221.23,2022-02-06,Vivaan Nair,RELEASED
CO00016,LN00016,VEHICLE,Vehicle collateral,146190.18,2021-06-25,Sanjay Patel,ACTIVE
CO00017,LN00017,DEPOSIT,Fixed deposit lien,791863.99,2019-10-02,Rohan Verma,RELEASED
CO00018,LN00018,PROPERTY,Residential property collateral,3954280.91,2019-09-10,Pooja Singh,ACTIVE
CO00019,LN00019,PROPERTY,Residential property collateral,1888044.65,2025-01-25,Sanjay Desai,ACTIVE
CO00020,LN00020,SECURITIES,Listed securities pledge,5592763.23,2024-08-24,Aditi Mehta,RELEASED
CO00021,LN00021,DEPOSIT,Fixed deposit lien,3058065.00,2021-09-15,Neha Rao,ACTIVE
CO00022,LN00022,PROPERTY,Residential property collateral,610217.55,2019-02-14,Rohan Desai,RELEASED
CO00023,LN00023,VEHICLE,Vehicle collateral,5696693.55,2022-04-26,Arjun Sharma,ACTIVE
CO00024,LN00024,DEPOSIT,Fixed deposit lien,5220631.79,2022-03-29,Rajesh Rao,ACTIVE
CO00025,LN00025,DEPOSIT,Fixed deposit lien,894194.21,2019-02-02,Aarav Patel,RELEASED
CO00026,LN00026,PROPERTY,Residential property collateral,3686399.98,2025-10-20,Divya Kapoor,RELEASED
CO00027,LN00027,PROPERTY,Residential property collateral,1949309.90,2022-05-09,Rajesh Singh,RELEASED
CO00028,LN00028,SECURITIES,Listed securities pledge,2092352.78,2022-12-21,Neha Sharma,ACTIVE
CO00029,LN00029,PROPERTY,Residential property collateral,4916594.90,2023-04-14,Priya Reddy,ACTIVE
CO00030,LN00030,PROPERTY,Residential property collateral,4085413.48,2019-05-04,Sneha Desai,ACTIVE
CO00031,LN00031,PROPERTY,Residential property collateral,2962933.77,2022-12-25,Aditi Rao,RELEASED
CO00032,LN00032,SECURITIES,Listed securities pledge,353951.07,2023-09-10,Divya Reddy,ACTIVE
CO00033,LN00033,DEPOSIT,Fixed deposit lien,5280358.36,2021-12-25,Ananya Mehta,ACTIVE
CO00034,LN00034,SECURITIES,Listed securities pledge,5993562.85,2019-06-16,Sanjay Patel,ACTIVE
CO00035,LN00035,VEHICLE,Vehicle collateral,2315510.88,2020-04-22,Vikram Verma,RELEASED
CO00036,LN00036,VEHICLE,Vehicle collateral,224639.75,2023-08-05,Ananya Singh,ACTIVE
CO00037,LN00037,VEHICLE,Vehicle collateral,339519.65,2020-09-18,Aditi Singh,ACTIVE
CO00038,LN00038,DEPOSIT,Fixed deposit lien,4686247.33,2025-06-22,Pooja Joshi,RELEASED
CO00039,LN00039,DEPOSIT,Fixed deposit lien,2721559.11,2020-03-20,Meera Reddy,RELEASED
CO00040,LN00040,SECURITIES,Listed securities pledge,4420909.53,2021-05-19,Vivaan Iyer,ACTIVE
CO00041,LN00041,VEHICLE,Vehicle collateral,4821443.64,2024-08-20,Meera Sharma,RELEASED
CO00042,LN00042,DEPOSIT,Fixed deposit lien,3671221.43,2025-09-07,Vikram Gupta,RELEASED
CO00043,LN00043,DEPOSIT,Fixed deposit lien,2281766.18,2019-11-05,Pooja Reddy,ACTIVE
CO00044,LN00044,VEHICLE,Vehicle collateral,1503178.55,2021-10-25,Meera Mehta,ACTIVE
CO00045,LN00045,SECURITIES,Listed securities pledge,5673915.93,2025-01-08,Vivaan Joshi,ACTIVE
CO00046,LN00046,VEHICLE,Vehicle collateral,5594876.48,2019-05-16,Neha Patel,ACTIVE
CO00047,LN00047,VEHICLE,Vehicle collateral,4897992.52,2022-05-13,Neha Verma,RELEASED
CO00048,LN00048,SECURITIES,Listed securities pledge,4233142.24,2019-11-25,Priya Sharma,ACTIVE
CO00049,LN00049,DEPOSIT,Fixed deposit lien,5057562.88,2020-07-10,Rohan Iyer,RELEASED
CO00050,LN00050,VEHICLE,Vehicle collateral,3139405.00,2023-05-29,Rahul Malhotra,ACTIVE
CO00051,LN00051,VEHICLE,Vehicle collateral,5332089.90,2024-11-28,Aarav Desai,ACTIVE
CO00052,LN00052,SECURITIES,Listed securities pledge,3024228.40,2023-01-14,Neha Gupta,RELEASED
CO00053,LN00053,DEPOSIT,Fixed deposit lien,1490761.48,2024-10-05,Aditi Reddy,RELEASED
CO00054,LN00054,VEHICLE,Vehicle collateral,4049897.79,2025-09-30,Pooja Joshi,RELEASED
CO00055,LN00055,PROPERTY,Residential property collateral,2844354.58,2019-07-04,Rahul Sharma,ACTIVE
CO00056,LN00056,SECURITIES,Listed securities pledge,5852787.59,2020-10-03,Divya Malhotra,ACTIVE
CO00057,LN00057,DEPOSIT,Fixed deposit lien,261001.20,2024-02-05,Neha Iyer,ACTIVE
CO00058,LN00058,VEHICLE,Vehicle collateral,4657383.69,2024-03-08,Sneha Mehta,ACTIVE
CO00059,LN00059,DEPOSIT,Fixed deposit lien,4073510.28,2021-12-17,Aarav Singh,ACTIVE
CO00060,LN00060,VEHICLE,Vehicle collateral,3395049.63,2022-09-09,Kavya Desai,RELEASED
CO00061,LN00061,SECURITIES,Listed securities pledge,2812067.27,2024-10-18,Sneha Reddy,ACTIVE
CO00062,LN00062,PROPERTY,Residential property collateral,784811.86,2023-08-08,Neha Sharma,ACTIVE
CO00063,LN00063,DEPOSIT,Fixed deposit lien,940422.90,2023-12-16,Ananya Kapoor,ACTIVE
CO00064,LN00064,DEPOSIT,Fixed deposit lien,1410325.63,2024-05-23,Rohan Sharma,ACTIVE
CO00065,LN00065,DEPOSIT,Fixed deposit lien,3232232.14,2025-06-21,Pooja Chopra,ACTIVE
CO00066,LN00066,PROPERTY,Residential property collateral,2319957.40,2021-07-28,Karan Joshi,ACTIVE
CO00067,LN00067,SECURITIES,Listed securities pledge,2261893.99,2023-03-15,Rahul Chopra,ACTIVE
CO00068,LN00068,SECURITIES,Listed securities pledge,1373203.22,2024-05-03,Kavya Verma,ACTIVE
CO00069,LN00069,DEPOSIT,Fixed deposit lien,5542779.08,2021-09-14,Amit Sharma,RELEASED
CO00070,LN00070,DEPOSIT,Fixed deposit lien,5378034.92,2020-03-14,Aditi Gupta,RELEASED
CO00071,LN00071,DEPOSIT,Fixed deposit lien,3650278.12,2020-03-15,Rahul Gupta,ACTIVE
CO00072,LN00072,DEPOSIT,Fixed deposit lien,1620929.95,2024-12-27,Karan Patel,ACTIVE
CO00073,LN00073,VEHICLE,Vehicle collateral,4449220.94,2020-06-19,Meera Iyer,RELEASED
CO00074,LN00074,SECURITIES,Listed securities pledge,5474392.92,2019-12-14,Aditi Khan,ACTIVE
CO00075,LN00075,VEHICLE,Vehicle collateral,837899.10,2025-01-23,Kavya Iyer,ACTIVE
CO00076,LN00076,VEHICLE,Vehicle collateral,3585542.15,2021-07-17,Vikram Mehta,RELEASED
CO00077,LN00077,DEPOSIT,Fixed deposit lien,862588.14,2019-11-01,Amit Malhotra,ACTIVE
CO00078,LN00078,VEHICLE,Vehicle collateral,1607978.81,2021-09-01,Pooja Sharma,ACTIVE
CO00079,LN00079,SECURITIES,Listed securities pledge,272291.99,2020-06-02,Kavya Patel,RELEASED
CO00080,LN00080,PROPERTY,Residential property collateral,1010496.09,2021-04-18,Lakshmi Desai,RELEASED
CO00081,LN00081,SECURITIES,Listed securities pledge,3680357.91,2022-08-22,Meera Khan,ACTIVE
CO00082,LN00082,VEHICLE,Vehicle collateral,1752547.12,2023-11-18,Vikram Nair,RELEASED
CO00083,LN00083,SECURITIES,Listed securities pledge,1897726.63,2020-05-06,Arjun Sharma,ACTIVE
CO00084,LN00084,DEPOSIT,Fixed deposit lien,651367.77,2020-03-06,Kavya Reddy,ACTIVE
CO00085,LN00085,VEHICLE,Vehicle collateral,149401.82,2021-09-13,Lakshmi Mehta,ACTIVE
CO00086,LN00086,DEPOSIT,Fixed deposit lien,4021230.81,2023-03-02,Rajesh Gupta,ACTIVE
CO00087,LN00087,SECURITIES,Listed securities pledge,2504542.44,2019-07-21,Rahul Singh,ACTIVE
CO00088,LN00088,SECURITIES,Listed securities pledge,4086389.88,2020-11-10,Sanjay Desai,ACTIVE
CO00089,LN00089,VEHICLE,Vehicle collateral,1278550.72,2022-02-28,Priya Nair,RELEASED
CO00090,LN00090,VEHICLE,Vehicle collateral,5036723.98,2021-06-23,Ananya Joshi,ACTIVE
CO00091,LN00091,DEPOSIT,Fixed deposit lien,3946599.09,2020-03-04,Sanjay Mehta,ACTIVE
CO00092,LN00092,PROPERTY,Residential property collateral,2983295.35,2020-11-15,Neha Patel,RELEASED
CO00093,LN00093,SECURITIES,Listed securities pledge,2577580.47,2022-02-23,Ananya Rao,RELEASED
CO00094,LN00094,VEHICLE,Vehicle collateral,2561641.34,2022-03-14,Rohan Nair,ACTIVE
CO00095,LN00095,PROPERTY,Residential property collateral,4159172.79,2020-11-02,Neha Iyer,ACTIVE
CO00096,LN00096,DEPOSIT,Fixed deposit lien,2201710.64,2019-12-02,Sneha Reddy,ACTIVE
CO00097,LN00097,DEPOSIT,Fixed deposit lien,1002608.48,2022-08-03,Priya Khan,RELEASED
CO00098,LN00098,DEPOSIT,Fixed deposit lien,1127467.68,2022-11-12,Meera Nair,RELEASED
CO00099,LN00099,PROPERTY,Residential property collateral,330754.87,2025-03-22,Vikram Iyer,RELEASED
CO00100,LN00100,VEHICLE,Vehicle collateral,4792148.54,2020-12-28,Vikram Desai,ACTIVE
CO00101,LN00101,PROPERTY,Residential property collateral,2293666.36,2024-02-26,Neha Sharma,RELEASED
CO00102,LN00102,SECURITIES,Listed securities pledge,5365136.06,2021-09-26,Ananya Desai,ACTIVE
CO00103,LN00103,DEPOSIT,Fixed deposit lien,1304571.98,2021-04-08,Vivaan Joshi,ACTIVE
CO00104,LN00104,SECURITIES,Listed securities pledge,2925479.20,2022-05-19,Priya Rao,RELEASED
CO00105,LN00105,SECURITIES,Listed securities pledge,1018228.48,2023-10-24,Karan Iyer,ACTIVE
CO00106,LN00106,PROPERTY,Residential property collateral,3106682.14,2020-06-17,Amit Reddy,RELEASED
CO00107,LN00107,PROPERTY,Residential property collateral,4441901.40,2020-04-18,Rohan Desai,RELEASED
CO00108,LN00108,DEPOSIT,Fixed deposit lien,5809420.10,2025-08-24,Neha Khan,RELEASED
CO00109,LN00109,VEHICLE,Vehicle collateral,5991765.89,2023-02-14,Rohan Verma,ACTIVE
CO00110,LN00110,VEHICLE,Vehicle collateral,2445255.67,2024-10-19,Rohan Rao,RELEASED
CO00111,LN00111,DEPOSIT,Fixed deposit lien,3628325.96,2022-03-06,Kavya Joshi,ACTIVE
CO00112,LN00112,SECURITIES,Listed securities pledge,1431283.82,2021-09-12,Rahul Rao,RELEASED
CO00113,LN00113,VEHICLE,Vehicle collateral,5267057.28,2020-02-13,Sneha Nair,RELEASED
CO00114,LN00114,VEHICLE,Vehicle collateral,4409639.37,2022-01-14,Rohan Khan,ACTIVE
CO00115,LN00115,SECURITIES,Listed securities pledge,3346786.61,2022-12-18,Lakshmi Mehta,RELEASED
CO00116,LN00116,DEPOSIT,Fixed deposit lien,143386.80,2021-02-11,Karan Khan,ACTIVE
CO00117,LN00117,DEPOSIT,Fixed deposit lien,5597232.83,2021-04-09,Neha Rao,RELEASED
CO00118,LN00118,SECURITIES,Listed securities pledge,3633687.54,2022-04-07,Sanjay Chopra,RELEASED
CO00119,LN00119,DEPOSIT,Fixed deposit lien,479689.64,2021-08-15,Priya Singh,ACTIVE
CO00120,LN00120,PROPERTY,Residential property collateral,2920749.84,2024-08-10,Vikram Mehta,RELEASED
CO00121,LN00121,VEHICLE,Vehicle collateral,513032.49,2020-06-23,Divya Singh,RELEASED
CO00122,LN00122,VEHICLE,Vehicle collateral,3863423.54,2023-10-29,Priya Rao,ACTIVE
CO00123,LN00123,VEHICLE,Vehicle collateral,984150.67,2023-05-10,Meera Iyer,ACTIVE
CO00124,LN00124,SECURITIES,Listed securities pledge,819556.85,2022-01-03,Karan Sharma,RELEASED
CO00125,LN00125,VEHICLE,Vehicle collateral,4325704.15,2025-04-01,Karan Nair,RELEASED
CO00126,LN00126,VEHICLE,Vehicle collateral,4334538.38,2024-04-05,Divya Nair,RELEASED
CO00127,LN00127,SECURITIES,Listed securities pledge,4785483.62,2023-11-14,Sanjay Malhotra,RELEASED
CO00128,LN00128,DEPOSIT,Fixed deposit lien,5062396.68,2021-12-15,Sanjay Desai,ACTIVE
CO00129,LN00129,PROPERTY,Residential property collateral,5956463.71,2021-01-18,Vikram Singh,RELEASED
CO00130,LN00130,VEHICLE,Vehicle collateral,5717977.76,2023-03-08,Rajesh Chopra,ACTIVE
CO00131,LN00131,DEPOSIT,Fixed deposit lien,900397.46,2023-04-09,Priya Patel,RELEASED
CO00132,LN00132,DEPOSIT,Fixed deposit lien,2134222.85,2019-10-31,Priya Desai,RELEASED
CO00133,LN00133,VEHICLE,Vehicle collateral,4915284.77,2019-12-10,Divya Patel,ACTIVE
CO00134,LN00134,SECURITIES,Listed securities pledge,594957.74,2022-07-09,Pooja Gupta,RELEASED
CO00135,LN00135,PROPERTY,Residential property collateral,2598790.18,2024-07-20,Vikram Gupta,ACTIVE
CO00136,LN00136,PROPERTY,Residential property collateral,3298560.63,2021-03-30,Aditi Verma,ACTIVE
CO00137,LN00137,PROPERTY,Residential property collateral,1271917.96,2025-11-11,Ananya Nair,ACTIVE
CO00138,LN00138,VEHICLE,Vehicle collateral,2567686.48,2024-06-23,Rajesh Chopra,RELEASED
CO00139,LN00139,VEHICLE,Vehicle collateral,2122115.47,2019-08-31,Sanjay Mehta,ACTIVE
CO00140,LN00140,SECURITIES,Listed securities pledge,3314993.01,2020-03-05,Sneha Reddy,RELEASED
CO00141,LN00141,SECURITIES,Listed securities pledge,5451425.44,2019-07-03,Neha Nair,RELEASED
CO00142,LN00142,PROPERTY,Residential property collateral,4855640.58,2022-03-04,Divya Sharma,RELEASED
CO00143,LN00143,SECURITIES,Listed securities pledge,2572363.77,2025-05-18,Amit Reddy,ACTIVE
CO00144,LN00144,SECURITIES,Listed securities pledge,5574563.45,2020-09-12,Aarav Kapoor,RELEASED
CO00145,LN00145,VEHICLE,Vehicle collateral,4460375.53,2022-07-21,Rajesh Iyer,RELEASED
CO00146,LN00146,SECURITIES,Listed securities pledge,3566315.11,2025-09-16,Amit Sharma,ACTIVE
CO00147,LN00147,SECURITIES,Listed securities pledge,1935505.34,2020-06-27,Rahul Sharma,RELEASED
CO00148,LN00148,VEHICLE,Vehicle collateral,2776440.57,2020-09-01,Vikram Iyer,RELEASED
CO00149,LN00149,PROPERTY,Residential property collateral,4543276.29,2024-06-29,Lakshmi Sharma,RELEASED
CO00150,LN00150,SECURITIES,Listed securities pledge,5434784.21,2019-04-04,Vivaan Rao,ACTIVE
CO00151,LN00151,PROPERTY,Residential property collateral,2872779.65,2021-07-28,Ananya Gupta,RELEASED
CO00152,LN00152,SECURITIES,Listed securities pledge,5718316.36,2022-10-25,Vivaan Chopra,RELEASED
CO00153,LN00153,PROPERTY,Residential property collateral,2748566.15,2019-07-15,Sanjay Chopra,ACTIVE
CO00154,LN00154,PROPERTY,Residential property collateral,2937125.44,2024-11-13,Neha Verma,ACTIVE
CO00155,LN00155,VEHICLE,Vehicle collateral,537022.59,2019-07-23,Pooja Kapoor,RELEASED
CO00156,LN00156,SECURITIES,Listed securities pledge,1232765.15,2025-06-10,Vikram Desai,RELEASED
CO00157,LN00157,VEHICLE,Vehicle collateral,4580845.99,2023-01-25,Divya Patel,ACTIVE
CO00158,LN00158,DEPOSIT,Fixed deposit lien,3210965.62,2024-09-13,Arjun Chopra,RELEASED
CO00159,LN00159,PROPERTY,Residential property collateral,4028885.79,2023-11-23,Pooja Singh,RELEASED
CO00160,LN00160,PROPERTY,Residential property collateral,3872205.09,2024-01-12,Karan Iyer,ACTIVE
CO00161,LN00161,VEHICLE,Vehicle collateral,377666.13,2021-12-21,Lakshmi Singh,RELEASED
CO00162,LN00162,DEPOSIT,Fixed deposit lien,4660555.41,2022-09-10,Arjun Sharma,ACTIVE
CO00163,LN00163,VEHICLE,Vehicle collateral,4190904.73,2022-12-29,Rajesh Khan,ACTIVE
CO00164,LN00164,PROPERTY,Residential property collateral,2419448.65,2022-06-30,Priya Nair,RELEASED
CO00165,LN00165,SECURITIES,Listed securities pledge,541058.45,2024-02-08,Sanjay Malhotra,RELEASED
CO00166,LN00166,SECURITIES,Listed securities pledge,5003454.85,2024-12-27,Vivaan Iyer,RELEASED
CO00167,LN00167,VEHICLE,Vehicle collateral,549993.68,2021-02-16,Amit Joshi,RELEASED
CO00168,LN00168,PROPERTY,Residential property collateral,1054565.38,2020-10-01,Vivaan Sharma,RELEASED
CO00169,LN00169,DEPOSIT,Fixed deposit lien,4320827.44,2025-12-12,Vikram Gupta,ACTIVE
CO00170,LN00170,VEHICLE,Vehicle collateral,759483.63,2024-08-22,Meera Nair,RELEASED
CO00171,LN00171,SECURITIES,Listed securities pledge,5845945.29,2019-04-05,Rahul Singh,RELEASED
CO00172,LN00172,DEPOSIT,Fixed deposit lien,2893132.35,2024-12-08,Rahul Khan,RELEASED
CO00173,LN00173,SECURITIES,Listed securities pledge,4296605.22,2020-05-27,Neha Singh,RELEASED
CO00174,LN00174,PROPERTY,Residential property collateral,3783813.00,2019-03-14,Vikram Reddy,ACTIVE
CO00175,LN00175,DEPOSIT,Fixed deposit lien,4330920.10,2019-01-21,Aditi Sharma,RELEASED
CO00176,LN00176,SECURITIES,Listed securities pledge,5078399.61,2019-06-04,Vikram Mehta,RELEASED
CO00177,LN00177,SECURITIES,Listed securities pledge,817163.17,2025-08-04,Pooja Joshi,RELEASED
CO00178,LN00178,DEPOSIT,Fixed deposit lien,3682556.32,2023-03-21,Rajesh Sharma,ACTIVE
CO00179,LN00179,SECURITIES,Listed securities pledge,4043520.44,2020-11-28,Vikram Reddy,ACTIVE
CO00180,LN00180,VEHICLE,Vehicle collateral,1299047.38,2024-06-20,Vivaan Singh,RELEASED
CO00181,LN00181,DEPOSIT,Fixed deposit lien,1845711.53,2023-07-10,Rahul Gupta,RELEASED
CO00182,LN00182,SECURITIES,Listed securities pledge,3560469.02,2019-07-17,Sanjay Nair,ACTIVE
CO00183,LN00183,PROPERTY,Residential property collateral,2167842.52,2024-07-07,Sanjay Malhotra,ACTIVE
CO00184,LN00184,DEPOSIT,Fixed deposit lien,1978430.50,2021-06-26,Kavya Iyer,RELEASED
CO00185,LN00185,DEPOSIT,Fixed deposit lien,1585165.17,2023-09-06,Vikram Gupta,ACTIVE
CO00186,LN00186,VEHICLE,Vehicle collateral,1272293.17,2021-06-13,Rahul Malhotra,RELEASED
CO00187,LN00187,VEHICLE,Vehicle collateral,4611297.08,2025-10-25,Sneha Joshi,RELEASED
CO00188,LN00188,PROPERTY,Residential property collateral,588136.45,2019-05-14,Aarav Gupta,RELEASED
CO00189,LN00189,PROPERTY,Residential property collateral,3967783.74,2021-11-28,Karan Patel,ACTIVE
CO00190,LN00190,SECURITIES,Listed securities pledge,4375518.99,2020-03-28,Amit Iyer,ACTIVE
CO00191,LN00191,SECURITIES,Listed securities pledge,4208148.75,2024-01-24,Neha Rao,RELEASED
CO00192,LN00192,SECURITIES,Listed securities pledge,3026012.17,2019-03-22,Vivaan Rao,RELEASED
CO00193,LN00193,PROPERTY,Residential property collateral,5833478.03,2021-11-13,Sanjay Kapoor,RELEASED
CO00194,LN00194,SECURITIES,Listed securities pledge,4038185.66,2019-10-21,Sanjay Patel,RELEASED
CO00195,LN00195,DEPOSIT,Fixed deposit lien,4099941.62,2023-06-08,Neha Rao,RELEASED
CO00196,LN00196,DEPOSIT,Fixed deposit lien,3685386.59,2025-06-21,Aarav Mehta,ACTIVE
CO00197,LN00197,SECURITIES,Listed securities pledge,3820604.98,2024-02-16,Vikram Reddy,ACTIVE
CO00198,LN00198,DEPOSIT,Fixed deposit lien,1569802.50,2022-11-26,Rohan Singh,ACTIVE
CO00199,LN00199,VEHICLE,Vehicle collateral,2988103.54,2025-12-09,Kavya Iyer,RELEASED
CO00200,LN00200,SECURITIES,Listed securities pledge,3414511.77,2024-09-10,Rohan Malhotra,ACTIVE
CO00201,LN00201,VEHICLE,Vehicle collateral,4756254.08,2020-02-28,Arjun Malhotra,RELEASED
CO00202,LN00202,SECURITIES,Listed securities pledge,3252806.55,2020-11-12,Ananya Desai,ACTIVE
CO00203,LN00203,PROPERTY,Residential property collateral,4558236.76,2024-01-19,Neha Singh,RELEASED
CO00204,LN00204,DEPOSIT,Fixed deposit lien,4587286.95,2019-02-02,Divya Joshi,RELEASED
CO00205,LN00205,SECURITIES,Listed securities pledge,2412498.19,2021-02-04,Priya Khan,ACTIVE
CO00206,LN00206,VEHICLE,Vehicle collateral,1658143.05,2022-04-27,Neha Desai,RELEASED
CO00207,LN00207,PROPERTY,Residential property collateral,4831468.15,2019-05-02,Sneha Singh,RELEASED
CO00208,LN00208,SECURITIES,Listed securities pledge,2855066.39,2022-04-05,Vivaan Chopra,RELEASED
CO00209,LN00209,VEHICLE,Vehicle collateral,356492.82,2020-06-28,Divya Sharma,RELEASED
CO00210,LN00210,DEPOSIT,Fixed deposit lien,2276003.89,2023-10-27,Amit Nair,ACTIVE
CO00211,LN00211,VEHICLE,Vehicle collateral,2761346.88,2024-11-10,Pooja Gupta,ACTIVE
CO00212,LN00212,DEPOSIT,Fixed deposit lien,2680308.96,2023-02-04,Kavya Joshi,ACTIVE
CO00213,LN00213,VEHICLE,Vehicle collateral,1720204.97,2024-08-09,Sanjay Chopra,RELEASED
CO00214,LN00214,DEPOSIT,Fixed deposit lien,1636951.81,2025-03-21,Arjun Verma,RELEASED
CO00215,LN00215,DEPOSIT,Fixed deposit lien,981414.85,2025-09-27,Aarav Kapoor,ACTIVE
CO00216,LN00216,SECURITIES,Listed securities pledge,588933.04,2019-09-20,Amit Nair,RELEASED
CO00217,LN00217,DEPOSIT,Fixed deposit lien,2395663.86,2019-11-21,Rohan Reddy,RELEASED
CO00218,LN00218,VEHICLE,Vehicle collateral,4614818.18,2020-05-12,Lakshmi Rao,RELEASED
CO00219,LN00219,SECURITIES,Listed securities pledge,1756136.04,2021-04-07,Meera Chopra,ACTIVE
CO00220,LN00220,PROPERTY,Residential property collateral,1020325.05,2022-07-31,Rohan Mehta,RELEASED
CO00221,LN00221,SECURITIES,Listed securities pledge,3130934.96,2021-05-11,Vivaan Verma,ACTIVE
CO00222,LN00222,SECURITIES,Listed securities pledge,4938778.82,2022-07-24,Rahul Mehta,RELEASED
CO00223,LN00223,VEHICLE,Vehicle collateral,2793311.80,2023-03-19,Karan Iyer,ACTIVE
CO00224,LN00224,SECURITIES,Listed securities pledge,4975177.74,2022-02-02,Pooja Joshi,RELEASED
CO00225,LN00225,PROPERTY,Residential property collateral,4589277.31,2024-01-15,Arjun Sharma,ACTIVE
CO00226,LN00226,SECURITIES,Listed securities pledge,3524218.58,2020-08-26,Rajesh Verma,RELEASED
CO00227,LN00227,VEHICLE,Vehicle collateral,2054455.58,2023-11-18,Rahul Patel,RELEASED
CO00228,LN00228,SECURITIES,Listed securities pledge,1830508.80,2019-08-18,Divya Malhotra,RELEASED
CO00229,LN00229,SECURITIES,Listed securities pledge,4242342.31,2023-10-23,Vivaan Kapoor,RELEASED
CO00230,LN00230,VEHICLE,Vehicle collateral,3255746.32,2022-04-28,Ananya Mehta,ACTIVE
CO00231,LN00231,VEHICLE,Vehicle collateral,4895165.80,2024-08-07,Divya Khan,ACTIVE
CO00232,LN00232,VEHICLE,Vehicle collateral,2856477.52,2025-12-27,Neha Nair,RELEASED
CO00233,LN00233,VEHICLE,Vehicle collateral,364024.52,2020-11-05,Pooja Nair,ACTIVE
CO00234,LN00234,PROPERTY,Residential property collateral,1642922.28,2024-12-15,Divya Gupta,ACTIVE
CO00235,LN00235,SECURITIES,Listed securities pledge,2072694.71,2020-06-13,Pooja Kapoor,RELEASED
CO00236,LN00236,DEPOSIT,Fixed deposit lien,3729398.10,2019-08-11,Aarav Chopra,ACTIVE
CO00237,LN00237,VEHICLE,Vehicle collateral,2252837.66,2019-03-29,Lakshmi Reddy,ACTIVE
CO00238,LN00238,VEHICLE,Vehicle collateral,2918892.12,2025-01-24,Pooja Rao,ACTIVE
CO00239,LN00239,PROPERTY,Residential property collateral,5408195.23,2021-09-25,Pooja Malhotra,ACTIVE
CO00240,LN00240,SECURITIES,Listed securities pledge,5494804.40,2023-07-18,Rahul Khan,RELEASED
CO00241,LN00241,SECURITIES,Listed securities pledge,4552290.13,2024-08-14,Arjun Patel,RELEASED
CO00242,LN00242,DEPOSIT,Fixed deposit lien,4257228.98,2022-06-18,Lakshmi Joshi,ACTIVE
CO00243,LN00243,SECURITIES,Listed securities pledge,2273390.39,2020-02-08,Neha Gupta,ACTIVE
CO00244,LN00244,DEPOSIT,Fixed deposit lien,1873889.77,2019-05-17,Amit Khan,ACTIVE
CO00245,LN00245,DEPOSIT,Fixed deposit lien,1396402.95,2020-08-10,Aarav Desai,ACTIVE
CO00246,LN00246,PROPERTY,Residential property collateral,4712603.60,2024-04-21,Neha Rao,ACTIVE
CO00247,LN00247,DEPOSIT,Fixed deposit lien,3968078.85,2024-01-26,Ananya Malhotra,RELEASED
CO00248,LN00248,VEHICLE,Vehicle collateral,2058306.14,2022-07-28,Karan Rao,RELEASED
CO00249,LN00249,PROPERTY,Residential property collateral,5532520.44,2020-05-10,Neha Sharma,RELEASED
CO00250,LN00250,VEHICLE,Vehicle collateral,2960051.20,2024-01-18,Amit Patel,RELEASED
CO00251,LN00251,VEHICLE,Vehicle collateral,2250525.39,2020-11-15,Aarav Desai,RELEASED
CO00252,LN00252,SECURITIES,Listed securities pledge,3351427.70,2023-06-03,Vikram Iyer,RELEASED
CO00253,LN00253,SECURITIES,Listed securities pledge,1478833.64,2025-01-03,Rajesh Desai,ACTIVE
CO00254,LN00254,VEHICLE,Vehicle collateral,3710083.54,2024-08-11,Karan Sharma,ACTIVE
CO00255,LN00255,SECURITIES,Listed securities pledge,925536.53,2024-05-18,Sneha Desai,RELEASED
CO00256,LN00256,DEPOSIT,Fixed deposit lien,5726961.05,2020-05-06,Neha Desai,ACTIVE
CO00257,LN00257,PROPERTY,Residential property collateral,1643892.71,2022-04-25,Divya Nair,ACTIVE
CO00258,LN00258,VEHICLE,Vehicle collateral,1038016.97,2025-12-27,Arjun Sharma,ACTIVE
CO00259,LN00259,PROPERTY,Residential property collateral,4417250.90,2020-05-20,Amit Rao,ACTIVE
CO00260,LN00260,SECURITIES,Listed securities pledge,1221242.97,2021-06-08,Vikram Joshi,ACTIVE
CO00261,LN00261,SECURITIES,Listed securities pledge,5211160.29,2024-01-01,Aarav Iyer,ACTIVE
CO00262,LN00262,PROPERTY,Residential property collateral,5970399.07,2021-08-10,Rahul Chopra,ACTIVE
CO00263,LN00263,VEHICLE,Vehicle collateral,2242821.44,2025-08-03,Arjun Khan,RELEASED
CO00264,LN00264,DEPOSIT,Fixed deposit lien,5447490.86,2020-04-01,Amit Reddy,RELEASED
CO00265,LN00265,DEPOSIT,Fixed deposit lien,5607718.98,2022-11-22,Aditi Mehta,ACTIVE
CO00266,LN00266,SECURITIES,Listed securities pledge,558812.49,2024-11-01,Amit Gupta,ACTIVE
CO00267,LN00267,PROPERTY,Residential property collateral,619148.21,2023-10-21,Ananya Patel,RELEASED
CO00268,LN00268,DEPOSIT,Fixed deposit lien,5053865.42,2024-01-22,Aarav Desai,ACTIVE
CO00269,LN00269,SECURITIES,Listed securities pledge,5091547.98,2020-07-09,Neha Kapoor,ACTIVE
CO00270,LN00270,DEPOSIT,Fixed deposit lien,2456794.69,2020-03-19,Priya Khan,ACTIVE
CO00271,LN00271,VEHICLE,Vehicle collateral,1380588.03,2022-10-03,Pooja Patel,ACTIVE
CO00272,LN00272,SECURITIES,Listed securities pledge,5380770.77,2025-02-04,Sanjay Rao,RELEASED
CO00273,LN00273,VEHICLE,Vehicle collateral,2194759.33,2019-10-06,Vikram Chopra,RELEASED
CO00274,LN00274,VEHICLE,Vehicle collateral,973403.45,2021-05-01,Sanjay Sharma,RELEASED
CO00275,LN00275,DEPOSIT,Fixed deposit lien,3177233.49,2020-01-20,Rajesh Malhotra,ACTIVE
CO00276,LN00276,DEPOSIT,Fixed deposit lien,1048729.83,2024-04-16,Divya Joshi,RELEASED
CO00277,LN00277,VEHICLE,Vehicle collateral,1513973.33,2019-12-28,Sanjay Joshi,RELEASED
CO00278,LN00278,SECURITIES,Listed securities pledge,4184246.25,2025-03-12,Rajesh Sharma,RELEASED
CO00279,LN00279,PROPERTY,Residential property collateral,1970595.37,2024-06-28,Sanjay Malhotra,RELEASED
CO00280,LN00280,SECURITIES,Listed securities pledge,374981.91,2025-11-30,Amit Rao,RELEASED
CO00281,LN00281,SECURITIES,Listed securities pledge,4427317.56,2020-08-02,Vivaan Verma,ACTIVE
CO00282,LN00282,PROPERTY,Residential property collateral,1950689.77,2022-12-06,Ananya Chopra,ACTIVE
CO00283,LN00283,DEPOSIT,Fixed deposit lien,1924913.34,2021-08-10,Amit Gupta,RELEASED
CO00284,LN00284,PROPERTY,Residential property collateral,4222548.99,2021-12-02,Divya Malhotra,ACTIVE
CO00285,LN00285,PROPERTY,Residential property collateral,4098181.86,2025-08-05,Priya Gupta,ACTIVE
CO00286,LN00286,DEPOSIT,Fixed deposit lien,1207260.87,2019-09-27,Amit Singh,ACTIVE
CO00287,LN00287,PROPERTY,Residential property collateral,757198.33,2025-03-26,Neha Malhotra,ACTIVE
CO00288,LN00288,SECURITIES,Listed securities pledge,3400763.32,2023-06-26,Sanjay Rao,RELEASED
CO00289,LN00289,DEPOSIT,Fixed deposit lien,4904651.81,2022-05-21,Divya Verma,RELEASED
CO00290,LN00290,DEPOSIT,Fixed deposit lien,2774075.83,2019-03-06,Rajesh Malhotra,RELEASED
CO00291,LN00291,DEPOSIT,Fixed deposit lien,1106691.47,2021-06-01,Karan Verma,RELEASED
CO00292,LN00292,SECURITIES,Listed securities pledge,650972.79,2019-12-28,Karan Mehta,ACTIVE
CO00293,LN00293,VEHICLE,Vehicle collateral,2987885.34,2023-08-05,Kavya Khan,ACTIVE
CO00294,LN00294,PROPERTY,Residential property collateral,5448425.22,2025-05-09,Neha Mehta,RELEASED
CO00295,LN00295,DEPOSIT,Fixed deposit lien,5067096.85,2021-09-25,Aarav Reddy,RELEASED
CO00296,LN00296,VEHICLE,Vehicle collateral,686887.21,2025-06-21,Rahul Malhotra,ACTIVE
CO00297,LN00297,SECURITIES,Listed securities pledge,2818207.84,2023-11-25,Sneha Kapoor,ACTIVE
CO00298,LN00298,SECURITIES,Listed securities pledge,98305.39,2019-08-18,Kavya Iyer,RELEASED
CO00299,LN00299,SECURITIES,Listed securities pledge,2229527.78,2021-06-23,Kavya Joshi,RELEASED
CO00300,LN00300,VEHICLE,Vehicle collateral,4451826.33,2022-08-19,Arjun Reddy,RELEASED
CO00301,LN00301,PROPERTY,Residential property collateral,4588451.00,2021-08-28,Rohan Khan,ACTIVE
CO00302,LN00302,PROPERTY,Residential property collateral,297775.62,2022-10-17,Meera Chopra,ACTIVE
CO00303,LN00303,SECURITIES,Listed securities pledge,2763163.37,2022-11-18,Kavya Gupta,RELEASED
CO00304,LN00304,PROPERTY,Residential property collateral,2845084.59,2019-10-17,Lakshmi Gupta,ACTIVE
CO00305,LN00305,SECURITIES,Listed securities pledge,5198582.03,2025-12-14,Lakshmi Verma,RELEASED
CO00306,LN00306,DEPOSIT,Fixed deposit lien,2488682.48,2022-01-11,Arjun Verma,RELEASED
CO00307,LN00307,VEHICLE,Vehicle collateral,4219430.43,2023-01-07,Karan Khan,ACTIVE
CO00308,LN00308,VEHICLE,Vehicle collateral,5030892.80,2024-03-28,Arjun Verma,RELEASED
CO00309,LN00309,SECURITIES,Listed securities pledge,576355.19,2023-05-23,Rahul Malhotra,ACTIVE
CO00310,LN00310,PROPERTY,Residential property collateral,881970.87,2019-12-17,Priya Chopra,ACTIVE
CO00311,LN00311,VEHICLE,Vehicle collateral,5454926.89,2022-04-29,Neha Desai,ACTIVE
CO00312,LN00312,VEHICLE,Vehicle collateral,4419457.52,2024-01-27,Rahul Khan,ACTIVE
CO00313,LN00313,SECURITIES,Listed securities pledge,2851554.91,2023-10-26,Karan Malhotra,ACTIVE
CO00314,LN00314,SECURITIES,Listed securities pledge,4188582.20,2024-01-19,Arjun Singh,ACTIVE
CO00315,LN00315,PROPERTY,Residential property collateral,3841413.73,2021-03-08,Amit Verma,ACTIVE
CO00316,LN00316,VEHICLE,Vehicle collateral,1015947.96,2025-03-17,Kavya Mehta,RELEASED
CO00317,LN00317,VEHICLE,Vehicle collateral,1168036.51,2023-04-03,Neha Kapoor,RELEASED
CO00318,LN00318,SECURITIES,Listed securities pledge,1660243.24,2025-07-04,Rohan Nair,ACTIVE
CO00319,LN00319,SECURITIES,Listed securities pledge,4987305.37,2020-09-22,Amit Mehta,RELEASED
CO00320,LN00320,PROPERTY,Residential property collateral,5017150.76,2025-11-02,Priya Malhotra,ACTIVE
CO00321,LN00321,SECURITIES,Listed securities pledge,1212244.64,2020-02-06,Aditi Patel,ACTIVE
CO00322,LN00322,SECURITIES,Listed securities pledge,3499604.23,2025-12-30,Karan Rao,ACTIVE
CO00323,LN00323,PROPERTY,Residential property collateral,3701261.57,2019-07-07,Arjun Verma,RELEASED
CO00324,LN00324,DEPOSIT,Fixed deposit lien,2168631.47,2024-11-18,Aditi Mehta,ACTIVE
CO00325,LN00325,SECURITIES,Listed securities pledge,1190242.73,2021-12-21,Priya Verma,ACTIVE
CO00326,LN00326,DEPOSIT,Fixed deposit lien,937051.40,2022-11-01,Rahul Joshi,RELEASED
CO00327,LN00327,SECURITIES,Listed securities pledge,4785166.49,2024-01-13,Aditi Joshi,ACTIVE
CO00328,LN00328,DEPOSIT,Fixed deposit lien,3814055.62,2022-08-13,Aditi Mehta,ACTIVE
CO00329,LN00329,SECURITIES,Listed securities pledge,424308.18,2024-06-26,Aarav Sharma,RELEASED
CO00330,LN00330,PROPERTY,Residential property collateral,2109892.92,2024-01-15,Pooja Desai,RELEASED
CO00331,LN00331,SECURITIES,Listed securities pledge,2743640.24,2019-09-20,Vivaan Patel,RELEASED
CO00332,LN00332,VEHICLE,Vehicle collateral,3456541.30,2025-03-18,Arjun Desai,RELEASED
CO00333,LN00333,PROPERTY,Residential property collateral,3367754.25,2022-11-05,Vivaan Gupta,ACTIVE
CO00334,LN00334,DEPOSIT,Fixed deposit lien,3029996.29,2023-05-13,Divya Desai,RELEASED
CO00335,LN00335,DEPOSIT,Fixed deposit lien,799687.73,2019-08-29,Amit Sharma,RELEASED
CO00336,LN00336,DEPOSIT,Fixed deposit lien,2857046.98,2025-07-24,Rohan Singh,RELEASED
CO00337,LN00337,SECURITIES,Listed securities pledge,116916.09,2024-12-16,Priya Joshi,ACTIVE
CO00338,LN00338,PROPERTY,Residential property collateral,4744477.46,2019-05-30,Aditi Malhotra,ACTIVE
CO00339,LN00339,VEHICLE,Vehicle collateral,1408949.03,2025-07-29,Meera Verma,RELEASED
CO00340,LN00340,PROPERTY,Residential property collateral,3381590.72,2020-08-16,Sanjay Malhotra,ACTIVE
CO00341,LN00341,PROPERTY,Residential property collateral,592614.46,2025-04-23,Rohan Desai,ACTIVE
CO00342,LN00342,SECURITIES,Listed securities pledge,4790146.79,2025-03-23,Aarav Sharma,RELEASED
CO00343,LN00343,PROPERTY,Residential property collateral,878300.73,2022-12-20,Aarav Patel,ACTIVE
CO00344,LN00344,DEPOSIT,Fixed deposit lien,4590842.87,2021-02-28,Aditi Desai,ACTIVE
CO00345,LN00345,DEPOSIT,Fixed deposit lien,5952152.33,2020-04-26,Sanjay Patel,RELEASED
CO00346,LN00346,DEPOSIT,Fixed deposit lien,620810.57,2025-08-26,Kavya Rao,RELEASED
CO00347,LN00347,PROPERTY,Residential property collateral,93358.84,2024-10-21,Rajesh Mehta,RELEASED
CO00348,LN00348,PROPERTY,Residential property collateral,4417360.33,2019-07-26,Aditi Khan,ACTIVE
CO00349,LN00349,VEHICLE,Vehicle collateral,604679.50,2022-11-04,Pooja Mehta,ACTIVE
CO00350,LN00350,VEHICLE,Vehicle collateral,2416686.19,2023-03-05,Karan Khan,RELEASED
CO00351,LN00351,DEPOSIT,Fixed deposit lien,1146527.59,2021-10-24,Kavya Nair,RELEASED
CO00352,LN00352,DEPOSIT,Fixed deposit lien,5238571.27,2023-06-08,Arjun Mehta,RELEASED
CO00353,LN00353,SECURITIES,Listed securities pledge,4655301.68,2019-06-07,Vikram Desai,ACTIVE
CO00354,LN00354,DEPOSIT,Fixed deposit lien,4992329.32,2024-07-15,Aditi Mehta,ACTIVE
CO00355,LN00355,VEHICLE,Vehicle collateral,3970257.17,2024-08-05,Ananya Rao,RELEASED
CO00356,LN00356,VEHICLE,Vehicle collateral,3322721.25,2024-09-07,Priya Reddy,RELEASED
CO00357,LN00357,DEPOSIT,Fixed deposit lien,1084715.88,2025-04-24,Meera Malhotra,ACTIVE
CO00358,LN00358,SECURITIES,Listed securities pledge,1175869.58,2022-01-12,Vikram Khan,ACTIVE
CO00359,LN00359,SECURITIES,Listed securities pledge,4883689.87,2020-10-14,Vivaan Gupta,ACTIVE
CO00360,LN00360,PROPERTY,Residential property collateral,2572807.43,2020-05-25,Arjun Nair,ACTIVE
CO00361,LN00361,DEPOSIT,Fixed deposit lien,332629.29,2020-10-16,Karan Reddy,ACTIVE
CO00362,LN00362,SECURITIES,Listed securities pledge,1417319.98,2020-08-26,Vikram Nair,RELEASED
CO00363,LN00363,DEPOSIT,Fixed deposit lien,486575.15,2019-07-13,Divya Verma,ACTIVE
CO00364,LN00364,PROPERTY,Residential property collateral,3757644.19,2024-11-30,Aditi Singh,ACTIVE
CO00365,LN00365,VEHICLE,Vehicle collateral,1468520.27,2020-01-01,Neha Reddy,ACTIVE
CO00366,LN00366,SECURITIES,Listed securities pledge,3706518.33,2020-06-28,Rajesh Chopra,ACTIVE
CO00367,LN00367,SECURITIES,Listed securities pledge,473387.20,2022-06-12,Ananya Malhotra,RELEASED
CO00368,LN00368,PROPERTY,Residential property collateral,61169.90,2024-05-25,Rahul Verma,RELEASED
CO00369,LN00369,DEPOSIT,Fixed deposit lien,4862263.93,2021-04-07,Vikram Chopra,RELEASED
CO00370,LN00370,PROPERTY,Residential property collateral,3797600.32,2020-07-30,Lakshmi Gupta,ACTIVE
CO00371,LN00371,SECURITIES,Listed securities pledge,2373793.19,2025-04-10,Rajesh Verma,RELEASED
CO00372,LN00372,VEHICLE,Vehicle collateral,1326188.09,2025-06-06,Lakshmi Kapoor,ACTIVE
CO00373,LN00373,VEHICLE,Vehicle collateral,2965176.86,2023-03-09,Aarav Sharma,RELEASED
CO00374,LN00374,DEPOSIT,Fixed deposit lien,301372.34,2025-12-16,Rahul Chopra,ACTIVE
CO00375,LN00375,VEHICLE,Vehicle collateral,2417511.78,2025-10-13,Rohan Kapoor,ACTIVE
CO00376,LN00376,DEPOSIT,Fixed deposit lien,3996033.58,2025-07-30,Priya Chopra,RELEASED
CO00377,LN00377,PROPERTY,Residential property collateral,1912977.05,2021-09-08,Sneha Sharma,RELEASED
CO00378,LN00378,SECURITIES,Listed securities pledge,102980.46,2022-02-28,Rajesh Kapoor,ACTIVE
CO00379,LN00379,VEHICLE,Vehicle collateral,1593426.42,2025-04-11,Lakshmi Rao,ACTIVE
CO00380,LN00380,VEHICLE,Vehicle collateral,3841475.03,2019-01-25,Amit Patel,ACTIVE
CO00381,LN00381,DEPOSIT,Fixed deposit lien,5632133.85,2021-04-09,Karan Gupta,ACTIVE
CO00382,LN00382,SECURITIES,Listed securities pledge,2141552.10,2023-09-22,Meera Desai,ACTIVE
CO00383,LN00383,PROPERTY,Residential property collateral,5137147.61,2025-03-28,Amit Singh,ACTIVE
CO00384,LN00384,PROPERTY,Residential property collateral,1673961.79,2024-11-08,Lakshmi Malhotra,ACTIVE
CO00385,LN00385,SECURITIES,Listed securities pledge,3468126.49,2019-11-23,Vikram Nair,ACTIVE
CO00386,LN00386,DEPOSIT,Fixed deposit lien,4639013.96,2025-01-27,Rohan Iyer,ACTIVE
CO00387,LN00387,DEPOSIT,Fixed deposit lien,1819418.84,2025-04-11,Sneha Khan,ACTIVE
CO00388,LN00388,PROPERTY,Residential property collateral,1453097.51,2023-07-19,Vivaan Mehta,RELEASED
CO00389,LN00389,PROPERTY,Residential property collateral,5750014.20,2020-05-14,Rohan Desai,ACTIVE
CO00390,LN00390,SECURITIES,Listed securities pledge,4503338.57,2019-11-03,Karan Kapoor,RELEASED
CO00391,LN00391,VEHICLE,Vehicle collateral,458556.66,2020-12-01,Vivaan Gupta,RELEASED
CO00392,LN00392,SECURITIES,Listed securities pledge,3010101.15,2021-07-26,Lakshmi Reddy,ACTIVE
CO00393,LN00393,DEPOSIT,Fixed deposit lien,5163812.34,2024-10-08,Rajesh Verma,ACTIVE
CO00394,LN00394,DEPOSIT,Fixed deposit lien,5352926.46,2019-07-15,Rahul Singh,RELEASED
CO00395,LN00395,DEPOSIT,Fixed deposit lien,3373990.19,2019-04-22,Lakshmi Reddy,RELEASED
CO00396,LN00396,PROPERTY,Residential property collateral,244863.74,2022-05-29,Amit Sharma,ACTIVE
CO00397,LN00397,DEPOSIT,Fixed deposit lien,2386585.68,2025-10-03,Aarav Khan,ACTIVE
CO00398,LN00398,VEHICLE,Vehicle collateral,3988114.48,2022-10-18,Kavya Malhotra,ACTIVE
CO00399,LN00399,VEHICLE,Vehicle collateral,232746.58,2022-08-17,Rohan Sharma,RELEASED
CO00400,LN00400,VEHICLE,Vehicle collateral,1187503.71,2022-03-25,Arjun Sharma,RELEASED
CO00401,LN00401,SECURITIES,Listed securities pledge,5851248.78,2024-07-10,Divya Khan,ACTIVE
CO00402,LN00402,SECURITIES,Listed securities pledge,388398.88,2019-02-10,Divya Gupta,RELEASED
CO00403,LN00403,VEHICLE,Vehicle collateral,5990121.16,2025-10-02,Arjun Malhotra,RELEASED
CO00404,LN00404,SECURITIES,Listed securities pledge,1461809.53,2020-08-02,Meera Nair,ACTIVE
CO00405,LN00405,VEHICLE,Vehicle collateral,5216272.99,2023-11-08,Rajesh Chopra,ACTIVE
CO00406,LN00406,DEPOSIT,Fixed deposit lien,3149574.53,2020-02-12,Ananya Singh,RELEASED
CO00407,LN00407,SECURITIES,Listed securities pledge,939071.27,2023-09-10,Sanjay Khan,RELEASED
CO00408,LN00408,DEPOSIT,Fixed deposit lien,1880428.75,2024-05-27,Rahul Desai,ACTIVE
CO00409,LN00409,SECURITIES,Listed securities pledge,2003587.52,2021-11-19,Rahul Kapoor,ACTIVE
CO00410,LN00410,VEHICLE,Vehicle collateral,4151702.99,2024-09-14,Sanjay Sharma,RELEASED
CO00411,LN00411,DEPOSIT,Fixed deposit lien,5412756.95,2019-10-01,Sanjay Chopra,ACTIVE
CO00412,LN00412,PROPERTY,Residential property collateral,2758959.69,2024-11-20,Priya Iyer,ACTIVE
CO00413,LN00413,VEHICLE,Vehicle collateral,2487145.72,2025-04-27,Kavya Mehta,RELEASED
CO00414,LN00414,VEHICLE,Vehicle collateral,3019096.93,2019-05-20,Pooja Gupta,ACTIVE
CO00415,LN00415,PROPERTY,Residential property collateral,4551662.00,2019-06-01,Rohan Singh,ACTIVE
CO00416,LN00416,PROPERTY,Residential property collateral,181707.25,2020-03-13,Priya Khan,RELEASED
CO00417,LN00417,PROPERTY,Residential property collateral,1980595.36,2022-08-16,Aditi Chopra,RELEASED
CO00418,LN00418,VEHICLE,Vehicle collateral,1575468.63,2025-07-10,Vivaan Gupta,RELEASED
CO00419,LN00419,VEHICLE,Vehicle collateral,1930652.50,2022-09-01,Priya Chopra,ACTIVE
CO00420,LN00420,DEPOSIT,Fixed deposit lien,3305491.11,2024-01-16,Ananya Chopra,RELEASED
CO00421,LN00421,DEPOSIT,Fixed deposit lien,2696389.46,2025-05-12,Neha Singh,RELEASED
CO00422,LN00422,SECURITIES,Listed securities pledge,1789564.04,2023-04-07,Lakshmi Gupta,ACTIVE
CO00423,LN00423,PROPERTY,Residential property collateral,3536194.81,2025-05-23,Neha Desai,ACTIVE
CO00424,LN00424,SECURITIES,Listed securities pledge,5682572.93,2019-11-03,Sneha Kapoor,RELEASED
CO00425,LN00425,PROPERTY,Residential property collateral,387256.27,2024-05-15,Sanjay Chopra,ACTIVE
CO00426,LN00426,DEPOSIT,Fixed deposit lien,1039946.33,2019-04-25,Rohan Rao,RELEASED
CO00427,LN00427,SECURITIES,Listed securities pledge,4039347.75,2019-05-27,Meera Desai,ACTIVE
CO00428,LN00428,PROPERTY,Residential property collateral,1799163.27,2019-06-03,Sanjay Chopra,ACTIVE
CO00429,LN00429,PROPERTY,Residential property collateral,2403041.48,2021-11-08,Neha Nair,RELEASED
CO00430,LN00430,PROPERTY,Residential property collateral,5915810.50,2019-09-15,Neha Reddy,RELEASED
CO00431,LN00431,DEPOSIT,Fixed deposit lien,4111859.82,2022-04-15,Ananya Chopra,ACTIVE
CO00432,LN00432,VEHICLE,Vehicle collateral,5353903.30,2022-08-18,Rajesh Reddy,RELEASED
CO00433,LN00433,DEPOSIT,Fixed deposit lien,2986805.22,2023-03-01,Divya Chopra,RELEASED
CO00434,LN00434,VEHICLE,Vehicle collateral,1403433.19,2021-12-29,Vivaan Singh,ACTIVE
CO00435,LN00435,DEPOSIT,Fixed deposit lien,2595754.33,2023-04-19,Divya Joshi,RELEASED
CO00436,LN00436,SECURITIES,Listed securities pledge,2775113.72,2023-09-28,Aditi Mehta,ACTIVE
CO00437,LN00437,VEHICLE,Vehicle collateral,928469.56,2023-04-01,Neha Nair,ACTIVE
CO00438,LN00438,PROPERTY,Residential property collateral,586165.53,2022-06-09,Divya Chopra,RELEASED
CO00439,LN00439,SECURITIES,Listed securities pledge,2628630.52,2020-12-23,Aarav Desai,ACTIVE
CO00440,LN00440,PROPERTY,Residential property collateral,5239774.40,2025-04-16,Karan Sharma,RELEASED
CO00441,LN00441,PROPERTY,Residential property collateral,3619249.08,2024-02-05,Ananya Singh,RELEASED
CO00442,LN00442,PROPERTY,Residential property collateral,5052133.28,2019-03-01,Pooja Mehta,RELEASED
CO00443,LN00443,VEHICLE,Vehicle collateral,1020058.17,2019-05-25,Ananya Joshi,RELEASED
CO00444,LN00444,SECURITIES,Listed securities pledge,3362538.51,2024-02-06,Vikram Joshi,RELEASED
CO00445,LN00445,SECURITIES,Listed securities pledge,5043175.59,2021-04-24,Pooja Iyer,ACTIVE
CO00446,LN00446,DEPOSIT,Fixed deposit lien,1926142.15,2023-08-19,Divya Verma,ACTIVE
CO00447,LN00447,SECURITIES,Listed securities pledge,3970694.83,2025-06-19,Aarav Malhotra,RELEASED
CO00448,LN00448,DEPOSIT,Fixed deposit lien,2528945.63,2019-03-13,Meera Desai,ACTIVE
CO00449,LN00449,PROPERTY,Residential property collateral,1211875.93,2024-04-20,Priya Joshi,ACTIVE
CO00450,LN00450,PROPERTY,Residential property collateral,5127156.13,2020-07-10,Karan Rao,ACTIVE
CO00451,LN00451,PROPERTY,Residential property collateral,5132797.03,2025-05-24,Rahul Verma,RELEASED
CO00452,LN00452,PROPERTY,Residential property collateral,2809486.60,2021-09-26,Kavya Mehta,ACTIVE
CO00453,LN00453,SECURITIES,Listed securities pledge,5081639.14,2023-12-05,Priya Reddy,RELEASED
CO00454,LN00454,PROPERTY,Residential property collateral,628261.05,2022-04-05,Karan Joshi,RELEASED
CO00455,LN00455,SECURITIES,Listed securities pledge,4972758.54,2021-02-02,Pooja Kapoor,ACTIVE
CO00456,LN00456,VEHICLE,Vehicle collateral,2939323.67,2025-01-05,Rohan Joshi,ACTIVE
CO00457,LN00457,DEPOSIT,Fixed deposit lien,1008290.78,2019-12-04,Pooja Iyer,ACTIVE
CO00458,LN00458,PROPERTY,Residential property collateral,2659545.33,2023-06-14,Pooja Gupta,ACTIVE
CO00459,LN00459,DEPOSIT,Fixed deposit lien,1188517.73,2022-09-21,Meera Patel,ACTIVE
CO00460,LN00460,DEPOSIT,Fixed deposit lien,510470.02,2022-09-04,Aarav Joshi,RELEASED
CO00461,LN00461,VEHICLE,Vehicle collateral,3925619.68,2025-07-10,Aditi Kapoor,RELEASED
CO00462,LN00462,PROPERTY,Residential property collateral,1505972.44,2024-07-15,Pooja Desai,RELEASED
CO00463,LN00463,SECURITIES,Listed securities pledge,3275091.36,2022-04-29,Pooja Kapoor,RELEASED
CO00464,LN00464,VEHICLE,Vehicle collateral,3291752.96,2021-10-28,Vivaan Desai,ACTIVE
CO00465,LN00465,PROPERTY,Residential property collateral,2476068.08,2023-02-11,Lakshmi Patel,ACTIVE
CO00466,LN00466,PROPERTY,Residential property collateral,1283761.03,2019-01-18,Rohan Iyer,ACTIVE
CO00467,LN00467,PROPERTY,Residential property collateral,1157684.57,2022-10-20,Pooja Iyer,ACTIVE
CO00468,LN00468,SECURITIES,Listed securities pledge,1088241.40,2022-10-16,Karan Gupta,ACTIVE
CO00469,LN00469,PROPERTY,Residential property collateral,1624327.39,2022-02-18,Lakshmi Iyer,ACTIVE
CO00470,LN00470,VEHICLE,Vehicle collateral,3383623.02,2023-05-12,Lakshmi Patel,ACTIVE
CO00471,LN00471,SECURITIES,Listed securities pledge,1385640.94,2023-01-30,Rohan Rao,ACTIVE
CO00472,LN00472,SECURITIES,Listed securities pledge,2498105.38,2025-05-24,Lakshmi Nair,ACTIVE
CO00473,LN00473,SECURITIES,Listed securities pledge,4279967.11,2021-07-06,Meera Chopra,ACTIVE
CO00474,LN00474,SECURITIES,Listed securities pledge,2917856.62,2020-10-08,Vivaan Desai,RELEASED
CO00475,LN00475,VEHICLE,Vehicle collateral,2643614.07,2020-09-27,Priya Sharma,RELEASED
CO00476,LN00476,VEHICLE,Vehicle collateral,756110.33,2019-07-16,Priya Kapoor,ACTIVE
CO00477,LN00477,VEHICLE,Vehicle collateral,268644.00,2024-11-06,Kavya Desai,ACTIVE
CO00478,LN00478,SECURITIES,Listed securities pledge,3930896.15,2025-06-14,Rohan Chopra,ACTIVE
CO00479,LN00479,PROPERTY,Residential property collateral,1682343.57,2023-04-02,Neha Reddy,ACTIVE
CO00480,LN00480,DEPOSIT,Fixed deposit lien,146822.83,2021-12-26,Kavya Rao,RELEASED
CO00481,LN00481,VEHICLE,Vehicle collateral,126120.07,2022-11-08,Vikram Joshi,RELEASED
CO00482,LN00482,VEHICLE,Vehicle collateral,1247961.71,2024-12-06,Karan Iyer,RELEASED
CO00483,LN00483,PROPERTY,Residential property collateral,3204416.82,2025-05-06,Vikram Khan,ACTIVE
CO00484,LN00484,DEPOSIT,Fixed deposit lien,4733696.93,2022-05-05,Aditi Desai,ACTIVE
CO00485,LN00485,SECURITIES,Listed securities pledge,1360734.90,2025-11-10,Rohan Singh,RELEASED
CO00486,LN00486,VEHICLE,Vehicle collateral,1266048.38,2020-03-21,Aditi Verma,ACTIVE
CO00487,LN00487,VEHICLE,Vehicle collateral,5130211.45,2019-07-06,Vikram Rao,RELEASED
CO00488,LN00488,SECURITIES,Listed securities pledge,1091063.47,2022-11-10,Rohan Verma,RELEASED
CO00489,LN00489,SECURITIES,Listed securities pledge,3368730.56,2020-06-18,Priya Khan,ACTIVE
CO00490,LN00490,PROPERTY,Residential property collateral,3998000.72,2025-07-30,Rajesh Desai,ACTIVE
CO00491,LN00491,PROPERTY,Residential property collateral,1390671.26,2021-09-08,Meera Malhotra,RELEASED
CO00492,LN00492,PROPERTY,Residential property collateral,4549769.28,2022-01-02,Sanjay Iyer,RELEASED
CO00493,LN00493,SECURITIES,Listed securities pledge,5059531.00,2021-11-29,Divya Nair,ACTIVE
CO00494,LN00494,SECURITIES,Listed securities pledge,2267964.56,2023-11-26,Sneha Patel,RELEASED
CO00495,LN00495,PROPERTY,Residential property collateral,4505011.53,2023-01-10,Vikram Gupta,ACTIVE
CO00496,LN00496,VEHICLE,Vehicle collateral,4473466.04,2023-10-09,Karan Reddy,RELEASED
CO00497,LN00497,VEHICLE,Vehicle collateral,880745.65,2022-09-11,Amit Iyer,RELEASED
CO00498,LN00498,SECURITIES,Listed securities pledge,375406.44,2022-02-08,Aditi Mehta,ACTIVE
CO00499,LN00499,SECURITIES,Listed securities pledge,4085462.68,2019-09-05,Amit Sharma,ACTIVE
CO00500,LN00500,VEHICLE,Vehicle collateral,99891.21,2023-08-21,Rahul Mehta,ACTIVE
CO00501,LN00501,PROPERTY,Residential property collateral,850478.98,2021-01-13,Aditi Desai,ACTIVE
CO00502,LN00502,VEHICLE,Vehicle collateral,4397064.86,2021-07-30,Amit Verma,RELEASED
CO00503,LN00503,PROPERTY,Residential property collateral,2268445.25,2019-02-02,Arjun Malhotra,RELEASED
CO00504,LN00504,PROPERTY,Residential property collateral,1624226.35,2025-04-24,Divya Kapoor,ACTIVE
CO00505,LN00505,DEPOSIT,Fixed deposit lien,324096.31,2020-06-17,Aditi Gupta,ACTIVE
CO00506,LN00506,SECURITIES,Listed securities pledge,5318216.39,2025-04-07,Priya Sharma,ACTIVE
CO00507,LN00507,PROPERTY,Residential property collateral,2967880.43,2021-12-02,Ananya Reddy,ACTIVE
CO00508,LN00508,PROPERTY,Residential property collateral,428778.15,2023-07-31,Rohan Rao,RELEASED
CO00509,LN00509,SECURITIES,Listed securities pledge,2107953.79,2025-03-12,Pooja Singh,ACTIVE
CO00510,LN00510,PROPERTY,Residential property collateral,5495004.19,2020-06-25,Karan Verma,ACTIVE
CO00511,LN00511,VEHICLE,Vehicle collateral,5667317.46,2022-06-01,Lakshmi Khan,RELEASED
CO00512,LN00512,VEHICLE,Vehicle collateral,813371.47,2022-12-26,Neha Sharma,ACTIVE
CO00513,LN00513,PROPERTY,Residential property collateral,5326537.76,2019-12-28,Karan Gupta,ACTIVE
CO00514,LN00514,VEHICLE,Vehicle collateral,1809044.23,2023-08-02,Lakshmi Chopra,RELEASED
CO00515,LN00515,DEPOSIT,Fixed deposit lien,1493160.89,2022-12-13,Lakshmi Chopra,ACTIVE
CO00516,LN00516,SECURITIES,Listed securities pledge,584966.83,2019-12-14,Aditi Kapoor,ACTIVE
CO00517,LN00517,DEPOSIT,Fixed deposit lien,1033773.27,2025-01-18,Aarav Desai,ACTIVE
CO00518,LN00518,DEPOSIT,Fixed deposit lien,4362292.31,2024-11-03,Aarav Iyer,RELEASED
CO00519,LN00519,PROPERTY,Residential property collateral,5242669.60,2021-07-17,Lakshmi Verma,ACTIVE
CO00520,LN00520,PROPERTY,Residential property collateral,1573554.44,2025-01-29,Ananya Gupta,RELEASED
CO00521,LN00521,PROPERTY,Residential property collateral,1255596.94,2019-01-14,Sanjay Patel,ACTIVE
CO00522,LN00522,SECURITIES,Listed securities pledge,3810752.86,2021-08-13,Divya Gupta,RELEASED
CO00523,LN00523,DEPOSIT,Fixed deposit lien,5642233.16,2019-03-08,Amit Mehta,ACTIVE
CO00524,LN00524,SECURITIES,Listed securities pledge,4997869.10,2019-11-24,Kavya Chopra,ACTIVE
CO00525,LN00525,VEHICLE,Vehicle collateral,5706204.78,2019-08-09,Ananya Desai,RELEASED
CO00526,LN00526,SECURITIES,Listed securities pledge,3720998.69,2024-07-31,Lakshmi Kapoor,ACTIVE
CO00527,LN00527,DEPOSIT,Fixed deposit lien,1375988.29,2020-10-12,Pooja Reddy,RELEASED
CO00528,LN00528,PROPERTY,Residential property collateral,4229156.25,2020-01-07,Aarav Nair,ACTIVE
CO00529,LN00529,SECURITIES,Listed securities pledge,3050447.48,2020-04-22,Aditi Chopra,RELEASED
CO00530,LN00530,VEHICLE,Vehicle collateral,3864428.75,2019-04-03,Aditi Khan,ACTIVE
CO00531,LN00531,DEPOSIT,Fixed deposit lien,5234626.67,2024-06-18,Vivaan Kapoor,ACTIVE
CO00532,LN00532,PROPERTY,Residential property collateral,1422852.30,2020-03-22,Lakshmi Iyer,ACTIVE
CO00533,LN00533,DEPOSIT,Fixed deposit lien,1174297.83,2019-02-10,Vivaan Verma,ACTIVE
CO00534,LN00534,VEHICLE,Vehicle collateral,3622391.40,2023-08-27,Sneha Iyer,RELEASED
CO00535,LN00535,PROPERTY,Residential property collateral,908878.49,2022-07-12,Sneha Khan,ACTIVE
CO00536,LN00536,PROPERTY,Residential property collateral,4384722.60,2021-06-13,Lakshmi Gupta,ACTIVE
CO00537,LN00537,PROPERTY,Residential property collateral,2389934.75,2020-05-15,Arjun Sharma,RELEASED
CO00538,LN00538,VEHICLE,Vehicle collateral,528342.95,2020-07-25,Priya Kapoor,RELEASED
CO00539,LN00539,SECURITIES,Listed securities pledge,5270302.59,2019-03-29,Karan Joshi,ACTIVE
CO00540,LN00540,PROPERTY,Residential property collateral,4808027.62,2022-09-12,Kavya Singh,ACTIVE
CO00541,LN00541,SECURITIES,Listed securities pledge,4267505.35,2022-05-08,Sneha Patel,ACTIVE
CO00542,LN00542,DEPOSIT,Fixed deposit lien,3544054.43,2021-02-10,Lakshmi Desai,ACTIVE
CO00543,LN00543,VEHICLE,Vehicle collateral,3257704.69,2025-03-04,Rohan Khan,ACTIVE
CO00544,LN00544,VEHICLE,Vehicle collateral,5855116.87,2019-07-26,Rohan Verma,ACTIVE
CO00545,LN00545,DEPOSIT,Fixed deposit lien,4922811.57,2024-11-24,Amit Rao,RELEASED
CO00546,LN00546,SECURITIES,Listed securities pledge,2889114.53,2020-09-26,Arjun Patel,ACTIVE
CO00547,LN00547,PROPERTY,Residential property collateral,2828641.43,2024-02-16,Meera Patel,RELEASED
CO00548,LN00548,SECURITIES,Listed securities pledge,5861604.73,2023-02-05,Priya Singh,RELEASED
CO00549,LN00549,PROPERTY,Residential property collateral,1197905.79,2020-11-17,Meera Iyer,RELEASED
CO00550,LN00550,DEPOSIT,Fixed deposit lien,1446091.67,2020-07-05,Priya Rao,RELEASED
CO00551,LN00551,DEPOSIT,Fixed deposit lien,2189117.51,2021-08-11,Vivaan Nair,RELEASED
CO00552,LN00552,PROPERTY,Residential property collateral,5310431.91,2025-07-21,Meera Kapoor,RELEASED
CO00553,LN00553,DEPOSIT,Fixed deposit lien,1296361.19,2025-05-21,Karan Gupta,RELEASED
CO00554,LN00554,PROPERTY,Residential property collateral,3406204.50,2025-04-08,Ananya Gupta,RELEASED
CO00555,LN00555,PROPERTY,Residential property collateral,2219897.92,2020-10-29,Vivaan Gupta,RELEASED
CO00556,LN00556,DEPOSIT,Fixed deposit lien,4292211.03,2020-01-14,Divya Verma,ACTIVE
CO00557,LN00557,SECURITIES,Listed securities pledge,5506236.91,2019-01-13,Priya Rao,RELEASED
CO00558,LN00558,DEPOSIT,Fixed deposit lien,4757836.79,2020-11-15,Divya Verma,RELEASED
CO00559,LN00559,PROPERTY,Residential property collateral,5136839.09,2023-07-21,Meera Kapoor,ACTIVE
CO00560,LN00560,SECURITIES,Listed securities pledge,1693537.94,2022-10-14,Sanjay Gupta,RELEASED
CO00561,LN00561,SECURITIES,Listed securities pledge,4697462.55,2019-11-23,Karan Malhotra,RELEASED
CO00562,LN00562,SECURITIES,Listed securities pledge,329416.27,2021-11-11,Aditi Verma,RELEASED
CO00563,LN00563,PROPERTY,Residential property collateral,571834.10,2019-09-02,Amit Chopra,RELEASED
CO00564,LN00564,VEHICLE,Vehicle collateral,1462810.57,2021-09-30,Neha Reddy,RELEASED
CO00565,LN00565,SECURITIES,Listed securities pledge,3808251.42,2025-11-24,Aarav Reddy,RELEASED
CO00566,LN00566,PROPERTY,Residential property collateral,3060310.40,2019-01-30,Lakshmi Desai,ACTIVE
CO00567,LN00567,PROPERTY,Residential property collateral,3380856.16,2021-01-21,Sneha Patel,RELEASED
CO00568,LN00568,VEHICLE,Vehicle collateral,449246.97,2021-12-06,Kavya Verma,ACTIVE
CO00569,LN00569,PROPERTY,Residential property collateral,3193730.92,2021-06-03,Lakshmi Nair,RELEASED
CO00570,LN00570,PROPERTY,Residential property collateral,1245955.06,2022-09-16,Aarav Reddy,ACTIVE
CO00571,LN00571,VEHICLE,Vehicle collateral,5476122.72,2025-04-22,Lakshmi Kapoor,RELEASED
CO00572,LN00572,DEPOSIT,Fixed deposit lien,3244634.85,2025-09-01,Divya Rao,RELEASED
CO00573,LN00573,VEHICLE,Vehicle collateral,4109901.95,2023-01-22,Vivaan Chopra,ACTIVE
CO00574,LN00574,SECURITIES,Listed securities pledge,5091119.13,2024-12-31,Pooja Verma,ACTIVE
CO00575,LN00575,SECURITIES,Listed securities pledge,3415866.83,2025-03-05,Amit Joshi,RELEASED
CO00576,LN00576,DEPOSIT,Fixed deposit lien,5294506.76,2021-01-12,Ananya Malhotra,ACTIVE
CO00577,LN00577,SECURITIES,Listed securities pledge,2949597.57,2023-08-25,Aarav Mehta,ACTIVE
CO00578,LN00578,PROPERTY,Residential property collateral,4922189.40,2020-07-19,Lakshmi Desai,ACTIVE
CO00579,LN00579,VEHICLE,Vehicle collateral,535066.58,2019-12-20,Aarav Desai,ACTIVE
CO00580,LN00580,PROPERTY,Residential property collateral,5778257.97,2019-02-10,Lakshmi Patel,ACTIVE
CO00581,LN00581,DEPOSIT,Fixed deposit lien,1645505.38,2024-02-11,Sneha Chopra,ACTIVE
CO00582,LN00582,DEPOSIT,Fixed deposit lien,3601244.41,2021-06-27,Amit Khan,ACTIVE
CO00583,LN00583,VEHICLE,Vehicle collateral,4779845.85,2025-09-29,Aditi Mehta,ACTIVE
CO00584,LN00584,VEHICLE,Vehicle collateral,1667137.35,2019-09-05,Kavya Desai,ACTIVE
CO00585,LN00585,VEHICLE,Vehicle collateral,5041709.14,2023-01-19,Sneha Khan,ACTIVE
CO00586,LN00586,PROPERTY,Residential property collateral,5255452.28,2024-10-23,Meera Iyer,RELEASED
CO00587,LN00587,DEPOSIT,Fixed deposit lien,896097.72,2019-04-06,Rahul Iyer,ACTIVE
CO00588,LN00588,PROPERTY,Residential property collateral,1040362.51,2022-08-28,Meera Kapoor,RELEASED
CO00589,LN00589,VEHICLE,Vehicle collateral,1990437.92,2022-12-02,Rohan Desai,ACTIVE
CO00590,LN00590,VEHICLE,Vehicle collateral,5516318.08,2022-05-28,Sneha Chopra,ACTIVE
CO00591,LN00591,PROPERTY,Residential property collateral,65092.89,2025-01-23,Aarav Rao,RELEASED
CO00592,LN00592,VEHICLE,Vehicle collateral,962835.94,2024-02-13,Priya Sharma,ACTIVE
CO00593,LN00593,PROPERTY,Residential property collateral,3921178.08,2023-01-26,Neha Singh,RELEASED
CO00594,LN00594,PROPERTY,Residential property collateral,2495574.76,2019-01-08,Vikram Nair,RELEASED
CO00595,LN00595,DEPOSIT,Fixed deposit lien,3456589.08,2022-03-31,Rajesh Iyer,RELEASED
CO00596,LN00596,PROPERTY,Residential property collateral,1983378.50,2023-10-21,Neha Verma,ACTIVE
CO00597,LN00597,SECURITIES,Listed securities pledge,4909046.31,2021-09-22,Ananya Verma,ACTIVE
CO00598,LN00598,SECURITIES,Listed securities pledge,1674521.13,2024-07-18,Amit Sharma,RELEASED
CO00599,LN00599,VEHICLE,Vehicle collateral,4941044.03,2022-09-06,Neha Malhotra,ACTIVE
CO00600,LN00600,SECURITIES,Listed securities pledge,2654494.98,2023-11-06,Meera Mehta,ACTIVE
CO00601,LN00601,PROPERTY,Residential property collateral,3057439.78,2021-05-20,Meera Desai,ACTIVE
CO00602,LN00602,PROPERTY,Residential property collateral,1310415.76,2019-03-11,Aditi Singh,ACTIVE
CO00603,LN00603,PROPERTY,Residential property collateral,1718042.35,2025-10-24,Lakshmi Iyer,RELEASED
CO00604,LN00604,SECURITIES,Listed securities pledge,485828.61,2021-07-20,Sneha Sharma,RELEASED
CO00605,LN00605,SECURITIES,Listed securities pledge,3411713.25,2023-12-29,Priya Reddy,RELEASED
CO00606,LN00606,PROPERTY,Residential property collateral,770421.03,2020-05-16,Priya Malhotra,ACTIVE
CO00607,LN00607,DEPOSIT,Fixed deposit lien,3601628.57,2024-06-04,Sneha Patel,ACTIVE
CO00608,LN00608,SECURITIES,Listed securities pledge,2174070.85,2023-05-02,Vivaan Nair,RELEASED
CO00609,LN00609,VEHICLE,Vehicle collateral,2935130.76,2022-05-13,Sanjay Gupta,ACTIVE
CO00610,LN00610,PROPERTY,Residential property collateral,3815908.02,2020-01-23,Meera Chopra,RELEASED
CO00611,LN00611,PROPERTY,Residential property collateral,1459511.80,2022-04-06,Priya Gupta,ACTIVE
CO00612,LN00612,VEHICLE,Vehicle collateral,1309965.02,2024-02-26,Sneha Chopra,RELEASED
CO00613,LN00613,SECURITIES,Listed securities pledge,1910713.74,2023-05-12,Lakshmi Nair,ACTIVE
CO00614,LN00614,SECURITIES,Listed securities pledge,5173927.40,2025-06-12,Karan Kapoor,RELEASED
CO00615,LN00615,PROPERTY,Residential property collateral,5401101.93,2025-05-06,Rohan Gupta,ACTIVE
CO00616,LN00616,SECURITIES,Listed securities pledge,2407695.09,2020-04-16,Sanjay Gupta,RELEASED
CO00617,LN00617,SECURITIES,Listed securities pledge,4386705.06,2022-07-10,Sanjay Gupta,RELEASED
CO00618,LN00618,DEPOSIT,Fixed deposit lien,3207632.03,2019-02-04,Aditi Kapoor,RELEASED
CO00619,LN00619,VEHICLE,Vehicle collateral,2662760.80,2025-10-09,Kavya Kapoor,RELEASED
CO00620,LN00620,SECURITIES,Listed securities pledge,412597.90,2021-10-21,Divya Nair,RELEASED
CO00621,LN00621,DEPOSIT,Fixed deposit lien,3198264.45,2024-09-17,Divya Kapoor,ACTIVE
CO00622,LN00622,VEHICLE,Vehicle collateral,3000855.57,2020-04-05,Arjun Verma,RELEASED
CO00623,LN00623,SECURITIES,Listed securities pledge,2420947.72,2022-06-15,Sneha Sharma,ACTIVE
CO00624,LN00624,PROPERTY,Residential property collateral,4303691.67,2020-10-10,Vivaan Khan,RELEASED
CO00625,LN00625,VEHICLE,Vehicle collateral,592169.53,2024-02-06,Amit Kapoor,ACTIVE
CO00626,LN00626,VEHICLE,Vehicle collateral,5487691.42,2019-06-19,Neha Kapoor,ACTIVE
CO00627,LN00627,DEPOSIT,Fixed deposit lien,2635566.99,2023-04-09,Pooja Nair,ACTIVE
CO00628,LN00628,VEHICLE,Vehicle collateral,2401942.83,2019-07-03,Sneha Rao,RELEASED
CO00629,LN00629,VEHICLE,Vehicle collateral,3525337.56,2025-01-22,Ananya Kapoor,ACTIVE
CO00630,LN00630,DEPOSIT,Fixed deposit lien,877389.58,2021-09-01,Sneha Iyer,ACTIVE
CO00631,LN00631,VEHICLE,Vehicle collateral,2431959.22,2023-10-27,Karan Reddy,ACTIVE
CO00632,LN00632,SECURITIES,Listed securities pledge,3970778.33,2025-05-02,Rajesh Chopra,ACTIVE
CO00633,LN00633,DEPOSIT,Fixed deposit lien,5346327.38,2025-08-02,Divya Mehta,ACTIVE
CO00634,LN00634,SECURITIES,Listed securities pledge,1662374.38,2021-12-26,Rohan Malhotra,RELEASED
CO00635,LN00635,DEPOSIT,Fixed deposit lien,2032705.38,2019-09-19,Rahul Khan,ACTIVE
CO00636,LN00636,PROPERTY,Residential property collateral,4820095.86,2019-05-02,Meera Mehta,ACTIVE
CO00637,LN00637,DEPOSIT,Fixed deposit lien,5401594.52,2024-12-15,Arjun Malhotra,RELEASED
CO00638,LN00638,PROPERTY,Residential property collateral,2604254.88,2022-05-25,Arjun Kapoor,ACTIVE
CO00639,LN00639,DEPOSIT,Fixed deposit lien,3039406.78,2021-09-23,Vikram Iyer,ACTIVE
CO00640,LN00640,VEHICLE,Vehicle collateral,4415003.31,2021-07-29,Pooja Joshi,ACTIVE
CO00641,LN00641,DEPOSIT,Fixed deposit lien,2365465.75,2020-04-26,Arjun Verma,RELEASED
CO00642,LN00642,DEPOSIT,Fixed deposit lien,4144140.22,2020-02-27,Ananya Iyer,ACTIVE
CO00643,LN00643,DEPOSIT,Fixed deposit lien,4532892.09,2020-03-15,Rohan Desai,RELEASED
CO00644,LN00644,DEPOSIT,Fixed deposit lien,3784683.09,2024-03-30,Sneha Sharma,ACTIVE
CO00645,LN00645,DEPOSIT,Fixed deposit lien,688654.27,2021-01-10,Priya Mehta,ACTIVE
CO00646,LN00646,PROPERTY,Residential property collateral,1870879.53,2024-06-05,Ananya Gupta,RELEASED
CO00647,LN00647,SECURITIES,Listed securities pledge,4757398.10,2025-01-22,Ananya Iyer,ACTIVE
CO00648,LN00648,VEHICLE,Vehicle collateral,4404601.06,2023-04-16,Vivaan Patel,ACTIVE
CO00649,LN00649,DEPOSIT,Fixed deposit lien,2056735.66,2024-01-03,Kavya Gupta,RELEASED
CO00650,LN00650,SECURITIES,Listed securities pledge,2575547.64,2019-03-03,Pooja Malhotra,ACTIVE
CO00651,LN00651,PROPERTY,Residential property collateral,3617958.00,2019-10-30,Meera Khan,ACTIVE
CO00652,LN00652,PROPERTY,Residential property collateral,3398170.47,2019-10-08,Priya Sharma,RELEASED
CO00653,LN00653,PROPERTY,Residential property collateral,3680198.47,2023-01-06,Priya Joshi,ACTIVE
CO00654,LN00654,DEPOSIT,Fixed deposit lien,5424306.24,2019-04-16,Aditi Rao,ACTIVE
CO00655,LN00655,SECURITIES,Listed securities pledge,892551.76,2025-01-21,Ananya Gupta,RELEASED
CO00656,LN00656,SECURITIES,Listed securities pledge,2513694.65,2024-10-18,Karan Malhotra,RELEASED
CO00657,LN00657,PROPERTY,Residential property collateral,2862275.04,2023-03-27,Lakshmi Rao,ACTIVE
CO00658,LN00658,DEPOSIT,Fixed deposit lien,2529463.22,2021-04-26,Divya Joshi,RELEASED
CO00659,LN00659,DEPOSIT,Fixed deposit lien,3730861.83,2019-03-20,Pooja Gupta,ACTIVE
CO00660,LN00660,DEPOSIT,Fixed deposit lien,5289536.82,2023-10-19,Aarav Singh,RELEASED
CO00661,LN00661,PROPERTY,Residential property collateral,3482583.26,2019-12-18,Divya Iyer,RELEASED
CO00662,LN00662,DEPOSIT,Fixed deposit lien,421320.45,2021-12-23,Aditi Sharma,ACTIVE
CO00663,LN00663,DEPOSIT,Fixed deposit lien,117972.19,2023-06-16,Rohan Verma,RELEASED
CO00664,LN00664,VEHICLE,Vehicle collateral,550268.72,2019-07-14,Ananya Singh,ACTIVE
CO00665,LN00665,PROPERTY,Residential property collateral,5662305.30,2025-05-02,Sneha Singh,RELEASED
CO00666,LN00666,SECURITIES,Listed securities pledge,2619603.97,2022-07-03,Divya Singh,ACTIVE
CO00667,LN00667,VEHICLE,Vehicle collateral,3267145.91,2020-11-08,Meera Rao,RELEASED
CO00668,LN00668,DEPOSIT,Fixed deposit lien,3134158.16,2024-03-18,Divya Chopra,RELEASED
CO00669,LN00669,SECURITIES,Listed securities pledge,2263836.75,2024-11-20,Aditi Joshi,ACTIVE
CO00670,LN00670,VEHICLE,Vehicle collateral,4058110.93,2021-09-30,Rajesh Rao,ACTIVE
CO00671,LN00671,PROPERTY,Residential property collateral,611293.98,2020-10-29,Karan Mehta,RELEASED
CO00672,LN00672,DEPOSIT,Fixed deposit lien,5277195.39,2021-09-09,Pooja Joshi,RELEASED
CO00673,LN00673,DEPOSIT,Fixed deposit lien,3509623.94,2019-09-09,Sneha Chopra,ACTIVE
CO00674,LN00674,VEHICLE,Vehicle collateral,4439259.81,2022-06-26,Rajesh Chopra,ACTIVE
CO00675,LN00675,DEPOSIT,Fixed deposit lien,119957.49,2023-09-18,Rohan Nair,RELEASED
CO00676,LN00676,DEPOSIT,Fixed deposit lien,406270.09,2019-05-28,Vikram Reddy,ACTIVE
CO00677,LN00677,VEHICLE,Vehicle collateral,594426.60,2023-11-19,Divya Rao,ACTIVE
CO00678,LN00678,VEHICLE,Vehicle collateral,4390131.03,2022-10-21,Ananya Iyer,RELEASED
CO00679,LN00679,VEHICLE,Vehicle collateral,1160185.08,2020-12-04,Neha Gupta,ACTIVE
CO00680,LN00680,VEHICLE,Vehicle collateral,5314424.16,2023-11-11,Neha Mehta,ACTIVE
CO00681,LN00681,VEHICLE,Vehicle collateral,1667205.85,2021-09-26,Pooja Verma,ACTIVE
CO00682,LN00682,SECURITIES,Listed securities pledge,5710655.99,2019-12-21,Priya Nair,RELEASED
CO00683,LN00683,DEPOSIT,Fixed deposit lien,5530657.67,2019-03-22,Priya Kapoor,RELEASED
CO00684,LN00684,DEPOSIT,Fixed deposit lien,5160114.23,2023-07-25,Aarav Mehta,ACTIVE
CO00685,LN00685,PROPERTY,Residential property collateral,1412652.71,2021-03-06,Priya Patel,RELEASED
CO00686,LN00686,VEHICLE,Vehicle collateral,1179546.43,2020-01-08,Priya Reddy,ACTIVE
CO00687,LN00687,VEHICLE,Vehicle collateral,2225056.05,2025-03-22,Ananya Malhotra,ACTIVE
CO00688,LN00688,SECURITIES,Listed securities pledge,847531.32,2023-05-17,Amit Kapoor,RELEASED
CO00689,LN00689,SECURITIES,Listed securities pledge,2665722.43,2021-07-14,Divya Malhotra,ACTIVE
CO00690,LN00690,PROPERTY,Residential property collateral,3793771.83,2022-06-13,Rajesh Verma,ACTIVE
CO00691,LN00691,SECURITIES,Listed securities pledge,539363.36,2022-12-14,Aditi Patel,RELEASED
CO00692,LN00692,VEHICLE,Vehicle collateral,2452195.16,2024-12-27,Neha Gupta,RELEASED
CO00693,LN00693,SECURITIES,Listed securities pledge,77142.83,2022-07-18,Karan Kapoor,RELEASED
CO00694,LN00694,SECURITIES,Listed securities pledge,3129726.98,2025-10-28,Meera Rao,RELEASED
CO00695,LN00695,VEHICLE,Vehicle collateral,1359162.92,2021-03-29,Lakshmi Desai,ACTIVE
CO00696,LN00696,DEPOSIT,Fixed deposit lien,1295156.60,2025-01-20,Rohan Joshi,RELEASED
CO00697,LN00697,VEHICLE,Vehicle collateral,5424408.30,2020-08-19,Ananya Gupta,RELEASED
CO00698,LN00698,PROPERTY,Residential property collateral,5353090.74,2019-06-07,Sanjay Singh,RELEASED
CO00699,LN00699,PROPERTY,Residential property collateral,1255685.57,2019-06-15,Vikram Khan,RELEASED
CO00700,LN00700,DEPOSIT,Fixed deposit lien,1599186.05,2019-05-31,Vivaan Patel,ACTIVE
CO00701,LN00701,PROPERTY,Residential property collateral,4450155.86,2019-06-06,Aditi Rao,RELEASED
CO00702,LN00702,PROPERTY,Residential property collateral,1246765.64,2021-03-12,Karan Joshi,RELEASED
CO00703,LN00703,SECURITIES,Listed securities pledge,1682966.55,2020-07-06,Rohan Reddy,ACTIVE
CO00704,LN00704,DEPOSIT,Fixed deposit lien,3401503.71,2023-10-19,Karan Verma,RELEASED
CO00705,LN00705,DEPOSIT,Fixed deposit lien,642092.85,2023-01-31,Sneha Gupta,ACTIVE
CO00706,LN00706,SECURITIES,Listed securities pledge,431425.49,2019-08-03,Amit Patel,ACTIVE
CO00707,LN00707,SECURITIES,Listed securities pledge,1617822.52,2019-02-01,Rajesh Nair,ACTIVE
CO00708,LN00708,VEHICLE,Vehicle collateral,4021966.68,2022-11-26,Rajesh Reddy,RELEASED
CO00709,LN00709,DEPOSIT,Fixed deposit lien,5270740.11,2019-05-08,Aditi Desai,ACTIVE
CO00710,LN00710,SECURITIES,Listed securities pledge,1894715.62,2021-04-11,Rahul Reddy,RELEASED
CO00711,LN00711,PROPERTY,Residential property collateral,1918060.55,2019-04-19,Aditi Reddy,RELEASED
CO00712,LN00712,VEHICLE,Vehicle collateral,3374656.85,2023-11-17,Lakshmi Patel,RELEASED
CO00713,LN00713,PROPERTY,Residential property collateral,4540367.78,2025-04-25,Karan Mehta,RELEASED
CO00714,LN00714,DEPOSIT,Fixed deposit lien,3780863.36,2020-08-04,Neha Iyer,ACTIVE
CO00715,LN00715,SECURITIES,Listed securities pledge,1326466.64,2020-07-26,Divya Desai,RELEASED
CO00716,LN00716,VEHICLE,Vehicle collateral,2142666.24,2022-06-17,Sanjay Nair,RELEASED
CO00717,LN00717,VEHICLE,Vehicle collateral,5872280.39,2019-11-01,Vivaan Malhotra,ACTIVE
CO00718,LN00718,VEHICLE,Vehicle collateral,5110365.45,2022-01-12,Vikram Singh,RELEASED
CO00719,LN00719,VEHICLE,Vehicle collateral,2083953.26,2025-07-12,Rajesh Patel,RELEASED
CO00720,LN00720,SECURITIES,Listed securities pledge,4910758.24,2023-09-14,Priya Mehta,RELEASED
CO00721,LN00721,SECURITIES,Listed securities pledge,1560607.54,2025-05-16,Ananya Iyer,ACTIVE
CO00722,LN00722,PROPERTY,Residential property collateral,4128329.40,2019-10-01,Lakshmi Sharma,RELEASED
CO00723,LN00723,VEHICLE,Vehicle collateral,1052148.84,2020-03-12,Arjun Nair,RELEASED
CO00724,LN00724,PROPERTY,Residential property collateral,792540.23,2025-03-19,Arjun Joshi,RELEASED
CO00725,LN00725,DEPOSIT,Fixed deposit lien,2159305.76,2024-10-05,Rajesh Singh,RELEASED
CO00726,LN00726,VEHICLE,Vehicle collateral,3486794.04,2025-12-30,Priya Reddy,RELEASED
CO00727,LN00727,VEHICLE,Vehicle collateral,1090506.84,2025-06-15,Rohan Patel,ACTIVE
CO00728,LN00728,PROPERTY,Residential property collateral,5269753.52,2023-01-05,Priya Verma,RELEASED
CO00729,LN00729,VEHICLE,Vehicle collateral,3678100.43,2023-05-23,Kavya Patel,RELEASED
CO00730,LN00730,PROPERTY,Residential property collateral,3169641.38,2022-08-26,Arjun Verma,ACTIVE
CO00731,LN00731,DEPOSIT,Fixed deposit lien,5927813.10,2025-04-03,Rohan Sharma,ACTIVE
CO00732,LN00732,DEPOSIT,Fixed deposit lien,5027302.07,2021-05-07,Kavya Chopra,RELEASED
CO00733,LN00733,SECURITIES,Listed securities pledge,518828.35,2019-06-13,Aditi Kapoor,ACTIVE
CO00734,LN00734,DEPOSIT,Fixed deposit lien,4646341.17,2022-02-02,Arjun Mehta,ACTIVE
CO00735,LN00735,PROPERTY,Residential property collateral,1770535.46,2024-04-01,Rohan Chopra,RELEASED
CO00736,LN00736,SECURITIES,Listed securities pledge,3745831.56,2025-11-14,Aditi Khan,ACTIVE
CO00737,LN00737,DEPOSIT,Fixed deposit lien,3948387.91,2025-07-14,Meera Reddy,RELEASED
CO00738,LN00738,PROPERTY,Residential property collateral,445203.56,2019-05-05,Vikram Malhotra,RELEASED
CO00739,LN00739,SECURITIES,Listed securities pledge,4979472.87,2023-12-22,Vivaan Reddy,RELEASED
CO00740,LN00740,DEPOSIT,Fixed deposit lien,41608.10,2021-10-03,Aarav Verma,ACTIVE
CO00741,LN00741,PROPERTY,Residential property collateral,1855189.36,2025-10-03,Aarav Iyer,RELEASED
CO00742,LN00742,VEHICLE,Vehicle collateral,4182241.24,2021-12-07,Vivaan Mehta,ACTIVE
CO00743,LN00743,VEHICLE,Vehicle collateral,365803.96,2024-04-22,Sneha Patel,RELEASED
CO00744,LN00744,SECURITIES,Listed securities pledge,3120665.37,2024-04-25,Arjun Patel,RELEASED
CO00745,LN00745,DEPOSIT,Fixed deposit lien,5956081.27,2025-04-17,Aditi Joshi,RELEASED
CO00746,LN00746,SECURITIES,Listed securities pledge,1668445.87,2023-08-07,Sneha Joshi,RELEASED
CO00747,LN00747,VEHICLE,Vehicle collateral,5041386.17,2024-09-08,Rahul Patel,ACTIVE
CO00748,LN00748,SECURITIES,Listed securities pledge,852462.76,2025-01-25,Karan Gupta,RELEASED
CO00749,LN00749,VEHICLE,Vehicle collateral,2651416.06,2019-02-03,Amit Sharma,RELEASED
CO00750,LN00750,DEPOSIT,Fixed deposit lien,3982801.18,2020-03-09,Aditi Joshi,ACTIVE
CO00751,LN00751,PROPERTY,Residential property collateral,3486633.94,2019-05-07,Sanjay Joshi,RELEASED
CO00752,LN00752,DEPOSIT,Fixed deposit lien,1187161.82,2023-02-03,Divya Malhotra,ACTIVE
CO00753,LN00753,SECURITIES,Listed securities pledge,33762.30,2019-03-30,Vikram Verma,RELEASED
CO00754,LN00754,SECURITIES,Listed securities pledge,3002605.72,2024-06-17,Ananya Sharma,ACTIVE
CO00755,LN00755,VEHICLE,Vehicle collateral,1777301.51,2019-04-27,Ananya Rao,ACTIVE
CO00756,LN00756,SECURITIES,Listed securities pledge,1039705.06,2024-05-26,Sneha Patel,RELEASED
CO00757,LN00757,PROPERTY,Residential property collateral,4311718.31,2022-05-07,Pooja Patel,ACTIVE
CO00758,LN00758,PROPERTY,Residential property collateral,356481.95,2019-11-20,Sanjay Nair,ACTIVE
CO00759,LN00759,PROPERTY,Residential property collateral,5734430.00,2025-08-28,Kavya Reddy,ACTIVE
CO00760,LN00760,DEPOSIT,Fixed deposit lien,212341.04,2025-12-25,Divya Verma,RELEASED
CO00761,LN00761,SECURITIES,Listed securities pledge,3218718.41,2025-08-07,Pooja Reddy,RELEASED
CO00762,LN00762,DEPOSIT,Fixed deposit lien,3920789.51,2023-11-22,Rohan Mehta,RELEASED
CO00763,LN00763,VEHICLE,Vehicle collateral,2659490.17,2020-08-30,Karan Gupta,ACTIVE
CO00764,LN00764,VEHICLE,Vehicle collateral,2027036.45,2022-01-14,Pooja Sharma,ACTIVE
CO00765,LN00765,PROPERTY,Residential property collateral,1586252.18,2024-02-14,Sneha Mehta,ACTIVE
CO00766,LN00766,PROPERTY,Residential property collateral,4560387.90,2022-09-09,Vikram Rao,RELEASED
CO00767,LN00767,VEHICLE,Vehicle collateral,1979333.57,2023-06-22,Rohan Patel,RELEASED
CO00768,LN00768,DEPOSIT,Fixed deposit lien,5892321.84,2022-01-06,Karan Desai,RELEASED
CO00769,LN00769,VEHICLE,Vehicle collateral,4725876.15,2020-02-11,Arjun Singh,ACTIVE
CO00770,LN00770,VEHICLE,Vehicle collateral,5084282.62,2024-07-03,Aarav Chopra,ACTIVE
CO00771,LN00771,PROPERTY,Residential property collateral,5397551.66,2020-07-06,Karan Joshi,RELEASED
CO00772,LN00772,DEPOSIT,Fixed deposit lien,5737800.91,2022-11-02,Pooja Verma,RELEASED
CO00773,LN00773,VEHICLE,Vehicle collateral,4124011.68,2025-10-24,Neha Gupta,RELEASED
CO00774,LN00774,PROPERTY,Residential property collateral,3524766.15,2022-07-17,Vikram Iyer,RELEASED
CO00775,LN00775,VEHICLE,Vehicle collateral,2357187.02,2019-11-20,Kavya Gupta,RELEASED
CO00776,LN00776,PROPERTY,Residential property collateral,830224.72,2020-05-01,Karan Desai,ACTIVE
CO00777,LN00777,PROPERTY,Residential property collateral,5958503.51,2023-02-08,Rajesh Gupta,RELEASED
CO00778,LN00778,DEPOSIT,Fixed deposit lien,833852.87,2019-07-08,Vikram Verma,RELEASED
CO00779,LN00779,PROPERTY,Residential property collateral,1364475.86,2020-08-12,Karan Mehta,RELEASED
CO00780,LN00780,DEPOSIT,Fixed deposit lien,281623.26,2025-12-12,Amit Patel,ACTIVE
CO00781,LN00781,PROPERTY,Residential property collateral,3705155.66,2021-12-07,Ananya Rao,RELEASED
CO00782,LN00782,SECURITIES,Listed securities pledge,3030859.93,2023-05-01,Priya Sharma,ACTIVE
CO00783,LN00783,VEHICLE,Vehicle collateral,3482907.35,2021-06-08,Sanjay Reddy,RELEASED
CO00784,LN00784,DEPOSIT,Fixed deposit lien,5479312.74,2022-02-14,Arjun Nair,RELEASED
CO00785,LN00785,PROPERTY,Residential property collateral,5290299.64,2025-03-13,Aarav Nair,RELEASED
CO00786,LN00786,DEPOSIT,Fixed deposit lien,161107.92,2023-03-06,Neha Rao,ACTIVE
CO00787,LN00787,PROPERTY,Residential property collateral,4791792.01,2021-05-08,Pooja Desai,RELEASED
CO00788,LN00788,SECURITIES,Listed securities pledge,3487297.94,2025-10-04,Arjun Reddy,ACTIVE
CO00789,LN00789,DEPOSIT,Fixed deposit lien,4367779.28,2025-03-28,Meera Mehta,RELEASED
CO00790,LN00790,DEPOSIT,Fixed deposit lien,1443574.56,2021-03-06,Kavya Sharma,ACTIVE
CO00791,LN00791,VEHICLE,Vehicle collateral,3577121.17,2024-10-09,Ananya Desai,RELEASED
CO00792,LN00792,DEPOSIT,Fixed deposit lien,2772008.78,2021-09-21,Karan Patel,ACTIVE
CO00793,LN00793,VEHICLE,Vehicle collateral,5060851.60,2022-07-27,Rahul Desai,RELEASED
CO00794,LN00794,SECURITIES,Listed securities pledge,4362382.06,2025-07-10,Lakshmi Khan,RELEASED
CO00795,LN00795,SECURITIES,Listed securities pledge,1683888.75,2019-10-06,Rajesh Malhotra,RELEASED
CO00796,LN00796,SECURITIES,Listed securities pledge,2713261.29,2025-02-21,Divya Reddy,ACTIVE
CO00797,LN00797,SECURITIES,Listed securities pledge,5140840.31,2025-10-05,Amit Chopra,RELEASED
CO00798,LN00798,PROPERTY,Residential property collateral,4356263.68,2021-03-21,Neha Kapoor,ACTIVE
CO00799,LN00799,VEHICLE,Vehicle collateral,5308213.07,2024-07-26,Pooja Khan,RELEASED
CO00800,LN00800,SECURITIES,Listed securities pledge,3755654.91,2022-03-02,Aarav Chopra,ACTIVE
CO00801,LN00801,VEHICLE,Vehicle collateral,1122084.19,2020-01-03,Aditi Mehta,ACTIVE
CO00802,LN00802,PROPERTY,Residential property collateral,4044204.17,2024-07-27,Sanjay Verma,ACTIVE
CO00803,LN00803,PROPERTY,Residential property collateral,783721.22,2024-04-28,Karan Desai,RELEASED
CO00804,LN00804,PROPERTY,Residential property collateral,1073600.46,2019-07-15,Rajesh Desai,ACTIVE
CO00805,LN00805,VEHICLE,Vehicle collateral,4965994.26,2020-04-24,Vikram Iyer,RELEASED
CO00806,LN00806,SECURITIES,Listed securities pledge,948384.62,2022-01-15,Karan Joshi,RELEASED
CO00807,LN00807,VEHICLE,Vehicle collateral,180734.31,2020-10-08,Priya Khan,ACTIVE
CO00808,LN00808,SECURITIES,Listed securities pledge,2843572.64,2019-04-13,Divya Verma,RELEASED
CO00809,LN00809,VEHICLE,Vehicle collateral,3142947.61,2020-09-19,Sanjay Mehta,ACTIVE
CO00810,LN00810,DEPOSIT,Fixed deposit lien,5178660.37,2020-02-01,Priya Gupta,ACTIVE
CO00811,LN00811,DEPOSIT,Fixed deposit lien,3324537.26,2024-03-28,Divya Iyer,ACTIVE
CO00812,LN00812,SECURITIES,Listed securities pledge,2580063.14,2024-01-21,Kavya Iyer,RELEASED
CO00813,LN00813,SECURITIES,Listed securities pledge,1516146.58,2024-06-10,Vivaan Singh,RELEASED
CO00814,LN00814,VEHICLE,Vehicle collateral,750554.92,2020-08-22,Lakshmi Verma,RELEASED
CO00815,LN00815,SECURITIES,Listed securities pledge,331025.42,2023-12-28,Rajesh Kapoor,ACTIVE
CO00816,LN00816,DEPOSIT,Fixed deposit lien,1632383.07,2025-10-16,Rahul Malhotra,RELEASED
CO00817,LN00817,VEHICLE,Vehicle collateral,3416661.99,2024-10-26,Rajesh Malhotra,RELEASED
CO00818,LN00818,VEHICLE,Vehicle collateral,3809257.70,2019-03-22,Divya Joshi,ACTIVE
CO00819,LN00819,SECURITIES,Listed securities pledge,4356524.65,2024-06-12,Vivaan Nair,ACTIVE
CO00820,LN00820,VEHICLE,Vehicle collateral,414609.92,2022-04-18,Kavya Verma,ACTIVE
CO00821,LN00821,PROPERTY,Residential property collateral,2980965.57,2023-11-12,Arjun Singh,RELEASED
CO00822,LN00822,DEPOSIT,Fixed deposit lien,2015166.88,2019-11-07,Pooja Reddy,RELEASED
CO00823,LN00823,PROPERTY,Residential property collateral,3460889.59,2022-08-05,Rahul Verma,RELEASED
CO00824,LN00824,PROPERTY,Residential property collateral,4375149.63,2021-11-10,Aditi Kapoor,RELEASED
CO00825,LN00825,VEHICLE,Vehicle collateral,1384193.62,2020-08-27,Aarav Nair,RELEASED
CO00826,LN00826,PROPERTY,Residential property collateral,857191.65,2022-10-18,Meera Rao,RELEASED
CO00827,LN00827,DEPOSIT,Fixed deposit lien,5355123.88,2021-08-29,Kavya Malhotra,ACTIVE
CO00828,LN00828,SECURITIES,Listed securities pledge,5116224.75,2023-08-20,Kavya Singh,ACTIVE
CO00829,LN00829,PROPERTY,Residential property collateral,319549.97,2022-07-27,Pooja Gupta,ACTIVE
CO00830,LN00830,SECURITIES,Listed securities pledge,5606099.65,2023-11-05,Rahul Iyer,ACTIVE
CO00831,LN00831,VEHICLE,Vehicle collateral,5540906.74,2020-12-09,Sanjay Patel,ACTIVE
CO00832,LN00832,SECURITIES,Listed securities pledge,191838.17,2020-12-19,Aarav Reddy,ACTIVE
CO00833,LN00833,VEHICLE,Vehicle collateral,2590089.49,2021-12-23,Divya Sharma,RELEASED
CO00834,LN00834,PROPERTY,Residential property collateral,673134.90,2020-06-04,Karan Joshi,RELEASED
CO00835,LN00835,PROPERTY,Residential property collateral,147961.86,2019-12-05,Neha Kapoor,RELEASED
CO00836,LN00836,VEHICLE,Vehicle collateral,4461906.48,2022-10-30,Sanjay Gupta,ACTIVE
CO00837,LN00837,DEPOSIT,Fixed deposit lien,152979.90,2021-11-17,Rahul Khan,RELEASED
CO00838,LN00838,VEHICLE,Vehicle collateral,5690577.51,2023-04-11,Lakshmi Verma,ACTIVE
CO00839,LN00839,SECURITIES,Listed securities pledge,3309161.47,2021-01-01,Neha Rao,ACTIVE
CO00840,LN00840,PROPERTY,Residential property collateral,5672621.94,2024-11-23,Aarav Sharma,RELEASED
CO00841,LN00841,DEPOSIT,Fixed deposit lien,5971358.90,2022-02-18,Kavya Chopra,ACTIVE
CO00842,LN00842,DEPOSIT,Fixed deposit lien,1008613.77,2025-05-21,Amit Chopra,RELEASED
CO00843,LN00843,VEHICLE,Vehicle collateral,1314121.89,2021-03-18,Meera Mehta,RELEASED
CO00844,LN00844,PROPERTY,Residential property collateral,4947227.48,2025-08-03,Amit Mehta,RELEASED
CO00845,LN00845,DEPOSIT,Fixed deposit lien,2477227.63,2022-02-12,Arjun Verma,ACTIVE
CO00846,LN00846,PROPERTY,Residential property collateral,5536722.91,2023-07-28,Rohan Patel,RELEASED
CO00847,LN00847,PROPERTY,Residential property collateral,2681271.19,2024-09-12,Sanjay Iyer,RELEASED
CO00848,LN00848,PROPERTY,Residential property collateral,3603295.90,2021-08-05,Vikram Patel,RELEASED
CO00849,LN00849,VEHICLE,Vehicle collateral,2693299.82,2021-02-14,Sneha Sharma,RELEASED
CO00850,LN00850,SECURITIES,Listed securities pledge,2910103.95,2022-02-09,Kavya Singh,RELEASED
CO00851,LN00851,SECURITIES,Listed securities pledge,986929.62,2019-11-13,Rahul Reddy,ACTIVE
CO00852,LN00852,SECURITIES,Listed securities pledge,4021966.04,2022-01-20,Divya Malhotra,RELEASED
CO00853,LN00853,PROPERTY,Residential property collateral,4975761.40,2024-03-08,Aarav Chopra,RELEASED
CO00854,LN00854,DEPOSIT,Fixed deposit lien,5420759.59,2025-08-15,Priya Joshi,ACTIVE
CO00855,LN00855,PROPERTY,Residential property collateral,4414197.10,2024-05-22,Rajesh Rao,ACTIVE
CO00856,LN00856,SECURITIES,Listed securities pledge,1447070.93,2023-10-14,Aditi Iyer,RELEASED
CO00857,LN00857,VEHICLE,Vehicle collateral,5232948.95,2020-09-11,Lakshmi Reddy,ACTIVE
CO00858,LN00858,SECURITIES,Listed securities pledge,2631001.57,2023-01-12,Lakshmi Desai,RELEASED
CO00859,LN00859,SECURITIES,Listed securities pledge,3159987.86,2025-08-06,Vikram Patel,ACTIVE
CO00860,LN00860,DEPOSIT,Fixed deposit lien,4636646.47,2024-02-22,Rajesh Verma,RELEASED
CO00861,LN00861,PROPERTY,Residential property collateral,5218677.64,2019-08-10,Aditi Joshi,ACTIVE
CO00862,LN00862,VEHICLE,Vehicle collateral,1084914.03,2019-11-25,Meera Desai,ACTIVE
CO00863,LN00863,SECURITIES,Listed securities pledge,3481059.01,2024-03-13,Pooja Reddy,RELEASED
CO00864,LN00864,VEHICLE,Vehicle collateral,3340005.48,2023-08-26,Amit Verma,RELEASED
CO00865,LN00865,VEHICLE,Vehicle collateral,4167070.60,2022-03-09,Neha Malhotra,RELEASED
CO00866,LN00866,VEHICLE,Vehicle collateral,4543267.73,2024-06-13,Karan Rao,RELEASED
CO00867,LN00867,DEPOSIT,Fixed deposit lien,4357366.94,2021-04-15,Aditi Singh,RELEASED
CO00868,LN00868,SECURITIES,Listed securities pledge,1710170.88,2022-12-12,Sneha Singh,RELEASED
CO00869,LN00869,VEHICLE,Vehicle collateral,59609.42,2020-07-22,Rahul Desai,RELEASED
CO00870,LN00870,PROPERTY,Residential property collateral,2890084.18,2022-07-25,Priya Mehta,RELEASED
CO00871,LN00871,PROPERTY,Residential property collateral,2041383.44,2019-10-23,Amit Rao,ACTIVE
CO00872,LN00872,VEHICLE,Vehicle collateral,5580050.85,2023-09-02,Neha Chopra,RELEASED
CO00873,LN00873,VEHICLE,Vehicle collateral,4450726.66,2019-05-12,Vivaan Reddy,ACTIVE
CO00874,LN00874,DEPOSIT,Fixed deposit lien,4168341.40,2023-01-25,Pooja Joshi,ACTIVE
CO00875,LN00875,PROPERTY,Residential property collateral,2829120.26,2019-03-14,Sanjay Kapoor,RELEASED
CO00876,LN00876,DEPOSIT,Fixed deposit lien,416427.02,2023-10-23,Ananya Chopra,ACTIVE
CO00877,LN00877,PROPERTY,Residential property collateral,4449454.90,2023-01-15,Lakshmi Joshi,RELEASED
CO00878,LN00878,SECURITIES,Listed securities pledge,5196775.60,2019-04-17,Neha Sharma,RELEASED
CO00879,LN00879,VEHICLE,Vehicle collateral,4076434.83,2025-09-07,Kavya Mehta,ACTIVE
CO00880,LN00880,VEHICLE,Vehicle collateral,3898981.54,2019-10-29,Vivaan Iyer,ACTIVE
CO00881,LN00881,DEPOSIT,Fixed deposit lien,1226563.42,2020-07-26,Amit Iyer,ACTIVE
CO00882,LN00882,DEPOSIT,Fixed deposit lien,583317.72,2022-07-26,Amit Kapoor,RELEASED
CO00883,LN00883,VEHICLE,Vehicle collateral,1211193.72,2025-05-21,Aarav Singh,RELEASED
CO00884,LN00884,DEPOSIT,Fixed deposit lien,2356004.98,2019-11-21,Meera Nair,ACTIVE
CO00885,LN00885,PROPERTY,Residential property collateral,3175652.29,2020-10-07,Pooja Desai,RELEASED
CO00886,LN00886,SECURITIES,Listed securities pledge,249288.69,2022-01-30,Priya Chopra,RELEASED
CO00887,LN00887,VEHICLE,Vehicle collateral,2825211.18,2022-10-02,Sanjay Khan,RELEASED
CO00888,LN00888,SECURITIES,Listed securities pledge,1094258.88,2021-11-05,Rajesh Desai,ACTIVE
CO00889,LN00889,VEHICLE,Vehicle collateral,2545083.30,2024-01-23,Pooja Kapoor,ACTIVE
CO00890,LN00890,VEHICLE,Vehicle collateral,2079726.17,2020-09-11,Pooja Malhotra,RELEASED
CO00891,LN00891,VEHICLE,Vehicle collateral,4656553.99,2019-09-23,Aarav Khan,RELEASED
CO00892,LN00892,PROPERTY,Residential property collateral,2815215.99,2019-07-31,Aarav Chopra,ACTIVE
CO00893,LN00893,PROPERTY,Residential property collateral,4491032.05,2023-06-07,Vivaan Desai,RELEASED
CO00894,LN00894,SECURITIES,Listed securities pledge,2912733.13,2020-02-23,Pooja Rao,ACTIVE
CO00895,LN00895,PROPERTY,Residential property collateral,4002707.29,2023-06-03,Rajesh Singh,ACTIVE
CO00896,LN00896,PROPERTY,Residential property collateral,1777771.26,2022-02-05,Pooja Nair,RELEASED
CO00897,LN00897,DEPOSIT,Fixed deposit lien,4159312.95,2024-05-09,Priya Malhotra,ACTIVE
CO00898,LN00898,VEHICLE,Vehicle collateral,600911.92,2023-10-16,Kavya Kapoor,ACTIVE
CO00899,LN00899,VEHICLE,Vehicle collateral,1770262.31,2021-10-21,Aditi Reddy,RELEASED
CO00900,LN00900,SECURITIES,Listed securities pledge,5836997.66,2023-06-29,Arjun Gupta,RELEASED
CO00901,LN00901,SECURITIES,Listed securities pledge,4068899.93,2022-05-06,Sanjay Mehta,RELEASED
CO00902,LN00902,VEHICLE,Vehicle collateral,5441545.89,2025-01-21,Ananya Khan,ACTIVE
CO00903,LN00903,PROPERTY,Residential property collateral,729844.11,2020-01-11,Rajesh Khan,ACTIVE
CO00904,LN00904,DEPOSIT,Fixed deposit lien,2994758.10,2022-03-22,Rohan Gupta,ACTIVE
CO00905,LN00905,VEHICLE,Vehicle collateral,2163561.91,2020-11-09,Priya Reddy,ACTIVE
CO00906,LN00906,PROPERTY,Residential property collateral,3138027.70,2020-05-09,Meera Reddy,RELEASED
CO00907,LN00907,DEPOSIT,Fixed deposit lien,978378.31,2021-07-22,Lakshmi Iyer,RELEASED
CO00908,LN00908,DEPOSIT,Fixed deposit lien,3495754.94,2021-07-23,Rohan Khan,RELEASED
CO00909,LN00909,SECURITIES,Listed securities pledge,5140816.96,2019-06-10,Karan Reddy,RELEASED
CO00910,LN00910,VEHICLE,Vehicle collateral,5240540.96,2022-05-11,Vivaan Chopra,ACTIVE
CO00911,LN00911,SECURITIES,Listed securities pledge,523451.85,2023-08-17,Divya Nair,RELEASED
CO00912,LN00912,PROPERTY,Residential property collateral,4354132.23,2020-07-05,Rahul Singh,RELEASED
CO00913,LN00913,PROPERTY,Residential property collateral,1498969.66,2025-12-07,Meera Singh,RELEASED
CO00914,LN00914,PROPERTY,Residential property collateral,5423574.95,2019-04-15,Rohan Mehta,RELEASED
CO00915,LN00915,DEPOSIT,Fixed deposit lien,5560415.30,2023-06-19,Sanjay Sharma,RELEASED
CO00916,LN00916,VEHICLE,Vehicle collateral,4616719.81,2019-10-14,Lakshmi Desai,ACTIVE
CO00917,LN00917,SECURITIES,Listed securities pledge,1614304.42,2025-07-02,Sanjay Joshi,RELEASED
CO00918,LN00918,PROPERTY,Residential property collateral,2087724.32,2020-06-03,Vikram Malhotra,ACTIVE
CO00919,LN00919,DEPOSIT,Fixed deposit lien,3058316.74,2019-12-01,Ananya Malhotra,ACTIVE
CO00920,LN00920,DEPOSIT,Fixed deposit lien,810139.95,2023-11-24,Divya Singh,RELEASED
CO00921,LN00921,PROPERTY,Residential property collateral,231828.07,2021-02-26,Sanjay Mehta,RELEASED
CO00922,LN00922,PROPERTY,Residential property collateral,4891384.70,2019-06-28,Rajesh Singh,RELEASED
CO00923,LN00923,VEHICLE,Vehicle collateral,2848665.52,2021-09-10,Meera Malhotra,ACTIVE
CO00924,LN00924,VEHICLE,Vehicle collateral,191312.96,2020-12-23,Rahul Joshi,ACTIVE
CO00925,LN00925,DEPOSIT,Fixed deposit lien,4566791.27,2025-08-20,Sanjay Reddy,RELEASED
CO00926,LN00926,PROPERTY,Residential property collateral,2140738.83,2022-06-23,Rajesh Rao,RELEASED
CO00927,LN00927,SECURITIES,Listed securities pledge,3022291.96,2020-07-16,Karan Khan,ACTIVE
CO00928,LN00928,VEHICLE,Vehicle collateral,4039259.93,2020-05-16,Rahul Singh,ACTIVE
CO00929,LN00929,DEPOSIT,Fixed deposit lien,63237.06,2025-03-14,Neha Singh,ACTIVE
CO00930,LN00930,SECURITIES,Listed securities pledge,5171703.76,2023-11-10,Kavya Malhotra,ACTIVE
CO00931,LN00931,VEHICLE,Vehicle collateral,1923879.84,2023-06-16,Rahul Gupta,RELEASED
CO00932,LN00932,SECURITIES,Listed securities pledge,2972308.04,2023-04-17,Arjun Chopra,ACTIVE
CO00933,LN00933,VEHICLE,Vehicle collateral,474251.76,2019-01-24,Karan Sharma,ACTIVE
CO00934,LN00934,PROPERTY,Residential property collateral,1068125.39,2021-11-13,Rajesh Joshi,RELEASED
CO00935,LN00935,DEPOSIT,Fixed deposit lien,4634900.91,2024-01-02,Arjun Chopra,RELEASED
CO00936,LN00936,PROPERTY,Residential property collateral,5266072.49,2021-08-06,Lakshmi Iyer,RELEASED
CO00937,LN00937,VEHICLE,Vehicle collateral,1499480.90,2024-10-29,Aarav Rao,RELEASED
CO00938,LN00938,SECURITIES,Listed securities pledge,5654364.71,2021-12-09,Lakshmi Joshi,RELEASED
CO00939,LN00939,PROPERTY,Residential property collateral,773553.61,2020-08-13,Divya Nair,ACTIVE
CO00940,LN00940,PROPERTY,Residential property collateral,2156155.05,2022-11-11,Karan Malhotra,ACTIVE
CO00941,LN00941,DEPOSIT,Fixed deposit lien,3758649.62,2023-04-27,Divya Gupta,ACTIVE
CO00942,LN00942,VEHICLE,Vehicle collateral,2615551.08,2023-03-02,Neha Sharma,RELEASED
CO00943,LN00943,PROPERTY,Residential property collateral,3865946.33,2020-09-29,Priya Desai,RELEASED
CO00944,LN00944,SECURITIES,Listed securities pledge,1429888.19,2025-08-16,Rahul Gupta,ACTIVE
CO00945,LN00945,VEHICLE,Vehicle collateral,4506668.23,2025-09-17,Rahul Gupta,ACTIVE
CO00946,LN00946,PROPERTY,Residential property collateral,3967936.74,2020-01-24,Arjun Gupta,ACTIVE
CO00947,LN00947,SECURITIES,Listed securities pledge,5162081.23,2019-03-12,Aarav Kapoor,RELEASED
CO00948,LN00948,VEHICLE,Vehicle collateral,1781328.97,2021-04-13,Divya Verma,RELEASED
CO00949,LN00949,PROPERTY,Residential property collateral,5860334.06,2021-05-10,Rahul Nair,ACTIVE
CO00950,LN00950,PROPERTY,Residential property collateral,3628792.05,2021-02-05,Divya Malhotra,RELEASED
CO00951,LN00951,DEPOSIT,Fixed deposit lien,1370532.99,2025-01-27,Rajesh Joshi,RELEASED
CO00952,LN00952,VEHICLE,Vehicle collateral,5570378.63,2020-07-21,Vikram Chopra,ACTIVE
CO00953,LN00953,SECURITIES,Listed securities pledge,2053080.99,2024-06-24,Priya Sharma,ACTIVE
CO00954,LN00954,DEPOSIT,Fixed deposit lien,5196557.48,2022-12-03,Sneha Malhotra,RELEASED
CO00955,LN00955,PROPERTY,Residential property collateral,5011941.08,2021-09-12,Rajesh Singh,RELEASED
CO00956,LN00956,SECURITIES,Listed securities pledge,922590.47,2025-06-26,Kavya Malhotra,RELEASED
CO00957,LN00957,DEPOSIT,Fixed deposit lien,3495052.96,2024-10-13,Pooja Sharma,ACTIVE
CO00958,LN00958,DEPOSIT,Fixed deposit lien,4688234.37,2021-07-26,Vikram Nair,RELEASED
CO00959,LN00959,DEPOSIT,Fixed deposit lien,4327118.24,2024-06-02,Karan Verma,RELEASED
CO00960,LN00960,PROPERTY,Residential property collateral,1258312.10,2021-07-25,Amit Nair,ACTIVE
CO00961,LN00961,PROPERTY,Residential property collateral,2307164.13,2025-11-24,Sanjay Khan,ACTIVE
CO00962,LN00962,PROPERTY,Residential property collateral,480125.55,2025-07-14,Ananya Mehta,RELEASED
CO00963,LN00963,SECURITIES,Listed securities pledge,5152623.01,2025-11-19,Lakshmi Khan,ACTIVE
CO00964,LN00964,PROPERTY,Residential property collateral,2549423.60,2023-02-19,Rahul Verma,ACTIVE
CO00965,LN00965,SECURITIES,Listed securities pledge,2278055.97,2022-12-08,Vikram Joshi,ACTIVE
CO00966,LN00966,DEPOSIT,Fixed deposit lien,1743963.75,2025-09-17,Sneha Desai,RELEASED
CO00967,LN00967,VEHICLE,Vehicle collateral,4934527.79,2019-07-20,Karan Reddy,ACTIVE
CO00968,LN00968,PROPERTY,Residential property collateral,2448501.75,2023-01-16,Vivaan Chopra,ACTIVE
CO00969,LN00969,PROPERTY,Residential property collateral,1242535.42,2021-04-14,Sneha Sharma,ACTIVE
CO00970,LN00970,SECURITIES,Listed securities pledge,543818.72,2021-10-21,Rajesh Mehta,ACTIVE
CO00971,LN00971,SECURITIES,Listed securities pledge,3384569.15,2019-06-28,Neha Khan,RELEASED
CO00972,LN00972,VEHICLE,Vehicle collateral,1993320.64,2022-07-11,Rahul Kapoor,ACTIVE
CO00973,LN00973,VEHICLE,Vehicle collateral,2276423.17,2020-03-21,Sneha Iyer,RELEASED
CO00974,LN00974,PROPERTY,Residential property collateral,303818.75,2023-04-11,Meera Joshi,RELEASED
CO00975,LN00975,PROPERTY,Residential property collateral,2889753.11,2020-12-18,Priya Khan,ACTIVE
CO00976,LN00976,SECURITIES,Listed securities pledge,1344372.14,2025-07-26,Ananya Nair,ACTIVE
CO00977,LN00977,PROPERTY,Residential property collateral,4954489.03,2022-09-24,Rajesh Khan,RELEASED
CO00978,LN00978,DEPOSIT,Fixed deposit lien,1050098.97,2024-03-07,Kavya Reddy,RELEASED
CO00979,LN00979,SECURITIES,Listed securities pledge,1572971.47,2021-12-16,Rohan Malhotra,ACTIVE
CO00980,LN00980,PROPERTY,Residential property collateral,5374840.60,2024-04-13,Amit Gupta,RELEASED
CO00981,LN00981,VEHICLE,Vehicle collateral,795996.53,2022-03-15,Kavya Nair,ACTIVE
CO00982,LN00982,PROPERTY,Residential property collateral,5376743.44,2024-11-22,Divya Khan,ACTIVE
CO00983,LN00983,PROPERTY,Residential property collateral,3234292.16,2021-08-29,Aditi Kapoor,ACTIVE
CO00984,LN00984,SECURITIES,Listed securities pledge,785843.53,2024-07-17,Vikram Rao,ACTIVE
CO00985,LN00985,PROPERTY,Residential property collateral,2685913.98,2023-09-01,Kavya Chopra,RELEASED
CO00986,LN00986,PROPERTY,Residential property collateral,5117931.56,2025-05-25,Ananya Sharma,RELEASED
CO00987,LN00987,SECURITIES,Listed securities pledge,2081019.57,2021-02-07,Vikram Iyer,ACTIVE
CO00988,LN00988,SECURITIES,Listed securities pledge,1781985.71,2024-07-29,Aditi Gupta,RELEASED
CO00989,LN00989,SECURITIES,Listed securities pledge,1206068.62,2019-07-17,Neha Verma,ACTIVE
CO00990,LN00990,SECURITIES,Listed securities pledge,4625279.28,2023-12-06,Neha Khan,RELEASED
CO00991,LN00991,SECURITIES,Listed securities pledge,4697491.70,2019-08-09,Sanjay Chopra,RELEASED
CO00992,LN00992,VEHICLE,Vehicle collateral,2515954.77,2024-08-28,Meera Nair,RELEASED
CO00993,LN00993,SECURITIES,Listed securities pledge,934618.85,2025-06-30,Rohan Verma,RELEASED
CO00994,LN00994,VEHICLE,Vehicle collateral,5504930.32,2019-10-11,Vivaan Kapoor,ACTIVE
CO00995,LN00995,VEHICLE,Vehicle collateral,208304.79,2022-07-13,Kavya Desai,RELEASED
CO00996,LN00996,VEHICLE,Vehicle collateral,5583702.70,2019-05-31,Rahul Reddy,ACTIVE
CO00997,LN00997,VEHICLE,Vehicle collateral,541153.32,2021-11-12,Rohan Desai,RELEASED
CO00998,LN00998,DEPOSIT,Fixed deposit lien,2126108.69,2024-10-31,Aarav Khan,RELEASED
CO00999,LN00999,VEHICLE,Vehicle collateral,2591343.90,2024-08-14,Amit Desai,ACTIVE
CO01000,LN01000,PROPERTY,Residential property collateral,5275191.36,2020-12-27,Rajesh Malhotra,RELEASED
CO01001,LN01001,SECURITIES,Listed securities pledge,4256940.84,2024-05-25,Amit Nair,ACTIVE
CO01002,LN01002,PROPERTY,Residential property collateral,5102461.92,2020-11-20,Vivaan Chopra,RELEASED
CO01003,LN01003,SECURITIES,Listed securities pledge,1385622.46,2023-03-23,Pooja Desai,RELEASED
CO01004,LN01004,PROPERTY,Residential property collateral,2932526.38,2025-06-28,Arjun Gupta,ACTIVE
CO01005,LN01005,VEHICLE,Vehicle collateral,191050.52,2024-01-12,Rajesh Sharma,ACTIVE
CO01006,LN01006,VEHICLE,Vehicle collateral,1533715.80,2019-04-20,Karan Nair,RELEASED
CO01007,LN01007,SECURITIES,Listed securities pledge,4081109.17,2025-11-04,Neha Rao,RELEASED
CO01008,LN01008,PROPERTY,Residential property collateral,837276.82,2023-06-13,Neha Gupta,RELEASED
CO01009,LN01009,VEHICLE,Vehicle collateral,1533109.77,2021-01-03,Ananya Nair,RELEASED
CO01010,LN01010,SECURITIES,Listed securities pledge,2210664.23,2022-01-01,Vivaan Singh,RELEASED
CO01011,LN01011,PROPERTY,Residential property collateral,1295891.39,2019-01-20,Vivaan Khan,ACTIVE
CO01012,LN01012,PROPERTY,Residential property collateral,1487032.97,2023-11-17,Meera Joshi,ACTIVE
CO01013,LN01013,PROPERTY,Residential property collateral,3518519.57,2020-03-15,Priya Sharma,ACTIVE
CO01014,LN01014,SECURITIES,Listed securities pledge,5918842.49,2025-04-18,Sanjay Nair,ACTIVE
CO01015,LN01015,DEPOSIT,Fixed deposit lien,3563480.59,2021-09-29,Sneha Mehta,RELEASED
CO01016,LN01016,SECURITIES,Listed securities pledge,455210.91,2022-07-20,Ananya Khan,RELEASED
CO01017,LN01017,PROPERTY,Residential property collateral,3856528.08,2020-10-13,Vikram Malhotra,ACTIVE
CO01018,LN01018,PROPERTY,Residential property collateral,1419496.39,2019-06-16,Amit Rao,ACTIVE
CO01019,LN01019,VEHICLE,Vehicle collateral,2944289.75,2020-03-01,Rohan Rao,ACTIVE
CO01020,LN01020,VEHICLE,Vehicle collateral,2236587.20,2024-09-11,Priya Desai,RELEASED
CO01021,LN01021,DEPOSIT,Fixed deposit lien,1666648.13,2025-12-25,Kavya Rao,ACTIVE
CO01022,LN01022,VEHICLE,Vehicle collateral,4012826.35,2024-11-28,Karan Kapoor,ACTIVE
CO01023,LN01023,SECURITIES,Listed securities pledge,4246895.92,2021-05-25,Amit Rao,ACTIVE
CO01024,LN01024,SECURITIES,Listed securities pledge,1966247.25,2023-11-20,Aditi Nair,RELEASED
CO01025,LN01025,DEPOSIT,Fixed deposit lien,4104201.14,2019-02-21,Aarav Kapoor,ACTIVE
CO01026,LN01026,SECURITIES,Listed securities pledge,792269.29,2021-09-21,Aarav Iyer,ACTIVE
CO01027,LN01027,SECURITIES,Listed securities pledge,1794669.01,2025-10-05,Divya Rao,ACTIVE
CO01028,LN01028,SECURITIES,Listed securities pledge,4845633.73,2025-08-28,Priya Verma,ACTIVE
CO01029,LN01029,DEPOSIT,Fixed deposit lien,629916.11,2023-12-30,Karan Malhotra,ACTIVE
CO01030,LN01030,VEHICLE,Vehicle collateral,3180008.32,2025-04-10,Arjun Gupta,ACTIVE
CO01031,LN01031,DEPOSIT,Fixed deposit lien,985719.77,2024-02-20,Arjun Desai,RELEASED
CO01032,LN01032,PROPERTY,Residential property collateral,2333210.83,2023-01-10,Rajesh Reddy,RELEASED
CO01033,LN01033,PROPERTY,Residential property collateral,3191487.97,2021-12-16,Rajesh Rao,ACTIVE
CO01034,LN01034,PROPERTY,Residential property collateral,4966567.85,2022-05-24,Aarav Khan,ACTIVE
CO01035,LN01035,PROPERTY,Residential property collateral,5744529.26,2025-08-12,Neha Nair,ACTIVE
CO01036,LN01036,DEPOSIT,Fixed deposit lien,1771388.50,2020-02-19,Sanjay Desai,RELEASED
CO01037,LN01037,PROPERTY,Residential property collateral,3995742.84,2021-01-09,Neha Verma,ACTIVE
CO01038,LN01038,VEHICLE,Vehicle collateral,57905.75,2019-06-10,Kavya Kapoor,RELEASED
CO01039,LN01039,SECURITIES,Listed securities pledge,135334.90,2022-08-17,Rohan Iyer,RELEASED
CO01040,LN01040,DEPOSIT,Fixed deposit lien,918116.08,2020-04-05,Rohan Gupta,ACTIVE
CO01041,LN01041,DEPOSIT,Fixed deposit lien,2610103.07,2022-10-18,Ananya Malhotra,RELEASED
CO01042,LN01042,SECURITIES,Listed securities pledge,1009961.20,2025-08-12,Lakshmi Joshi,RELEASED
CO01043,LN01043,SECURITIES,Listed securities pledge,5403704.54,2022-01-30,Vikram Iyer,RELEASED
CO01044,LN01044,PROPERTY,Residential property collateral,2527217.67,2024-07-09,Neha Malhotra,ACTIVE
CO01045,LN01045,SECURITIES,Listed securities pledge,709724.54,2024-10-16,Pooja Chopra,ACTIVE
CO01046,LN01046,VEHICLE,Vehicle collateral,2225790.96,2024-02-11,Priya Verma,RELEASED
CO01047,LN01047,SECURITIES,Listed securities pledge,1489309.70,2020-06-24,Vikram Sharma,ACTIVE
CO01048,LN01048,SECURITIES,Listed securities pledge,785630.91,2019-12-02,Arjun Desai,ACTIVE
CO01049,LN01049,PROPERTY,Residential property collateral,1782226.88,2019-04-27,Sanjay Mehta,ACTIVE
CO01050,LN01050,VEHICLE,Vehicle collateral,2847119.05,2021-05-02,Neha Kapoor,RELEASED
CO01051,LN01051,DEPOSIT,Fixed deposit lien,2498796.42,2023-10-22,Kavya Nair,RELEASED
CO01052,LN01052,DEPOSIT,Fixed deposit lien,1142246.81,2019-04-28,Lakshmi Iyer,ACTIVE
CO01053,LN01053,SECURITIES,Listed securities pledge,5704934.00,2019-03-15,Meera Patel,RELEASED
CO01054,LN01054,PROPERTY,Residential property collateral,3121085.01,2023-05-18,Amit Mehta,RELEASED
CO01055,LN01055,PROPERTY,Residential property collateral,641313.72,2020-01-17,Rohan Rao,ACTIVE
CO01056,LN01056,VEHICLE,Vehicle collateral,4998293.09,2020-04-18,Kavya Verma,ACTIVE
CO01057,LN01057,SECURITIES,Listed securities pledge,4972734.32,2019-02-14,Vikram Gupta,ACTIVE
CO01058,LN01058,SECURITIES,Listed securities pledge,3423133.03,2024-10-21,Rahul Sharma,ACTIVE
CO01059,LN01059,DEPOSIT,Fixed deposit lien,206399.64,2022-09-05,Divya Reddy,RELEASED
CO01060,LN01060,SECURITIES,Listed securities pledge,3426075.19,2021-01-18,Neha Iyer,RELEASED
CO01061,LN01061,DEPOSIT,Fixed deposit lien,3197889.58,2020-12-29,Sanjay Patel,RELEASED
CO01062,LN01062,PROPERTY,Residential property collateral,86165.21,2022-08-01,Lakshmi Mehta,ACTIVE
CO01063,LN01063,PROPERTY,Residential property collateral,1338154.04,2021-10-16,Divya Kapoor,RELEASED
CO01064,LN01064,SECURITIES,Listed securities pledge,3252584.39,2020-04-05,Karan Desai,ACTIVE
CO01065,LN01065,DEPOSIT,Fixed deposit lien,1185351.96,2024-05-21,Kavya Iyer,ACTIVE
CO01066,LN01066,DEPOSIT,Fixed deposit lien,4558845.28,2024-08-05,Vivaan Verma,RELEASED
CO01067,LN01067,DEPOSIT,Fixed deposit lien,4794494.85,2025-10-11,Meera Rao,ACTIVE
CO01068,LN01068,SECURITIES,Listed securities pledge,2980583.75,2020-03-16,Amit Nair,ACTIVE
CO01069,LN01069,VEHICLE,Vehicle collateral,418567.82,2020-04-07,Lakshmi Chopra,RELEASED
CO01070,LN01070,PROPERTY,Residential property collateral,1881409.30,2019-09-24,Karan Kapoor,ACTIVE
CO01071,LN01071,PROPERTY,Residential property collateral,5262831.77,2020-02-04,Lakshmi Malhotra,ACTIVE
CO01072,LN01072,SECURITIES,Listed securities pledge,3997126.87,2023-09-26,Kavya Singh,RELEASED
CO01073,LN01073,VEHICLE,Vehicle collateral,1063140.20,2020-07-26,Aarav Joshi,ACTIVE
CO01074,LN01074,PROPERTY,Residential property collateral,5611098.05,2019-01-28,Ananya Iyer,RELEASED
CO01075,LN01075,PROPERTY,Residential property collateral,2856497.46,2020-06-08,Rajesh Verma,ACTIVE
CO01076,LN01076,VEHICLE,Vehicle collateral,4050010.27,2019-12-09,Priya Kapoor,RELEASED
CO01077,LN01077,PROPERTY,Residential property collateral,5213656.28,2019-11-25,Aditi Iyer,RELEASED
CO01078,LN01078,PROPERTY,Residential property collateral,842384.41,2021-12-22,Arjun Nair,RELEASED
CO01079,LN01079,SECURITIES,Listed securities pledge,4079517.57,2024-12-11,Divya Rao,ACTIVE
CO01080,LN01080,SECURITIES,Listed securities pledge,1956248.44,2021-11-26,Kavya Rao,ACTIVE
CO01081,LN01081,VEHICLE,Vehicle collateral,2317876.88,2019-09-21,Vikram Mehta,RELEASED
CO01082,LN01082,PROPERTY,Residential property collateral,5700260.33,2023-11-10,Karan Malhotra,ACTIVE
CO01083,LN01083,VEHICLE,Vehicle collateral,624833.45,2023-11-06,Aarav Desai,RELEASED
CO01084,LN01084,SECURITIES,Listed securities pledge,2775218.77,2024-07-10,Lakshmi Reddy,ACTIVE
CO01085,LN01085,SECURITIES,Listed securities pledge,2552316.89,2019-03-26,Kavya Singh,ACTIVE
CO01086,LN01086,VEHICLE,Vehicle collateral,4157421.26,2025-01-15,Lakshmi Joshi,ACTIVE
CO01087,LN01087,PROPERTY,Residential property collateral,1657990.70,2020-11-24,Pooja Chopra,RELEASED
CO01088,LN01088,VEHICLE,Vehicle collateral,2764384.91,2024-07-23,Vikram Verma,ACTIVE
CO01089,LN01089,PROPERTY,Residential property collateral,575514.95,2022-07-10,Neha Chopra,RELEASED
CO01090,LN01090,VEHICLE,Vehicle collateral,4215841.50,2022-05-22,Pooja Joshi,ACTIVE
CO01091,LN01091,SECURITIES,Listed securities pledge,4865582.37,2021-05-23,Rajesh Khan,ACTIVE
CO01092,LN01092,PROPERTY,Residential property collateral,83362.24,2020-03-18,Neha Sharma,ACTIVE
CO01093,LN01093,VEHICLE,Vehicle collateral,3348604.12,2023-03-16,Lakshmi Khan,ACTIVE
CO01094,LN01094,SECURITIES,Listed securities pledge,522001.93,2024-08-25,Kavya Gupta,RELEASED
CO01095,LN01095,SECURITIES,Listed securities pledge,2853217.16,2021-12-13,Rohan Iyer,RELEASED
CO01096,LN01096,PROPERTY,Residential property collateral,4249518.25,2024-12-17,Pooja Khan,ACTIVE
CO01097,LN01097,VEHICLE,Vehicle collateral,4547714.38,2022-06-29,Vivaan Mehta,RELEASED
CO01098,LN01098,PROPERTY,Residential property collateral,1895365.70,2019-12-10,Rajesh Malhotra,RELEASED
CO01099,LN01099,PROPERTY,Residential property collateral,701561.41,2022-03-11,Pooja Rao,ACTIVE
CO01100,LN01100,DEPOSIT,Fixed deposit lien,662030.44,2024-09-15,Pooja Khan,RELEASED
CO01101,LN01101,DEPOSIT,Fixed deposit lien,3864965.60,2023-03-29,Rohan Joshi,ACTIVE
CO01102,LN01102,DEPOSIT,Fixed deposit lien,5136965.81,2022-04-25,Rahul Khan,ACTIVE
CO01103,LN01103,PROPERTY,Residential property collateral,5290937.32,2022-09-26,Ananya Patel,ACTIVE
CO01104,LN01104,VEHICLE,Vehicle collateral,3612548.41,2019-05-08,Pooja Gupta,RELEASED
CO01105,LN01105,PROPERTY,Residential property collateral,208759.62,2022-07-07,Priya Sharma,RELEASED
CO01106,LN01106,VEHICLE,Vehicle collateral,4884902.00,2025-12-28,Lakshmi Singh,ACTIVE
CO01107,LN01107,SECURITIES,Listed securities pledge,4230195.42,2021-09-01,Rajesh Khan,RELEASED
CO01108,LN01108,DEPOSIT,Fixed deposit lien,189726.77,2022-08-01,Kavya Rao,ACTIVE
CO01109,LN01109,PROPERTY,Residential property collateral,2500734.99,2020-04-09,Arjun Desai,RELEASED
CO01110,LN01110,SECURITIES,Listed securities pledge,4152150.56,2025-04-14,Aditi Verma,RELEASED
CO01111,LN01111,DEPOSIT,Fixed deposit lien,4117589.49,2024-08-26,Lakshmi Kapoor,RELEASED
CO01112,LN01112,DEPOSIT,Fixed deposit lien,5996277.48,2021-11-19,Sanjay Joshi,ACTIVE
CO01113,LN01113,DEPOSIT,Fixed deposit lien,4802493.87,2024-04-27,Priya Nair,ACTIVE
CO01114,LN01114,VEHICLE,Vehicle collateral,422128.64,2020-03-19,Sneha Joshi,ACTIVE
CO01115,LN01115,SECURITIES,Listed securities pledge,4991603.43,2021-10-05,Vikram Rao,RELEASED
CO01116,LN01116,SECURITIES,Listed securities pledge,5822420.44,2025-08-23,Vikram Iyer,RELEASED
CO01117,LN01117,VEHICLE,Vehicle collateral,988373.63,2023-01-04,Rajesh Sharma,RELEASED
CO01118,LN01118,VEHICLE,Vehicle collateral,3970409.11,2019-10-19,Aditi Singh,ACTIVE
CO01119,LN01119,DEPOSIT,Fixed deposit lien,612373.62,2024-05-06,Pooja Chopra,RELEASED
CO01120,LN01120,SECURITIES,Listed securities pledge,3125112.89,2025-12-01,Rahul Joshi,RELEASED
CO01121,LN01121,PROPERTY,Residential property collateral,5096140.70,2022-01-25,Meera Malhotra,RELEASED
CO01122,LN01122,PROPERTY,Residential property collateral,5910823.13,2021-10-17,Sneha Khan,ACTIVE
CO01123,LN01123,SECURITIES,Listed securities pledge,2097034.71,2020-10-22,Rahul Iyer,ACTIVE
CO01124,LN01124,VEHICLE,Vehicle collateral,3630211.17,2019-07-04,Pooja Mehta,ACTIVE
CO01125,LN01125,DEPOSIT,Fixed deposit lien,2245911.43,2020-09-24,Ananya Malhotra,ACTIVE
CO01126,LN01126,PROPERTY,Residential property collateral,3979981.76,2021-08-24,Sneha Patel,RELEASED
CO01127,LN01127,DEPOSIT,Fixed deposit lien,4091090.36,2021-02-14,Karan Singh,RELEASED
CO01128,LN01128,DEPOSIT,Fixed deposit lien,4959633.31,2023-12-04,Karan Khan,ACTIVE
CO01129,LN01129,PROPERTY,Residential property collateral,2467706.48,2021-10-09,Divya Rao,ACTIVE
CO01130,LN01130,PROPERTY,Residential property collateral,418334.63,2021-02-21,Sneha Joshi,ACTIVE
CO01131,LN01131,VEHICLE,Vehicle collateral,5722688.82,2021-02-24,Arjun Verma,RELEASED
CO01132,LN01132,DEPOSIT,Fixed deposit lien,1421974.67,2024-07-21,Neha Verma,RELEASED
CO01133,LN01133,DEPOSIT,Fixed deposit lien,4885235.82,2025-07-12,Vikram Mehta,ACTIVE
CO01134,LN01134,PROPERTY,Residential property collateral,984732.28,2019-08-31,Rahul Reddy,RELEASED
CO01135,LN01135,SECURITIES,Listed securities pledge,2685556.59,2020-08-02,Meera Rao,RELEASED
CO01136,LN01136,VEHICLE,Vehicle collateral,2293126.98,2020-02-20,Rohan Joshi,RELEASED
CO01137,LN01137,VEHICLE,Vehicle collateral,5889165.34,2019-06-05,Ananya Malhotra,ACTIVE
CO01138,LN01138,DEPOSIT,Fixed deposit lien,1456950.35,2023-06-17,Rahul Verma,ACTIVE
CO01139,LN01139,SECURITIES,Listed securities pledge,2663822.02,2024-06-23,Aarav Gupta,ACTIVE
CO01140,LN01140,PROPERTY,Residential property collateral,4997821.77,2019-07-26,Priya Mehta,ACTIVE
CO01141,LN01141,SECURITIES,Listed securities pledge,2059096.66,2022-11-24,Arjun Desai,ACTIVE
CO01142,LN01142,VEHICLE,Vehicle collateral,59612.66,2020-09-26,Rohan Nair,RELEASED
CO01143,LN01143,DEPOSIT,Fixed deposit lien,1095668.53,2025-12-29,Karan Malhotra,ACTIVE
CO01144,LN01144,DEPOSIT,Fixed deposit lien,1796690.79,2025-12-21,Lakshmi Desai,ACTIVE
CO01145,LN01145,PROPERTY,Residential property collateral,2953854.31,2021-07-19,Rohan Desai,ACTIVE
CO01146,LN01146,PROPERTY,Residential property collateral,4025894.47,2021-07-10,Meera Desai,ACTIVE
CO01147,LN01147,SECURITIES,Listed securities pledge,1641919.57,2025-05-05,Neha Verma,RELEASED
CO01148,LN01148,DEPOSIT,Fixed deposit lien,174916.26,2024-07-14,Rohan Khan,RELEASED
CO01149,LN01149,DEPOSIT,Fixed deposit lien,824912.87,2019-08-31,Karan Iyer,ACTIVE
CO01150,LN01150,PROPERTY,Residential property collateral,3290709.98,2025-03-12,Kavya Mehta,RELEASED
CO01151,LN01151,VEHICLE,Vehicle collateral,3014360.61,2023-11-13,Vikram Patel,RELEASED
CO01152,LN01152,SECURITIES,Listed securities pledge,4061045.55,2019-07-02,Aditi Desai,RELEASED
CO01153,LN01153,VEHICLE,Vehicle collateral,2633013.09,2022-03-25,Aarav Verma,RELEASED
CO01154,LN01154,VEHICLE,Vehicle collateral,107868.35,2022-07-14,Aditi Sharma,ACTIVE
CO01155,LN01155,DEPOSIT,Fixed deposit lien,3149483.66,2022-01-19,Lakshmi Verma,ACTIVE
CO01156,LN01156,VEHICLE,Vehicle collateral,4631387.47,2020-09-28,Lakshmi Reddy,RELEASED
CO01157,LN01157,PROPERTY,Residential property collateral,1517977.71,2023-12-27,Rahul Verma,ACTIVE
CO01158,LN01158,PROPERTY,Residential property collateral,5991407.12,2024-09-22,Rajesh Kapoor,ACTIVE
CO01159,LN01159,DEPOSIT,Fixed deposit lien,4998694.55,2019-01-14,Rajesh Rao,ACTIVE
CO01160,LN01160,DEPOSIT,Fixed deposit lien,976458.46,2024-04-29,Neha Malhotra,ACTIVE
CO01161,LN01161,VEHICLE,Vehicle collateral,2431176.85,2025-03-22,Amit Reddy,ACTIVE
CO01162,LN01162,PROPERTY,Residential property collateral,1761728.81,2023-12-23,Divya Verma,ACTIVE
CO01163,LN01163,PROPERTY,Residential property collateral,4885159.69,2025-02-07,Pooja Reddy,ACTIVE
CO01164,LN01164,PROPERTY,Residential property collateral,1124713.44,2019-08-04,Vikram Patel,RELEASED
CO01165,LN01165,DEPOSIT,Fixed deposit lien,1252829.66,2020-06-06,Vivaan Chopra,RELEASED
CO01166,LN01166,VEHICLE,Vehicle collateral,2053242.17,2019-04-16,Ananya Iyer,ACTIVE
CO01167,LN01167,SECURITIES,Listed securities pledge,626633.67,2023-09-28,Pooja Verma,RELEASED
CO01168,LN01168,DEPOSIT,Fixed deposit lien,3907008.37,2022-01-06,Neha Singh,ACTIVE
CO01169,LN01169,VEHICLE,Vehicle collateral,462708.78,2021-11-04,Kavya Rao,RELEASED
CO01170,LN01170,PROPERTY,Residential property collateral,2179428.40,2025-06-17,Vikram Patel,RELEASED
CO01171,LN01171,PROPERTY,Residential property collateral,2596847.40,2019-03-21,Divya Nair,ACTIVE
CO01172,LN01172,VEHICLE,Vehicle collateral,4793867.98,2019-04-04,Divya Nair,ACTIVE
CO01173,LN01173,VEHICLE,Vehicle collateral,3018680.72,2023-10-29,Neha Patel,ACTIVE
CO01174,LN01174,PROPERTY,Residential property collateral,4894825.50,2023-07-30,Sneha Nair,RELEASED
CO01175,LN01175,DEPOSIT,Fixed deposit lien,1207645.62,2024-05-24,Vikram Rao,ACTIVE
CO01176,LN01176,VEHICLE,Vehicle collateral,2965252.87,2020-12-05,Kavya Mehta,RELEASED
CO01177,LN01177,VEHICLE,Vehicle collateral,1604948.50,2025-04-21,Priya Rao,RELEASED
CO01178,LN01178,SECURITIES,Listed securities pledge,1339580.76,2024-02-18,Sneha Singh,ACTIVE
CO01179,LN01179,DEPOSIT,Fixed deposit lien,5692947.61,2020-07-21,Arjun Singh,RELEASED
CO01180,LN01180,SECURITIES,Listed securities pledge,4214245.82,2025-12-12,Sneha Gupta,ACTIVE
CO01181,LN01181,VEHICLE,Vehicle collateral,3440882.60,2019-07-05,Priya Iyer,ACTIVE
CO01182,LN01182,VEHICLE,Vehicle collateral,2621549.43,2019-11-04,Arjun Iyer,ACTIVE
CO01183,LN01183,SECURITIES,Listed securities pledge,3501697.33,2021-09-11,Vivaan Desai,RELEASED
CO01184,LN01184,VEHICLE,Vehicle collateral,5473504.10,2019-08-18,Karan Verma,RELEASED
CO01185,LN01185,PROPERTY,Residential property collateral,3819522.44,2022-06-23,Lakshmi Sharma,RELEASED
CO01186,LN01186,PROPERTY,Residential property collateral,1312805.36,2025-09-13,Priya Malhotra,ACTIVE
CO01187,LN01187,PROPERTY,Residential property collateral,1282449.61,2019-07-14,Rahul Gupta,RELEASED
CO01188,LN01188,VEHICLE,Vehicle collateral,2039208.81,2025-10-14,Neha Joshi,ACTIVE
CO01189,LN01189,VEHICLE,Vehicle collateral,4702667.99,2019-11-30,Sneha Kapoor,RELEASED
CO01190,LN01190,DEPOSIT,Fixed deposit lien,5461405.38,2023-03-03,Arjun Joshi,RELEASED
CO01191,LN01191,SECURITIES,Listed securities pledge,4503018.22,2019-07-07,Aditi Verma,ACTIVE
CO01192,LN01192,VEHICLE,Vehicle collateral,5613639.21,2020-12-17,Karan Singh,ACTIVE
CO01193,LN01193,SECURITIES,Listed securities pledge,3437728.95,2019-08-22,Amit Khan,ACTIVE
CO01194,LN01194,DEPOSIT,Fixed deposit lien,3605621.05,2019-08-30,Aditi Nair,ACTIVE
CO01195,LN01195,SECURITIES,Listed securities pledge,2993009.24,2023-04-16,Karan Chopra,RELEASED
CO01196,LN01196,DEPOSIT,Fixed deposit lien,1851375.76,2023-11-17,Meera Singh,ACTIVE
CO01197,LN01197,SECURITIES,Listed securities pledge,347213.37,2023-08-16,Pooja Iyer,RELEASED
CO01198,LN01198,DEPOSIT,Fixed deposit lien,3118986.06,2023-12-03,Rahul Nair,ACTIVE
CO01199,LN01199,VEHICLE,Vehicle collateral,2147449.26,2023-03-28,Divya Singh,RELEASED
CO01200,LN01200,SECURITIES,Listed securities pledge,5534503.05,2021-09-14,Rajesh Kapoor,RELEASED
CO01201,LN01201,PROPERTY,Residential property collateral,4292642.97,2023-12-18,Arjun Rao,ACTIVE
CO01202,LN01202,PROPERTY,Residential property collateral,3552735.25,2023-11-26,Lakshmi Malhotra,RELEASED
CO01203,LN01203,SECURITIES,Listed securities pledge,497279.94,2024-03-13,Sneha Desai,RELEASED
CO01204,LN01204,SECURITIES,Listed securities pledge,5487441.64,2021-01-08,Vikram Iyer,ACTIVE
CO01205,LN01205,SECURITIES,Listed securities pledge,1995605.92,2020-05-27,Vivaan Singh,RELEASED
CO01206,LN01206,DEPOSIT,Fixed deposit lien,4171670.99,2022-07-08,Neha Patel,ACTIVE
CO01207,LN01207,VEHICLE,Vehicle collateral,2879664.19,2022-09-12,Vikram Kapoor,RELEASED
CO01208,LN01208,DEPOSIT,Fixed deposit lien,1131986.77,2021-08-02,Amit Kapoor,ACTIVE
CO01209,LN01209,DEPOSIT,Fixed deposit lien,3770069.38,2025-02-06,Meera Desai,RELEASED
CO01210,LN01210,SECURITIES,Listed securities pledge,3122300.89,2022-06-28,Ananya Iyer,ACTIVE
CO01211,LN01211,SECURITIES,Listed securities pledge,3658638.25,2019-11-03,Divya Khan,ACTIVE
CO01212,LN01212,SECURITIES,Listed securities pledge,3214551.11,2022-06-02,Vikram Iyer,ACTIVE
CO01213,LN01213,VEHICLE,Vehicle collateral,667760.13,2020-07-16,Amit Khan,RELEASED
CO01214,LN01214,VEHICLE,Vehicle collateral,5585998.03,2025-08-12,Pooja Patel,RELEASED
CO01215,LN01215,VEHICLE,Vehicle collateral,4468999.90,2020-10-20,Rajesh Kapoor,RELEASED
CO01216,LN01216,VEHICLE,Vehicle collateral,1683792.93,2021-06-29,Kavya Desai,RELEASED
CO01217,LN01217,SECURITIES,Listed securities pledge,1458886.65,2019-12-11,Amit Nair,RELEASED
CO01218,LN01218,VEHICLE,Vehicle collateral,89343.74,2020-05-01,Pooja Patel,RELEASED
CO01219,LN01219,PROPERTY,Residential property collateral,4955637.97,2023-07-30,Neha Mehta,RELEASED
CO01220,LN01220,PROPERTY,Residential property collateral,3015814.35,2025-01-18,Divya Joshi,RELEASED
CO01221,LN01221,SECURITIES,Listed securities pledge,5099985.00,2024-01-04,Aditi Desai,ACTIVE
CO01222,LN01222,SECURITIES,Listed securities pledge,2618671.28,2019-05-17,Vikram Desai,ACTIVE
CO01223,LN01223,PROPERTY,Residential property collateral,4693050.15,2024-09-18,Pooja Sharma,RELEASED
CO01224,LN01224,DEPOSIT,Fixed deposit lien,4620473.11,2025-01-22,Rajesh Joshi,ACTIVE
CO01225,LN01225,DEPOSIT,Fixed deposit lien,3407033.73,2025-08-10,Rohan Singh,ACTIVE
CO01226,LN01226,DEPOSIT,Fixed deposit lien,3555460.66,2021-10-06,Sanjay Singh,RELEASED
CO01227,LN01227,DEPOSIT,Fixed deposit lien,5279779.29,2019-01-17,Meera Khan,RELEASED
CO01228,LN01228,PROPERTY,Residential property collateral,3220149.21,2022-09-24,Kavya Desai,ACTIVE
CO01229,LN01229,SECURITIES,Listed securities pledge,3707321.50,2020-04-02,Sneha Singh,ACTIVE
CO01230,LN01230,PROPERTY,Residential property collateral,2715705.23,2020-10-08,Rohan Kapoor,RELEASED
CO01231,LN01231,PROPERTY,Residential property collateral,5055120.31,2024-07-21,Kavya Mehta,RELEASED
CO01232,LN01232,DEPOSIT,Fixed deposit lien,3480036.53,2021-10-23,Pooja Gupta,ACTIVE
CO01233,LN01233,PROPERTY,Residential property collateral,5392666.25,2025-10-30,Aarav Iyer,ACTIVE
CO01234,LN01234,DEPOSIT,Fixed deposit lien,2839592.08,2022-01-14,Meera Desai,ACTIVE
CO01235,LN01235,DEPOSIT,Fixed deposit lien,3701593.82,2019-06-09,Sneha Khan,ACTIVE
CO01236,LN01236,SECURITIES,Listed securities pledge,4249515.76,2025-10-17,Rohan Chopra,ACTIVE
CO01237,LN01237,VEHICLE,Vehicle collateral,1487124.39,2023-10-27,Rajesh Rao,RELEASED
CO01238,LN01238,VEHICLE,Vehicle collateral,4560576.37,2023-04-17,Divya Verma,RELEASED
CO01239,LN01239,SECURITIES,Listed securities pledge,2072199.00,2023-03-21,Aarav Gupta,RELEASED
CO01240,LN01240,PROPERTY,Residential property collateral,4538359.08,2021-08-17,Rajesh Mehta,RELEASED
CO01241,LN01241,VEHICLE,Vehicle collateral,638203.52,2025-12-19,Neha Singh,RELEASED
CO01242,LN01242,DEPOSIT,Fixed deposit lien,1287967.78,2022-01-20,Rohan Singh,ACTIVE
CO01243,LN01243,DEPOSIT,Fixed deposit lien,4626320.70,2023-03-02,Sanjay Singh,RELEASED
CO01244,LN01244,VEHICLE,Vehicle collateral,721778.69,2023-04-04,Lakshmi Mehta,RELEASED
CO01245,LN01245,PROPERTY,Residential property collateral,1669701.86,2022-05-22,Amit Rao,ACTIVE
CO01246,LN01246,SECURITIES,Listed securities pledge,1882621.01,2024-10-15,Kavya Khan,RELEASED
CO01247,LN01247,DEPOSIT,Fixed deposit lien,1316121.47,2020-03-25,Rahul Joshi,RELEASED
CO01248,LN01248,VEHICLE,Vehicle collateral,3293496.17,2019-12-08,Rohan Khan,ACTIVE
CO01249,LN01249,VEHICLE,Vehicle collateral,5413756.00,2024-04-16,Pooja Verma,ACTIVE
CO01250,LN01250,DEPOSIT,Fixed deposit lien,3092385.74,2023-05-06,Arjun Singh,RELEASED
CO01251,LN01251,SECURITIES,Listed securities pledge,3745175.09,2022-05-04,Divya Joshi,RELEASED
CO01252,LN01252,SECURITIES,Listed securities pledge,3705612.81,2019-10-31,Rajesh Khan,ACTIVE
CO01253,LN01253,SECURITIES,Listed securities pledge,1860103.56,2021-05-19,Aarav Chopra,ACTIVE
CO01254,LN01254,DEPOSIT,Fixed deposit lien,3589258.75,2021-02-07,Aditi Khan,ACTIVE
CO01255,LN01255,VEHICLE,Vehicle collateral,5509190.86,2022-10-23,Aarav Desai,ACTIVE
CO01256,LN01256,DEPOSIT,Fixed deposit lien,170793.22,2024-11-03,Aditi Iyer,RELEASED
CO01257,LN01257,VEHICLE,Vehicle collateral,1388144.24,2019-01-19,Arjun Khan,RELEASED
CO01258,LN01258,VEHICLE,Vehicle collateral,3211292.36,2021-05-06,Vivaan Reddy,RELEASED
CO01259,LN01259,DEPOSIT,Fixed deposit lien,4277825.21,2023-10-07,Lakshmi Desai,ACTIVE
CO01260,LN01260,PROPERTY,Residential property collateral,1127143.51,2023-09-28,Amit Iyer,RELEASED
CO01261,LN01261,PROPERTY,Residential property collateral,4396557.41,2021-11-01,Rohan Gupta,RELEASED
CO01262,LN01262,PROPERTY,Residential property collateral,4971582.62,2021-02-06,Vivaan Singh,RELEASED
CO01263,LN01263,DEPOSIT,Fixed deposit lien,5942369.66,2019-01-22,Arjun Khan,ACTIVE
CO01264,LN01264,SECURITIES,Listed securities pledge,3704571.38,2021-10-15,Meera Verma,ACTIVE
CO01265,LN01265,PROPERTY,Residential property collateral,5981382.90,2019-10-17,Neha Patel,RELEASED
CO01266,LN01266,SECURITIES,Listed securities pledge,1218281.70,2025-04-28,Kavya Sharma,RELEASED
CO01267,LN01267,SECURITIES,Listed securities pledge,4452355.20,2019-11-22,Arjun Malhotra,RELEASED
CO01268,LN01268,DEPOSIT,Fixed deposit lien,4379125.72,2024-08-16,Karan Malhotra,ACTIVE
CO01269,LN01269,PROPERTY,Residential property collateral,3790399.98,2020-09-22,Divya Nair,ACTIVE
CO01270,LN01270,PROPERTY,Residential property collateral,3694579.22,2022-07-16,Amit Mehta,RELEASED
CO01271,LN01271,VEHICLE,Vehicle collateral,5496039.12,2025-05-30,Aditi Sharma,RELEASED
CO01272,LN01272,PROPERTY,Residential property collateral,3695132.24,2022-02-19,Pooja Malhotra,ACTIVE
CO01273,LN01273,SECURITIES,Listed securities pledge,3468362.08,2025-08-05,Sneha Singh,RELEASED
CO01274,LN01274,VEHICLE,Vehicle collateral,3085282.55,2021-04-14,Meera Verma,ACTIVE
CO01275,LN01275,SECURITIES,Listed securities pledge,3877132.47,2023-11-06,Divya Nair,ACTIVE
CO01276,LN01276,VEHICLE,Vehicle collateral,1115960.82,2024-11-17,Aarav Joshi,ACTIVE
CO01277,LN01277,PROPERTY,Residential property collateral,1270643.52,2024-07-13,Kavya Patel,ACTIVE
CO01278,LN01278,PROPERTY,Residential property collateral,1914611.60,2022-06-01,Amit Gupta,RELEASED
CO01279,LN01279,SECURITIES,Listed securities pledge,3355732.28,2025-05-14,Aditi Malhotra,RELEASED
CO01280,LN01280,PROPERTY,Residential property collateral,1043893.23,2022-07-30,Sneha Nair,RELEASED
CO01281,LN01281,PROPERTY,Residential property collateral,1303754.47,2019-10-22,Arjun Khan,ACTIVE
CO01282,LN01282,SECURITIES,Listed securities pledge,2852919.26,2022-07-02,Rahul Nair,ACTIVE
CO01283,LN01283,PROPERTY,Residential property collateral,940780.10,2023-10-10,Aditi Nair,ACTIVE
CO01284,LN01284,SECURITIES,Listed securities pledge,2697581.51,2025-08-24,Arjun Reddy,ACTIVE
CO01285,LN01285,PROPERTY,Residential property collateral,1455799.09,2019-11-01,Sneha Iyer,RELEASED
CO01286,LN01286,VEHICLE,Vehicle collateral,1663669.31,2022-12-21,Arjun Iyer,RELEASED
CO01287,LN01287,DEPOSIT,Fixed deposit lien,803976.00,2019-01-03,Kavya Rao,RELEASED
CO01288,LN01288,VEHICLE,Vehicle collateral,4847127.05,2024-01-29,Aarav Desai,RELEASED
CO01289,LN01289,VEHICLE,Vehicle collateral,5370201.49,2019-01-15,Priya Verma,ACTIVE
CO01290,LN01290,VEHICLE,Vehicle collateral,470144.56,2022-11-20,Amit Singh,ACTIVE
CO01291,LN01291,DEPOSIT,Fixed deposit lien,4825766.63,2020-11-08,Meera Singh,ACTIVE
CO01292,LN01292,DEPOSIT,Fixed deposit lien,959971.92,2022-05-11,Kavya Iyer,ACTIVE
CO01293,LN01293,DEPOSIT,Fixed deposit lien,4691944.56,2020-05-02,Pooja Singh,RELEASED
CO01294,LN01294,PROPERTY,Residential property collateral,5045678.85,2019-07-17,Lakshmi Sharma,RELEASED
CO01295,LN01295,VEHICLE,Vehicle collateral,3219547.44,2025-02-03,Ananya Gupta,ACTIVE
CO01296,LN01296,DEPOSIT,Fixed deposit lien,2656162.18,2024-02-01,Kavya Rao,ACTIVE
CO01297,LN01297,PROPERTY,Residential property collateral,2323419.81,2022-08-20,Arjun Patel,RELEASED
CO01298,LN01298,SECURITIES,Listed securities pledge,2532089.40,2022-12-06,Vivaan Sharma,ACTIVE
CO01299,LN01299,PROPERTY,Residential property collateral,2079230.30,2023-04-02,Sanjay Khan,ACTIVE
CO01300,LN01300,PROPERTY,Residential property collateral,2970678.52,2019-03-20,Arjun Joshi,ACTIVE
CO01301,LN01301,DEPOSIT,Fixed deposit lien,877585.18,2025-04-09,Priya Joshi,ACTIVE
CO01302,LN01302,PROPERTY,Residential property collateral,3302038.60,2023-09-11,Sneha Khan,RELEASED
CO01303,LN01303,DEPOSIT,Fixed deposit lien,5935679.32,2025-03-13,Divya Kapoor,RELEASED
CO01304,LN01304,DEPOSIT,Fixed deposit lien,4828651.63,2024-03-08,Aditi Nair,RELEASED
CO01305,LN01305,VEHICLE,Vehicle collateral,2441021.20,2025-06-02,Rajesh Joshi,ACTIVE
CO01306,LN01306,VEHICLE,Vehicle collateral,3407201.86,2025-02-24,Meera Sharma,ACTIVE
CO01307,LN01307,PROPERTY,Residential property collateral,5964085.86,2025-09-17,Ananya Joshi,ACTIVE
CO01308,LN01308,SECURITIES,Listed securities pledge,1916726.45,2022-11-25,Aarav Verma,RELEASED
CO01309,LN01309,DEPOSIT,Fixed deposit lien,2146725.15,2023-02-27,Aarav Malhotra,RELEASED
CO01310,LN01310,VEHICLE,Vehicle collateral,2926828.84,2024-01-20,Meera Malhotra,ACTIVE
CO01311,LN01311,PROPERTY,Residential property collateral,2339240.30,2019-04-26,Aarav Gupta,RELEASED
CO01312,LN01312,DEPOSIT,Fixed deposit lien,262675.82,2022-08-18,Aditi Sharma,ACTIVE
CO01313,LN01313,VEHICLE,Vehicle collateral,5310078.65,2025-03-11,Rohan Iyer,RELEASED
CO01314,LN01314,DEPOSIT,Fixed deposit lien,4291075.91,2020-10-20,Aditi Singh,RELEASED
CO01315,LN01315,VEHICLE,Vehicle collateral,1058462.45,2020-04-16,Meera Reddy,ACTIVE
CO01316,LN01316,PROPERTY,Residential property collateral,1120805.03,2021-10-19,Lakshmi Khan,ACTIVE
CO01317,LN01317,DEPOSIT,Fixed deposit lien,4724306.30,2020-07-07,Pooja Rao,ACTIVE
CO01318,LN01318,DEPOSIT,Fixed deposit lien,1453347.04,2022-03-12,Lakshmi Joshi,ACTIVE
CO01319,LN01319,SECURITIES,Listed securities pledge,2088266.11,2024-08-04,Vikram Reddy,RELEASED
CO01320,LN01320,DEPOSIT,Fixed deposit lien,5209525.15,2021-11-04,Sneha Chopra,RELEASED
CO01321,LN01321,PROPERTY,Residential property collateral,5949727.90,2024-01-17,Sanjay Iyer,ACTIVE
CO01322,LN01322,PROPERTY,Residential property collateral,4762003.33,2021-02-21,Amit Desai,ACTIVE
CO01323,LN01323,SECURITIES,Listed securities pledge,2391450.47,2019-06-07,Sanjay Mehta,RELEASED
CO01324,LN01324,PROPERTY,Residential property collateral,3130177.44,2021-04-25,Kavya Gupta,ACTIVE
CO01325,LN01325,DEPOSIT,Fixed deposit lien,416334.17,2019-07-10,Rohan Reddy,ACTIVE
CO01326,LN01326,SECURITIES,Listed securities pledge,3614267.67,2024-10-24,Pooja Sharma,ACTIVE
CO01327,LN01327,DEPOSIT,Fixed deposit lien,4899010.11,2024-12-21,Ananya Singh,ACTIVE
CO01328,LN01328,VEHICLE,Vehicle collateral,5156344.02,2019-02-11,Amit Gupta,ACTIVE
CO01329,LN01329,VEHICLE,Vehicle collateral,1113442.72,2019-01-03,Sneha Kapoor,RELEASED
CO01330,LN01330,VEHICLE,Vehicle collateral,1756541.86,2020-02-09,Ananya Rao,ACTIVE
CO01331,LN01331,DEPOSIT,Fixed deposit lien,1977455.86,2021-09-22,Rajesh Malhotra,ACTIVE
CO01332,LN01332,DEPOSIT,Fixed deposit lien,3416366.21,2020-06-16,Lakshmi Nair,RELEASED
CO01333,LN01333,DEPOSIT,Fixed deposit lien,2182865.76,2019-06-12,Divya Verma,ACTIVE
CO01334,LN01334,VEHICLE,Vehicle collateral,2102398.55,2019-07-20,Karan Desai,ACTIVE
CO01335,LN01335,PROPERTY,Residential property collateral,2865071.81,2022-10-27,Rahul Chopra,ACTIVE
CO01336,LN01336,PROPERTY,Residential property collateral,5625578.69,2025-03-15,Arjun Verma,ACTIVE
CO01337,LN01337,DEPOSIT,Fixed deposit lien,4517572.03,2019-10-25,Divya Verma,ACTIVE
CO01338,LN01338,PROPERTY,Residential property collateral,4550286.60,2022-02-03,Kavya Khan,ACTIVE
CO01339,LN01339,VEHICLE,Vehicle collateral,3265158.30,2023-05-19,Amit Desai,ACTIVE
CO01340,LN01340,SECURITIES,Listed securities pledge,576240.34,2020-12-27,Arjun Singh,ACTIVE
CO01341,LN01341,SECURITIES,Listed securities pledge,3756547.48,2019-01-22,Rohan Sharma,RELEASED
CO01342,LN01342,VEHICLE,Vehicle collateral,5572087.48,2020-01-07,Aditi Patel,RELEASED
CO01343,LN01343,VEHICLE,Vehicle collateral,5678504.12,2019-12-26,Neha Chopra,RELEASED
CO01344,LN01344,PROPERTY,Residential property collateral,3449963.60,2024-04-22,Neha Desai,ACTIVE
CO01345,LN01345,SECURITIES,Listed securities pledge,5319010.34,2023-02-13,Vivaan Kapoor,ACTIVE
CO01346,LN01346,SECURITIES,Listed securities pledge,4745401.70,2020-01-07,Karan Verma,RELEASED
CO01347,LN01347,VEHICLE,Vehicle collateral,5481692.06,2025-03-20,Rahul Desai,RELEASED
CO01348,LN01348,SECURITIES,Listed securities pledge,2955827.05,2020-03-25,Amit Verma,RELEASED
CO01349,LN01349,SECURITIES,Listed securities pledge,3885899.45,2025-05-06,Amit Joshi,RELEASED
CO01350,LN01350,DEPOSIT,Fixed deposit lien,5765236.34,2021-04-20,Aditi Reddy,ACTIVE
CO01351,LN01351,VEHICLE,Vehicle collateral,4194717.88,2023-04-22,Lakshmi Singh,RELEASED
CO01352,LN01352,SECURITIES,Listed securities pledge,3262565.78,2023-10-17,Rajesh Verma,ACTIVE
CO01353,LN01353,DEPOSIT,Fixed deposit lien,4968724.22,2024-01-15,Pooja Reddy,RELEASED
CO01354,LN01354,DEPOSIT,Fixed deposit lien,4554948.17,2019-08-21,Vikram Singh,RELEASED
CO01355,LN01355,SECURITIES,Listed securities pledge,5099417.58,2023-10-25,Priya Sharma,RELEASED
CO01356,LN01356,PROPERTY,Residential property collateral,3790361.89,2021-07-30,Neha Kapoor,RELEASED
CO01357,LN01357,VEHICLE,Vehicle collateral,3379944.55,2020-06-20,Rajesh Joshi,RELEASED
CO01358,LN01358,SECURITIES,Listed securities pledge,1000838.32,2022-03-16,Aditi Sharma,ACTIVE
CO01359,LN01359,PROPERTY,Residential property collateral,1780161.11,2020-08-28,Sneha Desai,RELEASED
CO01360,LN01360,DEPOSIT,Fixed deposit lien,1035863.51,2024-05-20,Rahul Mehta,ACTIVE
CO01361,LN01361,DEPOSIT,Fixed deposit lien,4744136.27,2023-07-29,Arjun Nair,RELEASED
CO01362,LN01362,SECURITIES,Listed securities pledge,4668056.97,2023-08-06,Karan Reddy,ACTIVE
CO01363,LN01363,PROPERTY,Residential property collateral,3636745.04,2019-08-15,Lakshmi Malhotra,ACTIVE
CO01364,LN01364,SECURITIES,Listed securities pledge,1119656.17,2022-03-24,Kavya Sharma,ACTIVE
CO01365,LN01365,PROPERTY,Residential property collateral,2226577.83,2021-02-26,Ananya Singh,RELEASED
CO01366,LN01366,VEHICLE,Vehicle collateral,5129354.51,2022-11-17,Rajesh Sharma,RELEASED
CO01367,LN01367,PROPERTY,Residential property collateral,2380558.65,2022-04-11,Divya Reddy,ACTIVE
CO01368,LN01368,VEHICLE,Vehicle collateral,4544872.17,2021-10-24,Divya Chopra,ACTIVE
CO01369,LN01369,DEPOSIT,Fixed deposit lien,2589719.51,2024-07-04,Kavya Kapoor,RELEASED
CO01370,LN01370,PROPERTY,Residential property collateral,1049997.05,2024-11-24,Neha Verma,RELEASED
CO01371,LN01371,SECURITIES,Listed securities pledge,2465841.87,2021-02-08,Sanjay Chopra,ACTIVE
CO01372,LN01372,VEHICLE,Vehicle collateral,3730814.21,2024-01-22,Rajesh Rao,ACTIVE
CO01373,LN01373,SECURITIES,Listed securities pledge,2375244.31,2023-10-22,Rajesh Mehta,ACTIVE
CO01374,LN01374,DEPOSIT,Fixed deposit lien,3260483.18,2020-07-03,Sanjay Kapoor,RELEASED
CO01375,LN01375,DEPOSIT,Fixed deposit lien,1859310.20,2023-08-22,Priya Gupta,ACTIVE
CO01376,LN01376,VEHICLE,Vehicle collateral,1114536.51,2020-10-29,Rohan Khan,RELEASED
CO01377,LN01377,VEHICLE,Vehicle collateral,5746588.58,2020-02-06,Pooja Iyer,ACTIVE
CO01378,LN01378,PROPERTY,Residential property collateral,5582482.33,2025-12-15,Meera Malhotra,RELEASED
CO01379,LN01379,SECURITIES,Listed securities pledge,3168436.26,2025-01-31,Priya Joshi,RELEASED
CO01380,LN01380,VEHICLE,Vehicle collateral,4106591.70,2025-04-26,Vikram Reddy,ACTIVE
CO01381,LN01381,SECURITIES,Listed securities pledge,5860300.17,2021-07-13,Meera Sharma,ACTIVE
CO01382,LN01382,SECURITIES,Listed securities pledge,5824088.18,2024-04-01,Amit Kapoor,RELEASED
CO01383,LN01383,VEHICLE,Vehicle collateral,3891365.75,2019-11-28,Priya Mehta,RELEASED
CO01384,LN01384,VEHICLE,Vehicle collateral,753663.28,2019-08-29,Vikram Gupta,RELEASED
CO01385,LN01385,DEPOSIT,Fixed deposit lien,3840696.01,2024-02-25,Vikram Singh,ACTIVE
CO01386,LN01386,PROPERTY,Residential property collateral,5644722.02,2023-06-21,Vivaan Kapoor,RELEASED
CO01387,LN01387,DEPOSIT,Fixed deposit lien,5221953.10,2024-11-14,Arjun Verma,RELEASED
CO01388,LN01388,VEHICLE,Vehicle collateral,3443872.31,2023-06-20,Vivaan Sharma,ACTIVE
CO01389,LN01389,SECURITIES,Listed securities pledge,3096212.80,2020-11-21,Karan Verma,RELEASED
CO01390,LN01390,PROPERTY,Residential property collateral,5234473.99,2021-06-18,Neha Patel,RELEASED
CO01391,LN01391,PROPERTY,Residential property collateral,1651435.03,2024-02-23,Lakshmi Singh,ACTIVE
CO01392,LN01392,PROPERTY,Residential property collateral,2752288.56,2022-05-09,Amit Patel,ACTIVE
CO01393,LN01393,SECURITIES,Listed securities pledge,5029130.36,2022-08-31,Lakshmi Nair,RELEASED
CO01394,LN01394,VEHICLE,Vehicle collateral,1185224.43,2024-10-04,Pooja Nair,RELEASED
CO01395,LN01395,VEHICLE,Vehicle collateral,4980271.96,2024-12-19,Neha Chopra,ACTIVE
CO01396,LN01396,SECURITIES,Listed securities pledge,3633005.13,2021-10-19,Priya Khan,ACTIVE
CO01397,LN01397,DEPOSIT,Fixed deposit lien,5357794.78,2021-09-17,Pooja Desai,ACTIVE
CO01398,LN01398,VEHICLE,Vehicle collateral,617341.68,2022-01-27,Sneha Nair,RELEASED
CO01399,LN01399,VEHICLE,Vehicle collateral,2632129.86,2020-09-10,Priya Verma,RELEASED
CO01400,LN01400,SECURITIES,Listed securities pledge,314761.78,2025-01-31,Pooja Verma,RELEASED
CO01401,LN01401,PROPERTY,Residential property collateral,494101.60,2021-08-01,Karan Sharma,ACTIVE
CO01402,LN01402,DEPOSIT,Fixed deposit lien,5879163.35,2020-02-15,Rohan Kapoor,RELEASED
CO01403,LN01403,PROPERTY,Residential property collateral,5090565.54,2025-04-11,Kavya Desai,ACTIVE
CO01404,LN01404,SECURITIES,Listed securities pledge,2971890.80,2024-12-19,Aarav Chopra,ACTIVE
CO01405,LN01405,DEPOSIT,Fixed deposit lien,379477.06,2024-06-30,Karan Patel,ACTIVE
CO01406,LN01406,VEHICLE,Vehicle collateral,1785657.17,2019-08-16,Kavya Nair,ACTIVE
CO01407,LN01407,SECURITIES,Listed securities pledge,2582928.23,2024-03-24,Rohan Reddy,RELEASED
CO01408,LN01408,SECURITIES,Listed securities pledge,4522705.02,2019-06-26,Vikram Gupta,ACTIVE
CO01409,LN01409,SECURITIES,Listed securities pledge,109022.59,2023-08-11,Vikram Rao,ACTIVE
CO01410,LN01410,VEHICLE,Vehicle collateral,54561.57,2024-07-11,Rohan Reddy,ACTIVE
CO01411,LN01411,SECURITIES,Listed securities pledge,5398693.18,2022-11-19,Divya Verma,ACTIVE
CO01412,LN01412,SECURITIES,Listed securities pledge,1164495.69,2022-07-01,Vikram Kapoor,RELEASED
CO01413,LN01413,VEHICLE,Vehicle collateral,244642.96,2019-03-14,Pooja Kapoor,ACTIVE
CO01414,LN01414,SECURITIES,Listed securities pledge,3980191.41,2024-08-15,Meera Malhotra,RELEASED
CO01415,LN01415,DEPOSIT,Fixed deposit lien,5347736.81,2024-12-12,Pooja Reddy,RELEASED
CO01416,LN01416,VEHICLE,Vehicle collateral,4725340.85,2021-11-11,Priya Nair,ACTIVE
CO01417,LN01417,SECURITIES,Listed securities pledge,5636127.05,2021-08-17,Arjun Iyer,RELEASED
CO01418,LN01418,SECURITIES,Listed securities pledge,2215616.06,2022-09-14,Lakshmi Desai,RELEASED
CO01419,LN01419,DEPOSIT,Fixed deposit lien,5415892.39,2023-02-24,Neha Malhotra,RELEASED
CO01420,LN01420,DEPOSIT,Fixed deposit lien,3457120.96,2019-03-28,Karan Rao,RELEASED
CO01421,LN01421,VEHICLE,Vehicle collateral,405008.98,2025-04-23,Vikram Reddy,ACTIVE
CO01422,LN01422,SECURITIES,Listed securities pledge,794643.09,2022-04-02,Aarav Mehta,RELEASED
CO01423,LN01423,VEHICLE,Vehicle collateral,3451268.24,2022-04-16,Lakshmi Rao,ACTIVE
CO01424,LN01424,VEHICLE,Vehicle collateral,5376581.64,2020-09-26,Kavya Rao,ACTIVE
CO01425,LN01425,SECURITIES,Listed securities pledge,1828239.70,2020-07-24,Sanjay Nair,ACTIVE
CO01426,LN01426,VEHICLE,Vehicle collateral,5358404.05,2025-05-14,Arjun Sharma,RELEASED
CO01427,LN01427,DEPOSIT,Fixed deposit lien,3501479.69,2020-05-08,Lakshmi Mehta,ACTIVE
CO01428,LN01428,DEPOSIT,Fixed deposit lien,3906902.15,2020-01-20,Arjun Patel,RELEASED
CO01429,LN01429,VEHICLE,Vehicle collateral,5597467.75,2024-12-20,Rahul Kapoor,RELEASED
CO01430,LN01430,PROPERTY,Residential property collateral,291052.20,2021-03-06,Pooja Kapoor,RELEASED
CO01431,LN01431,VEHICLE,Vehicle collateral,1558494.70,2025-07-18,Amit Patel,RELEASED
CO01432,LN01432,VEHICLE,Vehicle collateral,1771151.13,2024-02-09,Arjun Khan,RELEASED
CO01433,LN01433,PROPERTY,Residential property collateral,233384.49,2023-02-11,Lakshmi Singh,ACTIVE
CO01434,LN01434,DEPOSIT,Fixed deposit lien,912740.31,2019-07-19,Pooja Joshi,ACTIVE
CO01435,LN01435,SECURITIES,Listed securities pledge,3268310.11,2023-03-05,Rohan Desai,ACTIVE
CO01436,LN01436,DEPOSIT,Fixed deposit lien,1895704.00,2023-09-02,Sanjay Desai,RELEASED
CO01437,LN01437,VEHICLE,Vehicle collateral,4484599.68,2024-04-12,Priya Verma,ACTIVE
CO01438,LN01438,PROPERTY,Residential property collateral,3343519.50,2023-12-31,Arjun Gupta,ACTIVE
CO01439,LN01439,VEHICLE,Vehicle collateral,3760643.10,2020-05-16,Neha Singh,RELEASED
CO01440,LN01440,DEPOSIT,Fixed deposit lien,2669331.12,2024-11-18,Meera Gupta,ACTIVE
CO01441,LN01441,PROPERTY,Residential property collateral,1851387.73,2020-04-02,Ananya Khan,ACTIVE
CO01442,LN01442,PROPERTY,Residential property collateral,5312163.81,2024-03-05,Pooja Malhotra,RELEASED
CO01443,LN01443,VEHICLE,Vehicle collateral,829052.69,2024-03-14,Divya Desai,ACTIVE
CO01444,LN01444,PROPERTY,Residential property collateral,5454317.59,2019-11-15,Aarav Kapoor,ACTIVE
CO01445,LN01445,DEPOSIT,Fixed deposit lien,208284.01,2022-08-17,Rahul Malhotra,RELEASED
CO01446,LN01446,PROPERTY,Residential property collateral,4188862.31,2021-08-02,Meera Malhotra,RELEASED
CO01447,LN01447,PROPERTY,Residential property collateral,4059519.97,2022-10-25,Rajesh Verma,RELEASED
CO01448,LN01448,VEHICLE,Vehicle collateral,844775.51,2024-09-05,Rahul Reddy,RELEASED
CO01449,LN01449,SECURITIES,Listed securities pledge,5533356.79,2021-06-22,Rohan Rao,ACTIVE
CO01450,LN01450,PROPERTY,Residential property collateral,1287739.02,2021-01-05,Aarav Joshi,ACTIVE
CO01451,LN01451,DEPOSIT,Fixed deposit lien,1618771.67,2023-04-03,Sanjay Kapoor,ACTIVE
CO01452,LN01452,SECURITIES,Listed securities pledge,3684378.78,2024-07-11,Priya Reddy,RELEASED
CO01453,LN01453,DEPOSIT,Fixed deposit lien,1786086.61,2022-05-20,Neha Rao,RELEASED
CO01454,LN01454,PROPERTY,Residential property collateral,2132258.70,2021-04-10,Divya Malhotra,ACTIVE
CO01455,LN01455,VEHICLE,Vehicle collateral,5885668.32,2019-09-11,Rahul Malhotra,RELEASED
CO01456,LN01456,SECURITIES,Listed securities pledge,577231.00,2024-06-21,Rajesh Iyer,RELEASED
CO01457,LN01457,VEHICLE,Vehicle collateral,2330375.14,2020-10-18,Aditi Khan,ACTIVE
CO01458,LN01458,VEHICLE,Vehicle collateral,3912364.75,2025-11-09,Rajesh Desai,ACTIVE
CO01459,LN01459,PROPERTY,Residential property collateral,5850128.81,2025-04-11,Aarav Chopra,ACTIVE
CO01460,LN01460,SECURITIES,Listed securities pledge,3531236.54,2020-08-07,Vivaan Gupta,RELEASED
CO01461,LN01461,DEPOSIT,Fixed deposit lien,1690456.81,2025-12-01,Karan Singh,RELEASED
CO01462,LN01462,DEPOSIT,Fixed deposit lien,5739107.57,2020-05-14,Sanjay Chopra,ACTIVE
CO01463,LN01463,PROPERTY,Residential property collateral,5239961.83,2022-09-28,Neha Kapoor,ACTIVE
CO01464,LN01464,SECURITIES,Listed securities pledge,2245451.22,2021-10-09,Aarav Mehta,RELEASED
CO01465,LN01465,DEPOSIT,Fixed deposit lien,5285309.94,2023-04-15,Vivaan Chopra,ACTIVE
CO01466,LN01466,DEPOSIT,Fixed deposit lien,3405962.10,2023-05-22,Neha Singh,RELEASED
CO01467,LN01467,PROPERTY,Residential property collateral,4999962.95,2023-05-19,Ananya Reddy,ACTIVE
CO01468,LN01468,SECURITIES,Listed securities pledge,2278248.26,2020-11-04,Meera Iyer,ACTIVE
CO01469,LN01469,SECURITIES,Listed securities pledge,4032937.11,2024-07-25,Vivaan Gupta,ACTIVE
CO01470,LN01470,DEPOSIT,Fixed deposit lien,1524230.08,2025-04-28,Lakshmi Desai,RELEASED
CO01471,LN01471,SECURITIES,Listed securities pledge,2094341.45,2023-02-12,Arjun Rao,ACTIVE
CO01472,LN01472,PROPERTY,Residential property collateral,528498.24,2020-12-15,Lakshmi Verma,ACTIVE
CO01473,LN01473,PROPERTY,Residential property collateral,5548158.64,2025-11-17,Arjun Desai,RELEASED
CO01474,LN01474,VEHICLE,Vehicle collateral,4993330.74,2025-10-25,Kavya Khan,ACTIVE
CO01475,LN01475,PROPERTY,Residential property collateral,4262389.33,2022-11-15,Vivaan Nair,ACTIVE
CO01476,LN01476,VEHICLE,Vehicle collateral,88175.48,2021-03-10,Rahul Singh,ACTIVE
CO01477,LN01477,PROPERTY,Residential property collateral,5045583.26,2024-03-11,Amit Iyer,ACTIVE
CO01478,LN01478,PROPERTY,Residential property collateral,3695279.84,2024-05-27,Arjun Iyer,ACTIVE
CO01479,LN01479,PROPERTY,Residential property collateral,2324184.38,2024-01-17,Vivaan Mehta,RELEASED
CO01480,LN01480,PROPERTY,Residential property collateral,5029144.87,2021-08-07,Priya Nair,ACTIVE
CO01481,LN01481,SECURITIES,Listed securities pledge,940117.76,2021-03-28,Sneha Desai,RELEASED
CO01482,LN01482,DEPOSIT,Fixed deposit lien,4646135.30,2023-12-31,Amit Sharma,RELEASED
CO01483,LN01483,PROPERTY,Residential property collateral,3825066.80,2020-06-28,Arjun Khan,RELEASED
CO01484,LN01484,VEHICLE,Vehicle collateral,1634241.30,2024-01-13,Karan Singh,RELEASED
CO01485,LN01485,SECURITIES,Listed securities pledge,1895198.29,2025-11-07,Karan Iyer,RELEASED
CO01486,LN01486,PROPERTY,Residential property collateral,5218595.70,2023-10-24,Amit Malhotra,RELEASED
CO01487,LN01487,VEHICLE,Vehicle collateral,5808201.06,2021-08-06,Vikram Joshi,ACTIVE
CO01488,LN01488,PROPERTY,Residential property collateral,136923.21,2024-01-15,Divya Singh,ACTIVE
CO01489,LN01489,SECURITIES,Listed securities pledge,4268766.70,2025-11-07,Sanjay Khan,RELEASED
CO01490,LN01490,DEPOSIT,Fixed deposit lien,2896220.25,2025-08-05,Vikram Singh,RELEASED
CO01491,LN01491,DEPOSIT,Fixed deposit lien,4401216.17,2022-06-04,Aarav Reddy,RELEASED
CO01492,LN01492,SECURITIES,Listed securities pledge,3429919.53,2024-03-08,Neha Iyer,RELEASED
CO01493,LN01493,SECURITIES,Listed securities pledge,4138579.02,2021-07-24,Amit Desai,ACTIVE
CO01494,LN01494,SECURITIES,Listed securities pledge,5526696.59,2021-11-02,Ananya Singh,RELEASED
CO01495,LN01495,SECURITIES,Listed securities pledge,5780196.14,2020-09-02,Amit Nair,RELEASED
CO01496,LN01496,VEHICLE,Vehicle collateral,1164808.81,2021-10-17,Karan Joshi,ACTIVE
CO01497,LN01497,PROPERTY,Residential property collateral,3690568.21,2022-01-20,Kavya Joshi,ACTIVE
CO01498,LN01498,PROPERTY,Residential property collateral,1805258.34,2019-12-24,Vikram Mehta,ACTIVE
CO01499,LN01499,SECURITIES,Listed securities pledge,5034386.65,2023-10-18,Vivaan Iyer,RELEASED
CO01500,LN01500,DEPOSIT,Fixed deposit lien,2371225.76,2020-05-12,Aditi Iyer,RELEASED
