loan_id,loan_number,customer_id,product_id,branch_id,officer_id,loan_type,loan_amount,outstanding_amount,interest_rate,tenure_months,start_date,maturity_date,credit_grade,loan_status
LN00001,LN4091000001,CU04080,PR014,BR008,OF0082,HOME_LOAN,3710450.48,1990757.70,15.17,240,2022-07-31,2042-07-31,B,DEFAULTED
LN00002,LN6082000002,CU03127,PR010,BR005,OF0040,PERSONAL_LOAN,287844.29,232179.45,10.98,36,2021-11-24,2024-11-24,C,ACTIVE
LN00003,LN2164000003,CU01594,PR010,BR004,OF0022,PERSONAL_LOAN,2375549.42,465289.43,9.35,36,2020-01-26,2023-01-26,B,CLOSED
LN00004,LN4670000004,CU03964,PR013,BR010,OF0088,HOME_LOAN,661965.78,118313.63,15.84,120,2020-10-18,2030-10-18,B,ACTIVE
LN00005,LN7514000005,CU01681,PR014,BR009,OF0052,HOME_LOAN,1435769.34,403037.77,14.89,12,2018-08-23,2019-08-23,A,ACTIVE
LN00006,LN6367000006,CU00668,PR013,BR010,OF0014,HOME_LOAN,3887383.65,1891754.85,10.04,36,2022-07-01,2025-07-01,B,ACTIVE
LN00007,LN7305000007,CU01808,PR014,BR001,OF0074,HOME_LOAN,2342641.17,1195604.77,11.31,36,2023-06-21,2026-06-21,B,ACTIVE
LN00008,LN2141000008,CU03658,PR011,BR001,OF0019,PERSONAL_LOAN,2299363.93,363600.52,8.31,120,2020-01-04,2030-01-04,B,ACTIVE
LN00009,LN8333000009,CU02856,PR011,BR003,OF0053,PERSONAL_LOAN,292153.04,142778.25,9.27,120,2020-07-25,2030-07-25,A,DEFAULTED
LN00010,LN7264000010,CU02210,PR011,BR002,OF0073,PERSONAL_LOAN,2928742.37,2623127.52,10.48,240,2020-11-08,2040-11-08,B,DEFAULTED
LN00011,LN9317000011,CU03505,PR015,BR003,OF0044,HOME_LOAN,3830912.82,2146505.57,11.82,60,2020-02-18,2025-02-18,B,ACTIVE
LN00012,LN6535000012,CU04185,PR010,BR001,OF0031,PERSONAL_LOAN,4911310.41,4198945.82,8.04,240,2024-10-21,2044-10-21,B,CLOSED
LN00013,LN3428000013,CU00386,PR014,BR003,OF0043,HOME_LOAN,4378790.52,3178673.05,11.90,12,2022-07-03,2023-07-03,A,ACTIVE
LN00014,LN2023000014,CU04277,PR013,BR004,OF0084,HOME_LOAN,3789520.62,3265773.58,14.89,12,2018-11-14,2019-11-14,A,DEFAULTED
LN00015,LN3673000015,CU01157,PR013,BR007,OF0023,HOME_LOAN,4254856.59,3147291.30,10.22,120,2020-08-13,2030-08-13,D,CLOSED
LN00016,LN5202000016,CU02757,PR014,BR006,OF0048,HOME_LOAN,4658939.05,1880905.87,7.05,24,2024-06-09,2026-06-09,A,CLOSED
LN00017,LN5690000017,CU04560,PR015,BR002,OF0073,HOME_LOAN,1748914.68,186537.11,14.36,36,2023-07-03,2026-07-03,A,DEFAULTED
LN00018,LN2060000018,CU04291,PR011,BR007,OF0051,PERSONAL_LOAN,95808.05,23558.49,12.08,120,2022-06-30,2032-06-30,C,CLOSED
LN00019,LN6664000019,CU03320,PR013,BR009,OF0099,HOME_LOAN,3333109.08,1126433.71,9.25,24,2024-08-23,2026-08-23,B,DEFAULTED
LN00020,LN2507000020,CU02058,PR013,BR010,OF0021,HOME_LOAN,2279376.91,630587.49,15.58,120,2019-11-27,2029-11-27,A,DEFAULTED
LN00021,LN2163000021,CU00284,PR012,BR004,OF0098,PERSONAL_LOAN,455486.89,389407.60,14.28,120,2020-05-18,2030-05-18,B,ACTIVE
LN00022,LN1313000022,CU02927,PR013,BR002,OF0026,HOME_LOAN,4777666.48,3276553.90,9.19,36,2024-08-04,2027-08-04,B,ACTIVE
LN00023,LN5392000023,CU03366,PR011,BR004,OF0096,PERSONAL_LOAN,2207630.31,1692082.82,13.81,240,2024-07-22,2044-07-22,A,CLOSED
LN00024,LN6905000024,CU01523,PR010,BR006,OF0092,PERSONAL_LOAN,1334898.41,684574.53,13.48,120,2023-08-13,2033-08-13,B,ACTIVE
LN00025,LN4611000025,CU02183,PR015,BR001,OF0083,HOME_LOAN,2074595.38,1396362.63,12.85,180,2018-05-04,2033-05-04,C,ACTIVE
LN00026,LN8576000026,CU02958,PR012,BR010,OF0059,PERSONAL_LOAN,4229431.55,2811539.49,9.84,12,2020-03-04,2021-03-04,A,DEFAULTED
LN00027,LN3727000027,CU04051,PR011,BR010,OF0006,PERSONAL_LOAN,3584672.22,1988888.57,11.16,24,2022-11-07,2024-11-07,C,DEFAULTED
LN00028,LN2676000028,CU04909,PR015,BR002,OF0013,HOME_LOAN,1836546.54,1817773.14,14.91,24,2020-09-27,2022-09-27,A,DEFAULTED
LN00029,LN3534000029,CU00063,PR013,BR008,OF0097,HOME_LOAN,3463505.20,2730886.53,15.14,12,2020-05-03,2021-05-03,B,DEFAULTED
LN00030,LN7739000030,CU01530,PR012,BR002,OF0073,PERSONAL_LOAN,2907618.09,988404.11,10.88,180,2018-07-14,2033-07-14,B,CLOSED
LN00031,LN9188000031,CU03296,PR010,BR008,OF0061,PERSONAL_LOAN,1899544.44,513724.31,7.18,120,2022-02-06,2032-02-06,A,CLOSED
LN00032,LN5031000032,CU01022,PR010,BR009,OF0068,PERSONAL_LOAN,3863596.22,3152627.59,8.62,12,2022-09-07,2023-09-07,C,DEFAULTED
LN00033,LN1695000033,CU00873,PR015,BR006,OF0048,HOME_LOAN,182204.49,37405.93,9.69,240,2021-10-01,2041-10-01,A,CLOSED
LN00034,LN6806000034,CU04376,PR011,BR008,OF0075,PERSONAL_LOAN,4715138.38,974100.41,7.77,24,2021-06-12,2023-06-12,D,ACTIVE
LN00035,LN9119000035,CU02255,PR010,BR004,OF0098,PERSONAL_LOAN,1748814.57,1650423.96,13.49,24,2018-04-27,2020-04-27,C,ACTIVE
LN00036,LN3816000036,CU02728,PR011,BR003,OF0072,PERSONAL_LOAN,2210579.03,1755717.56,12.84,120,2018-04-18,2028-04-18,A,CLOSED
LN00037,LN8173000037,CU03093,PR012,BR003,OF0039,PERSONAL_LOAN,4869186.69,4498874.56,15.84,120,2022-07-08,2032-07-08,C,ACTIVE
LN00038,LN6573000038,CU02968,PR014,BR008,OF0075,HOME_LOAN,3808842.26,1491623.05,13.20,60,2019-12-06,2024-12-06,B,DEFAULTED
LN00039,LN5725000039,CU04271,PR015,BR008,OF0097,HOME_LOAN,3168160.72,2530400.69,7.92,12,2023-08-31,2024-08-31,B,DEFAULTED
LN00040,LN6669000040,CU03244,PR010,BR006,OF0094,PERSONAL_LOAN,1214811.67,432641.48,10.77,180,2019-06-29,2034-06-29,B,CLOSED
LN00041,LN1900000041,CU01728,PR010,BR010,OF0008,PERSONAL_LOAN,1712481.36,275878.73,8.25,120,2023-08-08,2033-08-08,B,CLOSED
LN00042,LN4895000042,CU00027,PR013,BR001,OF0083,HOME_LOAN,1188599.54,571838.04,13.76,60,2024-02-28,2029-02-28,B,DEFAULTED
LN00043,LN6088000043,CU04524,PR010,BR004,OF0022,PERSONAL_LOAN,1895832.37,1405815.95,12.58,36,2019-07-18,2022-07-18,B,DEFAULTED
LN00044,LN4242000044,CU02528,PR014,BR003,OF0072,HOME_LOAN,3572404.77,1752012.35,14.13,36,2023-10-20,2026-10-20,C,ACTIVE
LN00045,LN5134000045,CU04836,PR010,BR003,OF0037,PERSONAL_LOAN,3211222.32,996648.78,9.30,36,2018-10-08,2021-10-08,B,ACTIVE
LN00046,LN7060000046,CU01124,PR011,BR005,OF0071,PERSONAL_LOAN,3145414.07,1526692.39,13.92,120,2019-08-16,2029-08-16,C,ACTIVE
LN00047,LN8562000047,CU04006,PR011,BR009,OF0099,PERSONAL_LOAN,2156378.98,394515.98,12.58,120,2022-10-06,2032-10-06,B,CLOSED
LN00048,LN1733000048,CU02032,PR011,BR002,OF0073,PERSONAL_LOAN,142032.11,58285.48,15.53,12,2019-12-18,2020-12-18,C,DEFAULTED
LN00049,LN4808000049,CU04090,PR013,BR001,OF0083,HOME_LOAN,1247796.90,633731.38,8.92,60,2019-06-08,2024-06-08,B,CLOSED
LN00050,LN3458000050,CU01592,PR012,BR008,OF0097,PERSONAL_LOAN,1027143.95,326170.96,12.01,24,2022-02-26,2024-02-26,C,CLOSED
LN00051,LN7223000051,CU00772,PR012,BR004,OF0063,PERSONAL_LOAN,3433415.78,3281366.44,8.74,120,2020-08-30,2030-08-30,A,CLOSED
LN00052,LN9928000052,CU02315,PR014,BR007,OF0065,HOME_LOAN,4887369.08,1148367.91,8.61,24,2020-06-14,2022-06-14,A,ACTIVE
LN00053,LN1349000053,CU03643,PR011,BR002,OF0007,PERSONAL_LOAN,2285970.97,2112403.67,13.56,36,2021-05-01,2024-05-01,A,DEFAULTED
LN00054,LN5277000054,CU04563,PR015,BR004,OF0063,HOME_LOAN,4456081.59,4198858.05,12.42,180,2023-09-27,2038-09-27,A,DEFAULTED
LN00055,LN3543000055,CU02052,PR015,BR005,OF0029,HOME_LOAN,3909471.76,3585434.38,14.57,60,2022-01-15,2027-01-15,C,DEFAULTED
LN00056,LN1753000056,CU03043,PR011,BR002,OF0086,PERSONAL_LOAN,2025892.38,827033.25,15.97,120,2019-03-31,2029-03-31,B,CLOSED
LN00057,LN5141000057,CU02686,PR011,BR006,OF0094,PERSONAL_LOAN,1303069.60,622372.02,8.50,24,2022-08-12,2024-08-12,A,ACTIVE
LN00058,LN8952000058,CU02216,PR010,BR010,OF0021,PERSONAL_LOAN,3431515.33,1817933.46,8.87,180,2019-06-28,2034-06-28,C,CLOSED
LN00059,LN8018000059,CU00385,PR013,BR004,OF0022,HOME_LOAN,3331110.15,2425680.25,10.13,12,2018-07-03,2019-07-03,B,DEFAULTED
LN00060,LN7721000060,CU02961,PR011,BR009,OF0011,PERSONAL_LOAN,2559478.97,369145.85,15.49,240,2018-12-01,2038-12-01,B,CLOSED
LN00061,LN7153000061,CU03958,PR012,BR010,OF0008,PERSONAL_LOAN,4469486.49,1519127.01,7.08,180,2024-03-03,2039-03-03,B,DEFAULTED
LN00062,LN4021000062,CU04896,PR015,BR006,OF0092,HOME_LOAN,2784962.68,1938821.80,8.86,120,2020-08-05,2030-08-05,B,DEFAULTED
LN00063,LN1701000063,CU02381,PR011,BR001,OF0074,PERSONAL_LOAN,666731.21,566751.85,12.72,24,2021-05-24,2023-05-24,C,ACTIVE
LN00064,LN5257000064,CU02779,PR012,BR003,OF0038,PERSONAL_LOAN,1116824.37,1098416.73,11.00,24,2020-12-23,2022-12-23,C,DEFAULTED
LN00065,LN7942000065,CU00901,PR011,BR006,OF0095,PERSONAL_LOAN,1455134.10,1272083.32,15.40,36,2021-10-24,2024-10-24,A,ACTIVE
LN00066,LN5424000066,CU01129,PR010,BR001,OF0083,PERSONAL_LOAN,1226287.47,1071543.76,9.74,12,2021-09-16,2022-09-16,C,CLOSED
LN00067,LN9885000067,CU02394,PR010,BR009,OF0016,PERSONAL_LOAN,1443217.99,1069354.65,13.08,36,2024-10-04,2027-10-04,C,CLOSED
LN00068,LN7634000068,CU00575,PR011,BR003,OF0005,PERSONAL_LOAN,1929090.92,906097.81,13.19,240,2023-04-27,2043-04-27,B,DEFAULTED
LN00069,LN8469000069,CU01120,PR010,BR010,OF0059,PERSONAL_LOAN,4653137.14,3910702.47,13.35,36,2018-11-25,2021-11-25,A,CLOSED
LN00070,LN1899000070,CU04974,PR013,BR002,OF0066,HOME_LOAN,829207.59,299780.47,8.96,36,2022-06-19,2025-06-19,C,DEFAULTED
LN00071,LN4070000071,CU03069,PR013,BR010,OF0006,HOME_LOAN,1183032.80,821591.47,12.86,12,2024-04-29,2025-04-29,B,DEFAULTED
LN00072,LN6713000072,CU04341,PR011,BR009,OF0020,PERSONAL_LOAN,3602092.58,2036976.42,13.21,60,2024-04-22,2029-04-22,B,CLOSED
LN00073,LN3802000073,CU04748,PR012,BR003,OF0072,PERSONAL_LOAN,3142607.88,874361.91,12.09,240,2018-01-15,2038-01-15,A,ACTIVE
LN00074,LN7298000074,CU03570,PR013,BR002,OF0026,HOME_LOAN,2364797.02,2361899.69,10.40,36,2024-04-09,2027-04-09,A,ACTIVE
LN00075,LN6266000075,CU04276,PR011,BR010,OF0021,PERSONAL_LOAN,817249.46,798432.74,11.08,12,2020-05-12,2021-05-12,C,DEFAULTED
LN00076,LN8018000076,CU01221,PR015,BR005,OF0080,HOME_LOAN,1238902.30,1222576.94,8.88,12,2024-01-11,2025-01-11,B,CLOSED
LN00077,LN5545000077,CU01087,PR010,BR007,OF0090,PERSONAL_LOAN,2860859.51,1314585.11,9.90,24,2021-04-03,2023-04-03,B,DEFAULTED
LN00078,LN9820000078,CU00960,PR015,BR003,OF0037,HOME_LOAN,1639502.21,1626059.30,10.81,240,2021-06-01,2041-06-01,B,ACTIVE
LN00079,LN1424000079,CU00298,PR010,BR007,OF0049,PERSONAL_LOAN,3570753.86,621851.67,15.54,180,2021-02-13,2036-02-13,C,ACTIVE
LN00080,LN7083000080,CU03117,PR012,BR001,OF0003,PERSONAL_LOAN,3298142.33,2528401.39,11.63,60,2024-01-21,2029-01-21,B,DEFAULTED
LN00081,LN3300000081,CU04541,PR013,BR006,OF0012,HOME_LOAN,401775.93,216655.21,12.86,120,2020-10-19,2030-10-19,C,CLOSED
LN00082,LN3495000082,CU03948,PR012,BR009,OF0020,PERSONAL_LOAN,388669.95,185289.95,15.62,60,2019-11-18,2024-11-18,C,DEFAULTED
LN00083,LN5019000083,CU04849,PR014,BR004,OF0098,HOME_LOAN,204367.79,76094.83,15.20,240,2023-01-30,2043-01-30,B,ACTIVE
LN00084,LN4222000084,CU00963,PR014,BR007,OF0028,HOME_LOAN,4939520.62,3717295.54,13.77,240,2022-01-03,2042-01-03,C,CLOSED
LN00085,LN6147000085,CU02346,PR014,BR003,OF0045,HOME_LOAN,4261309.78,1549489.73,7.14,36,2018-03-08,2021-03-08,B,DEFAULTED
LN00086,LN4952000086,CU03422,PR010,BR007,OF0065,PERSONAL_LOAN,247429.23,199345.15,10.32,12,2024-10-26,2025-10-26,C,ACTIVE
LN00087,LN8110000087,CU00096,PR012,BR005,OF0042,PERSONAL_LOAN,293694.44,163831.42,10.32,24,2024-02-09,2026-02-09,A,DEFAULTED
LN00088,LN2267000088,CU03300,PR011,BR003,OF0072,PERSONAL_LOAN,1647591.63,563943.03,14.01,12,2021-12-21,2022-12-21,C,ACTIVE
LN00089,LN3361000089,CU02735,PR015,BR007,OF0051,HOME_LOAN,1438267.07,154177.87,7.44,180,2023-04-01,2038-04-01,B,DEFAULTED
LN00090,LN1617000090,CU00144,PR014,BR007,OF0049,HOME_LOAN,2406287.99,1381858.84,12.37,180,2024-06-15,2039-06-15,B,ACTIVE
LN00091,LN2543000091,CU00621,PR014,BR007,OF0065,HOME_LOAN,1069324.25,805426.88,12.12,60,2018-09-24,2023-09-24,B,CLOSED
LN00092,LN4177000092,CU03691,PR015,BR005,OF0042,HOME_LOAN,2840788.25,2562487.25,10.16,240,2021-12-27,2041-12-27,C,ACTIVE
LN00093,LN2956000093,CU01658,PR011,BR003,OF0032,PERSONAL_LOAN,326785.07,231818.47,7.04,240,2018-02-21,2038-02-21,D,DEFAULTED
LN00094,LN1147000094,CU00347,PR015,BR007,OF0065,HOME_LOAN,4625078.47,3156400.96,14.92,12,2023-10-03,2024-10-03,B,CLOSED
LN00095,LN3006000095,CU03035,PR010,BR010,OF0006,PERSONAL_LOAN,1246869.67,679218.77,13.15,24,2022-12-19,2024-12-19,B,CLOSED
LN00096,LN3641000096,CU04512,PR012,BR003,OF0035,PERSONAL_LOAN,3493937.81,592794.73,13.10,60,2020-05-07,2025-05-07,A,DEFAULTED
LN00097,LN8641000097,CU00349,PR014,BR005,OF0085,HOME_LOAN,4124705.58,449941.46,9.72,36,2024-09-01,2027-09-01,A,CLOSED
LN00098,LN7092000098,CU01456,PR015,BR001,OF0003,HOME_LOAN,3276227.79,456645.15,12.03,240,2018-04-27,2038-04-27,C,CLOSED
LN00099,LN9877000099,CU01609,PR013,BR008,OF0093,HOME_LOAN,974859.29,865970.51,8.28,24,2020-01-21,2022-01-21,A,DEFAULTED
LN00100,LN6387000100,CU02205,PR010,BR002,OF0079,PERSONAL_LOAN,2308177.54,281983.91,15.39,24,2022-09-13,2024-09-13,C,CLOSED
LN00101,LN6512000101,CU02421,PR011,BR007,OF0077,PERSONAL_LOAN,3161106.74,446402.15,10.65,12,2018-08-14,2019-08-14,B,CLOSED
LN00102,LN5816000102,CU01220,PR014,BR009,OF0009,HOME_LOAN,4347001.53,2194513.72,10.61,60,2023-02-14,2028-02-14,D,DEFAULTED
LN00103,LN8780000103,CU00837,PR015,BR007,OF0028,HOME_LOAN,3364533.19,2958168.49,7.79,24,2020-09-11,2022-09-11,B,ACTIVE
LN00104,LN1517000104,CU04470,PR012,BR005,OF0029,PERSONAL_LOAN,4881827.46,4703262.31,8.82,180,2023-05-16,2038-05-16,B,CLOSED
LN00105,LN2940000105,CU00740,PR014,BR009,OF0070,HOME_LOAN,999067.22,994176.39,12.89,36,2022-03-01,2025-03-01,A,ACTIVE
LN00106,LN4724000106,CU03256,PR013,BR009,OF0067,HOME_LOAN,3331712.56,945575.89,11.72,240,2020-08-18,2040-08-18,B,DEFAULTED
LN00107,LN1440000107,CU01389,PR011,BR010,OF0021,PERSONAL_LOAN,3158544.11,2765894.18,11.55,24,2020-06-23,2022-06-23,A,ACTIVE
LN00108,LN1315000108,CU00898,PR012,BR010,OF0006,PERSONAL_LOAN,1639273.93,1092739.50,13.18,60,2022-04-03,2027-04-03,C,ACTIVE
LN00109,LN6202000109,CU00950,PR010,BR007,OF0077,PERSONAL_LOAN,3413246.53,2814039.36,14.32,120,2019-12-20,2029-12-20,A,DEFAULTED
LN00110,LN2501000110,CU02053,PR010,BR006,OF0092,PERSONAL_LOAN,1855865.22,988616.16,10.56,120,2023-06-23,2033-06-23,C,ACTIVE
LN00111,LN2186000111,CU00734,PR010,BR010,OF0021,PERSONAL_LOAN,673242.02,385000.17,15.51,240,2024-06-11,2044-06-11,C,CLOSED
LN00112,LN7762000112,CU03516,PR010,BR001,OF0031,PERSONAL_LOAN,4327256.02,499901.57,10.13,180,2022-08-24,2037-08-24,B,DEFAULTED
LN00113,LN6433000113,CU00684,PR013,BR008,OF0097,HOME_LOAN,3654130.24,2479549.75,12.52,36,2019-12-09,2022-12-09,B,CLOSED
LN00114,LN9623000114,CU00316,PR014,BR005,OF0085,HOME_LOAN,2887082.30,648972.44,7.41,24,2023-05-14,2025-05-14,B,CLOSED
LN00115,LN4611000115,CU04648,PR014,BR006,OF0054,HOME_LOAN,4582851.69,1323839.64,14.36,36,2022-03-15,2025-03-15,B,CLOSED
LN00116,LN3865000116,CU00198,PR011,BR008,OF0061,PERSONAL_LOAN,2301758.69,1205674.48,7.27,12,2023-10-26,2024-10-26,B,CLOSED
LN00117,LN9362000117,CU04491,PR010,BR002,OF0026,PERSONAL_LOAN,3367854.06,3080329.54,13.73,180,2021-08-18,2036-08-18,B,CLOSED
LN00118,LN2652000118,CU04571,PR012,BR010,OF0014,PERSONAL_LOAN,506871.98,440903.52,14.65,240,2023-05-08,2043-05-08,B,CLOSED
LN00119,LN5820000119,CU03776,PR015,BR009,OF0057,HOME_LOAN,2097022.86,1572760.41,15.55,180,2020-02-01,2035-02-01,B,DEFAULTED
LN00120,LN3991000120,CU02790,PR013,BR002,OF0086,HOME_LOAN,1951977.18,891250.45,8.64,60,2018-06-03,2023-06-03,A,DEFAULTED
LN00121,LN9640000121,CU01482,PR014,BR001,OF0031,HOME_LOAN,4148764.17,2542787.43,13.02,240,2024-02-20,2044-02-20,B,DEFAULTED
LN00122,LN5154000122,CU00107,PR012,BR001,OF0031,PERSONAL_LOAN,884437.49,262595.94,15.35,36,2023-04-28,2026-04-28,B,ACTIVE
LN00123,LN9332000123,CU02452,PR015,BR010,OF0021,HOME_LOAN,3568384.61,2411740.02,8.20,24,2021-07-06,2023-07-06,B,DEFAULTED
LN00124,LN9696000124,CU01723,PR014,BR005,OF0029,HOME_LOAN,4828487.66,2232276.78,9.69,240,2019-11-20,2039-11-20,A,DEFAULTED
LN00125,LN2344000125,CU04507,PR011,BR002,OF0013,PERSONAL_LOAN,740662.81,544256.11,13.87,24,2019-02-22,2021-02-22,B,CLOSED
LN00126,LN7816000126,CU00177,PR010,BR002,OF0013,PERSONAL_LOAN,2696306.66,1913668.60,10.65,60,2024-04-12,2029-04-12,C,CLOSED
LN00127,LN9722000127,CU03052,PR015,BR004,OF0098,HOME_LOAN,3141684.40,2194031.35,12.01,240,2018-08-19,2038-08-19,C,ACTIVE
LN00128,LN1306000128,CU02700,PR011,BR005,OF0060,PERSONAL_LOAN,1486105.52,551350.89,15.37,240,2019-08-04,2039-08-04,B,CLOSED
LN00129,LN7289000129,CU01148,PR013,BR009,OF0099,HOME_LOAN,2552406.89,447043.19,11.01,12,2024-10-25,2025-10-25,B,DEFAULTED
LN00130,LN5671000130,CU03159,PR014,BR002,OF0079,HOME_LOAN,981316.85,938564.10,15.07,12,2024-03-31,2025-03-31,A,DEFAULTED
LN00131,LN8716000131,CU03217,PR015,BR003,OF0053,HOME_LOAN,4014962.46,518693.10,9.43,60,2023-11-04,2028-11-04,B,CLOSED
LN00132,LN6336000132,CU00587,PR012,BR010,OF0014,PERSONAL_LOAN,3188019.71,2370921.77,12.06,180,2020-04-16,2035-04-16,B,DEFAULTED
LN00133,LN2827000133,CU04627,PR013,BR009,OF0020,HOME_LOAN,3011834.27,1813139.97,13.69,180,2022-04-16,2037-04-16,B,CLOSED
LN00134,LN9277000134,CU00296,PR013,BR007,OF0023,HOME_LOAN,3298921.75,1688485.73,13.10,120,2020-09-04,2030-09-04,B,DEFAULTED
LN00135,LN5433000135,CU02325,PR014,BR001,OF0031,HOME_LOAN,2944671.66,370208.06,8.68,24,2019-04-20,2021-04-20,A,DEFAULTED
LN00136,LN2402000136,CU02454,PR010,BR004,OF0047,PERSONAL_LOAN,4249747.72,448228.99,10.45,36,2019-01-14,2022-01-14,A,DEFAULTED
LN00137,LN1288000137,CU04033,PR015,BR007,OF0090,HOME_LOAN,3032294.40,2270984.25,11.94,180,2021-12-22,2036-12-22,C,CLOSED
LN00138,LN7854000138,CU04067,PR015,BR006,OF0012,HOME_LOAN,2818665.03,2436891.06,14.79,36,2024-08-08,2027-08-08,C,DEFAULTED
LN00139,LN5170000139,CU00148,PR015,BR010,OF0088,HOME_LOAN,826983.66,515170.57,14.90,60,2023-04-06,2028-04-06,C,ACTIVE
LN00140,LN4483000140,CU04511,PR012,BR004,OF0098,PERSONAL_LOAN,78613.17,12416.88,15.85,36,2019-09-20,2022-09-20,B,CLOSED
LN00141,LN2765000141,CU03569,PR013,BR007,OF0065,HOME_LOAN,3549540.79,2228353.99,7.57,36,2023-09-07,2026-09-07,C,CLOSED
LN00142,LN8525000142,CU02018,PR014,BR008,OF0082,HOME_LOAN,3856328.42,2955241.78,9.34,120,2022-01-27,2032-01-27,B,DEFAULTED
LN00143,LN1834000143,CU01167,PR011,BR001,OF0074,PERSONAL_LOAN,2439360.16,1584962.62,7.16,24,2021-09-24,2023-09-24,B,ACTIVE
LN00144,LN1253000144,CU01580,PR010,BR006,OF0095,PERSONAL_LOAN,1710941.45,995863.98,11.22,36,2022-02-08,2025-02-08,B,ACTIVE
LN00145,LN1312000145,CU02588,PR011,BR003,OF0001,PERSONAL_LOAN,1578393.32,273330.98,14.53,120,2022-04-23,2032-04-23,B,DEFAULTED
LN00146,LN2354000146,CU01349,PR012,BR009,OF0057,PERSONAL_LOAN,2801106.37,800007.91,8.51,60,2023-12-07,2028-12-07,B,ACTIVE
LN00147,LN2391000147,CU04147,PR013,BR010,OF0014,HOME_LOAN,936965.53,572083.82,13.45,240,2021-02-24,2041-02-24,B,ACTIVE
LN00148,LN7756000148,CU03361,PR011,BR005,OF0040,PERSONAL_LOAN,3910945.23,3399486.63,12.98,36,2019-08-21,2022-08-21,C,CLOSED
LN00149,LN8935000149,CU01242,PR015,BR010,OF0004,HOME_LOAN,2031337.30,1003637.86,11.23,180,2022-02-15,2037-02-15,B,CLOSED
LN00150,LN4637000150,CU02107,PR010,BR005,OF0040,PERSONAL_LOAN,3669324.91,1011428.90,12.12,60,2022-06-18,2027-06-18,C,ACTIVE
LN00151,LN6453000151,CU01967,PR012,BR002,OF0066,PERSONAL_LOAN,4262978.03,2367795.47,7.00,180,2020-10-04,2035-10-04,C,ACTIVE
LN00152,LN7884000152,CU00647,PR015,BR005,OF0071,HOME_LOAN,834676.13,579541.91,15.20,240,2018-02-10,2038-02-10,B,DEFAULTED
LN00153,LN2266000153,CU00082,PR011,BR004,OF0098,PERSONAL_LOAN,3585754.37,3335843.19,10.44,36,2021-11-04,2024-11-04,B,CLOSED
LN00154,LN9311000154,CU00042,PR013,BR006,OF0094,HOME_LOAN,1185507.14,270103.67,15.15,12,2022-10-19,2023-10-19,B,CLOSED
LN00155,LN7139000155,CU04191,PR013,BR003,OF0015,HOME_LOAN,1283968.09,692941.67,14.94,180,2019-10-07,2034-10-07,B,ACTIVE
LN00156,LN1819000156,CU03596,PR011,BR008,OF0082,PERSONAL_LOAN,4567839.49,1432099.28,15.35,60,2023-06-02,2028-06-02,B,ACTIVE
LN00157,LN1967000157,CU03517,PR010,BR010,OF0008,PERSONAL_LOAN,792843.48,718829.74,8.87,120,2022-02-22,2032-02-22,A,ACTIVE
LN00158,LN1962000158,CU02501,PR011,BR006,OF0094,PERSONAL_LOAN,851087.04,557845.22,14.84,240,2020-11-03,2040-11-03,C,CLOSED
LN00159,LN9606000159,CU04835,PR012,BR009,OF0011,PERSONAL_LOAN,2438075.53,524507.99,13.13,36,2024-08-14,2027-08-14,B,DEFAULTED
LN00160,LN6959000160,CU00913,PR014,BR001,OF0083,HOME_LOAN,1311027.20,1105640.74,9.48,180,2021-03-22,2036-03-22,B,ACTIVE
LN00161,LN9553000161,CU02133,PR012,BR004,OF0030,PERSONAL_LOAN,1336622.09,235872.11,7.80,12,2018-08-06,2019-08-06,B,ACTIVE
LN00162,LN8184000162,CU01812,PR014,BR010,OF0059,HOME_LOAN,1441896.49,1105174.55,9.14,24,2022-07-25,2024-07-25,C,CLOSED
LN00163,LN9766000163,CU01272,PR015,BR010,OF0088,HOME_LOAN,2634684.67,1323463.73,13.52,240,2024-12-17,2044-12-17,A,DEFAULTED
LN00164,LN1947000164,CU01570,PR013,BR009,OF0052,HOME_LOAN,3258924.59,681507.55,7.69,60,2019-11-05,2024-11-05,B,DEFAULTED
LN00165,LN5083000165,CU00323,PR014,BR007,OF0056,HOME_LOAN,526236.28,63932.81,10.06,24,2022-11-11,2024-11-11,C,CLOSED
LN00166,LN7004000166,CU03483,PR013,BR008,OF0036,HOME_LOAN,4755846.86,1737761.88,12.16,36,2023-02-08,2026-02-08,B,CLOSED
LN00167,LN9552000167,CU00573,PR010,BR010,OF0008,PERSONAL_LOAN,1306106.29,1198293.79,11.84,240,2020-08-16,2040-08-16,A,DEFAULTED
LN00168,LN7265000168,CU03038,PR010,BR004,OF0063,PERSONAL_LOAN,4157806.93,3374860.64,12.56,240,2019-10-29,2039-10-29,A,ACTIVE
LN00169,LN4098000169,CU04296,PR015,BR007,OF0077,HOME_LOAN,3778434.93,2475588.07,10.97,36,2022-10-22,2025-10-22,A,CLOSED
LN00170,LN2636000170,CU01622,PR013,BR006,OF0012,HOME_LOAN,3758856.13,1663652.57,10.18,12,2021-02-06,2022-02-06,D,ACTIVE
LN00171,LN7708000171,CU01229,PR011,BR010,OF0014,PERSONAL_LOAN,2784204.69,1531303.94,12.02,36,2020-03-06,2023-03-06,A,ACTIVE
LN00172,LN2145000172,CU01025,PR011,BR008,OF0064,PERSONAL_LOAN,4514121.40,630293.79,8.38,36,2023-09-02,2026-09-02,B,CLOSED
LN00173,LN5575000173,CU03540,PR012,BR008,OF0075,PERSONAL_LOAN,3121749.40,2034822.58,10.12,24,2018-02-02,2020-02-02,A,DEFAULTED
LN00174,LN9540000174,CU04791,PR011,BR003,OF0001,PERSONAL_LOAN,1957859.30,1822645.29,12.16,240,2020-10-23,2040-10-23,D,CLOSED
LN00175,LN2762000175,CU04640,PR011,BR008,OF0036,PERSONAL_LOAN,1043159.12,450855.44,9.55,60,2019-10-28,2024-10-28,B,CLOSED
LN00176,LN7032000176,CU04153,PR014,BR006,OF0095,HOME_LOAN,385505.73,281639.68,10.55,180,2022-08-13,2037-08-13,C,DEFAULTED
LN00177,LN5672000177,CU01044,PR010,BR001,OF0074,PERSONAL_LOAN,4874825.04,2029121.17,8.25,60,2022-10-02,2027-10-02,C,DEFAULTED
LN00178,LN4794000178,CU04101,PR011,BR010,OF0021,PERSONAL_LOAN,3882618.55,3798493.10,9.39,12,2019-08-23,2020-08-23,B,DEFAULTED
LN00179,LN8812000179,CU04149,PR013,BR010,OF0006,HOME_LOAN,4729016.51,3789395.88,15.43,180,2022-05-14,2037-05-14,B,CLOSED
LN00180,LN9951000180,CU00719,PR015,BR003,OF0072,HOME_LOAN,4124632.72,987966.95,10.53,12,2022-09-12,2023-09-12,B,DEFAULTED
LN00181,LN5931000181,CU00015,PR015,BR008,OF0082,HOME_LOAN,2839571.01,1833544.86,10.80,180,2019-06-28,2034-06-28,A,CLOSED
LN00182,LN4019000182,CU02664,PR012,BR004,OF0022,PERSONAL_LOAN,3604357.92,2414015.81,7.84,60,2018-04-05,2023-04-05,B,ACTIVE
LN00183,LN9670000183,CU03152,PR013,BR009,OF0062,HOME_LOAN,230454.84,225779.18,8.62,240,2020-03-24,2040-03-24,B,ACTIVE
LN00184,LN8024000184,CU02071,PR013,BR001,OF0031,HOME_LOAN,1198566.31,786473.19,15.65,120,2023-11-08,2033-11-08,B,CLOSED
LN00185,LN5151000185,CU03894,PR013,BR008,OF0075,HOME_LOAN,2154319.22,2069832.24,8.77,60,2019-05-01,2024-05-01,A,ACTIVE
LN00186,LN7331000186,CU00516,PR013,BR004,OF0022,HOME_LOAN,3417375.95,1985196.44,8.82,120,2024-05-08,2034-05-08,A,CLOSED
LN00187,LN3636000187,CU03149,PR015,BR003,OF0038,HOME_LOAN,3151151.75,1295803.57,10.47,24,2024-04-20,2026-04-20,C,ACTIVE
LN00188,LN6877000188,CU04882,PR014,BR007,OF0056,HOME_LOAN,851953.12,686705.09,15.19,12,2024-02-07,2025-02-07,B,ACTIVE
LN00189,LN4280000189,CU02552,PR014,BR003,OF0032,HOME_LOAN,4159220.76,464372.92,11.20,180,2021-02-20,2036-02-20,C,DEFAULTED
LN00190,LN8802000190,CU00533,PR015,BR003,OF0044,HOME_LOAN,339808.91,266945.24,8.26,12,2024-01-19,2025-01-19,A,CLOSED
LN00191,LN2085000191,CU01308,PR013,BR009,OF0017,HOME_LOAN,121736.89,46834.45,15.27,240,2019-06-06,2039-06-06,B,ACTIVE
LN00192,LN8532000192,CU03125,PR010,BR001,OF0031,PERSONAL_LOAN,1125499.52,126257.09,7.48,36,2021-10-22,2024-10-22,B,ACTIVE
LN00193,LN9497000193,CU01863,PR015,BR004,OF0030,HOME_LOAN,3727550.27,2531619.03,15.26,24,2022-12-31,2024-12-31,A,DEFAULTED
LN00194,LN7932000194,CU04129,PR010,BR007,OF0023,PERSONAL_LOAN,1942110.22,438304.08,10.91,24,2023-05-18,2025-05-18,B,DEFAULTED
LN00195,LN7788000195,CU03791,PR012,BR003,OF0035,PERSONAL_LOAN,152361.85,116261.41,10.55,36,2018-09-05,2021-09-05,B,ACTIVE
LN00196,LN4971000196,CU02765,PR010,BR002,OF0007,PERSONAL_LOAN,2765181.78,1437511.55,10.39,36,2022-08-16,2025-08-16,C,CLOSED
LN00197,LN6001000197,CU02000,PR015,BR003,OF0001,HOME_LOAN,1624309.92,968554.79,14.47,60,2023-08-05,2028-08-05,C,DEFAULTED
LN00198,LN4608000198,CU03928,PR011,BR004,OF0027,PERSONAL_LOAN,1225863.80,1163664.15,7.31,36,2018-10-16,2021-10-16,B,ACTIVE
LN00199,LN7555000199,CU04146,PR015,BR005,OF0010,HOME_LOAN,465340.40,190398.13,12.04,180,2019-03-15,2034-03-15,C,CLOSED
LN00200,LN5816000200,CU02822,PR013,BR004,OF0063,HOME_LOAN,3898627.86,3375744.54,8.12,120,2019-09-11,2029-09-11,B,CLOSED
LN00201,LN3156000201,CU00395,PR011,BR006,OF0054,PERSONAL_LOAN,3606343.75,1009854.97,7.12,12,2019-09-14,2020-09-14,C,DEFAULTED
LN00202,LN2860000202,CU00502,PR011,BR001,OF0083,PERSONAL_LOAN,2906073.95,548267.95,13.27,180,2022-07-22,2037-07-22,D,ACTIVE
LN00203,LN6264000203,CU02161,PR010,BR004,OF0030,PERSONAL_LOAN,1029182.36,323736.12,7.54,240,2023-05-05,2043-05-05,B,ACTIVE
LN00204,LN5403000204,CU02608,PR015,BR004,OF0098,HOME_LOAN,4722764.03,1193359.69,8.37,36,2019-03-05,2022-03-05,C,ACTIVE
LN00205,LN8638000205,CU01228,PR011,BR002,OF0007,PERSONAL_LOAN,3645019.99,917143.43,7.10,36,2024-10-11,2027-10-11,B,ACTIVE
LN00206,LN2896000206,CU00682,PR012,BR010,OF0033,PERSONAL_LOAN,2939677.34,719259.93,15.41,36,2020-04-24,2023-04-24,B,ACTIVE
LN00207,LN6052000207,CU02724,PR010,BR006,OF0024,PERSONAL_LOAN,274109.48,218769.63,10.38,36,2020-02-21,2023-02-21,B,CLOSED
LN00208,LN5066000208,CU04932,PR011,BR010,OF0014,PERSONAL_LOAN,4755108.69,4440832.30,7.35,36,2018-04-13,2021-04-13,B,CLOSED
LN00209,LN5300000209,CU04210,PR015,BR006,OF0094,HOME_LOAN,2026116.05,660956.67,13.03,24,2024-02-13,2026-02-13,B,ACTIVE
LN00210,LN5161000210,CU01468,PR010,BR001,OF0074,PERSONAL_LOAN,1122626.27,422001.45,12.15,180,2022-02-17,2037-02-17,C,CLOSED
LN00211,LN8947000211,CU02013,PR011,BR002,OF0007,PERSONAL_LOAN,2325874.36,1159109.29,7.62,24,2020-02-14,2022-02-14,C,DEFAULTED
LN00212,LN7501000212,CU00073,PR013,BR002,OF0066,HOME_LOAN,793828.38,714018.05,12.22,120,2023-03-20,2033-03-20,A,CLOSED
LN00213,LN4196000213,CU02085,PR014,BR010,OF0004,HOME_LOAN,2721700.62,620019.31,9.60,24,2023-08-10,2025-08-10,B,CLOSED
LN00214,LN1525000214,CU01660,PR013,BR008,OF0093,HOME_LOAN,2101352.68,1090152.12,11.16,60,2022-04-01,2027-04-01,D,ACTIVE
LN00215,LN2667000215,CU00175,PR011,BR006,OF0048,PERSONAL_LOAN,1682790.12,1300251.11,13.48,24,2021-02-09,2023-02-09,B,DEFAULTED
LN00216,LN4623000216,CU01014,PR010,BR007,OF0028,PERSONAL_LOAN,791446.63,543278.92,9.97,12,2024-04-10,2025-04-10,C,ACTIVE
LN00217,LN9879000217,CU03717,PR012,BR006,OF0094,PERSONAL_LOAN,2665672.55,294422.19,14.61,180,2019-10-17,2034-10-17,B,DEFAULTED
LN00218,LN9735000218,CU02861,PR011,BR005,OF0034,PERSONAL_LOAN,4814719.11,4344582.36,7.58,180,2023-05-07,2038-05-07,A,CLOSED
LN00219,LN7008000219,CU03428,PR010,BR002,OF0073,PERSONAL_LOAN,3132251.44,564737.71,13.30,240,2018-06-02,2038-06-02,B,CLOSED
LN00220,LN2169000220,CU03759,PR014,BR008,OF0093,HOME_LOAN,1147618.96,969105.56,12.98,24,2024-10-05,2026-10-05,B,ACTIVE
LN00221,LN1477000221,CU04687,PR013,BR003,OF0032,HOME_LOAN,3472024.33,1483330.96,10.12,24,2019-09-11,2021-09-11,B,DEFAULTED
LN00222,LN8290000222,CU00923,PR010,BR009,OF0058,PERSONAL_LOAN,577754.17,330530.62,9.19,36,2020-07-11,2023-07-11,B,ACTIVE
LN00223,LN9135000223,CU04788,PR015,BR007,OF0065,HOME_LOAN,490694.37,65708.48,7.81,24,2020-01-23,2022-01-23,B,DEFAULTED
LN00224,LN1548000224,CU01850,PR013,BR007,OF0065,HOME_LOAN,562826.54,560422.76,12.75,24,2020-05-12,2022-05-12,B,ACTIVE
LN00225,LN9239000225,CU04918,PR014,BR006,OF0095,HOME_LOAN,3826495.54,2979601.19,11.14,240,2019-04-18,2039-04-18,C,DEFAULTED
LN00226,LN2266000226,CU02875,PR012,BR005,OF0010,PERSONAL_LOAN,3565108.50,1568304.89,7.27,12,2023-09-20,2024-09-20,B,CLOSED
LN00227,LN6427000227,CU01714,PR012,BR009,OF0091,PERSONAL_LOAN,2566916.28,1680173.29,14.06,240,2022-02-23,2042-02-23,D,DEFAULTED
LN00228,LN4443000228,CU03882,PR012,BR007,OF0023,PERSONAL_LOAN,3000571.57,1832293.86,14.70,120,2021-08-29,2031-08-29,B,ACTIVE
LN00229,LN7372000229,CU04089,PR013,BR006,OF0054,HOME_LOAN,1518870.04,393288.54,9.21,240,2020-10-14,2040-10-14,B,ACTIVE
LN00230,LN2376000230,CU04919,PR015,BR009,OF0067,HOME_LOAN,4821621.86,3023572.97,7.06,12,2021-10-28,2022-10-28,B,DEFAULTED
LN00231,LN2259000231,CU04187,PR014,BR007,OF0065,HOME_LOAN,2336974.31,1745963.68,9.89,240,2022-03-26,2042-03-26,A,ACTIVE
LN00232,LN6038000232,CU00078,PR012,BR008,OF0082,PERSONAL_LOAN,4415421.17,2744777.12,7.89,60,2018-10-04,2023-10-04,B,DEFAULTED
LN00233,LN9384000233,CU00909,PR011,BR008,OF0093,PERSONAL_LOAN,3293248.38,3142859.84,15.23,180,2024-10-09,2039-10-09,A,DEFAULTED
LN00234,LN4714000234,CU04122,PR011,BR004,OF0046,PERSONAL_LOAN,200891.96,105663.04,8.43,180,2020-12-25,2035-12-25,B,CLOSED
LN00235,LN6246000235,CU02362,PR012,BR005,OF0040,PERSONAL_LOAN,995961.60,168022.82,10.03,36,2022-04-26,2025-04-26,A,ACTIVE
LN00236,LN3195000236,CU04206,PR015,BR004,OF0022,HOME_LOAN,2371184.54,852551.63,11.28,24,2020-01-07,2022-01-07,C,CLOSED
LN00237,LN1921000237,CU00433,PR013,BR006,OF0012,HOME_LOAN,3034835.64,2927842.56,8.91,60,2020-03-13,2025-03-13,B,ACTIVE
LN00238,LN4849000238,CU02416,PR011,BR006,OF0095,PERSONAL_LOAN,2614440.43,1804446.72,11.85,24,2024-11-15,2026-11-15,C,ACTIVE
LN00239,LN3188000239,CU03255,PR015,BR007,OF0023,HOME_LOAN,3349142.12,2511534.35,11.04,120,2020-09-18,2030-09-18,A,DEFAULTED
LN00240,LN4050000240,CU04755,PR011,BR006,OF0092,PERSONAL_LOAN,1655347.58,1290051.94,13.84,180,2021-03-28,2036-03-28,B,DEFAULTED
LN00241,LN5006000241,CU03619,PR011,BR003,OF0025,PERSONAL_LOAN,4028061.24,2211703.96,15.83,120,2024-06-09,2034-06-09,A,CLOSED
LN00242,LN7612000242,CU03044,PR014,BR008,OF0097,HOME_LOAN,2437650.96,679025.80,14.15,60,2023-10-28,2028-10-28,A,ACTIVE
LN00243,LN3848000243,CU04221,PR015,BR006,OF0095,HOME_LOAN,3339060.72,1753609.63,12.84,120,2024-03-06,2034-03-06,B,CLOSED
LN00244,LN8208000244,CU02956,PR015,BR008,OF0082,HOME_LOAN,2185538.46,1700238.03,14.29,240,2018-04-20,2038-04-20,B,CLOSED
LN00245,LN5875000245,CU02226,PR010,BR002,OF0079,PERSONAL_LOAN,4464736.28,2784290.29,12.49,120,2022-07-20,2032-07-20,C,CLOSED
LN00246,LN3945000246,CU03286,PR012,BR002,OF0073,PERSONAL_LOAN,887872.47,792276.81,11.64,120,2021-03-23,2031-03-23,A,DEFAULTED
LN00247,LN5282000247,CU01990,PR010,BR008,OF0093,PERSONAL_LOAN,4686892.11,4263985.45,10.92,36,2021-04-02,2024-04-02,B,DEFAULTED
LN00248,LN5719000248,CU01971,PR010,BR001,OF0031,PERSONAL_LOAN,1806845.68,811393.43,13.28,60,2021-04-08,2026-04-08,A,CLOSED
LN00249,LN8080000249,CU04406,PR014,BR001,OF0019,HOME_LOAN,3137384.38,1862221.37,9.17,24,2023-02-27,2025-02-27,B,CLOSED
LN00250,LN8016000250,CU01326,PR013,BR003,OF0025,HOME_LOAN,4437470.66,4241556.50,7.28,180,2023-08-17,2038-08-17,C,DEFAULTED
LN00251,LN5664000251,CU02219,PR012,BR009,OF0016,PERSONAL_LOAN,4012075.10,1149519.93,11.11,60,2018-11-22,2023-11-22,B,CLOSED
LN00252,LN5238000252,CU04485,PR015,BR005,OF0042,HOME_LOAN,1606471.08,1305234.55,14.89,240,2018-01-05,2038-01-05,D,CLOSED
LN00253,LN4307000253,CU04469,PR015,BR003,OF0032,HOME_LOAN,475263.25,243534.72,11.43,24,2018-01-24,2020-01-24,C,DEFAULTED
LN00254,LN9748000254,CU02518,PR015,BR006,OF0092,HOME_LOAN,4133664.60,1301226.74,13.08,240,2022-02-02,2042-02-02,A,DEFAULTED
LN00255,LN6185000255,CU01633,PR012,BR002,OF0066,PERSONAL_LOAN,410994.57,168519.15,13.31,36,2020-09-01,2023-09-01,C,DEFAULTED
LN00256,LN2862000256,CU01696,PR010,BR005,OF0029,PERSONAL_LOAN,2817517.16,1658965.81,7.82,24,2021-12-28,2023-12-28,C,DEFAULTED
LN00257,LN7742000257,CU01557,PR011,BR005,OF0002,PERSONAL_LOAN,4609846.79,3139442.76,8.00,24,2024-02-11,2026-02-11,C,CLOSED
LN00258,LN7491000258,CU04798,PR015,BR010,OF0059,HOME_LOAN,3500221.07,3007144.89,13.77,240,2019-07-23,2039-07-23,B,ACTIVE
LN00259,LN9630000259,CU04787,PR010,BR008,OF0093,PERSONAL_LOAN,931415.23,332528.27,14.99,12,2021-04-19,2022-04-19,C,CLOSED
LN00260,LN3776000260,CU04142,PR010,BR001,OF0083,PERSONAL_LOAN,127474.89,123381.31,14.83,12,2023-05-01,2024-05-01,A,DEFAULTED
LN00261,LN1122000261,CU00227,PR013,BR004,OF0063,HOME_LOAN,2181228.77,1268738.22,9.48,36,2021-05-16,2024-05-16,B,CLOSED
LN00262,LN1357000262,CU04873,PR012,BR007,OF0065,PERSONAL_LOAN,4021548.78,3604075.28,11.24,180,2023-01-08,2038-01-08,B,ACTIVE
LN00263,LN8769000263,CU02187,PR015,BR004,OF0046,HOME_LOAN,3131049.30,2724331.02,9.08,36,2023-02-11,2026-02-11,B,ACTIVE
LN00264,LN7382000264,CU03925,PR013,BR010,OF0006,HOME_LOAN,1783214.24,413546.85,14.44,12,2024-07-20,2025-07-20,A,DEFAULTED
LN00265,LN8841000265,CU04194,PR015,BR002,OF0026,HOME_LOAN,4661399.75,2511202.99,14.79,240,2021-07-29,2041-07-29,B,CLOSED
LN00266,LN5145000266,CU04239,PR011,BR009,OF0052,PERSONAL_LOAN,4028692.06,1144402.02,9.82,240,2021-05-23,2041-05-23,B,DEFAULTED
LN00267,LN4821000267,CU00746,PR014,BR002,OF0086,HOME_LOAN,1434162.41,366194.38,7.69,24,2023-07-24,2025-07-24,C,CLOSED
LN00268,LN5321000268,CU02473,PR011,BR008,OF0075,PERSONAL_LOAN,69153.83,61856.49,8.68,12,2020-11-07,2021-11-07,C,ACTIVE
LN00269,LN3874000269,CU02484,PR012,BR005,OF0040,PERSONAL_LOAN,947540.93,894000.94,9.57,36,2024-01-31,2027-01-31,D,ACTIVE
LN00270,LN4083000270,CU03931,PR010,BR003,OF0001,PERSONAL_LOAN,938044.86,594214.25,10.90,180,2022-03-01,2037-03-01,A,ACTIVE
LN00271,LN9842000271,CU03192,PR011,BR005,OF0100,PERSONAL_LOAN,2435750.18,720188.67,9.92,36,2019-11-23,2022-11-23,A,ACTIVE
LN00272,LN7816000272,CU04661,PR010,BR003,OF0025,PERSONAL_LOAN,1032208.78,405743.46,10.88,180,2021-03-26,2036-03-26,C,DEFAULTED
LN00273,LN6872000273,CU02101,PR015,BR002,OF0013,HOME_LOAN,134271.10,133292.78,11.71,24,2018-09-16,2020-09-16,A,DEFAULTED
LN00274,LN7788000274,CU04704,PR014,BR010,OF0033,HOME_LOAN,2733700.95,1276879.79,12.83,24,2020-04-14,2022-04-14,B,DEFAULTED
LN00275,LN7961000275,CU01174,PR015,BR010,OF0004,HOME_LOAN,4155917.88,2225316.69,8.30,180,2018-02-15,2033-02-15,A,ACTIVE
LN00276,LN8181000276,CU02916,PR013,BR009,OF0058,HOME_LOAN,3702615.62,721291.67,8.01,180,2019-09-27,2034-09-27,B,DEFAULTED
LN00277,LN4107000277,CU00930,PR015,BR002,OF0066,HOME_LOAN,1690827.26,1235063.91,12.24,240,2019-07-18,2039-07-18,A,DEFAULTED
LN00278,LN3475000278,CU04192,PR010,BR005,OF0042,PERSONAL_LOAN,1323315.80,225578.02,14.27,120,2024-06-06,2034-06-06,A,CLOSED
LN00279,LN6056000279,CU02611,PR011,BR004,OF0030,PERSONAL_LOAN,4712573.38,2055763.90,12.27,12,2022-01-30,2023-01-30,A,DEFAULTED
LN00280,LN3847000280,CU01134,PR011,BR004,OF0087,PERSONAL_LOAN,2907544.43,590656.79,10.41,240,2022-08-10,2042-08-10,B,ACTIVE
LN00281,LN7092000281,CU03572,PR010,BR008,OF0064,PERSONAL_LOAN,1313387.12,955461.63,15.11,240,2018-05-16,2038-05-16,C,CLOSED
LN00282,LN5906000282,CU02093,PR011,BR009,OF0057,PERSONAL_LOAN,450144.54,414873.83,7.64,12,2018-03-06,2019-03-06,C,ACTIVE
LN00283,LN3856000283,CU04091,PR015,BR005,OF0060,HOME_LOAN,1056020.34,700673.55,11.26,60,2018-05-16,2023-05-16,A,DEFAULTED
LN00284,LN9962000284,CU04930,PR012,BR003,OF0078,PERSONAL_LOAN,449768.81,421215.16,15.68,120,2024-03-06,2034-03-06,A,DEFAULTED
LN00285,LN7102000285,CU04781,PR012,BR008,OF0082,PERSONAL_LOAN,823573.76,569758.36,14.28,180,2024-02-11,2039-02-11,B,ACTIVE
LN00286,LN9993000286,CU00905,PR012,BR003,OF0039,PERSONAL_LOAN,3137111.74,1774832.69,7.02,12,2022-07-24,2023-07-24,B,ACTIVE
LN00287,LN7519000287,CU00886,PR010,BR001,OF0031,PERSONAL_LOAN,3236234.31,467875.20,10.43,120,2024-10-09,2034-10-09,A,ACTIVE
LN00288,LN1025000288,CU00429,PR014,BR007,OF0051,HOME_LOAN,800371.80,472705.49,9.04,12,2023-02-26,2024-02-26,A,CLOSED
LN00289,LN1211000289,CU04953,PR014,BR001,OF0019,HOME_LOAN,1382376.75,1346331.43,13.77,24,2018-03-25,2020-03-25,A,ACTIVE
LN00290,LN6150000290,CU02236,PR011,BR003,OF0015,PERSONAL_LOAN,1999916.93,1173768.45,13.46,24,2020-02-23,2022-02-23,C,CLOSED
LN00291,LN4967000291,CU02687,PR013,BR005,OF0100,HOME_LOAN,4464311.22,1682539.48,14.50,24,2022-08-11,2024-08-11,C,CLOSED
LN00292,LN8681000292,CU03209,PR015,BR004,OF0027,HOME_LOAN,4397093.78,3678676.24,10.39,12,2021-03-19,2022-03-19,B,CLOSED
LN00293,LN1095000293,CU03844,PR011,BR005,OF0080,PERSONAL_LOAN,1762780.99,604253.94,15.90,60,2021-12-01,2026-12-01,B,CLOSED
LN00294,LN9266000294,CU00320,PR015,BR006,OF0095,HOME_LOAN,4824843.68,2796400.97,11.38,24,2023-08-10,2025-08-10,D,ACTIVE
LN00295,LN9593000295,CU01921,PR011,BR001,OF0019,PERSONAL_LOAN,192004.85,141831.16,13.14,60,2020-09-26,2025-09-26,B,CLOSED
LN00296,LN5925000296,CU00365,PR015,BR008,OF0097,HOME_LOAN,4450867.18,3285122.19,9.13,24,2021-10-01,2023-10-01,D,DEFAULTED
LN00297,LN2319000297,CU03715,PR015,BR008,OF0082,HOME_LOAN,4202757.69,2365223.43,12.11,36,2020-07-07,2023-07-07,B,CLOSED
LN00298,LN8190000298,CU01297,PR010,BR004,OF0030,PERSONAL_LOAN,2269994.20,282698.25,7.60,60,2022-02-21,2027-02-21,B,CLOSED
LN00299,LN1185000299,CU02919,PR014,BR010,OF0006,HOME_LOAN,4014733.95,2391745.46,14.72,24,2018-08-29,2020-08-29,B,CLOSED
LN00300,LN4716000300,CU01316,PR012,BR007,OF0090,PERSONAL_LOAN,3341506.10,823535.19,7.66,240,2019-06-09,2039-06-09,B,CLOSED
LN00301,LN9231000301,CU02906,PR011,BR001,OF0031,PERSONAL_LOAN,332616.00,104139.17,9.40,12,2022-01-18,2023-01-18,C,ACTIVE
LN00302,LN9353000302,CU02928,PR011,BR003,OF0072,PERSONAL_LOAN,231923.82,128834.79,12.53,36,2021-12-23,2024-12-23,A,ACTIVE
LN00303,LN1006000303,CU02132,PR013,BR002,OF0079,HOME_LOAN,3678684.39,1168431.40,15.63,120,2023-01-07,2033-01-07,B,CLOSED
LN00304,LN6918000304,CU03260,PR010,BR010,OF0008,PERSONAL_LOAN,1812777.52,1623520.00,9.91,120,2024-11-13,2034-11-13,C,DEFAULTED
LN00305,LN6877000305,CU03423,PR010,BR009,OF0099,PERSONAL_LOAN,809170.45,141556.11,13.93,12,2018-03-09,2019-03-09,D,CLOSED
LN00306,LN7873000306,CU03393,PR014,BR004,OF0022,HOME_LOAN,872236.13,295034.09,10.99,12,2023-02-28,2024-02-28,A,DEFAULTED
LN00307,LN7032000307,CU04327,PR014,BR010,OF0008,HOME_LOAN,628402.66,374160.27,14.64,120,2018-01-22,2028-01-22,D,ACTIVE
LN00308,LN4231000308,CU00842,PR015,BR004,OF0063,HOME_LOAN,653356.67,652392.84,10.75,120,2023-11-29,2033-11-29,B,CLOSED
LN00309,LN9614000309,CU02117,PR015,BR005,OF0055,HOME_LOAN,1991054.51,1545543.97,14.38,36,2019-02-12,2022-02-12,B,DEFAULTED
LN00310,LN4113000310,CU00154,PR010,BR010,OF0008,PERSONAL_LOAN,1776358.10,1552423.36,15.61,24,2020-10-15,2022-10-15,A,CLOSED
LN00311,LN2164000311,CU04054,PR014,BR001,OF0003,HOME_LOAN,687558.21,501968.58,10.45,120,2022-04-14,2032-04-14,C,ACTIVE
LN00312,LN1259000312,CU04677,PR012,BR010,OF0059,PERSONAL_LOAN,3172012.09,1170126.74,13.28,180,2018-07-26,2033-07-26,B,CLOSED
LN00313,LN7407000313,CU00906,PR011,BR004,OF0098,PERSONAL_LOAN,3814274.21,2789602.90,7.65,120,2021-01-04,2031-01-04,A,CLOSED
LN00314,LN3545000314,CU03560,PR012,BR009,OF0099,PERSONAL_LOAN,1778130.80,1567829.30,13.54,36,2024-09-20,2027-09-20,C,ACTIVE
LN00315,LN7305000315,CU01565,PR011,BR002,OF0013,PERSONAL_LOAN,2928001.77,2342138.86,10.70,120,2020-06-03,2030-06-03,D,CLOSED
LN00316,LN8557000316,CU03716,PR013,BR010,OF0021,HOME_LOAN,4815150.28,1161176.89,10.35,12,2018-11-29,2019-11-29,B,DEFAULTED
LN00317,LN1664000317,CU02056,PR013,BR005,OF0085,HOME_LOAN,3585363.15,2684318.71,10.28,120,2019-09-02,2029-09-02,A,DEFAULTED
LN00318,LN9988000318,CU03822,PR013,BR003,OF0043,HOME_LOAN,3896040.81,3493955.01,13.48,36,2019-05-27,2022-05-27,A,ACTIVE
LN00319,LN4557000319,CU02184,PR014,BR010,OF0006,HOME_LOAN,1262349.96,982169.90,10.42,240,2022-09-08,2042-09-08,A,ACTIVE
LN00320,LN9132000320,CU00944,PR013,BR008,OF0097,HOME_LOAN,4121122.12,3607437.66,11.62,12,2024-02-19,2025-02-19,C,CLOSED
LN00321,LN2421000321,CU03973,PR015,BR010,OF0014,HOME_LOAN,808072.25,84195.33,14.89,60,2020-01-10,2025-01-10,C,DEFAULTED
LN00322,LN4383000322,CU04063,PR010,BR002,OF0079,PERSONAL_LOAN,1846168.68,621179.14,12.81,24,2023-07-23,2025-07-23,A,DEFAULTED
LN00323,LN3521000323,CU04597,PR011,BR004,OF0096,PERSONAL_LOAN,4916018.11,4223545.79,10.19,120,2018-03-31,2028-03-31,A,ACTIVE
LN00324,LN9090000324,CU02176,PR014,BR009,OF0020,HOME_LOAN,2152353.92,2117531.02,12.82,24,2022-08-28,2024-08-28,B,CLOSED
LN00325,LN6353000325,CU03360,PR012,BR008,OF0082,PERSONAL_LOAN,289733.52,187254.23,9.26,24,2020-09-23,2022-09-23,A,DEFAULTED
LN00326,LN3375000326,CU01099,PR013,BR001,OF0074,HOME_LOAN,3271622.96,1347018.47,9.52,60,2020-08-29,2025-08-29,A,ACTIVE
LN00327,LN4558000327,CU04389,PR015,BR005,OF0080,HOME_LOAN,2290504.10,1989355.69,10.75,12,2022-05-05,2023-05-05,B,ACTIVE
LN00328,LN9824000328,CU04608,PR013,BR004,OF0084,HOME_LOAN,702865.76,651393.26,12.16,60,2019-06-09,2024-06-09,B,CLOSED
LN00329,LN6903000329,CU02119,PR012,BR008,OF0082,PERSONAL_LOAN,4868782.61,3482041.30,10.80,120,2023-08-02,2033-08-02,B,CLOSED
LN00330,LN5051000330,CU01860,PR015,BR008,OF0061,HOME_LOAN,3874835.56,3399971.47,7.09,36,2020-01-06,2023-01-06,A,DEFAULTED
LN00331,LN8124000331,CU01035,PR014,BR001,OF0003,HOME_LOAN,123279.41,62731.18,11.35,24,2021-09-22,2023-09-22,C,ACTIVE
LN00332,LN4327000332,CU04613,PR011,BR010,OF0006,PERSONAL_LOAN,1451836.82,157284.60,11.81,120,2024-02-11,2034-02-11,C,DEFAULTED
LN00333,LN8106000333,CU02234,PR015,BR001,OF0031,HOME_LOAN,871415.13,866217.26,12.56,240,2022-08-14,2042-08-14,C,DEFAULTED
LN00334,LN3680000334,CU01310,PR015,BR002,OF0073,HOME_LOAN,4728391.06,784611.51,12.43,36,2020-01-09,2023-01-09,B,CLOSED
LN00335,LN7938000335,CU04493,PR012,BR009,OF0099,PERSONAL_LOAN,126571.63,123771.83,7.68,120,2022-04-05,2032-04-05,A,ACTIVE
LN00336,LN7711000336,CU03222,PR015,BR004,OF0046,HOME_LOAN,4378051.39,2956637.72,9.76,180,2023-12-21,2038-12-21,C,DEFAULTED
LN00337,LN7585000337,CU04859,PR015,BR007,OF0090,HOME_LOAN,1248788.85,946974.46,7.40,240,2019-09-19,2039-09-19,B,CLOSED
LN00338,LN2772000338,CU02702,PR011,BR009,OF0017,PERSONAL_LOAN,3614291.07,2329300.80,15.99,240,2023-11-03,2043-11-03,C,ACTIVE
LN00339,LN4431000339,CU03988,PR013,BR001,OF0019,HOME_LOAN,55645.52,43872.93,7.70,36,2024-08-26,2027-08-26,D,ACTIVE
LN00340,LN6071000340,CU04368,PR015,BR004,OF0046,HOME_LOAN,4960003.85,3763720.99,9.30,180,2019-08-22,2034-08-22,D,CLOSED
LN00341,LN2791000341,CU02392,PR013,BR010,OF0033,HOME_LOAN,1320547.71,335005.46,11.44,24,2024-08-20,2026-08-20,C,DEFAULTED
LN00342,LN4520000342,CU04916,PR015,BR008,OF0064,HOME_LOAN,525055.36,392619.64,8.42,36,2022-01-07,2025-01-07,B,ACTIVE
LN00343,LN4705000343,CU04534,PR012,BR008,OF0093,PERSONAL_LOAN,3449498.36,2870078.91,8.39,60,2024-03-13,2029-03-13,A,DEFAULTED
LN00344,LN2825000344,CU01545,PR010,BR003,OF0045,PERSONAL_LOAN,1980285.84,1330632.73,13.92,36,2023-10-03,2026-10-03,A,ACTIVE
LN00345,LN8609000345,CU03774,PR013,BR003,OF0045,HOME_LOAN,1606703.33,1246034.82,15.57,36,2022-08-18,2025-08-18,B,CLOSED
LN00346,LN4756000346,CU02535,PR013,BR010,OF0004,HOME_LOAN,3806269.43,1927476.77,7.29,36,2020-03-01,2023-03-01,B,CLOSED
LN00347,LN5414000347,CU00978,PR012,BR002,OF0073,PERSONAL_LOAN,4013884.58,2588410.53,13.33,24,2024-07-13,2026-07-13,C,ACTIVE
LN00348,LN3958000348,CU03593,PR013,BR001,OF0019,HOME_LOAN,1005705.13,435176.05,9.93,180,2021-12-31,2036-12-31,B,ACTIVE
LN00349,LN2487000349,CU04846,PR012,BR001,OF0083,PERSONAL_LOAN,2207970.88,2099424.59,15.93,60,2018-07-07,2023-07-07,A,ACTIVE
LN00350,LN6216000350,CU01858,PR014,BR002,OF0066,HOME_LOAN,4053843.77,834870.18,11.57,240,2023-05-02,2043-05-02,A,CLOSED
LN00351,LN3718000351,CU01164,PR010,BR006,OF0048,PERSONAL_LOAN,54268.05,42730.14,10.68,36,2024-12-28,2027-12-28,C,ACTIVE
LN00352,LN6975000352,CU04287,PR015,BR001,OF0083,HOME_LOAN,153655.76,122879.98,7.01,180,2019-08-09,2034-08-09,B,CLOSED
LN00353,LN3398000353,CU04963,PR013,BR004,OF0084,HOME_LOAN,4749153.46,3345978.95,10.24,12,2021-01-19,2022-01-19,C,ACTIVE
LN00354,LN9863000354,CU03036,PR014,BR003,OF0005,HOME_LOAN,3459946.32,1335865.74,10.60,60,2021-02-19,2026-02-19,B,ACTIVE
LN00355,LN5191000355,CU04743,PR010,BR002,OF0013,PERSONAL_LOAN,3638185.94,3288668.76,11.34,60,2022-12-21,2027-12-21,C,CLOSED
LN00356,LN9720000356,CU04278,PR011,BR010,OF0014,PERSONAL_LOAN,1786058.04,816131.96,13.31,180,2020-03-13,2035-03-13,C,DEFAULTED
LN00357,LN1950000357,CU03604,PR010,BR006,OF0018,PERSONAL_LOAN,404890.34,250542.63,13.70,36,2018-01-18,2021-01-18,C,DEFAULTED
LN00358,LN8206000358,CU00180,PR012,BR007,OF0056,PERSONAL_LOAN,1675713.32,711423.64,14.96,60,2018-08-02,2023-08-02,B,CLOSED
LN00359,LN2869000359,CU00918,PR012,BR010,OF0008,PERSONAL_LOAN,2817487.34,902903.01,15.28,12,2019-04-15,2020-04-15,D,CLOSED
LN00360,LN3762000360,CU03403,PR011,BR010,OF0014,PERSONAL_LOAN,4229857.35,3749313.80,13.82,180,2018-04-21,2033-04-21,C,DEFAULTED
LN00361,LN5398000361,CU03243,PR010,BR007,OF0049,PERSONAL_LOAN,3489863.08,2262678.54,10.85,60,2019-08-22,2024-08-22,C,DEFAULTED
LN00362,LN7061000362,CU02871,PR015,BR001,OF0031,HOME_LOAN,3164131.08,1862840.23,8.26,24,2020-12-13,2022-12-13,C,ACTIVE
LN00363,LN3987000363,CU04746,PR010,BR001,OF0074,PERSONAL_LOAN,404883.94,177589.51,15.21,12,2018-01-03,2019-01-03,C,CLOSED
LN00364,LN2706000364,CU02442,PR013,BR008,OF0097,HOME_LOAN,3335523.55,505321.00,9.92,180,2018-09-12,2033-09-12,B,CLOSED
LN00365,LN3512000365,CU00434,PR013,BR006,OF0054,HOME_LOAN,4294705.13,2990265.68,15.45,24,2022-06-16,2024-06-16,B,DEFAULTED
LN00366,LN5129000366,CU03820,PR010,BR010,OF0059,PERSONAL_LOAN,4906507.97,568160.79,11.70,180,2022-03-30,2037-03-30,B,DEFAULTED
LN00367,LN2829000367,CU02443,PR014,BR002,OF0079,HOME_LOAN,2740116.10,968440.55,11.49,240,2018-01-23,2038-01-23,A,ACTIVE
LN00368,LN5266000368,CU04038,PR013,BR006,OF0024,HOME_LOAN,1813654.92,1028234.97,7.63,60,2019-02-06,2024-02-06,C,CLOSED
LN00369,LN8472000369,CU02466,PR014,BR007,OF0023,HOME_LOAN,2381698.92,2047835.93,13.53,240,2023-05-08,2043-05-08,B,CLOSED
LN00370,LN9507000370,CU03015,PR010,BR009,OF0058,PERSONAL_LOAN,440869.18,49217.71,7.13,24,2022-09-19,2024-09-19,B,ACTIVE
LN00371,LN6895000371,CU02804,PR014,BR005,OF0100,HOME_LOAN,924887.58,600140.68,8.82,180,2021-06-21,2036-06-21,B,ACTIVE
LN00372,LN2802000372,CU01555,PR013,BR004,OF0030,HOME_LOAN,4420593.96,3746604.48,15.74,12,2021-05-05,2022-05-05,B,DEFAULTED
LN00373,LN5899000373,CU01065,PR011,BR007,OF0028,PERSONAL_LOAN,302284.09,108415.65,14.13,36,2018-01-22,2021-01-22,C,DEFAULTED
LN00374,LN4925000374,CU04895,PR014,BR007,OF0077,HOME_LOAN,2042791.57,745608.27,11.49,240,2018-01-19,2038-01-19,B,ACTIVE
LN00375,LN6580000375,CU01899,PR011,BR007,OF0023,PERSONAL_LOAN,4030596.25,3698046.66,12.16,120,2020-08-09,2030-08-09,B,CLOSED
LN00376,LN1913000376,CU01450,PR010,BR010,OF0004,PERSONAL_LOAN,356154.39,283157.37,8.09,12,2022-01-20,2023-01-20,C,DEFAULTED
LN00377,LN5324000377,CU03335,PR012,BR004,OF0046,PERSONAL_LOAN,148290.69,136401.63,8.71,12,2022-08-05,2023-08-05,C,CLOSED
LN00378,LN3155000378,CU03582,PR011,BR005,OF0085,PERSONAL_LOAN,1003485.78,955499.08,15.97,180,2023-01-04,2038-01-04,C,ACTIVE
LN00379,LN5222000379,CU01058,PR010,BR007,OF0056,PERSONAL_LOAN,837799.26,105451.74,14.91,60,2023-04-26,2028-04-26,D,ACTIVE
LN00380,LN3814000380,CU04201,PR012,BR004,OF0030,PERSONAL_LOAN,3919753.30,2793366.88,11.27,240,2024-07-19,2044-07-19,B,ACTIVE
LN00381,LN7406000381,CU00553,PR014,BR006,OF0081,HOME_LOAN,2688280.47,919661.29,13.44,120,2021-02-17,2031-02-17,C,CLOSED
LN00382,LN2550000382,CU01067,PR014,BR008,OF0093,HOME_LOAN,2607889.22,1508766.87,12.40,12,2022-11-16,2023-11-16,A,DEFAULTED
LN00383,LN2605000383,CU00036,PR015,BR006,OF0095,HOME_LOAN,4936290.03,3079353.43,12.26,240,2019-05-02,2039-05-02,C,DEFAULTED
LN00384,LN3286000384,CU01485,PR013,BR008,OF0064,HOME_LOAN,2071315.81,1287682.16,14.43,240,2021-08-09,2041-08-09,B,ACTIVE
LN00385,LN8899000385,CU03348,PR015,BR009,OF0057,HOME_LOAN,1245489.37,1050212.17,15.65,240,2019-07-28,2039-07-28,A,ACTIVE
LN00386,LN2340000386,CU03811,PR013,BR005,OF0055,HOME_LOAN,2066405.51,1894296.29,8.97,24,2020-02-04,2022-02-04,A,ACTIVE
LN00387,LN8297000387,CU00021,PR015,BR002,OF0007,HOME_LOAN,1439667.77,1329090.02,14.70,240,2021-05-23,2041-05-23,B,ACTIVE
LN00388,LN1712000388,CU01663,PR012,BR010,OF0059,PERSONAL_LOAN,728769.63,690326.40,12.28,60,2018-08-06,2023-08-06,D,CLOSED
LN00389,LN2106000389,CU02213,PR011,BR006,OF0050,PERSONAL_LOAN,2647390.20,1866442.70,10.27,240,2018-02-20,2038-02-20,A,DEFAULTED
LN00390,LN9369000390,CU02980,PR014,BR006,OF0092,HOME_LOAN,917002.39,547439.23,14.39,24,2023-01-14,2025-01-14,B,CLOSED
LN00391,LN3499000391,CU04132,PR013,BR006,OF0054,HOME_LOAN,1125523.32,703219.27,10.28,180,2024-03-23,2039-03-23,A,ACTIVE
LN00392,LN4499000392,CU02868,PR011,BR003,OF0001,PERSONAL_LOAN,3943716.33,588553.97,12.27,240,2022-10-24,2042-10-24,B,DEFAULTED
LN00393,LN3878000393,CU02538,PR015,BR008,OF0082,HOME_LOAN,123571.43,109563.60,11.02,12,2021-09-02,2022-09-02,B,CLOSED
LN00394,LN3608000394,CU03678,PR013,BR003,OF0015,HOME_LOAN,3126795.10,1178444.06,13.24,36,2023-01-25,2026-01-25,A,ACTIVE
LN00395,LN3032000395,CU02349,PR013,BR010,OF0088,HOME_LOAN,1302184.43,286512.23,8.98,12,2023-04-14,2024-04-14,B,CLOSED
LN00396,LN8887000396,CU03584,PR014,BR010,OF0059,HOME_LOAN,2803043.49,1708432.61,15.98,240,2018-06-28,2038-06-28,A,DEFAULTED
LN00397,LN7404000397,CU03746,PR014,BR002,OF0007,HOME_LOAN,2681721.70,401024.61,10.60,240,2019-10-16,2039-10-16,A,ACTIVE
LN00398,LN5897000398,CU00283,PR015,BR007,OF0090,HOME_LOAN,1107344.14,1047993.23,9.98,120,2018-02-05,2028-02-05,B,DEFAULTED
LN00399,LN2398000399,CU01128,PR015,BR006,OF0095,HOME_LOAN,1694261.31,1420344.97,9.00,240,2022-09-22,2042-09-22,B,DEFAULTED
LN00400,LN1202000400,CU04044,PR010,BR005,OF0085,PERSONAL_LOAN,587761.16,69019.41,12.99,24,2022-03-27,2024-03-27,B,DEFAULTED
LN00401,LN1370000401,CU02094,PR012,BR004,OF0027,PERSONAL_LOAN,4421882.54,1250680.19,7.01,180,2018-05-26,2033-05-26,C,CLOSED
LN00402,LN6025000402,CU04460,PR011,BR002,OF0013,PERSONAL_LOAN,2235475.26,233327.59,14.41,240,2022-05-20,2042-05-20,C,DEFAULTED
LN00403,LN1532000403,CU00792,PR013,BR004,OF0084,HOME_LOAN,4133829.49,1424196.48,10.37,12,2021-04-27,2022-04-27,B,DEFAULTED
LN00404,LN8852000404,CU00121,PR012,BR006,OF0095,PERSONAL_LOAN,2465980.55,1032067.16,13.59,36,2018-02-21,2021-02-21,A,ACTIVE
LN00405,LN1643000405,CU00985,PR014,BR009,OF0089,HOME_LOAN,4966363.31,3149618.09,8.02,60,2024-01-04,2029-01-04,C,DEFAULTED
LN00406,LN6182000406,CU03875,PR011,BR007,OF0090,PERSONAL_LOAN,1581711.07,1336209.65,8.36,36,2020-08-02,2023-08-02,C,DEFAULTED
LN00407,LN3826000407,CU01752,PR013,BR006,OF0092,HOME_LOAN,995635.50,549689.35,13.50,60,2019-04-02,2024-04-02,C,CLOSED
LN00408,LN9064000408,CU04215,PR013,BR009,OF0067,HOME_LOAN,1632636.12,1334894.42,14.39,240,2018-09-19,2038-09-19,B,ACTIVE
LN00409,LN7370000409,CU02978,PR011,BR002,OF0013,PERSONAL_LOAN,4741034.13,535906.50,7.73,36,2021-05-13,2024-05-13,C,ACTIVE
LN00410,LN5294000410,CU01237,PR011,BR010,OF0033,PERSONAL_LOAN,4976772.06,2646003.68,7.67,120,2024-01-11,2034-01-11,C,DEFAULTED
LN00411,LN7130000411,CU04644,PR010,BR002,OF0086,PERSONAL_LOAN,972673.10,391035.96,8.06,180,2024-10-02,2039-10-02,B,DEFAULTED
LN00412,LN5186000412,CU00982,PR015,BR007,OF0051,HOME_LOAN,464965.55,220084.54,7.64,12,2018-01-20,2019-01-20,B,CLOSED
LN00413,LN4153000413,CU02747,PR012,BR005,OF0060,PERSONAL_LOAN,4847021.24,4146287.04,15.71,120,2023-03-11,2033-03-11,A,CLOSED
LN00414,LN8293000414,CU00643,PR013,BR009,OF0058,HOME_LOAN,2123078.22,1595722.23,11.07,60,2024-09-11,2029-09-11,C,ACTIVE
LN00415,LN9180000415,CU01559,PR010,BR003,OF0015,PERSONAL_LOAN,4355248.96,2339903.08,14.06,36,2019-07-18,2022-07-18,A,ACTIVE
LN00416,LN1312000416,CU03745,PR012,BR002,OF0007,PERSONAL_LOAN,2413939.39,2353020.22,8.56,36,2022-10-28,2025-10-28,B,DEFAULTED
LN00417,LN7638000417,CU00818,PR011,BR009,OF0062,PERSONAL_LOAN,4855923.01,2325053.05,14.04,12,2024-12-31,2025-12-31,A,DEFAULTED
LN00418,LN4735000418,CU04752,PR011,BR002,OF0026,PERSONAL_LOAN,3533786.01,2607144.73,8.88,36,2023-04-22,2026-04-22,C,CLOSED
LN00419,LN3134000419,CU04877,PR012,BR007,OF0090,PERSONAL_LOAN,762378.86,428431.63,9.75,240,2020-06-16,2040-06-16,C,DEFAULTED
LN00420,LN6088000420,CU00035,PR015,BR009,OF0070,HOME_LOAN,4870204.89,754765.96,13.39,180,2019-09-17,2034-09-17,C,DEFAULTED
LN00421,LN8095000421,CU02144,PR014,BR010,OF0033,HOME_LOAN,4335336.76,2687648.04,8.35,36,2024-08-05,2027-08-05,B,ACTIVE
LN00422,LN8469000422,CU00735,PR010,BR008,OF0061,PERSONAL_LOAN,3843130.39,2129562.58,12.70,24,2020-12-20,2022-12-20,C,ACTIVE
LN00423,LN4792000423,CU00271,PR015,BR010,OF0033,HOME_LOAN,2344967.75,1369238.59,7.37,180,2021-04-27,2036-04-27,A,DEFAULTED
LN00424,LN6865000424,CU01566,PR012,BR004,OF0096,PERSONAL_LOAN,3678384.32,1689191.93,11.12,180,2019-01-02,2034-01-02,C,DEFAULTED
LN00425,LN7279000425,CU03026,PR013,BR007,OF0065,HOME_LOAN,2998134.34,1315857.15,7.78,12,2022-01-29,2023-01-29,A,ACTIVE
LN00426,LN9987000426,CU01239,PR010,BR008,OF0075,PERSONAL_LOAN,1867405.87,258756.38,8.39,120,2023-11-06,2033-11-06,D,CLOSED
LN00427,LN4143000427,CU00005,PR014,BR008,OF0061,HOME_LOAN,82589.53,64236.95,13.94,60,2024-09-13,2029-09-13,B,CLOSED
LN00428,LN2903000428,CU03747,PR013,BR009,OF0076,HOME_LOAN,3233868.39,2087924.26,7.35,240,2019-11-20,2039-11-20,B,DEFAULTED
LN00429,LN2551000429,CU01438,PR014,BR009,OF0058,HOME_LOAN,3528245.41,1665482.53,9.97,12,2022-09-28,2023-09-28,C,ACTIVE
LN00430,LN8241000430,CU00899,PR010,BR007,OF0051,PERSONAL_LOAN,3828016.04,3420780.66,15.73,180,2021-12-11,2036-12-11,A,ACTIVE
LN00431,LN2022000431,CU01502,PR011,BR004,OF0027,PERSONAL_LOAN,823924.83,741382.31,11.47,36,2020-04-25,2023-04-25,B,CLOSED
LN00432,LN4541000432,CU03187,PR012,BR008,OF0097,PERSONAL_LOAN,2833847.17,1891622.98,11.95,240,2018-05-02,2038-05-02,A,CLOSED
LN00433,LN4455000433,CU01212,PR014,BR008,OF0075,HOME_LOAN,2196760.54,1480863.22,15.79,120,2021-09-12,2031-09-12,A,ACTIVE
LN00434,LN8399000434,CU01549,PR014,BR007,OF0023,HOME_LOAN,477655.21,432532.10,12.36,180,2021-04-16,2036-04-16,C,DEFAULTED
LN00435,LN9294000435,CU00101,PR015,BR006,OF0092,HOME_LOAN,727304.03,490399.36,12.44,36,2021-04-19,2024-04-19,C,ACTIVE
LN00436,LN2286000436,CU03274,PR013,BR009,OF0011,HOME_LOAN,2983725.89,901947.59,12.40,36,2023-07-27,2026-07-27,B,ACTIVE
LN00437,LN5403000437,CU02932,PR010,BR009,OF0058,PERSONAL_LOAN,4672247.32,3890100.29,10.74,24,2020-06-08,2022-06-08,A,DEFAULTED
LN00438,LN7640000438,CU01761,PR012,BR001,OF0083,PERSONAL_LOAN,2165645.50,2090131.47,11.25,12,2018-07-07,2019-07-07,B,CLOSED
LN00439,LN5791000439,CU04050,PR011,BR008,OF0082,PERSONAL_LOAN,236625.19,223101.23,13.05,240,2021-03-07,2041-03-07,B,DEFAULTED
LN00440,LN2460000440,CU03831,PR012,BR006,OF0094,PERSONAL_LOAN,3293538.79,1230901.28,14.55,60,2024-07-28,2029-07-28,B,CLOSED
LN00441,LN1474000441,CU03190,PR011,BR007,OF0065,PERSONAL_LOAN,340655.66,272950.07,10.42,240,2022-07-25,2042-07-25,D,CLOSED
LN00442,LN7251000442,CU02900,PR014,BR008,OF0097,HOME_LOAN,4555720.31,623103.71,9.22,60,2024-02-17,2029-02-17,C,ACTIVE
LN00443,LN9917000443,CU00275,PR012,BR005,OF0040,PERSONAL_LOAN,2561711.46,1055373.50,13.95,60,2021-06-07,2026-06-07,A,ACTIVE
LN00444,LN2289000444,CU01837,PR011,BR008,OF0061,PERSONAL_LOAN,1171683.36,144684.44,12.24,36,2020-06-04,2023-06-04,B,DEFAULTED
LN00445,LN3601000445,CU02251,PR015,BR005,OF0002,HOME_LOAN,1549491.33,176686.84,7.22,240,2021-06-17,2041-06-17,C,DEFAULTED
LN00446,LN5398000446,CU01247,PR012,BR006,OF0092,PERSONAL_LOAN,1543404.75,162708.99,15.57,24,2024-05-24,2026-05-24,B,DEFAULTED
LN00447,LN3977000447,CU03687,PR013,BR004,OF0063,HOME_LOAN,4904720.77,2463233.69,15.64,180,2024-10-24,2039-10-24,A,CLOSED
LN00448,LN7868000448,CU00938,PR012,BR006,OF0024,PERSONAL_LOAN,3631792.30,1677268.12,12.07,24,2020-09-05,2022-09-05,B,CLOSED
LN00449,LN3036000449,CU03271,PR010,BR002,OF0086,PERSONAL_LOAN,345144.69,36086.22,13.65,60,2024-09-06,2029-09-06,A,DEFAULTED
LN00450,LN4328000450,CU00406,PR010,BR008,OF0093,PERSONAL_LOAN,2787696.10,2335480.56,15.71,60,2019-12-03,2024-12-03,C,DEFAULTED
LN00451,LN1166000451,CU00658,PR014,BR003,OF0078,HOME_LOAN,2097687.31,1590354.10,9.28,60,2023-07-03,2028-07-03,C,DEFAULTED
LN00452,LN5848000452,CU00778,PR013,BR003,OF0005,HOME_LOAN,903875.19,843336.76,13.38,24,2018-01-07,2020-01-07,B,DEFAULTED
LN00453,LN3120000453,CU03267,PR011,BR007,OF0077,PERSONAL_LOAN,3703066.46,2350499.27,8.75,120,2019-12-07,2029-12-07,A,CLOSED
LN00454,LN1649000454,CU00219,PR013,BR009,OF0067,HOME_LOAN,4021559.07,937213.43,10.66,120,2023-07-12,2033-07-12,B,CLOSED
LN00455,LN7909000455,CU01265,PR011,BR009,OF0068,PERSONAL_LOAN,2375382.35,1979560.57,9.82,180,2023-10-19,2038-10-19,A,ACTIVE
LN00456,LN1548000456,CU03142,PR014,BR001,OF0083,HOME_LOAN,907408.75,737035.47,12.73,240,2022-01-03,2042-01-03,B,ACTIVE
LN00457,LN3668000457,CU01334,PR012,BR008,OF0036,PERSONAL_LOAN,4655220.75,3300181.18,13.03,12,2018-03-31,2019-03-31,A,CLOSED
LN00458,LN6680000458,CU00056,PR013,BR008,OF0082,HOME_LOAN,2143890.08,1790804.81,15.35,180,2019-02-03,2034-02-03,A,DEFAULTED
LN00459,LN7645000459,CU04488,PR011,BR007,OF0023,PERSONAL_LOAN,3110679.39,875186.67,15.29,12,2021-03-24,2022-03-24,C,CLOSED
LN00460,LN9814000460,CU02769,PR011,BR004,OF0084,PERSONAL_LOAN,1350502.52,1265439.88,13.64,24,2024-10-29,2026-10-29,B,DEFAULTED
LN00461,LN2021000461,CU02965,PR014,BR002,OF0007,HOME_LOAN,1241366.67,1038487.67,14.09,60,2021-02-04,2026-02-04,A,CLOSED
LN00462,LN4214000462,CU04382,PR012,BR010,OF0088,PERSONAL_LOAN,4330228.80,1356433.54,12.61,24,2018-04-14,2020-04-14,C,ACTIVE
LN00463,LN6967000463,CU04562,PR010,BR003,OF0069,PERSONAL_LOAN,3577488.82,2875627.60,8.76,120,2022-11-29,2032-11-29,A,CLOSED
LN00464,LN1013000464,CU03368,PR014,BR009,OF0089,HOME_LOAN,1433575.39,1098414.27,9.04,60,2019-02-16,2024-02-16,C,ACTIVE
LN00465,LN5796000465,CU02500,PR015,BR009,OF0070,HOME_LOAN,4066125.51,2890853.43,12.92,12,2018-01-07,2019-01-07,D,ACTIVE
LN00466,LN8533000466,CU00196,PR012,BR006,OF0092,PERSONAL_LOAN,2446768.11,611566.38,15.14,240,2020-08-02,2040-08-02,B,DEFAULTED
LN00467,LN2107000467,CU03416,PR013,BR005,OF0085,HOME_LOAN,4430833.86,471787.76,7.47,180,2022-06-03,2037-06-03,A,CLOSED
LN00468,LN2987000468,CU01653,PR015,BR002,OF0007,HOME_LOAN,223506.47,167638.35,8.36,36,2019-04-13,2022-04-13,A,ACTIVE
LN00469,LN8278000469,CU01073,PR013,BR009,OF0041,HOME_LOAN,2990111.33,476570.14,10.55,36,2022-05-18,2025-05-18,B,DEFAULTED
LN00470,LN5400000470,CU04823,PR015,BR001,OF0003,HOME_LOAN,110425.31,28068.32,13.77,60,2018-05-27,2023-05-27,A,DEFAULTED
LN00471,LN7505000471,CU02836,PR010,BR003,OF0035,PERSONAL_LOAN,3080318.96,2000197.54,11.61,12,2021-10-10,2022-10-10,B,CLOSED
LN00472,LN1607000472,CU02780,PR010,BR006,OF0048,PERSONAL_LOAN,4254755.81,1688181.55,11.42,36,2020-05-15,2023-05-15,A,CLOSED
LN00473,LN3178000473,CU00094,PR010,BR004,OF0084,PERSONAL_LOAN,4455311.41,3170897.98,15.04,12,2020-09-10,2021-09-10,C,ACTIVE
LN00474,LN3235000474,CU03251,PR011,BR008,OF0097,PERSONAL_LOAN,3828925.55,3504863.93,15.04,12,2022-06-16,2023-06-16,C,DEFAULTED
LN00475,LN6556000475,CU03683,PR015,BR008,OF0064,HOME_LOAN,4583097.77,1846264.19,13.94,240,2021-12-10,2041-12-10,C,ACTIVE
LN00476,LN3586000476,CU03735,PR011,BR003,OF0038,PERSONAL_LOAN,292860.86,169728.17,12.99,60,2018-05-26,2023-05-26,B,CLOSED
LN00477,LN4861000477,CU04047,PR010,BR006,OF0054,PERSONAL_LOAN,3804297.25,3745766.60,12.26,120,2019-09-09,2029-09-09,B,CLOSED
LN00478,LN3808000478,CU02496,PR015,BR009,OF0068,HOME_LOAN,499482.09,141464.08,10.98,120,2024-11-20,2034-11-20,B,CLOSED
LN00479,LN6638000479,CU00052,PR013,BR009,OF0068,HOME_LOAN,364198.72,316705.09,8.20,120,2024-02-26,2034-02-26,B,DEFAULTED
LN00480,LN2084000480,CU03189,PR011,BR002,OF0026,PERSONAL_LOAN,529903.63,420570.86,9.61,36,2019-10-06,2022-10-06,B,DEFAULTED
LN00481,LN9621000481,CU01117,PR013,BR001,OF0019,HOME_LOAN,4064376.93,3264021.78,13.52,240,2022-11-28,2042-11-28,C,DEFAULTED
LN00482,LN9563000482,CU03342,PR014,BR005,OF0060,HOME_LOAN,2698546.46,794309.29,12.77,24,2023-06-08,2025-06-08,A,DEFAULTED
LN00483,LN8151000483,CU01387,PR011,BR010,OF0021,PERSONAL_LOAN,4291453.45,2842281.41,8.74,180,2019-02-01,2034-02-01,C,DEFAULTED
LN00484,LN3532000484,CU03394,PR011,BR001,OF0083,PERSONAL_LOAN,1506515.58,367728.61,12.15,60,2018-09-07,2023-09-07,B,CLOSED
LN00485,LN8021000485,CU02739,PR012,BR010,OF0006,PERSONAL_LOAN,2639761.70,299778.30,9.24,120,2019-11-20,2029-11-20,C,DEFAULTED
LN00486,LN6204000486,CU03400,PR011,BR005,OF0100,PERSONAL_LOAN,1815277.29,1801024.86,10.64,180,2019-04-25,2034-04-25,B,ACTIVE
LN00487,LN4851000487,CU03514,PR011,BR007,OF0065,PERSONAL_LOAN,287469.91,181211.15,13.42,120,2023-04-30,2033-04-30,B,DEFAULTED
LN00488,LN8338000488,CU01215,PR012,BR009,OF0009,PERSONAL_LOAN,905066.24,778752.44,13.07,60,2020-06-06,2025-06-06,A,DEFAULTED
LN00489,LN6556000489,CU01877,PR015,BR010,OF0059,HOME_LOAN,3362754.59,2553055.56,8.62,36,2021-03-26,2024-03-26,B,CLOSED
LN00490,LN2056000490,CU02798,PR015,BR010,OF0059,HOME_LOAN,717732.03,666223.16,11.76,180,2021-04-12,2036-04-12,B,ACTIVE
LN00491,LN5500000491,CU03268,PR015,BR009,OF0020,HOME_LOAN,3352467.87,1252412.69,15.18,240,2024-05-18,2044-05-18,C,DEFAULTED
LN00492,LN1788000492,CU03395,PR010,BR007,OF0065,PERSONAL_LOAN,4376171.39,2608098.68,14.70,12,2023-01-24,2024-01-24,B,CLOSED
LN00493,LN7160000493,CU01189,PR015,BR002,OF0086,HOME_LOAN,1188253.19,218418.28,10.94,120,2021-09-25,2031-09-25,B,DEFAULTED
LN00494,LN7650000494,CU03846,PR012,BR001,OF0074,PERSONAL_LOAN,2087077.68,1082170.69,9.54,36,2023-11-30,2026-11-30,C,ACTIVE
LN00495,LN2094000495,CU01503,PR010,BR003,OF0037,PERSONAL_LOAN,4325385.15,2962392.14,12.37,240,2021-01-19,2041-01-19,C,ACTIVE
LN00496,LN6893000496,CU02915,PR015,BR008,OF0097,HOME_LOAN,2815854.60,940455.33,9.54,60,2024-06-26,2029-06-26,C,CLOSED
LN00497,LN8361000497,CU03900,PR012,BR005,OF0042,PERSONAL_LOAN,2075628.32,672185.17,14.59,24,2020-06-10,2022-06-10,B,CLOSED
LN00498,LN2274000498,CU04400,PR014,BR008,OF0097,HOME_LOAN,4401546.39,3710691.52,8.94,36,2022-06-02,2025-06-02,B,DEFAULTED
LN00499,LN2712000499,CU02006,PR011,BR010,OF0033,PERSONAL_LOAN,4969100.48,2259356.63,11.64,120,2018-05-16,2028-05-16,B,CLOSED
LN00500,LN9566000500,CU01630,PR013,BR009,OF0009,HOME_LOAN,1815407.77,1298446.33,9.08,240,2022-11-10,2042-11-10,C,DEFAULTED
LN00501,LN2849000501,CU00111,PR012,BR002,OF0066,PERSONAL_LOAN,3200586.53,2825814.77,13.76,60,2018-11-02,2023-11-02,B,ACTIVE
LN00502,LN5131000502,CU02215,PR011,BR009,OF0068,PERSONAL_LOAN,3195959.55,750428.71,13.15,60,2020-03-07,2025-03-07,C,ACTIVE
LN00503,LN8710000503,CU02333,PR015,BR004,OF0047,HOME_LOAN,3448505.39,2529984.68,8.69,24,2023-10-07,2025-10-07,A,DEFAULTED
LN00504,LN3275000504,CU04454,PR013,BR001,OF0074,HOME_LOAN,286789.61,164818.68,15.98,24,2022-07-14,2024-07-14,C,DEFAULTED
LN00505,LN4639000505,CU03630,PR012,BR003,OF0035,PERSONAL_LOAN,1521755.64,433095.30,7.90,240,2024-11-18,2044-11-18,B,DEFAULTED
LN00506,LN5771000506,CU02698,PR012,BR008,OF0097,PERSONAL_LOAN,4135061.90,3454893.36,12.12,60,2021-07-12,2026-07-12,C,DEFAULTED
LN00507,LN2936000507,CU01001,PR012,BR006,OF0081,PERSONAL_LOAN,4743484.19,4029258.98,8.06,180,2021-10-10,2036-10-10,C,ACTIVE
LN00508,LN8051000508,CU04476,PR013,BR003,OF0039,HOME_LOAN,1330347.59,367801.66,8.39,60,2018-10-05,2023-10-05,C,DEFAULTED
LN00509,LN8930000509,CU03111,PR010,BR007,OF0023,PERSONAL_LOAN,2485226.23,1610825.74,15.00,120,2018-04-13,2028-04-13,A,ACTIVE
LN00510,LN9711000510,CU03906,PR013,BR009,OF0062,HOME_LOAN,1797190.58,1244777.39,7.27,36,2024-06-26,2027-06-26,A,ACTIVE
LN00511,LN9527000511,CU02037,PR011,BR001,OF0083,PERSONAL_LOAN,4021062.96,823418.93,11.02,24,2023-07-10,2025-07-10,A,DEFAULTED
LN00512,LN1165000512,CU02810,PR011,BR001,OF0031,PERSONAL_LOAN,1573933.96,1287020.94,7.57,60,2021-09-21,2026-09-21,B,CLOSED
LN00513,LN4343000513,CU00165,PR014,BR009,OF0091,HOME_LOAN,208383.85,111937.20,10.53,60,2019-10-19,2024-10-19,B,DEFAULTED
LN00514,LN7637000514,CU04591,PR012,BR004,OF0096,PERSONAL_LOAN,1811715.10,1157754.67,8.25,240,2018-08-19,2038-08-19,A,ACTIVE
LN00515,LN1388000515,CU04955,PR015,BR006,OF0092,HOME_LOAN,1162438.00,454937.46,11.49,12,2024-01-29,2025-01-29,C,ACTIVE
LN00516,LN1161000516,CU03568,PR011,BR006,OF0012,PERSONAL_LOAN,1379265.72,1143510.35,12.43,120,2020-04-25,2030-04-25,D,ACTIVE
LN00517,LN4634000517,CU04683,PR015,BR003,OF0078,HOME_LOAN,3357399.74,1277152.90,10.10,180,2023-05-04,2038-05-04,C,DEFAULTED
LN00518,LN8091000518,CU00530,PR015,BR004,OF0030,HOME_LOAN,1419009.32,1139390.34,8.81,36,2024-09-05,2027-09-05,C,DEFAULTED
LN00519,LN8590000519,CU02910,PR012,BR006,OF0054,PERSONAL_LOAN,2740458.59,1259707.70,14.79,240,2024-11-21,2044-11-21,C,DEFAULTED
LN00520,LN9302000520,CU02060,PR014,BR007,OF0049,HOME_LOAN,4422344.13,3782288.55,7.89,36,2023-10-07,2026-10-07,A,DEFAULTED
LN00521,LN5969000521,CU04315,PR014,BR002,OF0079,HOME_LOAN,4365219.86,3469340.54,15.58,120,2019-10-19,2029-10-19,B,ACTIVE
LN00522,LN8380000522,CU04190,PR013,BR006,OF0048,HOME_LOAN,3459830.08,990765.66,11.44,12,2019-08-26,2020-08-26,B,ACTIVE
LN00523,LN1044000523,CU00129,PR011,BR004,OF0087,PERSONAL_LOAN,709371.48,616812.48,7.74,60,2024-06-17,2029-06-17,B,DEFAULTED
LN00524,LN6797000524,CU01968,PR011,BR003,OF0053,PERSONAL_LOAN,4277530.01,2310249.96,14.62,36,2018-09-22,2021-09-22,C,DEFAULTED
LN00525,LN1372000525,CU00917,PR014,BR008,OF0082,HOME_LOAN,728950.93,144425.45,14.90,24,2023-02-09,2025-02-09,B,ACTIVE
LN00526,LN3670000526,CU01279,PR011,BR008,OF0064,PERSONAL_LOAN,729973.63,339461.76,15.56,240,2018-08-29,2038-08-29,C,DEFAULTED
LN00527,LN6796000527,CU00274,PR012,BR009,OF0068,PERSONAL_LOAN,1519585.08,740903.62,7.57,60,2018-02-04,2023-02-04,B,DEFAULTED
LN00528,LN1130000528,CU03740,PR010,BR006,OF0012,PERSONAL_LOAN,2566350.84,2519409.79,7.33,60,2022-05-30,2027-05-30,A,CLOSED
LN00529,LN4211000529,CU00765,PR012,BR003,OF0044,PERSONAL_LOAN,1655395.96,1132296.19,12.91,240,2018-12-31,2038-12-31,A,DEFAULTED
LN00530,LN1426000530,CU04094,PR012,BR006,OF0092,PERSONAL_LOAN,1899821.25,1343463.80,14.22,180,2020-02-17,2035-02-17,A,CLOSED
LN00531,LN9092000531,CU04569,PR013,BR003,OF0043,HOME_LOAN,864054.44,745254.35,12.87,240,2019-01-28,2039-01-28,B,CLOSED
LN00532,LN8330000532,CU01932,PR012,BR005,OF0010,PERSONAL_LOAN,4203637.32,3100493.04,14.29,36,2022-04-10,2025-04-10,A,ACTIVE
LN00533,LN2892000533,CU04851,PR013,BR002,OF0066,HOME_LOAN,3369064.42,1324805.42,8.58,12,2020-01-25,2021-01-25,B,ACTIVE
LN00534,LN6588000534,CU00523,PR013,BR005,OF0100,HOME_LOAN,2800892.74,2317688.22,9.37,12,2020-07-15,2021-07-15,B,DEFAULTED
LN00535,LN7169000535,CU00766,PR011,BR001,OF0003,PERSONAL_LOAN,3228182.28,1716575.05,9.02,240,2022-09-11,2042-09-11,B,ACTIVE
LN00536,LN4063000536,CU01590,PR010,BR004,OF0046,PERSONAL_LOAN,1144515.17,305801.60,9.78,24,2020-06-18,2022-06-18,D,DEFAULTED
LN00537,LN3439000537,CU01799,PR011,BR003,OF0038,PERSONAL_LOAN,969322.17,188087.37,12.42,120,2020-01-27,2030-01-27,B,DEFAULTED
LN00538,LN5807000538,CU01020,PR013,BR007,OF0065,HOME_LOAN,3269166.72,513590.87,10.38,120,2018-02-25,2028-02-25,C,DEFAULTED
LN00539,LN3761000539,CU03799,PR011,BR009,OF0017,PERSONAL_LOAN,3876378.96,1234633.05,7.88,120,2023-07-26,2033-07-26,D,CLOSED
LN00540,LN1559000540,CU03233,PR010,BR008,OF0075,PERSONAL_LOAN,888028.83,253358.52,8.18,60,2023-06-04,2028-06-04,B,DEFAULTED
LN00541,LN4078000541,CU02096,PR011,BR008,OF0093,PERSONAL_LOAN,1134691.67,1056873.51,11.14,180,2021-10-13,2036-10-13,A,CLOSED
LN00542,LN1858000542,CU04244,PR012,BR007,OF0023,PERSONAL_LOAN,705484.27,667886.37,12.41,12,2024-09-13,2025-09-13,C,DEFAULTED
LN00543,LN9037000543,CU02527,PR011,BR001,OF0074,PERSONAL_LOAN,187985.06,70151.47,10.68,180,2024-02-21,2039-02-21,A,DEFAULTED
LN00544,LN4481000544,CU00548,PR011,BR010,OF0008,PERSONAL_LOAN,1299840.91,1162205.09,13.89,240,2021-04-22,2041-04-22,B,DEFAULTED
LN00545,LN8333000545,CU03030,PR015,BR008,OF0097,HOME_LOAN,633963.99,295912.01,10.90,12,2019-01-27,2020-01-27,C,CLOSED
LN00546,LN9009000546,CU01777,PR013,BR006,OF0018,HOME_LOAN,4571419.75,2406736.04,8.93,120,2018-10-03,2028-10-03,B,CLOSED
LN00547,LN5761000547,CU00001,PR015,BR009,OF0052,HOME_LOAN,1179897.02,137470.08,8.00,12,2019-05-16,2020-05-16,A,CLOSED
LN00548,LN7458000548,CU03451,PR013,BR005,OF0040,HOME_LOAN,378335.41,129333.29,13.07,240,2021-12-21,2041-12-21,A,CLOSED
LN00549,LN5867000549,CU00003,PR012,BR008,OF0082,PERSONAL_LOAN,1548913.42,1164339.62,10.42,60,2022-12-09,2027-12-09,B,DEFAULTED
LN00550,LN5305000550,CU04321,PR014,BR004,OF0022,HOME_LOAN,2941987.96,1734890.13,10.47,240,2018-01-29,2038-01-29,D,ACTIVE
LN00551,LN2497000551,CU02378,PR010,BR001,OF0019,PERSONAL_LOAN,3589980.79,1302579.75,9.67,24,2023-01-28,2025-01-28,C,ACTIVE
LN00552,LN1646000552,CU01352,PR011,BR007,OF0077,PERSONAL_LOAN,1543905.07,1051769.13,13.12,60,2018-08-02,2023-08-02,B,ACTIVE
LN00553,LN3446000553,CU02533,PR015,BR003,OF0043,HOME_LOAN,4633265.86,4530097.07,7.68,60,2018-07-10,2023-07-10,B,DEFAULTED
LN00554,LN8980000554,CU00441,PR015,BR002,OF0013,HOME_LOAN,2105058.16,361015.68,12.85,12,2023-11-23,2024-11-23,B,ACTIVE
LN00555,LN1351000555,CU03595,PR014,BR010,OF0008,HOME_LOAN,4090848.42,1129722.58,7.52,12,2021-09-27,2022-09-27,D,CLOSED
LN00556,LN2541000556,CU02375,PR010,BR002,OF0026,PERSONAL_LOAN,4423039.28,1470521.58,12.53,12,2018-09-18,2019-09-18,C,DEFAULTED
LN00557,LN6601000557,CU00967,PR012,BR007,OF0065,PERSONAL_LOAN,3734122.94,2737488.11,15.39,24,2019-11-10,2021-11-10,C,CLOSED
LN00558,LN1764000558,CU04079,PR013,BR009,OF0011,HOME_LOAN,2709550.21,1720329.21,10.05,12,2024-01-05,2025-01-05,B,DEFAULTED
LN00559,LN3019000559,CU04631,PR013,BR003,OF0035,HOME_LOAN,3221032.26,2873848.93,8.51,12,2022-10-30,2023-10-30,B,CLOSED
LN00560,LN4288000560,CU01966,PR011,BR010,OF0059,PERSONAL_LOAN,4706207.24,3352401.20,15.23,240,2023-02-05,2043-02-05,A,DEFAULTED
LN00561,LN1842000561,CU04230,PR011,BR001,OF0031,PERSONAL_LOAN,1340435.92,156997.18,12.96,180,2023-06-28,2038-06-28,C,CLOSED
LN00562,LN9331000562,CU02740,PR011,BR002,OF0026,PERSONAL_LOAN,3690227.62,1874401.53,9.11,12,2023-10-10,2024-10-10,A,CLOSED
LN00563,LN7164000563,CU04017,PR015,BR006,OF0092,HOME_LOAN,3342874.81,1777941.40,10.74,36,2021-06-24,2024-06-24,B,ACTIVE
LN00564,LN3036000564,CU01730,PR012,BR003,OF0025,PERSONAL_LOAN,997523.20,443908.18,14.43,24,2019-07-02,2021-07-02,A,CLOSED
LN00565,LN2795000565,CU04965,PR010,BR003,OF0043,PERSONAL_LOAN,715390.40,149166.12,8.77,240,2020-07-14,2040-07-14,B,CLOSED
LN00566,LN9372000566,CU04071,PR013,BR004,OF0030,HOME_LOAN,1712650.79,427953.90,11.21,60,2021-04-28,2026-04-28,B,CLOSED
LN00567,LN5101000567,CU03376,PR010,BR006,OF0050,PERSONAL_LOAN,481476.69,224730.87,9.60,240,2023-10-12,2043-10-12,B,ACTIVE
LN00568,LN2264000568,CU00625,PR013,BR006,OF0095,HOME_LOAN,66728.16,19718.21,13.25,24,2020-04-15,2022-04-15,C,ACTIVE
LN00569,LN3785000569,CU03835,PR010,BR008,OF0064,PERSONAL_LOAN,847549.92,115837.74,8.07,120,2020-09-14,2030-09-14,B,DEFAULTED
LN00570,LN4305000570,CU00057,PR013,BR005,OF0002,HOME_LOAN,2964145.31,2785234.89,8.23,180,2024-10-02,2039-10-02,B,CLOSED
LN00571,LN7805000571,CU02318,PR014,BR007,OF0090,HOME_LOAN,352372.92,224266.25,9.38,120,2024-02-21,2034-02-21,A,CLOSED
LN00572,LN7584000572,CU02319,PR010,BR010,OF0033,PERSONAL_LOAN,3510320.29,447421.40,8.82,120,2018-07-10,2028-07-10,A,ACTIVE
LN00573,LN5894000573,CU04826,PR014,BR010,OF0006,HOME_LOAN,4992060.27,3197933.20,7.76,12,2022-06-08,2023-06-08,C,DEFAULTED
LN00574,LN2724000574,CU03150,PR014,BR004,OF0047,HOME_LOAN,3252763.90,1253463.48,10.01,36,2022-09-17,2025-09-17,B,CLOSED
LN00575,LN2190000575,CU02901,PR014,BR002,OF0026,HOME_LOAN,995883.20,495456.47,8.85,180,2024-03-08,2039-03-08,D,DEFAULTED
LN00576,LN1481000576,CU02578,PR014,BR009,OF0068,HOME_LOAN,384547.13,163429.20,11.86,60,2024-02-22,2029-02-22,C,ACTIVE
LN00577,LN8079000577,CU00226,PR013,BR002,OF0086,HOME_LOAN,806332.27,790123.15,7.50,60,2023-09-16,2028-09-16,B,DEFAULTED
LN00578,LN9873000578,CU00848,PR010,BR007,OF0023,PERSONAL_LOAN,529789.10,408301.33,9.84,60,2024-04-08,2029-04-08,A,CLOSED
LN00579,LN5163000579,CU02139,PR015,BR006,OF0092,HOME_LOAN,664391.22,264081.55,12.28,12,2023-02-07,2024-02-07,B,DEFAULTED
LN00580,LN3642000580,CU01975,PR011,BR004,OF0047,PERSONAL_LOAN,73361.04,11579.70,10.37,120,2024-06-21,2034-06-21,C,DEFAULTED
LN00581,LN1789000581,CU01464,PR013,BR002,OF0026,HOME_LOAN,727787.31,332181.44,7.90,24,2022-05-27,2024-05-27,A,CLOSED
LN00582,LN4723000582,CU03374,PR011,BR004,OF0098,PERSONAL_LOAN,4048846.61,2108863.52,9.42,24,2024-07-17,2026-07-17,A,DEFAULTED
LN00583,LN1961000583,CU00383,PR012,BR001,OF0083,PERSONAL_LOAN,2451994.69,1782652.38,11.89,60,2024-11-22,2029-11-22,B,ACTIVE
LN00584,LN9433000584,CU02778,PR011,BR003,OF0038,PERSONAL_LOAN,2918063.82,310558.87,14.77,12,2020-11-16,2021-11-16,B,DEFAULTED
LN00585,LN4920000585,CU04367,PR010,BR002,OF0066,PERSONAL_LOAN,906703.15,203224.46,11.23,24,2020-08-19,2022-08-19,C,CLOSED
LN00586,LN1115000586,CU02736,PR013,BR004,OF0084,HOME_LOAN,574183.89,169773.49,13.00,60,2021-10-06,2026-10-06,B,CLOSED
LN00587,LN9566000587,CU04577,PR014,BR004,OF0084,HOME_LOAN,1274861.05,377496.85,7.64,120,2018-08-05,2028-08-05,B,CLOSED
LN00588,LN6508000588,CU01542,PR013,BR002,OF0079,HOME_LOAN,291813.55,286040.99,15.62,180,2019-07-27,2034-07-27,C,ACTIVE
LN00589,LN9516000589,CU00472,PR012,BR008,OF0082,PERSONAL_LOAN,2282470.25,1864075.94,8.52,120,2023-03-08,2033-03-08,B,ACTIVE
LN00590,LN7391000590,CU00654,PR012,BR002,OF0013,PERSONAL_LOAN,2207483.81,1636914.87,8.55,180,2022-08-17,2037-08-17,A,DEFAULTED
LN00591,LN4140000591,CU03912,PR013,BR004,OF0022,HOME_LOAN,2562041.80,1364688.05,9.80,60,2024-07-13,2029-07-13,B,ACTIVE
LN00592,LN5866000592,CU03242,PR015,BR007,OF0090,HOME_LOAN,3936354.48,3126303.33,8.37,60,2018-11-14,2023-11-14,C,ACTIVE
LN00593,LN8646000593,CU01865,PR011,BR008,OF0064,PERSONAL_LOAN,3554704.58,843967.46,8.74,24,2019-07-15,2021-07-15,B,CLOSED
LN00594,LN2450000594,CU01348,PR011,BR010,OF0006,PERSONAL_LOAN,492994.06,139679.60,7.14,240,2024-02-06,2044-02-06,B,ACTIVE
LN00595,LN8742000595,CU00422,PR013,BR003,OF0039,HOME_LOAN,2418861.54,2023230.67,10.81,240,2018-03-17,2038-03-17,A,CLOSED
LN00596,LN4131000596,CU02465,PR011,BR003,OF0043,PERSONAL_LOAN,3116798.49,2269196.33,15.45,12,2018-04-08,2019-04-08,D,ACTIVE
LN00597,LN6729000597,CU02382,PR011,BR006,OF0018,PERSONAL_LOAN,2578380.67,1253447.84,8.66,60,2023-06-30,2028-06-30,B,DEFAULTED
LN00598,LN5042000598,CU01112,PR010,BR009,OF0091,PERSONAL_LOAN,3786797.38,1263307.79,7.48,240,2023-07-28,2043-07-28,A,ACTIVE
LN00599,LN3476000599,CU03968,PR010,BR002,OF0079,PERSONAL_LOAN,747146.61,252677.97,10.97,180,2019-10-21,2034-10-21,C,CLOSED
LN00600,LN6757000600,CU00572,PR010,BR001,OF0031,PERSONAL_LOAN,4837606.22,3590467.06,9.02,12,2019-01-21,2020-01-21,C,DEFAULTED
LN00601,LN3761000601,CU01024,PR014,BR006,OF0081,HOME_LOAN,3598932.02,1624131.17,14.83,12,2024-06-06,2025-06-06,C,ACTIVE
LN00602,LN9048000602,CU00686,PR014,BR004,OF0063,HOME_LOAN,3208588.33,1914773.06,8.05,180,2018-09-08,2033-09-08,B,DEFAULTED
LN00603,LN8802000603,CU02261,PR011,BR010,OF0033,PERSONAL_LOAN,4271617.00,3617968.01,9.28,120,2020-12-18,2030-12-18,A,DEFAULTED
LN00604,LN4909000604,CU04259,PR015,BR002,OF0079,HOME_LOAN,4774056.49,689932.65,11.77,12,2022-08-06,2023-08-06,B,CLOSED
LN00605,LN3216000605,CU00776,PR012,BR007,OF0051,PERSONAL_LOAN,438139.07,237778.03,10.02,24,2018-03-23,2020-03-23,B,DEFAULTED
LN00606,LN8698000606,CU00469,PR012,BR009,OF0009,PERSONAL_LOAN,204260.22,111029.59,10.45,240,2020-11-22,2040-11-22,B,CLOSED
LN00607,LN3424000607,CU03352,PR015,BR002,OF0079,HOME_LOAN,2720004.27,1588354.89,12.48,60,2019-07-28,2024-07-28,C,CLOSED
LN00608,LN2189000608,CU04181,PR010,BR006,OF0095,PERSONAL_LOAN,3971280.40,1668110.34,12.36,180,2022-05-16,2037-05-16,B,ACTIVE
LN00609,LN3597000609,CU03458,PR014,BR005,OF0040,HOME_LOAN,2407337.37,686268.67,10.64,120,2018-08-25,2028-08-25,B,CLOSED
LN00610,LN2447000610,CU00680,PR012,BR008,OF0093,PERSONAL_LOAN,1557171.09,559596.77,15.29,12,2021-07-20,2022-07-20,A,CLOSED
LN00611,LN3801000611,CU04565,PR015,BR005,OF0002,HOME_LOAN,3743644.16,1888347.44,10.50,60,2024-06-26,2029-06-26,A,ACTIVE
LN00612,LN8004000612,CU00223,PR011,BR004,OF0030,PERSONAL_LOAN,3627019.59,2394086.58,8.33,240,2022-10-04,2042-10-04,B,ACTIVE
LN00613,LN9386000613,CU03440,PR010,BR003,OF0043,PERSONAL_LOAN,825152.84,332534.76,8.90,12,2021-10-29,2022-10-29,B,DEFAULTED
LN00614,LN7940000614,CU03579,PR015,BR006,OF0050,HOME_LOAN,3851322.96,2995730.76,14.37,120,2022-09-23,2032-09-23,B,ACTIVE
LN00615,LN1917000615,CU04309,PR014,BR003,OF0039,HOME_LOAN,3745013.58,2177623.92,9.61,120,2022-11-24,2032-11-24,B,CLOSED
LN00616,LN2216000616,CU00979,PR010,BR004,OF0047,PERSONAL_LOAN,2070574.72,563079.73,13.94,24,2020-01-06,2022-01-06,A,DEFAULTED
LN00617,LN3625000617,CU02748,PR014,BR002,OF0007,HOME_LOAN,1061694.04,180106.60,13.18,24,2022-01-22,2024-01-22,A,CLOSED
LN00618,LN3345000618,CU02151,PR010,BR003,OF0078,PERSONAL_LOAN,4696803.23,3547658.32,13.02,24,2022-05-03,2024-05-03,D,DEFAULTED
LN00619,LN8936000619,CU03743,PR014,BR001,OF0003,HOME_LOAN,2067808.38,1762326.99,13.36,36,2022-08-01,2025-08-01,B,ACTIVE
LN00620,LN3428000620,CU03250,PR015,BR004,OF0098,HOME_LOAN,1617836.04,204932.20,15.21,12,2023-08-28,2024-08-28,B,ACTIVE
LN00621,LN2276000621,CU02073,PR015,BR010,OF0033,HOME_LOAN,64673.49,27150.22,9.22,36,2018-12-10,2021-12-10,D,CLOSED
LN00622,LN3263000622,CU02050,PR015,BR006,OF0092,HOME_LOAN,3232811.16,1723986.42,14.84,36,2019-09-24,2022-09-24,B,DEFAULTED
LN00623,LN5867000623,CU02062,PR013,BR010,OF0006,HOME_LOAN,3122622.13,1269715.48,11.17,24,2022-12-12,2024-12-12,B,DEFAULTED
LN00624,LN2089000624,CU03838,PR015,BR002,OF0066,HOME_LOAN,4659430.13,1954394.22,15.36,60,2019-10-03,2024-10-03,B,ACTIVE
LN00625,LN5079000625,CU04462,PR015,BR007,OF0049,HOME_LOAN,585014.97,526160.46,8.49,60,2018-09-29,2023-09-29,B,CLOSED
LN00626,LN4453000626,CU00282,PR012,BR006,OF0024,PERSONAL_LOAN,3451454.67,2134213.34,13.92,12,2021-09-18,2022-09-18,B,ACTIVE
LN00627,LN9693000627,CU03565,PR011,BR003,OF0078,PERSONAL_LOAN,4394330.75,1594751.30,9.00,180,2024-03-21,2039-03-21,B,DEFAULTED
LN00628,LN8221000628,CU01362,PR011,BR010,OF0033,PERSONAL_LOAN,2909569.54,2900980.75,14.56,120,2020-03-25,2030-03-25,D,DEFAULTED
LN00629,LN6141000629,CU01337,PR010,BR004,OF0027,PERSONAL_LOAN,3858296.11,2541830.83,14.94,240,2021-08-05,2041-08-05,A,DEFAULTED
LN00630,LN4536000630,CU03457,PR014,BR005,OF0060,HOME_LOAN,2365275.74,281684.62,13.34,180,2019-11-13,2034-11-13,A,CLOSED
LN00631,LN5540000631,CU04377,PR015,BR001,OF0074,HOME_LOAN,2619694.49,584160.78,11.14,36,2019-10-09,2022-10-09,A,CLOSED
LN00632,LN5057000632,CU01880,PR011,BR008,OF0036,PERSONAL_LOAN,555875.84,287310.14,8.64,24,2024-12-24,2026-12-24,B,ACTIVE
LN00633,LN4453000633,CU02807,PR015,BR004,OF0030,HOME_LOAN,4772647.99,3139612.60,8.06,180,2022-04-08,2037-04-08,B,ACTIVE
LN00634,LN6467000634,CU00407,PR015,BR008,OF0082,HOME_LOAN,352633.75,299409.18,9.10,12,2019-08-28,2020-08-28,B,DEFAULTED
LN00635,LN6118000635,CU02833,PR013,BR001,OF0003,HOME_LOAN,2567817.52,1036045.17,12.77,60,2019-05-13,2024-05-13,B,CLOSED
LN00636,LN6406000636,CU00403,PR013,BR005,OF0042,HOME_LOAN,2698553.06,1893210.26,13.06,12,2018-12-02,2019-12-02,A,DEFAULTED
LN00637,LN3456000637,CU04967,PR014,BR005,OF0002,HOME_LOAN,4394736.39,3490381.42,15.88,60,2024-07-29,2029-07-29,A,DEFAULTED
LN00638,LN1823000638,CU04594,PR012,BR002,OF0086,PERSONAL_LOAN,4783945.78,4204666.15,7.04,36,2019-07-10,2022-07-10,A,ACTIVE
LN00639,LN9768000639,CU03343,PR014,BR009,OF0091,HOME_LOAN,2397314.70,940238.38,9.68,24,2024-10-06,2026-10-06,B,ACTIVE
LN00640,LN2671000640,CU03754,PR015,BR010,OF0014,HOME_LOAN,2482133.21,484553.25,11.48,120,2019-04-12,2029-04-12,B,ACTIVE
LN00641,LN8317000641,CU02952,PR014,BR009,OF0020,HOME_LOAN,153654.05,138758.96,10.23,60,2024-04-06,2029-04-06,C,ACTIVE
LN00642,LN5911000642,CU04878,PR010,BR007,OF0077,PERSONAL_LOAN,953014.88,283101.68,8.83,24,2019-08-04,2021-08-04,A,CLOSED
LN00643,LN7033000643,CU04845,PR011,BR006,OF0054,PERSONAL_LOAN,3277132.67,2033724.60,13.81,120,2018-10-20,2028-10-20,B,DEFAULTED
LN00644,LN5595000644,CU02526,PR013,BR007,OF0023,HOME_LOAN,318204.15,36371.19,15.69,240,2024-04-01,2044-04-01,C,ACTIVE
LN00645,LN8179000645,CU00033,PR012,BR002,OF0066,PERSONAL_LOAN,137336.15,100256.61,13.46,12,2018-02-27,2019-02-27,B,CLOSED
LN00646,LN6331000646,CU00178,PR014,BR003,OF0053,HOME_LOAN,1743778.58,1173035.57,14.00,180,2024-07-13,2039-07-13,A,CLOSED
LN00647,LN2732000647,CU04902,PR013,BR009,OF0009,HOME_LOAN,4915716.12,2584283.57,7.56,12,2019-01-04,2020-01-04,A,CLOSED
LN00648,LN9265000648,CU03334,PR014,BR006,OF0092,HOME_LOAN,4133225.01,1109471.64,11.98,36,2020-09-10,2023-09-10,A,CLOSED
LN00649,LN3884000649,CU04518,PR011,BR004,OF0063,PERSONAL_LOAN,3118442.49,1596480.19,10.00,12,2018-08-25,2019-08-25,D,ACTIVE
LN00650,LN1966000650,CU04828,PR011,BR006,OF0018,PERSONAL_LOAN,3963349.92,2554372.35,8.66,12,2018-09-17,2019-09-17,C,ACTIVE
LN00651,LN9433000651,CU04496,PR014,BR004,OF0063,HOME_LOAN,4291432.11,3793308.02,11.76,36,2022-10-25,2025-10-25,B,ACTIVE
LN00652,LN4188000652,CU00700,PR010,BR006,OF0094,PERSONAL_LOAN,3232565.55,1895391.47,10.40,240,2021-10-27,2041-10-27,B,ACTIVE
LN00653,LN5791000653,CU03662,PR013,BR005,OF0040,HOME_LOAN,2031990.55,922631.89,9.20,120,2022-10-22,2032-10-22,B,DEFAULTED
LN00654,LN2962000654,CU02154,PR010,BR009,OF0089,PERSONAL_LOAN,4532924.49,2151199.20,8.07,24,2022-06-24,2024-06-24,B,ACTIVE
LN00655,LN2292000655,CU02805,PR013,BR002,OF0007,HOME_LOAN,2936009.76,1440150.71,11.41,12,2020-02-08,2021-02-08,B,CLOSED
LN00656,LN1663000656,CU02098,PR014,BR010,OF0004,HOME_LOAN,4054150.54,3253546.63,8.53,24,2024-07-29,2026-07-29,C,CLOSED
LN00657,LN4129000657,CU02818,PR014,BR001,OF0003,HOME_LOAN,4625340.14,2210729.92,8.63,36,2018-07-14,2021-07-14,B,CLOSED
LN00658,LN3541000658,CU01500,PR014,BR009,OF0067,HOME_LOAN,1464774.69,720728.75,10.11,240,2020-04-19,2040-04-19,B,CLOSED
LN00659,LN9596000659,CU02003,PR010,BR005,OF0080,PERSONAL_LOAN,2661769.19,431443.19,10.54,12,2018-07-13,2019-07-13,B,ACTIVE
LN00660,LN9729000660,CU02725,PR012,BR003,OF0035,PERSONAL_LOAN,3126335.88,1164424.77,9.88,180,2024-05-19,2039-05-19,A,ACTIVE
LN00661,LN6610000661,CU00501,PR013,BR003,OF0043,HOME_LOAN,3254170.29,2826205.08,8.52,180,2018-12-16,2033-12-16,C,ACTIVE
LN00662,LN7699000662,CU00401,PR012,BR008,OF0093,PERSONAL_LOAN,3526593.39,2605629.23,8.71,24,2024-09-13,2026-09-13,C,ACTIVE
LN00663,LN3567000663,CU04056,PR010,BR010,OF0059,PERSONAL_LOAN,4562228.87,3328555.02,8.59,60,2020-02-01,2025-02-01,B,ACTIVE
LN00664,LN3852000664,CU04914,PR014,BR007,OF0028,HOME_LOAN,1207664.19,655632.25,12.67,24,2023-07-22,2025-07-22,C,DEFAULTED
LN00665,LN3465000665,CU01399,PR012,BR007,OF0077,PERSONAL_LOAN,3783744.28,2936440.41,15.19,60,2019-09-08,2024-09-08,B,ACTIVE
LN00666,LN8693000666,CU03008,PR011,BR003,OF0043,PERSONAL_LOAN,703841.20,447968.60,9.43,24,2018-09-18,2020-09-18,B,ACTIVE
LN00667,LN9718000667,CU01980,PR013,BR002,OF0007,HOME_LOAN,2736995.41,469217.20,7.32,180,2019-11-11,2034-11-11,A,DEFAULTED
LN00668,LN4183000668,CU04726,PR013,BR002,OF0086,HOME_LOAN,3998655.59,3008654.52,13.57,120,2019-06-13,2029-06-13,A,ACTIVE
LN00669,LN1830000669,CU00564,PR011,BR004,OF0087,PERSONAL_LOAN,3886412.60,925350.82,15.84,24,2022-05-06,2024-05-06,C,DEFAULTED
LN00670,LN2442000670,CU00217,PR010,BR001,OF0019,PERSONAL_LOAN,2996355.84,1549582.04,11.70,120,2022-05-14,2032-05-14,A,CLOSED
LN00671,LN9555000671,CU03404,PR015,BR006,OF0094,HOME_LOAN,272493.54,64614.63,13.27,24,2020-07-01,2022-07-01,A,CLOSED
LN00672,LN4262000672,CU03105,PR014,BR005,OF0029,HOME_LOAN,3882750.00,3731512.31,14.14,12,2020-04-03,2021-04-03,C,ACTIVE
LN00673,LN8451000673,CU00390,PR010,BR008,OF0075,PERSONAL_LOAN,357161.76,130968.96,15.34,180,2021-02-11,2036-02-11,B,CLOSED
LN00674,LN4345000674,CU03856,PR014,BR006,OF0050,HOME_LOAN,118488.51,12257.16,7.87,120,2024-09-28,2034-09-28,B,ACTIVE
LN00675,LN7309000675,CU03927,PR010,BR003,OF0078,PERSONAL_LOAN,2066841.74,1350132.42,13.52,12,2021-06-16,2022-06-16,B,ACTIVE
LN00676,LN3393000676,CU01407,PR011,BR004,OF0027,PERSONAL_LOAN,1742996.48,1336554.47,13.79,60,2022-10-10,2027-10-10,B,ACTIVE
LN00677,LN3440000677,CU01050,PR011,BR006,OF0048,PERSONAL_LOAN,2703558.52,2470671.44,15.78,240,2019-09-13,2039-09-13,C,ACTIVE
LN00678,LN4584000678,CU00604,PR013,BR010,OF0008,HOME_LOAN,1613015.32,1473138.20,14.43,24,2022-09-13,2024-09-13,A,CLOSED
LN00679,LN6901000679,CU03037,PR012,BR005,OF0085,PERSONAL_LOAN,148608.11,71779.39,14.00,60,2023-05-22,2028-05-22,C,ACTIVE
LN00680,LN2645000680,CU04166,PR011,BR003,OF0053,PERSONAL_LOAN,1613006.55,823673.83,14.01,120,2020-02-16,2030-02-16,A,ACTIVE
LN00681,LN6347000681,CU02751,PR014,BR010,OF0033,HOME_LOAN,4622968.74,3662567.76,12.71,60,2022-11-28,2027-11-28,D,CLOSED
LN00682,LN7556000682,CU04985,PR012,BR009,OF0020,PERSONAL_LOAN,1280667.65,1070529.73,8.66,24,2022-02-19,2024-02-19,B,CLOSED
LN00683,LN3466000683,CU00605,PR010,BR008,OF0093,PERSONAL_LOAN,3966158.91,1648572.81,12.73,60,2021-03-01,2026-03-01,C,DEFAULTED
LN00684,LN5930000684,CU04113,PR012,BR009,OF0009,PERSONAL_LOAN,2244395.91,1743915.41,15.23,240,2022-09-09,2042-09-09,B,ACTIVE
LN00685,LN3202000685,CU03500,PR013,BR007,OF0065,HOME_LOAN,3946329.08,3199002.38,9.78,180,2023-08-04,2038-08-04,A,CLOSED
LN00686,LN5700000686,CU02986,PR014,BR006,OF0012,HOME_LOAN,441470.04,121816.17,14.46,240,2018-09-08,2038-09-08,B,ACTIVE
LN00687,LN8742000687,CU02721,PR014,BR008,OF0075,HOME_LOAN,2731881.98,1048755.49,15.77,240,2024-10-25,2044-10-25,B,CLOSED
LN00688,LN6783000688,CU02386,PR012,BR001,OF0019,PERSONAL_LOAN,3320307.91,335475.62,13.64,180,2024-11-25,2039-11-25,D,DEFAULTED
LN00689,LN7685000689,CU01603,PR011,BR006,OF0094,PERSONAL_LOAN,4300531.97,2363960.55,12.07,36,2020-07-20,2023-07-20,C,DEFAULTED
LN00690,LN9013000690,CU02486,PR012,BR001,OF0083,PERSONAL_LOAN,2501620.13,1003070.83,7.65,180,2023-10-14,2038-10-14,B,ACTIVE
LN00691,LN9113000691,CU04261,PR012,BR010,OF0006,PERSONAL_LOAN,971563.10,494480.79,10.91,24,2022-04-15,2024-04-15,B,CLOSED
LN00692,LN5508000692,CU01818,PR013,BR010,OF0006,HOME_LOAN,2019305.05,273316.05,15.00,36,2018-11-08,2021-11-08,D,ACTIVE
LN00693,LN9686000693,CU01193,PR015,BR007,OF0065,HOME_LOAN,3961090.75,2798452.01,13.36,24,2020-06-08,2022-06-08,B,ACTIVE
LN00694,LN5478000694,CU02512,PR012,BR007,OF0049,PERSONAL_LOAN,3277633.31,2037046.33,11.04,60,2022-08-07,2027-08-07,C,DEFAULTED
LN00695,LN5167000695,CU04255,PR012,BR004,OF0087,PERSONAL_LOAN,1360205.27,1174448.62,13.76,60,2023-02-26,2028-02-26,D,DEFAULTED
LN00696,LN7861000696,CU01793,PR014,BR005,OF0080,HOME_LOAN,4834977.83,3771212.67,13.91,36,2022-12-12,2025-12-12,A,CLOSED
LN00697,LN4475000697,CU00449,PR014,BR006,OF0050,HOME_LOAN,4798732.57,1638922.85,14.48,120,2021-05-16,2031-05-16,A,CLOSED
LN00698,LN2668000698,CU04812,PR010,BR002,OF0079,PERSONAL_LOAN,1490682.53,534304.70,10.31,120,2023-02-27,2033-02-27,B,DEFAULTED
LN00699,LN5014000699,CU02803,PR011,BR010,OF0021,PERSONAL_LOAN,1959548.46,1059714.12,14.04,24,2021-03-24,2023-03-24,B,ACTIVE
LN00700,LN5055000700,CU01644,PR013,BR007,OF0077,HOME_LOAN,443057.41,383106.35,8.87,120,2021-02-05,2031-02-05,C,ACTIVE
LN00701,LN9301000701,CU04410,PR010,BR005,OF0002,PERSONAL_LOAN,957365.73,927753.18,8.75,120,2018-02-13,2028-02-13,D,CLOSED
LN00702,LN8484000702,CU00874,PR011,BR010,OF0088,PERSONAL_LOAN,2000745.51,1334977.68,9.86,240,2020-07-11,2040-07-11,B,CLOSED
LN00703,LN2643000703,CU02372,PR014,BR005,OF0085,HOME_LOAN,2728894.04,672555.99,14.14,12,2023-08-31,2024-08-31,C,CLOSED
LN00704,LN9975000704,CU02689,PR011,BR005,OF0085,PERSONAL_LOAN,1617427.42,1073740.33,12.01,180,2024-09-03,2039-09-03,C,DEFAULTED
LN00705,LN6074000705,CU01395,PR015,BR005,OF0080,HOME_LOAN,2184333.68,2056140.05,10.87,240,2021-01-20,2041-01-20,B,ACTIVE
LN00706,LN3390000706,CU04984,PR013,BR008,OF0093,HOME_LOAN,3221294.50,776251.18,14.96,120,2022-06-06,2032-06-06,C,DEFAULTED
LN00707,LN5715000707,CU00318,PR013,BR009,OF0076,HOME_LOAN,3148494.83,2661344.72,13.42,180,2022-09-01,2037-09-01,B,DEFAULTED
LN00708,LN3987000708,CU03487,PR011,BR010,OF0033,PERSONAL_LOAN,1526426.42,1501020.01,14.84,120,2024-03-08,2034-03-08,A,DEFAULTED
LN00709,LN6612000709,CU03626,PR015,BR008,OF0097,HOME_LOAN,3013805.67,2523314.19,11.89,120,2018-01-01,2028-01-01,A,ACTIVE
LN00710,LN7222000710,CU04062,PR013,BR004,OF0063,HOME_LOAN,1977073.31,1734533.65,8.52,24,2021-11-16,2023-11-16,B,CLOSED
LN00711,LN8829000711,CU02761,PR010,BR001,OF0074,PERSONAL_LOAN,148015.50,146563.49,10.51,120,2020-06-19,2030-06-19,B,CLOSED
LN00712,LN1467000712,CU00039,PR010,BR008,OF0097,PERSONAL_LOAN,432359.42,322924.26,14.40,180,2018-11-06,2033-11-06,B,DEFAULTED
LN00713,LN9118000713,CU01675,PR012,BR010,OF0014,PERSONAL_LOAN,1746175.46,1698745.83,12.90,12,2018-02-25,2019-02-25,B,CLOSED
LN00714,LN4192000714,CU04449,PR015,BR008,OF0075,HOME_LOAN,2728083.65,1425347.71,14.99,240,2018-03-07,2038-03-07,A,DEFAULTED
LN00715,LN3665000715,CU03574,PR014,BR003,OF0037,HOME_LOAN,210734.12,142749.77,12.49,180,2024-08-05,2039-08-05,B,ACTIVE
LN00716,LN3587000716,CU04126,PR015,BR006,OF0094,HOME_LOAN,756200.89,308219.61,11.73,24,2023-05-05,2025-05-05,C,ACTIVE
LN00717,LN8178000717,CU00867,PR012,BR005,OF0071,PERSONAL_LOAN,2829444.35,335617.82,13.84,240,2024-08-16,2044-08-16,A,ACTIVE
LN00718,LN3946000718,CU02851,PR010,BR007,OF0077,PERSONAL_LOAN,4482355.31,2186546.24,13.37,12,2024-07-01,2025-07-01,B,ACTIVE
LN00719,LN6934000719,CU03158,PR011,BR007,OF0028,PERSONAL_LOAN,283826.80,257871.32,8.61,60,2018-12-31,2023-12-31,A,DEFAULTED
LN00720,LN1795000720,CU00370,PR015,BR004,OF0046,HOME_LOAN,2119015.70,1149596.57,15.18,60,2023-08-15,2028-08-15,A,CLOSED
LN00721,LN2271000721,CU03672,PR011,BR003,OF0038,PERSONAL_LOAN,4972889.57,3133441.26,8.69,120,2023-09-15,2033-09-15,B,ACTIVE
LN00722,LN1286000722,CU01958,PR015,BR005,OF0042,HOME_LOAN,1345393.49,546066.39,14.18,24,2020-01-28,2022-01-28,A,DEFAULTED
LN00723,LN9111000723,CU04096,PR012,BR002,OF0079,PERSONAL_LOAN,1259490.23,781252.59,10.82,60,2019-04-16,2024-04-16,A,CLOSED
LN00724,LN9947000724,CU00327,PR012,BR003,OF0069,PERSONAL_LOAN,1638292.50,1544670.51,7.67,120,2018-07-30,2028-07-30,C,DEFAULTED
LN00725,LN8572000725,CU01041,PR013,BR008,OF0097,HOME_LOAN,4558595.50,1886203.20,13.03,36,2021-10-18,2024-10-18,B,ACTIVE
LN00726,LN2802000726,CU01736,PR010,BR002,OF0013,PERSONAL_LOAN,4493095.57,2437954.76,14.37,24,2021-08-14,2023-08-14,B,ACTIVE
LN00727,LN1437000727,CU00049,PR010,BR004,OF0098,PERSONAL_LOAN,2885782.85,305254.61,9.39,240,2023-05-31,2043-05-31,C,ACTIVE
LN00728,LN5257000728,CU00353,PR011,BR005,OF0060,PERSONAL_LOAN,1623397.10,891219.21,15.92,60,2024-10-08,2029-10-08,B,CLOSED
LN00729,LN5501000729,CU00750,PR011,BR004,OF0027,PERSONAL_LOAN,4360607.41,3251317.75,10.97,240,2018-08-12,2038-08-12,A,ACTIVE
LN00730,LN2399000730,CU00644,PR010,BR005,OF0029,PERSONAL_LOAN,1310117.15,310338.66,14.78,60,2022-08-08,2027-08-08,B,DEFAULTED
LN00731,LN7033000731,CU02766,PR012,BR008,OF0075,PERSONAL_LOAN,2601463.83,2152938.35,7.20,60,2022-05-29,2027-05-29,C,ACTIVE
LN00732,LN2619000732,CU04103,PR014,BR005,OF0071,HOME_LOAN,3635231.75,3381802.01,8.10,120,2021-11-06,2031-11-06,B,DEFAULTED
LN00733,LN5735000733,CU04773,PR012,BR009,OF0011,PERSONAL_LOAN,1997780.56,1944708.58,15.15,60,2018-11-26,2023-11-26,C,DEFAULTED
LN00734,LN4549000734,CU01384,PR012,BR004,OF0084,PERSONAL_LOAN,2420369.50,747575.57,8.73,12,2023-09-03,2024-09-03,C,DEFAULTED
LN00735,LN4606000735,CU04756,PR013,BR005,OF0042,HOME_LOAN,3869903.88,1089267.10,14.34,180,2023-08-31,2038-08-31,B,ACTIVE
LN00736,LN6956000736,CU00456,PR012,BR001,OF0074,PERSONAL_LOAN,4384664.11,4053912.16,10.41,120,2022-12-19,2032-12-19,B,CLOSED
LN00737,LN1025000737,CU02975,PR011,BR001,OF0083,PERSONAL_LOAN,4189535.94,2927970.06,7.73,240,2022-05-04,2042-05-04,B,DEFAULTED
LN00738,LN4238000738,CU04660,PR011,BR003,OF0032,PERSONAL_LOAN,1466810.10,165288.91,15.62,24,2018-03-10,2020-03-10,B,CLOSED
LN00739,LN1326000739,CU00098,PR014,BR003,OF0053,HOME_LOAN,1909470.42,523063.16,13.28,24,2019-12-21,2021-12-21,B,ACTIVE
LN00740,LN3623000740,CU01704,PR013,BR003,OF0037,HOME_LOAN,4282663.23,2644579.62,7.35,120,2021-06-12,2031-06-12,B,ACTIVE
LN00741,LN3230000741,CU04216,PR013,BR001,OF0074,HOME_LOAN,3761492.71,2817818.61,13.83,36,2020-10-18,2023-10-18,C,ACTIVE
LN00742,LN9204000742,CU01853,PR013,BR007,OF0049,HOME_LOAN,1026109.41,888724.83,12.08,36,2020-01-28,2023-01-28,A,DEFAULTED
LN00743,LN8764000743,CU04547,PR015,BR008,OF0075,HOME_LOAN,1237800.42,275390.87,14.84,60,2024-10-24,2029-10-24,B,DEFAULTED
LN00744,LN5736000744,CU04002,PR013,BR003,OF0001,HOME_LOAN,867567.73,427126.62,15.54,36,2019-11-16,2022-11-16,D,DEFAULTED
LN00745,LN6945000745,CU04379,PR013,BR002,OF0013,HOME_LOAN,593604.12,377529.42,15.34,60,2020-10-05,2025-10-05,A,DEFAULTED
LN00746,LN6997000746,CU04070,PR015,BR007,OF0049,HOME_LOAN,1944194.18,1259524.75,8.69,240,2023-07-24,2043-07-24,A,CLOSED
LN00747,LN2725000747,CU04981,PR010,BR005,OF0060,PERSONAL_LOAN,2431251.66,932631.07,12.64,36,2023-01-08,2026-01-08,B,DEFAULTED
LN00748,LN3434000748,CU02511,PR010,BR009,OF0099,PERSONAL_LOAN,2337750.74,1883602.49,15.82,36,2022-07-30,2025-07-30,A,DEFAULTED
LN00749,LN5049000749,CU01824,PR013,BR005,OF0029,HOME_LOAN,730752.74,528717.90,11.65,36,2019-08-15,2022-08-15,D,DEFAULTED
LN00750,LN6869000750,CU02715,PR015,BR003,OF0015,HOME_LOAN,2311375.86,466347.37,11.13,24,2021-11-20,2023-11-20,A,DEFAULTED
LN00751,LN9391000751,CU04021,PR013,BR001,OF0031,HOME_LOAN,2369048.52,1874500.46,12.09,120,2020-07-23,2030-07-23,A,DEFAULTED
LN00752,LN6905000752,CU04705,PR013,BR001,OF0003,HOME_LOAN,2972160.52,926242.77,7.31,12,2020-10-04,2021-10-04,A,ACTIVE
LN00753,LN7180000753,CU01709,PR011,BR007,OF0051,PERSONAL_LOAN,1483159.23,591203.02,14.43,12,2021-04-29,2022-04-29,A,DEFAULTED
LN00754,LN5662000754,CU01448,PR013,BR010,OF0008,HOME_LOAN,1605433.56,1260708.24,12.64,120,2021-04-19,2031-04-19,A,CLOSED
LN00755,LN7528000755,CU02891,PR012,BR008,OF0093,PERSONAL_LOAN,3792744.91,1926223.03,8.15,60,2021-01-24,2026-01-24,C,ACTIVE
LN00756,LN6480000756,CU02670,PR013,BR007,OF0065,HOME_LOAN,4980603.77,2378897.34,14.78,12,2018-01-20,2019-01-20,B,ACTIVE
LN00757,LN7826000757,CU04699,PR013,BR010,OF0088,HOME_LOAN,601298.40,170563.87,12.58,120,2018-02-23,2028-02-23,A,DEFAULTED
LN00758,LN7220000758,CU00517,PR013,BR009,OF0067,HOME_LOAN,3225761.63,528373.25,11.61,240,2021-09-24,2041-09-24,B,DEFAULTED
LN00759,LN6811000759,CU04647,PR012,BR002,OF0066,PERSONAL_LOAN,627425.72,472508.39,11.12,240,2018-05-07,2038-05-07,C,CLOSED
LN00760,LN6918000760,CU01702,PR010,BR001,OF0003,PERSONAL_LOAN,3645863.06,2327969.13,12.90,120,2023-02-14,2033-02-14,C,DEFAULTED
LN00761,LN5617000761,CU01554,PR014,BR010,OF0008,HOME_LOAN,4611618.59,755254.76,9.48,180,2022-05-11,2037-05-11,A,ACTIVE
LN00762,LN1058000762,CU00885,PR010,BR009,OF0009,PERSONAL_LOAN,662852.89,150034.42,7.87,36,2020-09-09,2023-09-09,B,ACTIVE
LN00763,LN6737000763,CU00673,PR011,BR007,OF0028,PERSONAL_LOAN,2381956.36,1299560.68,7.49,24,2019-11-01,2021-11-01,C,DEFAULTED
LN00764,LN8013000764,CU01241,PR011,BR005,OF0080,PERSONAL_LOAN,1661085.79,1285625.79,8.73,60,2020-02-16,2025-02-16,A,CLOSED
LN00765,LN9355000765,CU04775,PR014,BR004,OF0087,HOME_LOAN,2103924.68,2100131.99,9.88,120,2018-08-25,2028-08-25,B,CLOSED
LN00766,LN1111000766,CU03196,PR015,BR010,OF0004,HOME_LOAN,1000777.65,981655.21,8.30,240,2020-11-10,2040-11-10,A,DEFAULTED
LN00767,LN8455000767,CU02074,PR010,BR004,OF0096,PERSONAL_LOAN,2661170.96,1115897.88,15.37,180,2021-11-20,2036-11-20,A,DEFAULTED
LN00768,LN5022000768,CU03991,PR013,BR008,OF0036,HOME_LOAN,4807105.72,4634228.75,12.18,180,2021-03-30,2036-03-30,C,DEFAULTED
LN00769,LN6371000769,CU04012,PR014,BR005,OF0002,HOME_LOAN,1930350.50,1776443.79,15.63,36,2021-10-31,2024-10-31,B,DEFAULTED
LN00770,LN1145000770,CU01106,PR010,BR005,OF0002,PERSONAL_LOAN,4258915.86,1320427.68,11.52,180,2021-04-19,2036-04-19,A,CLOSED
LN00771,LN3176000771,CU01903,PR015,BR002,OF0066,HOME_LOAN,1450927.97,1367676.08,15.38,120,2023-05-13,2033-05-13,C,ACTIVE
LN00772,LN8310000772,CU04917,PR014,BR001,OF0031,HOME_LOAN,153136.46,90005.27,9.66,12,2020-01-11,2021-01-11,B,DEFAULTED
LN00773,LN5167000773,CU01682,PR013,BR008,OF0082,HOME_LOAN,1585434.97,262793.42,15.86,12,2022-03-15,2023-03-15,D,DEFAULTED
LN00774,LN7291000774,CU03671,PR012,BR001,OF0019,PERSONAL_LOAN,200016.80,49226.97,10.82,180,2022-11-14,2037-11-14,B,DEFAULTED
LN00775,LN2555000775,CU00051,PR014,BR009,OF0068,HOME_LOAN,1213849.42,314317.86,15.62,24,2022-06-17,2024-06-17,B,ACTIVE
LN00776,LN4110000776,CU03051,PR013,BR005,OF0034,HOME_LOAN,1058591.90,318648.89,13.36,120,2022-07-14,2032-07-14,A,DEFAULTED
LN00777,LN1064000777,CU04537,PR015,BR004,OF0084,HOME_LOAN,4019493.02,1429651.37,9.87,240,2018-08-02,2038-08-02,C,DEFAULTED
LN00778,LN5063000778,CU01227,PR014,BR003,OF0001,HOME_LOAN,2617117.26,2470937.57,12.67,60,2021-03-07,2026-03-07,A,DEFAULTED
LN00779,LN7970000779,CU02933,PR013,BR006,OF0050,HOME_LOAN,3721767.11,2481316.43,7.04,180,2021-07-31,2036-07-31,B,ACTIVE
LN00780,LN8620000780,CU02350,PR010,BR006,OF0092,PERSONAL_LOAN,4448973.02,3147722.98,12.33,120,2020-04-01,2030-04-01,C,ACTIVE
LN00781,LN6865000781,CU04251,PR013,BR005,OF0002,HOME_LOAN,4992039.78,4127346.86,12.96,24,2018-11-12,2020-11-12,B,DEFAULTED
LN00782,LN6316000782,CU00619,PR015,BR005,OF0029,HOME_LOAN,3856370.79,3287137.77,9.98,120,2022-01-30,2032-01-30,C,ACTIVE
LN00783,LN2836000783,CU00136,PR012,BR010,OF0004,PERSONAL_LOAN,50827.15,20523.46,14.94,120,2022-03-21,2032-03-21,B,DEFAULTED
LN00784,LN5742000784,CU03969,PR010,BR009,OF0016,PERSONAL_LOAN,2716728.21,2142596.39,8.27,60,2023-05-11,2028-05-11,B,CLOSED
LN00785,LN8991000785,CU02643,PR014,BR008,OF0097,HOME_LOAN,884659.05,440790.10,10.67,24,2024-07-20,2026-07-20,B,DEFAULTED
LN00786,LN9885000786,CU01494,PR012,BR007,OF0051,PERSONAL_LOAN,3371611.43,651821.05,8.87,60,2020-03-16,2025-03-16,C,ACTIVE
LN00787,LN6215000787,CU02662,PR014,BR005,OF0085,HOME_LOAN,1147216.90,150131.89,10.39,24,2024-05-28,2026-05-28,A,DEFAULTED
LN00788,LN9831000788,CU02030,PR011,BR001,OF0003,PERSONAL_LOAN,4242199.11,3616772.34,12.34,36,2023-09-28,2026-09-28,A,DEFAULTED
LN00789,LN4516000789,CU01655,PR014,BR004,OF0046,HOME_LOAN,1864718.82,880648.78,14.51,60,2020-03-17,2025-03-17,B,ACTIVE
LN00790,LN6047000790,CU04854,PR012,BR003,OF0032,PERSONAL_LOAN,1955370.82,384501.71,7.15,12,2018-11-23,2019-11-23,B,DEFAULTED
LN00791,LN6626000791,CU01428,PR015,BR010,OF0033,HOME_LOAN,2664897.61,2285509.05,12.29,240,2018-04-14,2038-04-14,B,ACTIVE
LN00792,LN5914000792,CU03459,PR012,BR008,OF0082,PERSONAL_LOAN,2768331.86,1429662.32,15.69,12,2020-04-19,2021-04-19,C,DEFAULTED
LN00793,LN6723000793,CU03764,PR010,BR007,OF0051,PERSONAL_LOAN,2465222.18,1239004.94,7.22,60,2018-03-20,2023-03-20,D,ACTIVE
LN00794,LN9830000794,CU03005,PR015,BR002,OF0079,HOME_LOAN,317381.57,77995.57,10.43,24,2021-08-24,2023-08-24,B,CLOSED
LN00795,LN1328000795,CU04241,PR014,BR010,OF0014,HOME_LOAN,1309567.33,574566.80,11.07,24,2023-08-14,2025-08-14,B,ACTIVE
LN00796,LN2351000796,CU00142,PR015,BR006,OF0024,HOME_LOAN,4722639.98,2614280.51,13.55,12,2018-10-02,2019-10-02,C,CLOSED
LN00797,LN1063000797,CU02035,PR010,BR010,OF0004,PERSONAL_LOAN,1252787.48,976510.83,14.12,120,2018-07-09,2028-07-09,A,CLOSED
LN00798,LN9113000798,CU04745,PR010,BR010,OF0033,PERSONAL_LOAN,3734555.55,2083876.67,10.24,180,2024-03-22,2039-03-22,B,ACTIVE
LN00799,LN7860000799,CU00512,PR011,BR005,OF0071,PERSONAL_LOAN,572061.85,196105.47,11.54,60,2020-01-31,2025-01-31,C,CLOSED
LN00800,LN8414000800,CU04556,PR010,BR004,OF0046,PERSONAL_LOAN,885401.75,396066.93,12.42,24,2022-01-09,2024-01-09,B,DEFAULTED
LN00801,LN3382000801,CU00861,PR011,BR007,OF0065,PERSONAL_LOAN,1324415.33,292891.42,14.88,120,2019-05-09,2029-05-09,C,CLOSED
LN00802,LN4887000802,CU01889,PR015,BR004,OF0027,HOME_LOAN,1892202.20,1189357.25,13.81,60,2018-01-10,2023-01-10,B,CLOSED
LN00803,LN8819000803,CU02245,PR012,BR006,OF0092,PERSONAL_LOAN,4621331.79,1994714.17,14.31,12,2022-01-15,2023-01-15,C,ACTIVE
LN00804,LN8372000804,CU04040,PR010,BR001,OF0003,PERSONAL_LOAN,2157550.48,2127743.41,7.47,120,2022-05-21,2032-05-21,B,DEFAULTED
LN00805,LN7676000805,CU03382,PR015,BR003,OF0037,HOME_LOAN,2431938.83,1078686.06,13.10,180,2020-08-25,2035-08-25,C,DEFAULTED
LN00806,LN7208000806,CU02241,PR011,BR002,OF0007,PERSONAL_LOAN,2478038.17,717044.34,7.59,180,2021-03-29,2036-03-29,B,DEFAULTED
LN00807,LN3633000807,CU03686,PR010,BR006,OF0012,PERSONAL_LOAN,3942136.38,2066304.46,14.16,240,2024-03-09,2044-03-09,B,DEFAULTED
LN00808,LN6041000808,CU04587,PR010,BR004,OF0030,PERSONAL_LOAN,3044379.97,2641001.44,13.65,120,2020-03-21,2030-03-21,B,CLOSED
LN00809,LN7135000809,CU03955,PR011,BR003,OF0025,PERSONAL_LOAN,3416581.44,3359375.21,8.02,120,2024-01-03,2034-01-03,B,CLOSED
LN00810,LN5232000810,CU00538,PR011,BR007,OF0077,PERSONAL_LOAN,3165157.07,3163140.78,7.98,12,2019-06-17,2020-06-17,B,ACTIVE
LN00811,LN6897000811,CU04740,PR010,BR008,OF0036,PERSONAL_LOAN,699308.11,376664.86,14.05,180,2021-01-28,2036-01-28,A,DEFAULTED
LN00812,LN3859000812,CU02683,PR014,BR004,OF0030,HOME_LOAN,75839.76,25077.95,13.48,36,2020-04-02,2023-04-02,B,DEFAULTED
LN00813,LN3867000813,CU01900,PR012,BR007,OF0065,PERSONAL_LOAN,4021652.87,847828.08,15.47,240,2021-02-18,2041-02-18,C,ACTIVE
LN00814,LN3818000814,CU03510,PR012,BR007,OF0051,PERSONAL_LOAN,718585.89,91686.98,13.24,180,2020-01-20,2035-01-20,A,DEFAULTED
LN00815,LN5103000815,CU00189,PR014,BR008,OF0097,HOME_LOAN,1313296.60,174884.86,14.75,36,2019-02-08,2022-02-08,A,ACTIVE
LN00816,LN1055000816,CU03324,PR014,BR009,OF0062,HOME_LOAN,2138183.83,978228.72,12.48,240,2022-01-14,2042-01-14,B,CLOSED
LN00817,LN9558000817,CU02444,PR013,BR010,OF0059,HOME_LOAN,3589305.77,3553128.11,15.82,24,2022-08-05,2024-08-05,B,ACTIVE
LN00818,LN7294000818,CU02953,PR010,BR003,OF0053,PERSONAL_LOAN,3315356.36,1123270.12,14.21,180,2020-04-18,2035-04-18,C,ACTIVE
LN00819,LN8111000819,CU03602,PR011,BR003,OF0001,PERSONAL_LOAN,4621773.45,729488.45,13.45,240,2021-08-07,2041-08-07,B,DEFAULTED
LN00820,LN6990000820,CU00590,PR011,BR002,OF0013,PERSONAL_LOAN,800873.67,673685.78,9.04,120,2024-03-31,2034-03-31,C,CLOSED
LN00821,LN3301000821,CU04576,PR010,BR004,OF0047,PERSONAL_LOAN,4112090.95,831910.27,12.75,60,2019-11-19,2024-11-19,B,ACTIVE
LN00822,LN8486000822,CU00071,PR011,BR004,OF0022,PERSONAL_LOAN,1891682.69,771050.25,9.41,60,2023-07-01,2028-07-01,D,DEFAULTED
LN00823,LN1783000823,CU02988,PR013,BR008,OF0036,HOME_LOAN,4107495.76,1468353.58,14.42,120,2019-09-08,2029-09-08,A,CLOSED
LN00824,LN6758000824,CU00701,PR014,BR009,OF0068,HOME_LOAN,4130939.06,3712142.29,9.75,60,2018-03-15,2023-03-15,B,CLOSED
LN00825,LN4666000825,CU01204,PR013,BR001,OF0074,HOME_LOAN,4187137.16,3059371.89,13.86,12,2023-05-31,2024-05-31,B,ACTIVE
LN00826,LN7447000826,CU03742,PR012,BR009,OF0041,PERSONAL_LOAN,4334843.98,1151569.64,13.07,24,2021-10-27,2023-10-27,B,ACTIVE
LN00827,LN3214000827,CU04218,PR013,BR010,OF0004,HOME_LOAN,4201625.47,1183643.47,11.87,120,2022-03-31,2032-03-31,B,DEFAULTED
LN00828,LN4536000828,CU02745,PR011,BR004,OF0096,PERSONAL_LOAN,2492131.39,649170.77,8.25,240,2024-11-04,2044-11-04,A,ACTIVE
LN00829,LN4563000829,CU02859,PR015,BR004,OF0027,HOME_LOAN,3356734.98,1821954.10,15.82,24,2021-02-03,2023-02-03,B,ACTIVE
LN00830,LN9132000830,CU03563,PR015,BR005,OF0080,HOME_LOAN,2028194.95,614351.90,8.12,120,2023-09-22,2033-09-22,C,ACTIVE
LN00831,LN1724000831,CU01453,PR013,BR010,OF0006,HOME_LOAN,3285041.94,2162608.06,10.78,12,2024-09-05,2025-09-05,B,CLOSED
LN00832,LN7360000832,CU02124,PR010,BR008,OF0082,PERSONAL_LOAN,3530873.53,3080554.37,14.34,120,2020-03-12,2030-03-12,C,ACTIVE
LN00833,LN4539000833,CU03041,PR013,BR006,OF0081,HOME_LOAN,4936526.48,4266430.04,8.03,12,2022-01-25,2023-01-25,A,ACTIVE
LN00834,LN4879000834,CU01070,PR012,BR009,OF0020,PERSONAL_LOAN,3256204.83,379939.05,11.27,240,2018-01-18,2038-01-18,A,ACTIVE
LN00835,LN1829000835,CU04358,PR015,BR009,OF0057,HOME_LOAN,4186688.28,2581724.93,14.84,60,2024-01-24,2029-01-24,B,CLOSED
LN00836,LN5410000836,CU03381,PR010,BR003,OF0025,PERSONAL_LOAN,1314018.91,199971.82,8.57,36,2019-04-22,2022-04-22,B,DEFAULTED
LN00837,LN3057000837,CU00693,PR013,BR008,OF0097,HOME_LOAN,2810696.83,2607213.86,7.78,180,2021-05-10,2036-05-10,B,CLOSED
LN00838,LN5642000838,CU01048,PR013,BR006,OF0094,HOME_LOAN,3843719.29,430061.82,14.18,12,2022-09-01,2023-09-01,B,DEFAULTED
LN00839,LN8307000839,CU00820,PR010,BR009,OF0020,PERSONAL_LOAN,275518.78,105835.28,12.92,240,2019-06-02,2039-06-02,B,DEFAULTED
LN00840,LN2438000840,CU00852,PR013,BR004,OF0096,HOME_LOAN,2284908.85,1727483.83,8.28,180,2022-11-13,2037-11-13,C,DEFAULTED
LN00841,LN9019000841,CU03525,PR010,BR009,OF0058,PERSONAL_LOAN,2563501.38,1212647.61,9.74,60,2021-06-12,2026-06-12,B,CLOSED
LN00842,LN3397000842,CU02743,PR015,BR008,OF0061,HOME_LOAN,2208056.30,2065535.37,12.49,60,2020-10-30,2025-10-30,B,CLOSED
LN00843,LN1281000843,CU04088,PR013,BR005,OF0055,HOME_LOAN,2805105.76,1918032.34,7.13,36,2021-06-27,2024-06-27,C,CLOSED
LN00844,LN8220000844,CU01396,PR013,BR008,OF0036,HOME_LOAN,4204309.37,539322.50,13.71,120,2019-05-27,2029-05-27,C,CLOSED
LN00845,LN6113000845,CU01325,PR014,BR003,OF0078,HOME_LOAN,768635.14,628931.51,7.85,60,2018-07-08,2023-07-08,B,CLOSED
LN00846,LN7145000846,CU03564,PR011,BR006,OF0081,PERSONAL_LOAN,393785.23,144976.34,7.82,180,2018-12-05,2033-12-05,B,ACTIVE
LN00847,LN5363000847,CU03414,PR014,BR001,OF0003,HOME_LOAN,856517.67,388469.35,12.60,180,2022-11-05,2037-11-05,B,ACTIVE
LN00848,LN3156000848,CU00598,PR015,BR003,OF0044,HOME_LOAN,767065.67,83333.20,8.68,12,2020-03-31,2021-03-31,B,ACTIVE
LN00849,LN1079000849,CU01770,PR015,BR001,OF0031,HOME_LOAN,2330393.66,1955195.96,14.54,24,2020-09-03,2022-09-03,B,ACTIVE
LN00850,LN4931000850,CU04329,PR011,BR007,OF0090,PERSONAL_LOAN,3214549.14,1406632.71,13.39,180,2023-12-14,2038-12-14,B,CLOSED
LN00851,LN5270000851,CU00394,PR015,BR007,OF0065,HOME_LOAN,3130352.72,3008251.37,14.33,24,2018-06-10,2020-06-10,D,DEFAULTED
LN00852,LN4321000852,CU02162,PR015,BR010,OF0006,HOME_LOAN,2095142.77,1021575.12,14.41,120,2021-05-20,2031-05-20,C,DEFAULTED
LN00853,LN7448000853,CU00492,PR010,BR005,OF0040,PERSONAL_LOAN,4283109.96,2002136.90,8.36,120,2023-11-23,2033-11-23,B,CLOSED
LN00854,LN4161000854,CU01678,PR013,BR003,OF0039,HOME_LOAN,4837555.72,1074723.36,11.61,24,2019-12-08,2021-12-08,A,CLOSED
LN00855,LN4055000855,CU01905,PR014,BR004,OF0087,HOME_LOAN,3482094.21,2602091.46,15.23,180,2021-01-10,2036-01-10,A,DEFAULTED
LN00856,LN7079000856,CU02109,PR010,BR008,OF0097,PERSONAL_LOAN,3525643.24,2600008.79,11.96,240,2024-11-30,2044-11-30,B,DEFAULTED
LN00857,LN6386000857,CU03800,PR014,BR007,OF0090,HOME_LOAN,2355512.30,2142321.31,11.97,60,2021-07-07,2026-07-07,A,ACTIVE
LN00858,LN9631000858,CU01924,PR013,BR006,OF0024,HOME_LOAN,3542907.48,1048521.12,12.35,120,2020-04-28,2030-04-28,B,ACTIVE
LN00859,LN1776000859,CU01973,PR010,BR007,OF0028,PERSONAL_LOAN,4528721.01,3936506.69,8.65,12,2020-12-30,2021-12-30,A,DEFAULTED
LN00860,LN4038000860,CU02737,PR013,BR003,OF0045,HOME_LOAN,4251155.75,1413013.93,15.96,36,2024-07-29,2027-07-29,C,ACTIVE
LN00861,LN9579000861,CU00018,PR013,BR006,OF0024,HOME_LOAN,1965398.49,847174.42,14.79,120,2022-01-11,2032-01-11,B,ACTIVE
LN00862,LN4567000862,CU00476,PR010,BR008,OF0093,PERSONAL_LOAN,2935134.17,2279876.84,9.50,36,2023-02-08,2026-02-08,B,CLOSED
LN00863,LN3936000863,CU00139,PR015,BR009,OF0011,HOME_LOAN,1303999.28,788681.88,13.32,120,2023-11-03,2033-11-03,A,ACTIVE
LN00864,LN8011000864,CU01984,PR012,BR010,OF0004,PERSONAL_LOAN,337127.45,201829.28,13.86,180,2019-03-14,2034-03-14,A,CLOSED
LN00865,LN7093000865,CU03801,PR015,BR003,OF0015,HOME_LOAN,1174480.37,262597.37,11.71,60,2021-10-13,2026-10-13,C,DEFAULTED
LN00866,LN8178000866,CU00648,PR010,BR001,OF0019,PERSONAL_LOAN,4478713.97,4191630.75,13.71,60,2021-08-17,2026-08-17,C,DEFAULTED
LN00867,LN7821000867,CU04483,PR012,BR003,OF0025,PERSONAL_LOAN,2320111.76,1611856.54,8.85,240,2020-04-26,2040-04-26,C,CLOSED
LN00868,LN9431000868,CU01402,PR014,BR008,OF0082,HOME_LOAN,546799.24,272290.07,11.91,60,2021-09-14,2026-09-14,A,CLOSED
LN00869,LN3643000869,CU03980,PR010,BR002,OF0079,PERSONAL_LOAN,3232659.41,2820461.87,14.92,120,2020-11-20,2030-11-20,B,CLOSED
LN00870,LN6995000870,CU01659,PR011,BR007,OF0065,PERSONAL_LOAN,4302562.09,803551.79,13.45,240,2021-07-07,2041-07-07,C,ACTIVE
LN00871,LN3614000871,CU01452,PR014,BR002,OF0013,HOME_LOAN,1084512.50,310826.74,13.53,180,2023-03-12,2038-03-12,A,DEFAULTED
LN00872,LN7737000872,CU02086,PR012,BR006,OF0050,PERSONAL_LOAN,4871921.93,4426547.53,9.12,12,2021-12-08,2022-12-08,C,DEFAULTED
LN00873,LN7869000873,CU04947,PR012,BR009,OF0017,PERSONAL_LOAN,2906772.48,1975199.20,9.38,36,2022-11-05,2025-11-05,B,ACTIVE
LN00874,LN1499000874,CU03163,PR013,BR008,OF0064,HOME_LOAN,3942277.00,3935977.90,9.22,12,2024-02-14,2025-02-14,B,CLOSED
LN00875,LN2877000875,CU03784,PR015,BR006,OF0018,HOME_LOAN,1799504.56,280898.69,13.59,36,2023-05-01,2026-05-01,C,CLOSED
LN00876,LN4950000876,CU03640,PR011,BR003,OF0044,PERSONAL_LOAN,4803120.75,1900042.32,12.21,60,2019-10-22,2024-10-22,B,ACTIVE
LN00877,LN2627000877,CU04280,PR012,BR010,OF0033,PERSONAL_LOAN,2344709.76,1228502.73,10.43,12,2023-12-21,2024-12-21,B,DEFAULTED
LN00878,LN9273000878,CU03963,PR012,BR006,OF0024,PERSONAL_LOAN,1337752.07,590524.88,13.67,120,2020-08-11,2030-08-11,C,CLOSED
LN00879,LN4896000879,CU01869,PR012,BR001,OF0003,PERSONAL_LOAN,4273293.80,2708784.80,8.74,24,2024-06-27,2026-06-27,B,DEFAULTED
LN00880,LN2350000880,CU00325,PR012,BR009,OF0057,PERSONAL_LOAN,3843680.80,957212.10,12.95,36,2021-11-16,2024-11-16,C,DEFAULTED
LN00881,LN5762000881,CU02577,PR011,BR007,OF0077,PERSONAL_LOAN,2060104.11,1345823.88,11.37,60,2022-11-18,2027-11-18,B,ACTIVE
LN00882,LN4938000882,CU03228,PR010,BR003,OF0053,PERSONAL_LOAN,1838764.18,445275.92,14.72,60,2021-02-21,2026-02-21,C,DEFAULTED
LN00883,LN2263000883,CU01919,PR012,BR007,OF0051,PERSONAL_LOAN,3804553.84,2778823.26,12.63,180,2021-10-02,2036-10-02,B,DEFAULTED
LN00884,LN3581000884,CU02164,PR013,BR001,OF0074,HOME_LOAN,3314323.17,932485.55,13.70,240,2022-11-16,2042-11-16,B,ACTIVE
LN00885,LN8539000885,CU04838,PR011,BR001,OF0003,PERSONAL_LOAN,4108523.53,1827159.16,8.31,36,2020-11-12,2023-11-12,C,CLOSED
LN00886,LN5113000886,CU03426,PR014,BR010,OF0021,HOME_LOAN,155336.06,71527.64,12.54,240,2021-04-09,2041-04-09,C,ACTIVE
LN00887,LN4599000887,CU04128,PR011,BR008,OF0075,PERSONAL_LOAN,3677679.24,3596263.83,9.24,60,2019-03-12,2024-03-12,B,DEFAULTED
LN00888,LN3532000888,CU01629,PR010,BR001,OF0019,PERSONAL_LOAN,826398.09,451307.10,15.06,12,2018-01-04,2019-01-04,D,DEFAULTED
LN00889,LN1245000889,CU04433,PR012,BR005,OF0080,PERSONAL_LOAN,4922384.29,3746970.61,13.66,180,2023-11-14,2038-11-14,C,ACTIVE
LN00890,LN5970000890,CU01234,PR011,BR010,OF0014,PERSONAL_LOAN,2533027.06,1830459.38,15.55,36,2020-05-31,2023-05-31,B,ACTIVE
LN00891,LN8607000891,CU01946,PR015,BR001,OF0003,HOME_LOAN,3042016.71,1586954.98,12.88,120,2019-03-07,2029-03-07,B,DEFAULTED
LN00892,LN6418000892,CU00888,PR010,BR010,OF0014,PERSONAL_LOAN,1336644.33,1312727.95,10.73,24,2020-10-03,2022-10-03,B,CLOSED
LN00893,LN2193000893,CU04409,PR012,BR009,OF0076,PERSONAL_LOAN,147554.49,48244.86,8.66,240,2018-08-15,2038-08-15,D,DEFAULTED
LN00894,LN6877000894,CU03513,PR012,BR005,OF0071,PERSONAL_LOAN,4099542.89,3496769.97,10.48,180,2023-01-09,2038-01-09,C,ACTIVE
LN00895,LN3766000895,CU01266,PR012,BR007,OF0090,PERSONAL_LOAN,3054252.86,2468806.77,12.52,180,2020-04-26,2035-04-26,A,ACTIVE
LN00896,LN8130000896,CU00582,PR013,BR010,OF0008,HOME_LOAN,4836332.80,3909044.80,10.80,24,2023-04-25,2025-04-25,C,DEFAULTED
LN00897,LN8294000897,CU00672,PR011,BR004,OF0022,PERSONAL_LOAN,2374075.86,2254193.78,15.48,180,2020-10-01,2035-10-01,B,CLOSED
LN00898,LN1740000898,CU04195,PR012,BR004,OF0022,PERSONAL_LOAN,1661658.35,1621114.17,12.00,240,2020-03-10,2040-03-10,C,CLOSED
LN00899,LN1858000899,CU03761,PR010,BR010,OF0008,PERSONAL_LOAN,534330.27,399571.55,11.19,60,2023-07-21,2028-07-21,B,CLOSED
LN00900,LN7847000900,CU02125,PR012,BR008,OF0061,PERSONAL_LOAN,1393188.34,1292721.59,12.01,12,2022-10-12,2023-10-12,C,DEFAULTED
LN00901,LN5499000901,CU04401,PR014,BR004,OF0098,HOME_LOAN,221666.07,186969.88,15.72,36,2021-04-23,2024-04-23,D,CLOSED
LN00902,LN9491000902,CU02196,PR010,BR010,OF0021,PERSONAL_LOAN,4656162.13,2705517.20,9.66,36,2023-11-28,2026-11-28,A,CLOSED
LN00903,LN6496000903,CU00971,PR012,BR007,OF0028,PERSONAL_LOAN,3665942.25,3351133.85,8.68,60,2024-11-22,2029-11-22,B,CLOSED
LN00904,LN4293000904,CU00427,PR010,BR005,OF0029,PERSONAL_LOAN,988494.29,403752.58,13.60,180,2024-02-23,2039-02-23,A,DEFAULTED
LN00905,LN6781000905,CU03421,PR012,BR010,OF0014,PERSONAL_LOAN,3640799.22,3355698.08,9.47,240,2018-01-24,2038-01-24,B,DEFAULTED
LN00906,LN9253000906,CU03610,PR013,BR003,OF0053,HOME_LOAN,267440.67,142749.42,15.24,12,2024-04-28,2025-04-28,A,CLOSED
LN00907,LN9783000907,CU02224,PR010,BR007,OF0028,PERSONAL_LOAN,1547831.12,1461108.67,11.81,12,2023-04-17,2024-04-17,C,ACTIVE
LN00908,LN6438000908,CU01275,PR012,BR006,OF0018,PERSONAL_LOAN,229123.53,60376.64,13.67,36,2019-03-31,2022-03-31,C,ACTIVE
LN00909,LN7791000909,CU03365,PR014,BR009,OF0091,HOME_LOAN,744057.53,672466.81,7.01,60,2023-05-19,2028-05-19,A,CLOSED
LN00910,LN2560000910,CU00085,PR014,BR004,OF0022,HOME_LOAN,3555788.16,712830.52,12.42,24,2023-01-21,2025-01-21,B,DEFAULTED
LN00911,LN7580000911,CU02505,PR014,BR007,OF0090,HOME_LOAN,2333671.55,1288453.35,9.19,120,2024-10-14,2034-10-14,B,DEFAULTED
LN00912,LN5452000912,CU00986,PR010,BR002,OF0013,PERSONAL_LOAN,1821365.04,670645.55,11.51,120,2021-08-02,2031-08-02,B,DEFAULTED
LN00913,LN6623000913,CU04385,PR014,BR001,OF0019,HOME_LOAN,1672502.78,949829.03,11.74,120,2021-08-16,2031-08-16,B,DEFAULTED
LN00914,LN5885000914,CU00171,PR012,BR008,OF0097,PERSONAL_LOAN,4760515.23,2229267.43,15.76,60,2019-07-29,2024-07-29,B,ACTIVE
LN00915,LN4702000915,CU03639,PR011,BR010,OF0008,PERSONAL_LOAN,3153877.76,506271.66,14.00,120,2022-01-16,2032-01-16,C,DEFAULTED
LN00916,LN7832000916,CU01401,PR012,BR009,OF0076,PERSONAL_LOAN,4019035.71,2723626.67,10.85,24,2022-06-01,2024-06-01,A,ACTIVE
LN00917,LN1007000917,CU02605,PR011,BR002,OF0073,PERSONAL_LOAN,2404204.90,670257.86,15.86,12,2022-09-22,2023-09-22,A,DEFAULTED
LN00918,LN6678000918,CU00376,PR010,BR002,OF0066,PERSONAL_LOAN,1687519.50,1470847.74,11.24,180,2022-07-23,2037-07-23,B,DEFAULTED
LN00919,LN8863000919,CU03073,PR011,BR008,OF0093,PERSONAL_LOAN,3136413.03,2947684.77,12.16,12,2020-08-04,2021-08-04,A,DEFAULTED
LN00920,LN2018000920,CU02835,PR010,BR005,OF0034,PERSONAL_LOAN,4336566.24,1850647.46,15.93,240,2023-08-13,2043-08-13,A,CLOSED
LN00921,LN5230000921,CU02812,PR015,BR006,OF0095,HOME_LOAN,1524542.38,861646.46,7.75,120,2023-04-15,2033-04-15,A,ACTIVE
LN00922,LN7552000922,CU00627,PR014,BR006,OF0050,HOME_LOAN,3161263.97,927414.92,12.77,36,2019-01-05,2022-01-05,B,ACTIVE
LN00923,LN2923000923,CU00602,PR014,BR005,OF0055,HOME_LOAN,4569554.73,3009089.80,13.11,180,2019-02-18,2034-02-18,B,CLOSED
LN00924,LN9738000924,CU04585,PR015,BR005,OF0085,HOME_LOAN,2658768.23,2069911.54,12.45,12,2023-04-09,2024-04-09,C,DEFAULTED
LN00925,LN2815000925,CU03842,PR013,BR006,OF0095,HOME_LOAN,659891.03,192337.15,7.19,180,2018-12-21,2033-12-21,C,DEFAULTED
LN00926,LN5326000926,CU03858,PR011,BR007,OF0023,PERSONAL_LOAN,4081890.07,3794199.98,7.93,60,2021-08-28,2026-08-28,D,CLOSED
LN00927,LN9164000927,CU01147,PR011,BR007,OF0051,PERSONAL_LOAN,4673086.65,3432330.57,14.59,12,2022-10-19,2023-10-19,B,ACTIVE
LN00928,LN5684000928,CU03847,PR013,BR008,OF0064,HOME_LOAN,4533065.17,1264516.33,7.29,24,2024-05-21,2026-05-21,A,CLOSED
LN00929,LN4753000929,CU02267,PR010,BR005,OF0034,PERSONAL_LOAN,3071124.13,2579421.38,12.99,240,2018-05-28,2038-05-28,A,CLOSED
LN00930,LN5311000930,CU00972,PR012,BR007,OF0023,PERSONAL_LOAN,1303346.84,1039335.12,8.83,36,2023-02-05,2026-02-05,A,ACTIVE
LN00931,LN3537000931,CU01774,PR012,BR007,OF0049,PERSONAL_LOAN,3879772.05,1347062.65,10.15,36,2021-07-24,2024-07-24,C,CLOSED
LN00932,LN9014000932,CU03633,PR011,BR004,OF0022,PERSONAL_LOAN,1393993.40,415967.20,8.16,24,2018-04-02,2020-04-02,B,CLOSED
LN00933,LN4367000933,CU01577,PR013,BR010,OF0021,HOME_LOAN,3022349.41,1470939.43,14.18,180,2022-09-04,2037-09-04,B,CLOSED
LN00934,LN4595000934,CU02616,PR015,BR007,OF0023,HOME_LOAN,3238267.94,1530485.72,9.72,60,2020-08-04,2025-08-04,C,CLOSED
LN00935,LN4660000935,CU04837,PR013,BR001,OF0019,HOME_LOAN,138595.55,62853.46,11.66,60,2024-02-28,2029-02-28,C,DEFAULTED
LN00936,LN8541000936,CU00245,PR012,BR009,OF0062,PERSONAL_LOAN,4498178.12,1645451.66,14.11,240,2023-08-18,2043-08-18,B,CLOSED
LN00937,LN2675000937,CU00716,PR010,BR010,OF0014,PERSONAL_LOAN,1831845.93,1258223.61,12.19,240,2022-12-19,2042-12-19,B,DEFAULTED
LN00938,LN8001000938,CU01600,PR012,BR007,OF0090,PERSONAL_LOAN,2334909.76,1723436.73,13.99,120,2024-10-20,2034-10-20,B,CLOSED
LN00939,LN7130000939,CU02792,PR010,BR006,OF0050,PERSONAL_LOAN,472166.43,426340.92,8.82,60,2018-07-25,2023-07-25,D,DEFAULTED
LN00940,LN4845000940,CU01587,PR012,BR001,OF0083,PERSONAL_LOAN,3290989.91,2013962.53,8.99,36,2020-10-01,2023-10-01,A,ACTIVE
LN00941,LN1923000941,CU00864,PR014,BR004,OF0022,HOME_LOAN,1945658.65,1069034.40,13.12,12,2023-10-18,2024-10-18,A,DEFAULTED
LN00942,LN6244000942,CU02590,PR010,BR001,OF0019,PERSONAL_LOAN,3416648.09,957723.85,7.13,60,2019-04-05,2024-04-05,A,ACTIVE
LN00943,LN3647000943,CU02472,PR014,BR009,OF0067,HOME_LOAN,3243879.58,1348733.75,11.41,240,2024-03-17,2044-03-17,A,DEFAULTED
LN00944,LN1884000944,CU04717,PR014,BR003,OF0005,HOME_LOAN,1898490.46,388292.03,15.52,36,2019-04-11,2022-04-11,A,CLOSED
LN00945,LN9784000945,CU03200,PR012,BR004,OF0098,PERSONAL_LOAN,863904.39,324017.26,13.04,12,2020-03-13,2021-03-13,C,DEFAULTED
LN00946,LN2089000946,CU04046,PR010,BR001,OF0003,PERSONAL_LOAN,1231618.24,623473.10,13.05,180,2019-10-09,2034-10-09,C,CLOSED
LN00947,LN5857000947,CU03397,PR011,BR006,OF0081,PERSONAL_LOAN,3459545.61,664972.44,15.63,180,2023-07-17,2038-07-17,D,ACTIVE
LN00948,LN4211000948,CU02358,PR012,BR010,OF0004,PERSONAL_LOAN,4837297.42,744723.02,12.05,24,2021-02-20,2023-02-20,B,ACTIVE
LN00949,LN8786000949,CU02746,PR010,BR009,OF0068,PERSONAL_LOAN,1720932.65,670580.12,10.56,12,2021-09-28,2022-09-28,B,DEFAULTED
LN00950,LN5197000950,CU04238,PR011,BR001,OF0031,PERSONAL_LOAN,471737.53,420324.05,13.86,36,2020-07-08,2023-07-08,B,DEFAULTED
LN00951,LN2540000951,CU00830,PR010,BR005,OF0010,PERSONAL_LOAN,4553697.31,2396602.38,14.91,12,2018-01-13,2019-01-13,B,CLOSED
LN00952,LN9260000952,CU04624,PR014,BR003,OF0078,HOME_LOAN,2601506.01,1967481.83,15.88,36,2020-12-27,2023-12-27,C,CLOSED
LN00953,LN3157000953,CU04561,PR010,BR008,OF0097,PERSONAL_LOAN,1314370.65,642193.15,10.39,120,2020-09-05,2030-09-05,C,ACTIVE
LN00954,LN1161000954,CU04029,PR012,BR007,OF0051,PERSONAL_LOAN,2290178.25,878646.04,9.91,120,2021-11-13,2031-11-13,B,DEFAULTED
LN00955,LN5246000955,CU01999,PR011,BR008,OF0036,PERSONAL_LOAN,606600.45,248413.42,15.93,24,2019-07-25,2021-07-25,B,CLOSED
LN00956,LN5894000956,CU03693,PR012,BR006,OF0050,PERSONAL_LOAN,4534854.06,1291315.12,9.53,180,2024-08-14,2039-08-14,A,ACTIVE
LN00957,LN9543000957,CU00450,PR011,BR001,OF0074,PERSONAL_LOAN,209507.47,157066.42,8.62,240,2022-02-08,2042-02-08,B,ACTIVE
LN00958,LN2712000958,CU00755,PR015,BR003,OF0025,HOME_LOAN,546685.18,504730.87,11.14,36,2023-12-14,2026-12-14,C,CLOSED
LN00959,LN6330000959,CU04879,PR015,BR003,OF0069,HOME_LOAN,2765324.24,459428.84,8.95,12,2021-09-06,2022-09-06,B,ACTIVE
LN00960,LN1779000960,CU00426,PR010,BR010,OF0006,PERSONAL_LOAN,1124173.16,465290.33,14.91,12,2021-05-14,2022-05-14,A,CLOSED
LN00961,LN6700000961,CU00541,PR011,BR004,OF0022,PERSONAL_LOAN,1578178.46,804901.18,12.41,60,2019-04-18,2024-04-18,B,CLOSED
LN00962,LN5946000962,CU03171,PR011,BR003,OF0045,PERSONAL_LOAN,3762721.92,3421969.29,13.93,120,2018-06-15,2028-06-15,B,ACTIVE
LN00963,LN4756000963,CU04281,PR010,BR004,OF0022,PERSONAL_LOAN,2656998.80,1805281.34,15.15,12,2024-12-09,2025-12-09,A,DEFAULTED
LN00964,LN7156000964,CU04442,PR010,BR003,OF0043,PERSONAL_LOAN,1446652.18,1327472.54,9.72,60,2021-03-25,2026-03-25,A,CLOSED
LN00965,LN9562000965,CU02639,PR014,BR004,OF0022,HOME_LOAN,2587818.38,659680.10,10.32,24,2019-05-18,2021-05-18,B,ACTIVE
LN00966,LN8251000966,CU04657,PR015,BR007,OF0090,HOME_LOAN,3944387.51,1450922.37,12.09,180,2021-05-11,2036-05-11,C,CLOSED
LN00967,LN2647000967,CU00769,PR011,BR007,OF0051,PERSONAL_LOAN,4733316.39,3931617.06,15.11,24,2019-03-24,2021-03-24,B,ACTIVE
LN00968,LN4034000968,CU04352,PR014,BR004,OF0047,HOME_LOAN,1668624.56,892115.41,9.62,180,2019-09-02,2034-09-02,D,ACTIVE
LN00969,LN9699000969,CU01586,PR011,BR010,OF0088,PERSONAL_LOAN,4166740.70,2886922.68,9.89,36,2022-09-20,2025-09-20,B,CLOSED
LN00970,LN5819000970,CU00013,PR014,BR008,OF0082,HOME_LOAN,589219.57,315337.00,9.59,240,2023-06-22,2043-06-22,A,DEFAULTED
LN00971,LN9860000971,CU02370,PR015,BR010,OF0059,HOME_LOAN,934919.59,437467.21,11.59,60,2023-11-14,2028-11-14,A,DEFAULTED
LN00972,LN4623000972,CU02618,PR015,BR010,OF0006,HOME_LOAN,1065837.67,193888.91,15.43,12,2019-03-24,2020-03-24,D,ACTIVE
LN00973,LN7690000973,CU02705,PR012,BR010,OF0021,PERSONAL_LOAN,3897367.46,3300825.48,12.95,12,2022-02-20,2023-02-20,C,CLOSED
LN00974,LN5477000974,CU01957,PR015,BR006,OF0092,HOME_LOAN,4381139.87,1812604.23,8.41,60,2020-12-08,2025-12-08,C,CLOSED
LN00975,LN8024000975,CU04956,PR013,BR009,OF0052,HOME_LOAN,2098870.77,286795.62,12.87,60,2020-09-20,2025-09-20,B,DEFAULTED
LN00976,LN4668000976,CU03859,PR010,BR001,OF0074,PERSONAL_LOAN,1409519.45,513612.22,14.42,120,2021-08-01,2031-08-01,A,CLOSED
LN00977,LN2529000977,CU03713,PR010,BR001,OF0003,PERSONAL_LOAN,683973.89,571331.21,11.09,36,2022-12-31,2025-12-31,C,DEFAULTED
LN00978,LN8165000978,CU03997,PR012,BR008,OF0061,PERSONAL_LOAN,4154043.97,2770480.05,10.95,12,2018-09-20,2019-09-20,A,DEFAULTED
LN00979,LN6822000979,CU01201,PR014,BR002,OF0086,HOME_LOAN,4262157.52,1232093.29,12.41,180,2023-03-25,2038-03-25,A,CLOSED
LN00980,LN9800000980,CU00378,PR011,BR002,OF0086,PERSONAL_LOAN,334527.00,280324.50,14.14,180,2019-09-07,2034-09-07,B,DEFAULTED
LN00981,LN2009000981,CU02767,PR010,BR002,OF0086,PERSONAL_LOAN,3616981.95,3328311.24,12.70,12,2018-10-15,2019-10-15,B,CLOSED
LN00982,LN8361000982,CU00814,PR012,BR002,OF0013,PERSONAL_LOAN,2444125.49,498092.77,8.22,24,2018-07-24,2020-07-24,B,CLOSED
LN00983,LN7830000983,CU01478,PR012,BR004,OF0046,PERSONAL_LOAN,394519.14,194469.48,15.23,24,2023-11-23,2025-11-23,A,CLOSED
LN00984,LN1583000984,CU04429,PR011,BR002,OF0007,PERSONAL_LOAN,4719847.86,1231129.17,8.85,120,2020-10-20,2030-10-20,A,CLOSED
LN00985,LN8163000985,CU00833,PR011,BR009,OF0099,PERSONAL_LOAN,971671.45,731079.90,7.22,120,2018-01-10,2028-01-10,A,DEFAULTED
LN00986,LN1289000986,CU01231,PR015,BR007,OF0023,HOME_LOAN,457035.10,296345.92,15.00,120,2023-04-23,2033-04-23,B,CLOSED
LN00987,LN3363000987,CU02364,PR014,BR003,OF0069,HOME_LOAN,661416.81,301046.30,10.01,120,2023-12-13,2033-12-13,B,ACTIVE
LN00988,LN1059000988,CU04319,PR013,BR004,OF0046,HOME_LOAN,1970155.13,1422727.15,13.83,180,2023-01-22,2038-01-22,B,ACTIVE
LN00989,LN9018000989,CU01677,PR011,BR002,OF0086,PERSONAL_LOAN,1168653.78,142279.37,12.63,240,2023-08-21,2043-08-21,B,DEFAULTED
LN00990,LN6539000990,CU01101,PR011,BR006,OF0092,PERSONAL_LOAN,3847616.65,3014328.25,7.20,36,2022-10-31,2025-10-31,B,DEFAULTED
LN00991,LN3712000991,CU02637,PR012,BR008,OF0036,PERSONAL_LOAN,1551924.93,393250.48,11.90,120,2022-08-19,2032-08-19,A,ACTIVE
LN00992,LN3264000992,CU01888,PR012,BR007,OF0056,PERSONAL_LOAN,3210490.65,1572045.03,13.40,24,2019-10-31,2021-10-31,A,CLOSED
LN00993,LN9218000993,CU04881,PR010,BR004,OF0084,PERSONAL_LOAN,1521102.18,758214.14,9.47,180,2021-07-06,2036-07-06,B,CLOSED
LN00994,LN5086000994,CU04165,PR014,BR009,OF0076,HOME_LOAN,2993713.90,2415539.32,11.53,36,2019-06-23,2022-06-23,B,CLOSED
LN00995,LN5668000995,CU00256,PR010,BR008,OF0082,PERSONAL_LOAN,488590.52,426086.32,15.48,60,2023-03-29,2028-03-29,A,DEFAULTED
LN00996,LN7747000996,CU03018,PR010,BR001,OF0003,PERSONAL_LOAN,1376203.00,1003089.00,9.77,240,2022-09-08,2042-09-08,B,CLOSED
LN00997,LN1725000997,CU02944,PR011,BR010,OF0008,PERSONAL_LOAN,4070221.28,3616320.69,9.22,240,2018-03-22,2038-03-22,C,DEFAULTED
LN00998,LN5904000998,CU01197,PR010,BR008,OF0082,PERSONAL_LOAN,3094772.74,2199200.44,13.75,36,2024-01-16,2027-01-16,B,DEFAULTED
LN00999,LN8004000999,CU04915,PR012,BR004,OF0022,PERSONAL_LOAN,4036594.01,2968683.28,13.85,120,2024-09-15,2034-09-15,A,ACTIVE
LN01000,LN4545001000,CU01377,PR014,BR004,OF0046,HOME_LOAN,3547627.42,1585580.26,10.84,180,2022-09-28,2037-09-28,A,CLOSED
LN01001,LN8860001001,CU01800,PR015,BR008,OF0075,HOME_LOAN,96468.19,94863.46,12.22,240,2018-08-12,2038-08-12,A,DEFAULTED
LN01002,LN2048001002,CU01942,PR011,BR004,OF0027,PERSONAL_LOAN,1463284.54,842446.10,12.50,12,2024-04-22,2025-04-22,B,CLOSED
LN01003,LN9234001003,CU03388,PR014,BR007,OF0051,HOME_LOAN,4301858.27,3696316.14,11.87,60,2022-08-19,2027-08-19,C,DEFAULTED
LN01004,LN5348001004,CU02457,PR012,BR001,OF0003,PERSONAL_LOAN,4016638.14,1458481.36,14.12,24,2022-01-15,2024-01-15,C,DEFAULTED
LN01005,LN3274001005,CU04694,PR011,BR006,OF0054,PERSONAL_LOAN,722007.16,251414.96,10.92,60,2018-06-03,2023-06-03,A,DEFAULTED
LN01006,LN4378001006,CU00145,PR014,BR009,OF0011,HOME_LOAN,495603.59,144045.17,9.59,120,2018-01-15,2028-01-15,D,DEFAULTED
LN01007,LN4446001007,CU01356,PR010,BR001,OF0083,PERSONAL_LOAN,4014032.00,4004708.97,14.17,240,2023-01-23,2043-01-23,B,DEFAULTED
LN01008,LN6780001008,CU04645,PR013,BR003,OF0053,HOME_LOAN,4967545.36,3206653.61,9.90,36,2023-12-30,2026-12-30,A,ACTIVE
LN01009,LN8227001009,CU00539,PR015,BR001,OF0019,HOME_LOAN,1393578.14,1201856.29,10.10,240,2019-12-23,2039-12-23,B,CLOSED
LN01010,LN1281001010,CU00844,PR015,BR003,OF0044,HOME_LOAN,3233074.05,1310016.09,8.64,120,2018-06-21,2028-06-21,C,CLOSED
LN01011,LN8409001011,CU04428,PR012,BR001,OF0019,PERSONAL_LOAN,3161407.38,1385941.18,12.11,180,2019-11-03,2034-11-03,B,ACTIVE
LN01012,LN5990001012,CU04013,PR011,BR005,OF0060,PERSONAL_LOAN,537401.63,506589.92,14.82,120,2024-09-05,2034-09-05,A,CLOSED
LN01013,LN6901001013,CU01635,PR012,BR002,OF0086,PERSONAL_LOAN,3114683.32,1562476.95,8.22,12,2020-11-15,2021-11-15,A,ACTIVE
LN01014,LN7402001014,CU02256,PR010,BR002,OF0026,PERSONAL_LOAN,1276987.86,1214415.31,10.66,240,2018-08-12,2038-08-12,B,DEFAULTED
LN01015,LN8502001015,CU00404,PR015,BR009,OF0011,HOME_LOAN,2219410.52,2017029.33,14.23,180,2023-12-24,2038-12-24,A,ACTIVE
LN01016,LN5728001016,CU04305,PR012,BR009,OF0089,PERSONAL_LOAN,4009561.01,875145.01,9.75,12,2023-02-10,2024-02-10,C,ACTIVE
LN01017,LN6807001017,CU04133,PR010,BR007,OF0077,PERSONAL_LOAN,1388053.35,1305459.15,9.38,180,2020-12-17,2035-12-17,C,DEFAULTED
LN01018,LN1933001018,CU04926,PR015,BR002,OF0086,HOME_LOAN,3310938.38,3082280.14,14.96,36,2020-12-30,2023-12-30,C,DEFAULTED
LN01019,LN2310001019,CU03258,PR014,BR004,OF0047,HOME_LOAN,2902033.25,1438278.63,12.21,36,2018-03-04,2021-03-04,A,ACTIVE
LN01020,LN9928001020,CU04243,PR010,BR007,OF0049,PERSONAL_LOAN,1760762.88,1664182.47,10.73,36,2020-04-02,2023-04-02,A,ACTIVE
LN01021,LN2088001021,CU04369,PR010,BR008,OF0064,PERSONAL_LOAN,4258885.23,3993654.62,11.05,120,2021-01-11,2031-01-11,C,CLOSED
LN01022,LN2283001022,CU01350,PR010,BR006,OF0094,PERSONAL_LOAN,2143333.75,1889835.26,14.42,180,2023-08-24,2038-08-24,A,DEFAULTED
LN01023,LN1105001023,CU01908,PR014,BR007,OF0065,HOME_LOAN,1453620.35,413600.63,14.29,12,2021-05-13,2022-05-13,B,DEFAULTED
LN01024,LN4052001024,CU00484,PR010,BR008,OF0036,PERSONAL_LOAN,1478619.12,1196665.47,14.51,240,2024-04-01,2044-04-01,B,DEFAULTED
LN01025,LN3078001025,CU01436,PR015,BR010,OF0006,HOME_LOAN,2020839.46,548721.83,14.88,240,2023-12-14,2043-12-14,A,CLOSED
LN01026,LN2916001026,CU01300,PR011,BR003,OF0032,PERSONAL_LOAN,1244638.16,920532.27,7.03,240,2018-08-01,2038-08-01,D,CLOSED
LN01027,LN8205001027,CU00351,PR011,BR004,OF0022,PERSONAL_LOAN,4052472.73,770549.55,9.71,120,2023-04-16,2033-04-16,B,ACTIVE
LN01028,LN3407001028,CU00601,PR013,BR010,OF0004,HOME_LOAN,1974753.48,525465.83,10.51,12,2019-04-07,2020-04-07,A,CLOSED
LN01029,LN1884001029,CU01122,PR014,BR008,OF0082,HOME_LOAN,4116283.16,2319862.37,14.88,120,2018-02-17,2028-02-17,B,CLOSED
LN01030,LN8476001030,CU01947,PR010,BR002,OF0013,PERSONAL_LOAN,1714387.92,420856.08,13.50,36,2023-12-18,2026-12-18,A,CLOSED
LN01031,LN9565001031,CU01727,PR011,BR006,OF0094,PERSONAL_LOAN,112072.39,70907.31,9.06,180,2023-02-25,2038-02-25,C,CLOSED
LN01032,LN4696001032,CU03319,PR011,BR004,OF0096,PERSONAL_LOAN,417645.10,416799.47,8.70,36,2023-10-31,2026-10-31,A,DEFAULTED
LN01033,LN7342001033,CU02366,PR012,BR004,OF0047,PERSONAL_LOAN,1062761.42,549829.17,15.89,36,2021-02-12,2024-02-12,A,CLOSED
LN01034,LN1264001034,CU02433,PR015,BR005,OF0042,HOME_LOAN,2156830.72,557337.55,7.30,120,2020-11-12,2030-11-12,A,ACTIVE
LN01035,LN5574001035,CU01040,PR014,BR004,OF0063,HOME_LOAN,4719488.77,754481.16,10.32,12,2020-10-07,2021-10-07,B,DEFAULTED
LN01036,LN9444001036,CU03294,PR015,BR002,OF0086,HOME_LOAN,1663440.97,689052.98,14.85,120,2019-05-14,2029-05-14,B,ACTIVE
LN01037,LN1539001037,CU01882,PR010,BR008,OF0075,PERSONAL_LOAN,4995158.33,602432.85,14.53,36,2022-05-25,2025-05-25,B,ACTIVE
LN01038,LN2057001038,CU03851,PR015,BR004,OF0027,HOME_LOAN,4085901.67,2066394.45,8.28,24,2021-05-21,2023-05-21,A,ACTIVE
LN01039,LN1679001039,CU02690,PR015,BR005,OF0040,HOME_LOAN,151520.83,23504.41,10.98,180,2020-07-28,2035-07-28,A,ACTIVE
LN01040,LN4554001040,CU01598,PR013,BR004,OF0063,HOME_LOAN,1012825.18,648318.30,12.82,24,2020-12-26,2022-12-26,C,ACTIVE
LN01041,LN6684001041,CU02201,PR013,BR008,OF0036,HOME_LOAN,3386874.42,3088575.95,12.99,24,2018-12-04,2020-12-04,C,DEFAULTED
LN01042,LN7049001042,CU01595,PR011,BR004,OF0022,PERSONAL_LOAN,3811617.58,3796764.60,10.33,240,2023-03-14,2043-03-14,C,DEFAULTED
LN01043,LN8265001043,CU04300,PR013,BR009,OF0011,HOME_LOAN,3808509.18,2274838.60,11.14,120,2019-04-20,2029-04-20,B,ACTIVE
LN01044,LN4442001044,CU02034,PR015,BR005,OF0071,HOME_LOAN,4952831.20,3871417.96,11.75,24,2018-10-24,2020-10-24,B,DEFAULTED
LN01045,LN3829001045,CU04735,PR012,BR005,OF0100,PERSONAL_LOAN,1449157.56,506317.56,8.86,24,2023-01-05,2025-01-05,D,CLOSED
LN01046,LN4771001046,CU00463,PR014,BR004,OF0022,HOME_LOAN,2530216.66,1779120.79,10.74,60,2021-01-23,2026-01-23,C,DEFAULTED
LN01047,LN1483001047,CU03886,PR012,BR004,OF0047,PERSONAL_LOAN,3245521.36,2255161.59,11.87,180,2019-05-14,2034-05-14,D,DEFAULTED
LN01048,LN6304001048,CU04443,PR011,BR005,OF0040,PERSONAL_LOAN,2225924.17,1524634.48,11.17,60,2019-02-13,2024-02-13,B,DEFAULTED
LN01049,LN6180001049,CU00102,PR011,BR003,OF0078,PERSONAL_LOAN,3118422.47,2042385.90,10.02,24,2018-11-23,2020-11-23,B,CLOSED
LN01050,LN2825001050,CU04459,PR012,BR008,OF0075,PERSONAL_LOAN,644516.37,585116.55,7.68,12,2019-06-04,2020-06-04,B,ACTIVE
LN01051,LN1934001051,CU01583,PR012,BR007,OF0028,PERSONAL_LOAN,295046.62,203031.91,15.40,60,2018-11-25,2023-11-25,B,ACTIVE
LN01052,LN7670001052,CU04498,PR011,BR005,OF0071,PERSONAL_LOAN,2488177.75,1638581.63,7.61,24,2024-06-15,2026-06-15,A,ACTIVE
LN01053,LN1113001053,CU04366,PR015,BR009,OF0017,HOME_LOAN,1096819.70,432536.94,10.18,180,2021-01-27,2036-01-27,C,CLOSED
LN01054,LN6558001054,CU01795,PR012,BR005,OF0042,PERSONAL_LOAN,1081196.61,500516.26,14.47,12,2024-12-17,2025-12-17,B,CLOSED
LN01055,LN2126001055,CU04157,PR015,BR010,OF0008,HOME_LOAN,4337462.92,4331411.54,9.09,180,2022-03-04,2037-03-04,C,DEFAULTED
LN01056,LN5285001056,CU04870,PR015,BR003,OF0043,HOME_LOAN,2663985.54,1062415.65,14.43,36,2024-10-29,2027-10-29,A,ACTIVE
LN01057,LN8114001057,CU03155,PR011,BR005,OF0010,PERSONAL_LOAN,4234008.22,1940483.71,13.37,12,2022-05-01,2023-05-01,A,CLOSED
LN01058,LN7699001058,CU01096,PR011,BR002,OF0026,PERSONAL_LOAN,4377561.39,1679155.16,8.59,180,2021-01-22,2036-01-22,B,ACTIVE
LN01059,LN6967001059,CU01689,PR014,BR007,OF0051,HOME_LOAN,1549306.00,717327.63,11.10,12,2021-04-26,2022-04-26,C,ACTIVE
LN01060,LN9758001060,CU02207,PR014,BR005,OF0010,HOME_LOAN,3305690.81,2057511.76,14.78,60,2021-02-26,2026-02-26,B,CLOSED
LN01061,LN7840001061,CU04473,PR010,BR010,OF0006,PERSONAL_LOAN,2897237.41,692165.98,13.87,180,2019-01-10,2034-01-10,D,DEFAULTED
LN01062,LN3353001062,CU00916,PR013,BR008,OF0082,HOME_LOAN,1149892.53,980801.34,15.75,120,2023-07-09,2033-07-09,C,CLOSED
LN01063,LN7766001063,CU04445,PR015,BR004,OF0047,HOME_LOAN,4562844.79,3958061.79,14.63,120,2021-06-05,2031-06-05,B,CLOSED
LN01064,LN9783001064,CU03816,PR013,BR005,OF0071,HOME_LOAN,98307.26,47226.60,11.49,240,2021-04-23,2041-04-23,C,DEFAULTED
LN01065,LN8282001065,CU04508,PR013,BR008,OF0061,HOME_LOAN,2046865.18,960579.70,9.12,60,2022-08-24,2027-08-24,B,ACTIVE
LN01066,LN2248001066,CU01137,PR010,BR009,OF0011,PERSONAL_LOAN,1169904.51,238037.07,7.73,120,2019-12-24,2029-12-24,A,CLOSED
LN01067,LN5564001067,CU04935,PR010,BR006,OF0012,PERSONAL_LOAN,3564973.90,3003223.04,7.83,60,2022-07-06,2027-07-06,B,CLOSED
LN01068,LN4936001068,CU02609,PR013,BR002,OF0073,HOME_LOAN,4718858.38,3925211.92,12.40,12,2022-04-26,2023-04-26,A,ACTIVE
LN01069,LN1419001069,CU03817,PR010,BR001,OF0074,PERSONAL_LOAN,3322028.45,1224460.89,14.82,24,2018-06-08,2020-06-08,A,DEFAULTED
LN01070,LN5228001070,CU00243,PR014,BR006,OF0018,HOME_LOAN,3874581.04,1919371.85,12.51,12,2019-02-03,2020-02-03,B,DEFAULTED
LN01071,LN8367001071,CU04357,PR014,BR009,OF0011,HOME_LOAN,2596669.91,1943717.40,11.35,60,2018-06-01,2023-06-01,C,DEFAULTED
LN01072,LN5864001072,CU01280,PR015,BR009,OF0068,HOME_LOAN,88231.07,36057.32,15.67,240,2024-01-10,2044-01-10,B,DEFAULTED
LN01073,LN5383001073,CU02002,PR010,BR010,OF0006,PERSONAL_LOAN,580213.59,188143.61,7.14,60,2021-12-23,2026-12-23,B,DEFAULTED
LN01074,LN7828001074,CU04208,PR013,BR002,OF0073,HOME_LOAN,4011741.93,3196641.85,13.18,24,2021-06-14,2023-06-14,A,CLOSED
LN01075,LN2074001075,CU04325,PR012,BR003,OF0015,PERSONAL_LOAN,4563917.22,2877016.10,8.06,240,2018-06-23,2038-06-23,B,ACTIVE
LN01076,LN3955001076,CU01475,PR010,BR002,OF0013,PERSONAL_LOAN,1483177.12,693690.66,14.25,240,2023-09-12,2043-09-12,A,DEFAULTED
LN01077,LN6165001077,CU02302,PR011,BR004,OF0087,PERSONAL_LOAN,250077.05,107279.33,15.33,36,2018-06-13,2021-06-13,B,CLOSED
LN01078,LN5024001078,CU01431,PR015,BR008,OF0036,HOME_LOAN,3052382.79,953402.35,9.07,36,2024-08-24,2027-08-24,B,CLOSED
LN01079,LN4554001079,CU01013,PR011,BR010,OF0088,PERSONAL_LOAN,1177210.88,719584.82,7.26,36,2018-03-09,2021-03-09,B,CLOSED
LN01080,LN3888001080,CU01139,PR011,BR004,OF0096,PERSONAL_LOAN,2920853.37,2461805.11,8.17,120,2021-01-01,2031-01-01,C,CLOSED
LN01081,LN1055001081,CU01226,PR013,BR004,OF0087,HOME_LOAN,4284991.98,4059956.01,7.45,60,2019-06-26,2024-06-26,B,CLOSED
LN01082,LN8528001082,CU02850,PR010,BR003,OF0072,PERSONAL_LOAN,2025249.49,1479065.96,13.39,120,2018-09-17,2028-09-17,A,CLOSED
LN01083,LN8605001083,CU02467,PR015,BR005,OF0002,HOME_LOAN,4856679.81,3812026.81,9.83,24,2023-07-14,2025-07-14,B,CLOSED
LN01084,LN7742001084,CU02775,PR010,BR001,OF0083,PERSONAL_LOAN,3902115.52,1830059.33,11.79,36,2021-12-07,2024-12-07,A,ACTIVE
LN01085,LN4750001085,CU01291,PR014,BR002,OF0007,HOME_LOAN,3329406.68,1521146.12,10.79,120,2021-09-12,2031-09-12,B,ACTIVE
LN01086,LN1009001086,CU03080,PR014,BR008,OF0064,HOME_LOAN,1247907.90,247450.26,14.10,180,2023-10-07,2038-10-07,B,ACTIVE
LN01087,LN5057001087,CU04559,PR015,BR003,OF0025,HOME_LOAN,4025078.30,1828830.61,9.91,12,2021-05-19,2022-05-19,B,DEFAULTED
LN01088,LN8837001088,CU04055,PR012,BR010,OF0014,PERSONAL_LOAN,1070244.08,110724.39,13.18,12,2018-02-02,2019-02-02,C,CLOSED
LN01089,LN4742001089,CU03399,PR010,BR006,OF0018,PERSONAL_LOAN,3683137.43,622979.02,11.31,12,2022-02-02,2023-02-02,A,CLOSED
LN01090,LN9367001090,CU03762,PR013,BR003,OF0039,HOME_LOAN,56763.31,55141.26,8.76,180,2021-08-29,2036-08-29,A,CLOSED
LN01091,LN4308001091,CU01652,PR015,BR009,OF0091,HOME_LOAN,2071900.01,1453930.90,13.42,36,2018-05-23,2021-05-23,A,DEFAULTED
LN01092,LN5510001092,CU02789,PR015,BR005,OF0042,HOME_LOAN,4292195.14,1182790.06,14.82,120,2022-02-13,2032-02-13,C,CLOSED
LN01093,LN6179001093,CU02330,PR012,BR010,OF0059,PERSONAL_LOAN,4819405.87,4574708.51,11.54,36,2024-11-12,2027-11-12,A,ACTIVE
LN01094,LN3512001094,CU02594,PR010,BR004,OF0084,PERSONAL_LOAN,105323.76,74751.83,10.51,240,2021-01-08,2041-01-08,A,ACTIVE
LN01095,LN3769001095,CU01953,PR012,BR005,OF0042,PERSONAL_LOAN,4754320.93,3991915.91,7.29,24,2018-10-28,2020-10-28,A,CLOSED
LN01096,LN5173001096,CU00461,PR014,BR003,OF0001,HOME_LOAN,3221019.61,1844299.41,14.26,180,2019-06-20,2034-06-20,C,CLOSED
LN01097,LN3379001097,CU01852,PR013,BR006,OF0018,HOME_LOAN,1789251.42,193160.17,13.83,120,2021-01-23,2031-01-23,A,ACTIVE
LN01098,LN2398001098,CU04814,PR014,BR003,OF0072,HOME_LOAN,1479586.64,899454.60,8.48,60,2020-05-24,2025-05-24,D,CLOSED
LN01099,LN2563001099,CU00097,PR015,BR002,OF0073,HOME_LOAN,809605.23,599859.07,10.03,12,2023-09-27,2024-09-27,C,ACTIVE
LN01100,LN5479001100,CU00634,PR011,BR009,OF0041,PERSONAL_LOAN,3225131.91,3108354.39,8.20,24,2018-04-03,2020-04-03,B,CLOSED
LN01101,LN3577001101,CU02200,PR010,BR005,OF0071,PERSONAL_LOAN,2179547.18,797713.67,15.07,60,2024-05-15,2029-05-15,A,CLOSED
LN01102,LN9793001102,CU04776,PR011,BR010,OF0006,PERSONAL_LOAN,2350092.80,483927.25,10.76,36,2024-12-25,2027-12-25,A,DEFAULTED
LN01103,LN4874001103,CU03706,PR011,BR010,OF0008,PERSONAL_LOAN,1083851.98,636873.10,14.10,12,2019-12-21,2020-12-21,B,DEFAULTED
LN01104,LN2968001104,CU03447,PR015,BR002,OF0066,HOME_LOAN,2710162.95,2097881.36,11.69,60,2018-10-29,2023-10-29,B,ACTIVE
LN01105,LN8174001105,CU03694,PR010,BR005,OF0010,PERSONAL_LOAN,1248895.10,1115367.67,12.18,60,2022-09-18,2027-09-18,A,DEFAULTED
LN01106,LN6153001106,CU02160,PR014,BR010,OF0008,HOME_LOAN,4479005.49,606540.40,9.24,240,2019-01-08,2039-01-08,A,ACTIVE
LN01107,LN6834001107,CU00532,PR011,BR005,OF0010,PERSONAL_LOAN,1846198.12,1704467.49,10.61,180,2020-04-04,2035-04-04,B,DEFAULTED
LN01108,LN1832001108,CU03454,PR010,BR008,OF0097,PERSONAL_LOAN,3983005.59,1520102.79,8.11,12,2023-09-15,2024-09-15,B,ACTIVE
LN01109,LN9757001109,CU02863,PR012,BR006,OF0081,PERSONAL_LOAN,3244891.94,692587.28,12.51,60,2024-05-18,2029-05-18,B,DEFAULTED
LN01110,LN4427001110,CU02522,PR012,BR010,OF0006,PERSONAL_LOAN,886261.98,647688.56,9.74,240,2023-12-13,2043-12-13,B,DEFAULTED
LN01111,LN3352001111,CU00949,PR012,BR005,OF0060,PERSONAL_LOAN,672206.12,437410.04,11.78,60,2021-10-20,2026-10-20,D,ACTIVE
LN01112,LN4033001112,CU03766,PR013,BR009,OF0057,HOME_LOAN,1290579.48,1137469.22,11.26,12,2024-05-07,2025-05-07,C,ACTIVE
LN01113,LN8020001113,CU01345,PR012,BR003,OF0045,PERSONAL_LOAN,571066.13,205747.70,10.23,60,2022-11-11,2027-11-11,C,CLOSED
LN01114,LN8208001114,CU00244,PR015,BR001,OF0083,HOME_LOAN,4589815.38,1241920.73,9.71,180,2018-02-22,2033-02-22,A,ACTIVE
LN01115,LN1024001115,CU04595,PR015,BR006,OF0094,HOME_LOAN,1389308.82,366120.00,8.57,24,2024-12-02,2026-12-02,A,DEFAULTED
LN01116,LN7854001116,CU04671,PR012,BR003,OF0078,PERSONAL_LOAN,2875227.62,343262.38,11.67,240,2022-01-02,2042-01-02,B,DEFAULTED
LN01117,LN6621001117,CU00066,PR011,BR008,OF0036,PERSONAL_LOAN,2408293.53,435707.66,11.76,240,2020-10-08,2040-10-08,A,DEFAULTED
LN01118,LN7730001118,CU00966,PR011,BR005,OF0085,PERSONAL_LOAN,2833795.42,381437.77,14.93,120,2020-03-23,2030-03-23,A,ACTIVE
LN01119,LN3731001119,CU02385,PR014,BR003,OF0025,HOME_LOAN,1921015.30,1028201.92,13.86,180,2019-11-03,2034-11-03,B,ACTIVE
LN01120,LN9517001120,CU04411,PR013,BR006,OF0048,HOME_LOAN,4390907.83,470788.77,7.02,12,2024-02-26,2025-02-26,C,CLOSED
LN01121,LN4617001121,CU04286,PR013,BR004,OF0098,HOME_LOAN,2699689.77,1057446.97,7.30,240,2023-09-14,2043-09-14,C,DEFAULTED
LN01122,LN1870001122,CU03775,PR014,BR009,OF0017,HOME_LOAN,2765938.60,2765698.37,7.18,60,2018-11-21,2023-11-21,C,ACTIVE
LN01123,LN5085001123,CU04751,PR011,BR003,OF0053,PERSONAL_LOAN,290926.37,277058.04,14.30,180,2019-05-03,2034-05-03,A,ACTIVE
LN01124,LN6846001124,CU02855,PR011,BR004,OF0084,PERSONAL_LOAN,187904.81,104032.41,14.36,24,2024-02-13,2026-02-13,A,DEFAULTED
LN01125,LN8293001125,CU04373,PR010,BR010,OF0033,PERSONAL_LOAN,4217192.63,1165157.95,13.01,120,2023-08-21,2033-08-21,B,DEFAULTED
LN01126,LN7213001126,CU04763,PR013,BR002,OF0007,HOME_LOAN,1837969.08,1557889.80,9.34,120,2023-03-17,2033-03-17,B,CLOSED
LN01127,LN7687001127,CU04994,PR011,BR008,OF0061,PERSONAL_LOAN,1841399.87,685105.92,7.38,12,2020-11-10,2021-11-10,A,ACTIVE
LN01128,LN3143001128,CU04913,PR014,BR001,OF0031,HOME_LOAN,1291265.20,631119.94,12.02,12,2022-10-17,2023-10-17,B,ACTIVE
LN01129,LN5566001129,CU01819,PR011,BR004,OF0098,PERSONAL_LOAN,3206433.91,1772776.49,10.92,60,2019-02-22,2024-02-22,A,ACTIVE
LN01130,LN6733001130,CU01408,PR013,BR010,OF0004,HOME_LOAN,3495197.19,744280.67,12.36,36,2023-03-23,2026-03-23,B,ACTIVE
LN01131,LN7798001131,CU01116,PR014,BR007,OF0056,HOME_LOAN,411846.19,147295.88,14.22,180,2020-05-24,2035-05-24,B,CLOSED
LN01132,LN9498001132,CU03769,PR011,BR004,OF0096,PERSONAL_LOAN,1909863.28,911253.80,7.46,24,2020-09-23,2022-09-23,C,DEFAULTED
LN01133,LN4513001133,CU00203,PR013,BR008,OF0075,HOME_LOAN,2919107.02,1339276.69,10.74,24,2020-02-21,2022-02-21,B,ACTIVE
LN01134,LN8431001134,CU02482,PR014,BR009,OF0057,HOME_LOAN,3694773.69,3504509.23,10.23,180,2019-01-06,2034-01-06,B,ACTIVE
LN01135,LN4378001135,CU00705,PR010,BR002,OF0007,PERSONAL_LOAN,1606191.04,422336.47,10.85,12,2021-01-12,2022-01-12,A,DEFAULTED
LN01136,LN8920001136,CU01501,PR013,BR008,OF0082,HOME_LOAN,3078378.07,591373.59,10.54,180,2019-10-03,2034-10-03,A,DEFAULTED
LN01137,LN5975001137,CU02703,PR012,BR003,OF0044,PERSONAL_LOAN,2759462.31,2010681.69,15.77,60,2019-10-24,2024-10-24,A,DEFAULTED
LN01138,LN4889001138,CU03066,PR015,BR002,OF0086,HOME_LOAN,2599758.61,1637183.81,14.43,12,2021-03-20,2022-03-20,B,ACTIVE
LN01139,LN5484001139,CU03646,PR014,BR006,OF0012,HOME_LOAN,4847472.46,1811737.28,13.14,120,2019-12-23,2029-12-23,C,ACTIVE
LN01140,LN7823001140,CU01170,PR012,BR004,OF0084,PERSONAL_LOAN,3836312.14,1646061.47,13.18,120,2023-08-09,2033-08-09,B,CLOSED
LN01141,LN3734001141,CU04584,PR014,BR001,OF0019,HOME_LOAN,2514189.31,1977171.55,15.68,120,2019-02-08,2029-02-08,B,ACTIVE
LN01142,LN9993001142,CU02641,PR011,BR007,OF0056,PERSONAL_LOAN,2771336.64,465192.02,8.16,180,2023-12-11,2038-12-11,C,ACTIVE
LN01143,LN2590001143,CU04868,PR012,BR009,OF0052,PERSONAL_LOAN,446525.17,187395.75,10.77,60,2023-01-31,2028-01-31,B,ACTIVE
LN01144,LN8484001144,CU04275,PR011,BR004,OF0063,PERSONAL_LOAN,166749.64,71169.33,8.44,180,2022-03-03,2037-03-03,A,CLOSED
LN01145,LN9354001145,CU03862,PR012,BR002,OF0026,PERSONAL_LOAN,4482328.80,3588384.58,11.17,36,2021-06-17,2024-06-17,A,ACTIVE
LN01146,LN1899001146,CU03253,PR012,BR006,OF0092,PERSONAL_LOAN,2765384.27,1030211.29,14.72,180,2024-07-06,2039-07-06,A,DEFAULTED
LN01147,LN5738001147,CU02507,PR014,BR008,OF0082,HOME_LOAN,512750.59,427434.83,12.28,12,2020-08-12,2021-08-12,B,ACTIVE
LN01148,LN6465001148,CU02432,PR014,BR004,OF0063,HOME_LOAN,3960972.64,1999650.52,7.24,240,2023-09-23,2043-09-23,B,ACTIVE
LN01149,LN5313001149,CU03539,PR014,BR003,OF0032,HOME_LOAN,1215726.59,265900.28,14.93,12,2022-06-24,2023-06-24,B,ACTIVE
LN01150,LN4248001150,CU01404,PR010,BR010,OF0088,PERSONAL_LOAN,3933506.62,2665254.70,11.19,180,2024-10-14,2039-10-14,B,ACTIVE
LN01151,LN8363001151,CU02553,PR013,BR009,OF0057,HOME_LOAN,4133611.76,3694172.80,10.31,120,2021-10-05,2031-10-05,C,ACTIVE
LN01152,LN5509001152,CU02390,PR012,BR009,OF0052,PERSONAL_LOAN,291301.79,235986.37,12.14,60,2024-02-12,2029-02-12,C,DEFAULTED
LN01153,LN5234001153,CU04808,PR011,BR005,OF0010,PERSONAL_LOAN,4825704.40,2080488.98,12.64,180,2022-07-07,2037-07-07,B,ACTIVE
LN01154,LN9809001154,CU03448,PR011,BR002,OF0073,PERSONAL_LOAN,3395219.91,813459.80,15.57,120,2019-08-10,2029-08-10,B,CLOSED
LN01155,LN2203001155,CU03978,PR010,BR006,OF0054,PERSONAL_LOAN,282457.66,92343.36,8.85,60,2021-09-25,2026-09-25,B,DEFAULTED
LN01156,LN9585001156,CU00511,PR013,BR002,OF0086,HOME_LOAN,1536361.55,1105844.97,11.72,24,2021-07-26,2023-07-26,D,DEFAULTED
LN01157,LN6917001157,CU03315,PR014,BR001,OF0019,HOME_LOAN,182251.90,122251.01,7.27,36,2018-11-07,2021-11-07,A,ACTIVE
LN01158,LN2659001158,CU02295,PR012,BR008,OF0093,PERSONAL_LOAN,504916.31,421736.22,12.83,24,2018-03-18,2020-03-18,A,ACTIVE
LN01159,LN4124001159,CU04937,PR013,BR001,OF0074,HOME_LOAN,1674948.97,1397207.88,12.46,36,2022-04-25,2025-04-25,C,CLOSED
LN01160,LN8001001160,CU03197,PR015,BR001,OF0031,HOME_LOAN,3258774.20,3046663.26,14.95,120,2019-05-22,2029-05-22,D,ACTIVE
LN01161,LN1630001161,CU01884,PR010,BR001,OF0019,PERSONAL_LOAN,3282616.90,1172745.74,15.48,24,2020-11-12,2022-11-12,A,CLOSED
LN01162,LN6600001162,CU02097,PR010,BR002,OF0026,PERSONAL_LOAN,865109.85,862983.50,13.63,24,2018-02-12,2020-02-12,D,ACTIVE
LN01163,LN3819001163,CU03369,PR011,BR009,OF0067,PERSONAL_LOAN,1072222.08,201306.12,10.14,24,2020-04-28,2022-04-28,A,DEFAULTED
LN01164,LN6238001164,CU02762,PR010,BR007,OF0051,PERSONAL_LOAN,3379695.78,2216675.60,7.64,120,2023-02-13,2033-02-13,B,ACTIVE
LN01165,LN5731001165,CU02175,PR013,BR006,OF0092,HOME_LOAN,1319543.10,676236.29,15.70,120,2021-06-07,2031-06-07,C,DEFAULTED
LN01166,LN9667001166,CU03182,PR015,BR006,OF0018,HOME_LOAN,3273266.29,2020985.06,9.72,240,2022-01-31,2042-01-31,A,ACTIVE
LN01167,LN1536001167,CU02969,PR011,BR009,OF0099,PERSONAL_LOAN,1378068.70,205764.25,15.44,24,2022-10-04,2024-10-04,C,CLOSED
LN01168,LN2891001168,CU00134,PR011,BR001,OF0031,PERSONAL_LOAN,2671811.27,2618901.44,14.94,120,2021-10-09,2031-10-09,B,ACTIVE
LN01169,LN3476001169,CU04198,PR015,BR006,OF0024,HOME_LOAN,4904079.30,4570656.42,8.44,180,2024-10-27,2039-10-27,B,CLOSED
LN01170,LN8068001170,CU04077,PR012,BR003,OF0045,PERSONAL_LOAN,2992080.25,911191.31,7.56,12,2018-05-04,2019-05-04,A,DEFAULTED
LN01171,LN2024001171,CU00659,PR011,BR009,OF0016,PERSONAL_LOAN,1574267.21,336976.46,14.90,36,2020-07-05,2023-07-05,C,CLOSED
LN01172,LN3074001172,CU04154,PR015,BR008,OF0082,HOME_LOAN,870159.94,288954.96,9.65,120,2023-07-03,2033-07-03,B,ACTIVE
LN01173,LN2552001173,CU00466,PR015,BR009,OF0011,HOME_LOAN,463565.32,341479.47,13.45,60,2024-12-30,2029-12-30,C,DEFAULTED
LN01174,LN9601001174,CU03523,PR011,BR006,OF0054,PERSONAL_LOAN,4006727.55,3353545.11,7.46,24,2018-01-06,2020-01-06,B,CLOSED
LN01175,LN4673001175,CU01809,PR010,BR003,OF0044,PERSONAL_LOAN,572729.97,91170.78,10.58,180,2024-01-02,2039-01-02,A,ACTIVE
LN01176,LN7925001176,CU04267,PR012,BR006,OF0094,PERSONAL_LOAN,3351197.45,3207687.44,11.90,180,2022-01-21,2037-01-21,C,ACTIVE
LN01177,LN7529001177,CU03147,PR012,BR003,OF0078,PERSONAL_LOAN,633098.14,322456.32,12.72,36,2019-09-22,2022-09-22,C,CLOSED
LN01178,LN6026001178,CU04214,PR011,BR006,OF0092,PERSONAL_LOAN,2369201.88,1116797.75,8.03,180,2022-10-24,2037-10-24,B,CLOSED
LN01179,LN6183001179,CU00968,PR015,BR009,OF0058,HOME_LOAN,63697.21,40030.40,9.22,24,2022-07-13,2024-07-13,A,ACTIVE
LN01180,LN1182001180,CU01210,PR013,BR006,OF0018,HOME_LOAN,2717361.41,1778061.29,11.20,12,2021-12-04,2022-12-04,B,DEFAULTED
LN01181,LN7881001181,CU00293,PR014,BR006,OF0050,HOME_LOAN,4251170.63,3223899.81,15.48,180,2023-08-28,2038-08-28,A,ACTIVE
LN01182,LN6480001182,CU03522,PR010,BR001,OF0083,PERSONAL_LOAN,3238579.35,2717806.21,10.24,240,2019-05-29,2039-05-29,A,CLOSED
LN01183,LN4805001183,CU00149,PR010,BR006,OF0018,PERSONAL_LOAN,431088.92,231817.60,14.53,36,2022-03-31,2025-03-31,B,CLOSED
LN01184,LN6306001184,CU01489,PR010,BR008,OF0075,PERSONAL_LOAN,857157.25,714399.69,14.51,180,2020-02-27,2035-02-27,A,ACTIVE
LN01185,LN6151001185,CU04990,PR014,BR003,OF0038,HOME_LOAN,3107435.09,2565799.76,15.47,36,2024-11-21,2027-11-21,B,ACTIVE
LN01186,LN2396001186,CU01568,PR010,BR001,OF0074,PERSONAL_LOAN,2004401.30,1472352.07,14.80,36,2023-09-03,2026-09-03,D,CLOSED
LN01187,LN7542001187,CU02477,PR013,BR006,OF0054,HOME_LOAN,162267.32,152245.90,13.26,120,2020-04-22,2030-04-22,B,CLOSED
LN01188,LN3633001188,CU03938,PR015,BR001,OF0083,HOME_LOAN,2030859.04,1317542.03,13.06,60,2020-03-29,2025-03-29,B,CLOSED
LN01189,LN3783001189,CU01038,PR014,BR009,OF0091,HOME_LOAN,4084119.50,3047808.03,13.14,120,2024-04-07,2034-04-07,B,CLOSED
LN01190,LN2871001190,CU03033,PR015,BR007,OF0090,HOME_LOAN,3548847.23,568998.65,9.74,36,2019-09-20,2022-09-20,A,ACTIVE
LN01191,LN4480001191,CU00301,PR013,BR003,OF0001,HOME_LOAN,302373.62,114028.83,9.53,240,2024-09-28,2044-09-28,A,CLOSED
LN01192,LN8395001192,CU03221,PR011,BR010,OF0004,PERSONAL_LOAN,1253373.67,423730.11,13.35,180,2022-05-01,2037-05-01,B,CLOSED
LN01193,LN1841001193,CU03942,PR014,BR010,OF0033,HOME_LOAN,1615562.31,265400.02,7.18,240,2019-05-19,2039-05-19,A,DEFAULTED
LN01194,LN8693001194,CU01693,PR014,BR008,OF0064,HOME_LOAN,3676338.44,533552.28,15.42,12,2018-07-27,2019-07-27,B,ACTIVE
LN01195,LN5470001195,CU03290,PR015,BR003,OF0037,HOME_LOAN,1598632.70,666156.28,12.42,120,2024-06-23,2034-06-23,B,DEFAULTED
LN01196,LN5692001196,CU03642,PR013,BR006,OF0018,HOME_LOAN,4780034.40,951564.65,11.24,240,2022-05-08,2042-05-08,C,DEFAULTED
LN01197,LN8403001197,CU03445,PR015,BR001,OF0031,HOME_LOAN,1845433.15,1373380.28,11.03,36,2024-01-04,2027-01-04,B,CLOSED
LN01198,LN5069001198,CU02717,PR011,BR006,OF0094,PERSONAL_LOAN,4142711.46,2655497.60,11.09,60,2018-08-05,2023-08-05,A,DEFAULTED
LN01199,LN4818001199,CU02734,PR012,BR008,OF0075,PERSONAL_LOAN,4367173.31,4076897.83,11.68,60,2023-12-28,2028-12-28,C,CLOSED
LN01200,LN8895001200,CU00892,PR014,BR001,OF0074,HOME_LOAN,3739466.20,1278422.64,12.60,24,2023-02-05,2025-02-05,B,CLOSED
LN01201,LN9193001201,CU03023,PR015,BR005,OF0034,HOME_LOAN,3533606.62,1216655.56,8.31,120,2024-08-26,2034-08-26,B,DEFAULTED
LN01202,LN8417001202,CU03188,PR011,BR006,OF0081,PERSONAL_LOAN,1205753.45,181505.75,11.77,120,2022-04-23,2032-04-23,A,DEFAULTED
LN01203,LN8268001203,CU02741,PR015,BR001,OF0019,HOME_LOAN,3009972.77,2768459.98,9.81,180,2022-03-22,2037-03-22,A,ACTIVE
LN01204,LN2963001204,CU02688,PR014,BR001,OF0031,HOME_LOAN,4060523.83,971045.65,11.40,60,2022-07-27,2027-07-27,C,ACTIVE
LN01205,LN4180001205,CU01047,PR012,BR009,OF0067,PERSONAL_LOAN,4135376.02,3075877.84,13.68,36,2019-09-06,2022-09-06,B,ACTIVE
LN01206,LN7146001206,CU03868,PR010,BR002,OF0066,PERSONAL_LOAN,2567099.83,617770.07,9.52,60,2021-06-26,2026-06-26,B,DEFAULTED
LN01207,LN2528001207,CU04638,PR012,BR007,OF0049,PERSONAL_LOAN,419140.27,62134.00,14.13,24,2019-10-03,2021-10-03,B,DEFAULTED
LN01208,LN8686001208,CU00991,PR015,BR002,OF0079,HOME_LOAN,1945951.93,498869.45,14.75,60,2021-06-19,2026-06-19,C,DEFAULTED
LN01209,LN3847001209,CU03545,PR011,BR006,OF0054,PERSONAL_LOAN,1422805.62,1145493.53,8.48,180,2023-08-04,2038-08-04,B,DEFAULTED
LN01210,LN3257001210,CU03329,PR015,BR004,OF0046,HOME_LOAN,4594692.64,1140966.21,12.81,24,2018-07-16,2020-07-16,C,CLOSED
LN01211,LN2507001211,CU01753,PR012,BR008,OF0075,PERSONAL_LOAN,3261949.08,2578853.74,9.12,12,2018-04-09,2019-04-09,B,DEFAULTED
LN01212,LN1973001212,CU00375,PR011,BR003,OF0037,PERSONAL_LOAN,2313349.35,476554.18,9.15,120,2021-09-03,2031-09-03,C,CLOSED
LN01213,LN9215001213,CU03785,PR014,BR005,OF0100,HOME_LOAN,2281527.35,1491558.36,10.50,24,2020-03-30,2022-03-30,B,DEFAULTED
LN01214,LN6737001214,CU02494,PR011,BR007,OF0056,PERSONAL_LOAN,3204166.14,1264967.55,9.45,240,2022-10-31,2042-10-31,A,ACTIVE
LN01215,LN7437001215,CU04273,PR012,BR002,OF0073,PERSONAL_LOAN,1955483.20,933516.50,15.95,120,2024-12-29,2034-12-29,A,ACTIVE
LN01216,LN8328001216,CU00753,PR013,BR006,OF0048,HOME_LOAN,3810430.84,1616503.78,11.22,180,2022-09-11,2037-09-11,A,ACTIVE
LN01217,LN3155001217,CU02802,PR015,BR006,OF0050,HOME_LOAN,4693387.49,1668782.43,9.25,120,2021-01-18,2031-01-18,B,ACTIVE
LN01218,LN2952001218,CU04698,PR012,BR010,OF0014,PERSONAL_LOAN,2115481.64,815304.88,9.26,12,2022-08-23,2023-08-23,C,CLOSED
LN01219,LN5572001219,CU04074,PR011,BR005,OF0055,PERSONAL_LOAN,410477.47,141487.20,14.45,36,2019-08-30,2022-08-30,B,ACTIVE
LN01220,LN8255001220,CU02862,PR015,BR006,OF0048,HOME_LOAN,1048570.75,163559.77,13.03,36,2019-12-23,2022-12-23,B,CLOSED
LN01221,LN7458001221,CU04209,PR011,BR004,OF0027,PERSONAL_LOAN,1427930.90,414038.50,11.14,12,2018-03-10,2019-03-10,B,ACTIVE
LN01222,LN4924001222,CU02296,PR014,BR008,OF0061,HOME_LOAN,1496186.19,547223.50,15.62,180,2024-03-11,2039-03-11,A,DEFAULTED
LN01223,LN1940001223,CU00455,PR014,BR008,OF0082,HOME_LOAN,2088682.47,779157.20,10.78,120,2021-07-08,2031-07-08,B,ACTIVE
LN01224,LN2557001224,CU03206,PR015,BR003,OF0025,HOME_LOAN,246262.19,151352.34,10.17,24,2018-12-15,2020-12-15,B,CLOSED
LN01225,LN2980001225,CU00251,PR012,BR006,OF0018,PERSONAL_LOAN,4978336.91,533993.13,9.43,120,2022-03-26,2032-03-26,B,ACTIVE
LN01226,LN3900001226,CU00091,PR015,BR003,OF0045,HOME_LOAN,202182.92,119805.86,14.86,180,2018-07-27,2033-07-27,C,ACTIVE
LN01227,LN4008001227,CU01918,PR010,BR008,OF0082,PERSONAL_LOAN,4636706.50,3640622.44,8.16,60,2021-06-02,2026-06-02,C,DEFAULTED
LN01228,LN9934001228,CU02294,PR013,BR009,OF0070,HOME_LOAN,3814991.61,2716810.98,15.89,180,2019-10-27,2034-10-27,A,CLOSED
LN01229,LN1035001229,CU04343,PR011,BR010,OF0059,PERSONAL_LOAN,4794889.40,618656.49,15.38,180,2023-03-01,2038-03-01,B,DEFAULTED
LN01230,LN6672001230,CU01296,PR014,BR005,OF0071,HOME_LOAN,4106380.42,1360444.49,11.65,240,2024-08-13,2044-08-13,B,CLOSED
LN01231,LN1728001231,CU00266,PR012,BR002,OF0079,PERSONAL_LOAN,2406781.30,2033721.34,12.56,12,2024-02-28,2025-02-28,B,ACTIVE
LN01232,LN8204001232,CU00080,PR011,BR010,OF0014,PERSONAL_LOAN,442026.94,48447.27,15.80,12,2023-02-03,2024-02-03,B,CLOSED
LN01233,LN8017001233,CU01916,PR010,BR008,OF0036,PERSONAL_LOAN,3012220.21,712237.61,14.34,12,2018-07-31,2019-07-31,B,CLOSED
LN01234,LN9876001234,CU03599,PR014,BR008,OF0036,HOME_LOAN,1998140.03,1650668.32,9.62,240,2023-06-19,2043-06-19,B,ACTIVE
LN01235,LN2293001235,CU03402,PR010,BR002,OF0026,PERSONAL_LOAN,2473654.55,440390.10,7.40,12,2019-11-16,2020-11-16,A,DEFAULTED
LN01236,LN7077001236,CU02193,PR012,BR007,OF0051,PERSONAL_LOAN,1262209.84,1020685.16,13.74,240,2019-05-20,2039-05-20,A,CLOSED
LN01237,LN4493001237,CU00260,PR012,BR006,OF0054,PERSONAL_LOAN,4695075.16,758551.23,11.86,120,2022-10-23,2032-10-23,C,DEFAULTED
LN01238,LN1893001238,CU00313,PR010,BR006,OF0081,PERSONAL_LOAN,1470932.66,923721.12,12.62,120,2024-09-27,2034-09-27,D,CLOSED
LN01239,LN3712001239,CU00795,PR010,BR010,OF0088,PERSONAL_LOAN,592175.83,451869.51,14.21,180,2020-02-10,2035-02-10,B,ACTIVE
LN01240,LN8735001240,CU04431,PR012,BR008,OF0064,PERSONAL_LOAN,3025096.29,1754082.52,14.79,240,2019-05-31,2039-05-31,C,DEFAULTED
LN01241,LN1360001241,CU01443,PR010,BR001,OF0003,PERSONAL_LOAN,3390344.02,2853806.84,7.36,240,2022-08-10,2042-08-10,B,DEFAULTED
LN01242,LN5649001242,CU00744,PR012,BR005,OF0029,PERSONAL_LOAN,643422.57,184306.13,13.58,240,2020-04-01,2040-04-01,B,DEFAULTED
LN01243,LN4831001243,CU00732,PR014,BR004,OF0047,HOME_LOAN,525932.99,158377.26,15.26,36,2022-10-19,2025-10-19,B,ACTIVE
LN01244,LN8702001244,CU02263,PR015,BR004,OF0063,HOME_LOAN,4376430.82,3445665.60,13.43,240,2018-07-26,2038-07-26,A,ACTIVE
LN01245,LN8491001245,CU01109,PR014,BR002,OF0007,HOME_LOAN,2865277.58,1860908.20,14.84,240,2020-07-10,2040-07-10,B,ACTIVE
LN01246,LN9313001246,CU00657,PR010,BR001,OF0003,PERSONAL_LOAN,4862923.42,2775021.42,8.84,36,2018-09-19,2021-09-19,B,CLOSED
LN01247,LN6892001247,CU01959,PR014,BR005,OF0085,HOME_LOAN,4196626.91,1959821.43,15.85,12,2023-12-30,2024-12-30,A,ACTIVE
LN01248,LN9075001248,CU00723,PR012,BR003,OF0035,PERSONAL_LOAN,2814975.61,1503800.03,12.59,24,2024-01-30,2026-01-30,C,DEFAULTED
LN01249,LN5976001249,CU04162,PR015,BR005,OF0040,HOME_LOAN,2210564.39,677072.58,10.71,24,2019-03-26,2021-03-26,B,DEFAULTED
LN01250,LN3931001250,CU04495,PR010,BR002,OF0079,PERSONAL_LOAN,1331268.03,1135828.67,13.22,180,2022-10-26,2037-10-26,A,DEFAULTED
LN01251,LN4860001251,CU03077,PR013,BR009,OF0011,HOME_LOAN,4500558.82,1189017.72,7.66,120,2023-07-14,2033-07-14,B,ACTIVE
LN01252,LN4030001252,CU01787,PR011,BR010,OF0004,PERSONAL_LOAN,4632544.61,996065.90,10.31,240,2023-07-16,2043-07-16,C,DEFAULTED
LN01253,LN8989001253,CU02266,PR014,BR001,OF0019,HOME_LOAN,1222733.85,752148.74,8.87,240,2023-06-07,2043-06-07,B,ACTIVE
LN01254,LN3560001254,CU01208,PR011,BR008,OF0093,PERSONAL_LOAN,4878890.49,4050160.82,15.63,120,2020-11-25,2030-11-25,B,DEFAULTED
LN01255,LN4435001255,CU04666,PR014,BR009,OF0076,HOME_LOAN,360121.21,350482.76,14.00,180,2020-08-08,2035-08-08,C,ACTIVE
LN01256,LN3307001256,CU04015,PR013,BR002,OF0086,HOME_LOAN,2413456.76,1699984.20,10.69,180,2018-09-05,2033-09-05,A,CLOSED
LN01257,LN1369001257,CU02600,PR015,BR008,OF0075,HOME_LOAN,3871050.53,1958305.82,11.69,240,2020-11-04,2040-11-04,A,DEFAULTED
LN01258,LN2456001258,CU02887,PR014,BR007,OF0056,HOME_LOAN,144263.14,27866.43,7.32,36,2023-02-06,2026-02-06,A,ACTIVE
LN01259,LN4742001259,CU04816,PR014,BR010,OF0006,HOME_LOAN,2642966.49,684197.50,10.35,240,2022-01-29,2042-01-29,B,ACTIVE
LN01260,LN1539001260,CU00050,PR010,BR003,OF0039,PERSONAL_LOAN,3403609.08,2498911.01,12.68,12,2023-05-07,2024-05-07,A,ACTIVE
LN01261,LN6601001261,CU00059,PR011,BR001,OF0083,PERSONAL_LOAN,4174572.85,1434521.06,11.70,120,2022-09-09,2032-09-09,C,DEFAULTED
LN01262,LN3513001262,CU00771,PR013,BR006,OF0018,HOME_LOAN,2116485.19,958289.06,13.15,240,2021-06-05,2041-06-05,D,ACTIVE
LN01263,LN8625001263,CU02707,PR014,BR010,OF0059,HOME_LOAN,154343.96,78150.08,7.60,36,2021-06-27,2024-06-27,B,CLOSED
LN01264,LN8541001264,CU03045,PR010,BR005,OF0080,PERSONAL_LOAN,4544123.48,3233471.11,8.83,240,2022-10-28,2042-10-28,A,ACTIVE
LN01265,LN7506001265,CU01276,PR015,BR010,OF0006,HOME_LOAN,2327261.75,511802.24,12.37,60,2023-11-11,2028-11-11,A,CLOSED
LN01266,LN4702001266,CU02920,PR014,BR008,OF0075,HOME_LOAN,2575751.41,277484.97,7.85,60,2019-05-14,2024-05-14,B,ACTIVE
LN01267,LN4493001267,CU04479,PR013,BR009,OF0076,HOME_LOAN,1567474.30,1369806.05,8.41,240,2022-12-29,2042-12-29,A,CLOSED
LN01268,LN9985001268,CU04894,PR015,BR008,OF0082,HOME_LOAN,1617687.25,923263.30,7.29,12,2022-04-21,2023-04-21,B,DEFAULTED
LN01269,LN5511001269,CU01011,PR014,BR010,OF0004,HOME_LOAN,2331890.43,1444837.91,13.18,36,2023-12-08,2026-12-08,A,CLOSED
LN01270,LN2758001270,CU01169,PR011,BR009,OF0067,PERSONAL_LOAN,3644296.20,2324469.61,10.36,12,2019-03-10,2020-03-10,C,DEFAULTED
LN01271,LN5302001271,CU01648,PR012,BR006,OF0024,PERSONAL_LOAN,3767434.30,584690.57,12.67,240,2020-02-10,2040-02-10,A,DEFAULTED
LN01272,LN2611001272,CU03309,PR010,BR003,OF0035,PERSONAL_LOAN,4315631.41,2228167.66,12.70,12,2019-02-24,2020-02-24,C,ACTIVE
LN01273,LN2741001273,CU02301,PR014,BR001,OF0083,HOME_LOAN,2442169.08,1567169.99,11.09,60,2022-09-01,2027-09-01,A,ACTIVE
LN01274,LN1827001274,CU03669,PR013,BR008,OF0036,HOME_LOAN,1656182.31,1187383.34,10.02,60,2021-06-05,2026-06-05,B,ACTIVE
LN01275,LN2436001275,CU02569,PR012,BR001,OF0074,PERSONAL_LOAN,4696878.23,2668993.48,12.77,24,2023-05-07,2025-05-07,A,CLOSED
LN01276,LN4000001276,CU00344,PR010,BR008,OF0082,PERSONAL_LOAN,1741928.90,945517.99,14.28,60,2023-09-14,2028-09-14,C,CLOSED
LN01277,LN6958001277,CU00004,PR012,BR005,OF0042,PERSONAL_LOAN,2551183.53,1306484.40,15.70,120,2024-01-11,2034-01-11,B,CLOSED
LN01278,LN5244001278,CU03063,PR012,BR008,OF0075,PERSONAL_LOAN,3781223.73,3187191.86,8.23,12,2020-02-05,2021-02-05,B,CLOSED
LN01279,LN2011001279,CU04471,PR012,BR002,OF0026,PERSONAL_LOAN,3972544.54,2740881.29,7.95,36,2021-03-31,2024-03-31,B,DEFAULTED
LN01280,LN5132001280,CU02987,PR014,BR010,OF0033,HOME_LOAN,633720.34,242785.80,10.70,240,2021-09-12,2041-09-12,C,CLOSED
LN01281,LN3882001281,CU01506,PR014,BR002,OF0066,HOME_LOAN,2453462.93,556199.33,13.81,120,2021-04-30,2031-04-30,B,DEFAULTED
LN01282,LN5534001282,CU01844,PR014,BR001,OF0074,HOME_LOAN,2174295.25,1869117.00,10.48,12,2023-05-12,2024-05-12,C,CLOSED
LN01283,LN8144001283,CU02795,PR015,BR007,OF0028,HOME_LOAN,4907437.70,3072775.52,12.35,60,2022-01-03,2027-01-03,B,CLOSED
LN01284,LN5959001284,CU04023,PR012,BR009,OF0009,PERSONAL_LOAN,1838248.81,225304.18,9.17,240,2020-04-22,2040-04-22,C,DEFAULTED
LN01285,LN6445001285,CU03486,PR012,BR009,OF0052,PERSONAL_LOAN,493703.02,230720.21,13.33,180,2022-10-15,2037-10-15,B,ACTIVE
LN01286,LN6993001286,CU01107,PR010,BR010,OF0004,PERSONAL_LOAN,1415673.89,1086675.99,7.86,36,2024-05-18,2027-05-18,C,DEFAULTED
LN01287,LN5828001287,CU02016,PR011,BR001,OF0003,PERSONAL_LOAN,4909415.47,2852340.54,13.98,120,2019-04-17,2029-04-17,B,DEFAULTED
LN01288,LN9155001288,CU01951,PR014,BR003,OF0025,HOME_LOAN,3633427.87,2340685.75,9.71,24,2020-04-08,2022-04-08,C,CLOSED
LN01289,LN4756001289,CU02277,PR015,BR006,OF0024,HOME_LOAN,4220664.00,784613.41,13.59,180,2022-06-04,2037-06-04,C,ACTIVE
LN01290,LN8720001290,CU01822,PR011,BR006,OF0092,PERSONAL_LOAN,574538.47,141580.63,8.17,60,2022-03-31,2027-03-31,B,DEFAULTED
LN01291,LN2007001291,CU00940,PR012,BR005,OF0010,PERSONAL_LOAN,2504711.63,1446164.66,7.77,180,2023-09-15,2038-09-15,B,ACTIVE
LN01292,LN9734001292,CU03926,PR015,BR010,OF0033,HOME_LOAN,4161005.14,3333933.39,9.17,24,2020-06-08,2022-06-08,B,DEFAULTED
LN01293,LN7150001293,CU02783,PR014,BR004,OF0098,HOME_LOAN,4184984.17,494941.32,8.31,60,2022-05-10,2027-05-10,C,ACTIVE
LN01294,LN4728001294,CU03802,PR010,BR005,OF0055,PERSONAL_LOAN,659526.83,479627.98,8.81,180,2020-07-26,2035-07-26,A,CLOSED
LN01295,LN3098001295,CU00964,PR011,BR001,OF0003,PERSONAL_LOAN,2369527.83,1400473.59,13.08,24,2024-02-14,2026-02-14,B,DEFAULTED
LN01296,LN8451001296,CU02499,PR015,BR004,OF0084,HOME_LOAN,4617053.75,3802556.72,9.07,24,2018-11-04,2020-11-04,B,ACTIVE
LN01297,LN3332001297,CU04983,PR012,BR006,OF0048,PERSONAL_LOAN,2530913.41,364430.79,13.83,180,2019-05-18,2034-05-18,B,CLOSED
LN01298,LN8446001298,CU00330,PR013,BR007,OF0049,HOME_LOAN,3075491.77,992991.78,15.35,12,2020-09-18,2021-09-18,B,CLOSED
LN01299,LN4009001299,CU01256,PR011,BR008,OF0036,PERSONAL_LOAN,3427601.29,1812079.26,12.28,240,2021-04-22,2041-04-22,B,CLOSED
LN01300,LN6117001300,CU04929,PR015,BR006,OF0095,HOME_LOAN,4306706.72,1219237.39,7.70,24,2021-04-18,2023-04-18,B,CLOSED
LN01301,LN1694001301,CU02023,PR011,BR007,OF0049,PERSONAL_LOAN,374381.74,354370.70,11.29,240,2020-12-27,2040-12-27,A,ACTIVE
LN01302,LN1436001302,CU02665,PR012,BR001,OF0074,PERSONAL_LOAN,392555.21,156812.44,8.58,180,2023-10-31,2038-10-31,B,DEFAULTED
LN01303,LN4577001303,CU03492,PR013,BR006,OF0048,HOME_LOAN,2728650.52,1360555.47,12.47,60,2018-10-23,2023-10-23,A,ACTIVE
LN01304,LN1707001304,CU03723,PR013,BR010,OF0021,HOME_LOAN,2930301.02,629356.28,11.72,24,2023-07-28,2025-07-28,C,CLOSED
LN01305,LN4874001305,CU03665,PR014,BR002,OF0013,HOME_LOAN,2954119.76,2580108.03,10.00,240,2023-07-12,2043-07-12,B,ACTIVE
LN01306,LN3473001306,CU01538,PR010,BR006,OF0012,PERSONAL_LOAN,4538305.49,789455.49,12.09,180,2018-01-25,2033-01-25,C,DEFAULTED
LN01307,LN7842001307,CU04885,PR012,BR003,OF0045,PERSONAL_LOAN,4388723.63,1676031.67,11.87,240,2020-01-03,2040-01-03,C,ACTIVE
LN01308,LN1738001308,CU00089,PR012,BR009,OF0017,PERSONAL_LOAN,3342513.30,361195.68,12.68,24,2020-02-11,2022-02-11,B,ACTIVE
LN01309,LN3692001309,CU00924,PR014,BR001,OF0031,HOME_LOAN,3719196.38,1393716.29,14.93,12,2023-03-19,2024-03-19,B,ACTIVE
LN01310,LN5753001310,CU02218,PR014,BR010,OF0006,HOME_LOAN,3225511.71,2186439.68,14.52,180,2022-10-11,2037-10-11,C,ACTIVE
LN01311,LN1160001311,CU02300,PR012,BR004,OF0084,PERSONAL_LOAN,4998311.83,3266194.21,9.07,24,2018-07-30,2020-07-30,B,DEFAULTED
LN01312,LN1624001312,CU01948,PR012,BR006,OF0024,PERSONAL_LOAN,4870408.00,2735400.08,7.65,24,2020-09-24,2022-09-24,C,CLOSED
LN01313,LN2287001313,CU04607,PR015,BR004,OF0027,HOME_LOAN,2794800.30,2035557.64,13.75,180,2018-02-01,2033-02-01,B,DEFAULTED
LN01314,LN3736001314,CU01537,PR011,BR007,OF0065,PERSONAL_LOAN,2757054.52,1266651.48,8.11,60,2020-10-03,2025-10-03,C,CLOSED
LN01315,LN8603001315,CU04952,PR012,BR003,OF0043,PERSONAL_LOAN,2392839.25,2323295.52,8.46,120,2021-04-09,2031-04-09,B,DEFAULTED
LN01316,LN7257001316,CU02607,PR015,BR004,OF0084,HOME_LOAN,4727207.34,2460645.54,11.37,60,2019-07-02,2024-07-02,C,DEFAULTED
LN01317,LN9091001317,CU01289,PR010,BR008,OF0061,PERSONAL_LOAN,3319369.11,2869271.86,15.02,120,2024-04-30,2034-04-30,A,CLOSED
LN01318,LN5923001318,CU02853,PR012,BR009,OF0076,PERSONAL_LOAN,398357.87,343022.27,10.44,60,2024-12-17,2029-12-17,C,CLOSED
LN01319,LN3020001319,CU01066,PR014,BR002,OF0086,HOME_LOAN,898503.40,406250.42,14.93,60,2018-11-06,2023-11-06,B,DEFAULTED
LN01320,LN4122001320,CU02118,PR015,BR009,OF0016,HOME_LOAN,1269434.26,407917.71,11.34,36,2021-04-23,2024-04-23,B,CLOSED
LN01321,LN1767001321,CU02895,PR010,BR001,OF0019,PERSONAL_LOAN,836388.50,715069.73,10.44,36,2021-08-30,2024-08-30,B,DEFAULTED
LN01322,LN2031001322,CU03895,PR010,BR006,OF0081,PERSONAL_LOAN,3355514.28,2902074.46,13.47,180,2019-03-14,2034-03-14,A,CLOSED
LN01323,LN1386001323,CU03549,PR012,BR005,OF0042,PERSONAL_LOAN,3236116.88,2429028.81,15.56,60,2023-01-24,2028-01-24,A,DEFAULTED
LN01324,LN4398001324,CU04176,PR014,BR010,OF0021,HOME_LOAN,480483.19,175675.56,15.25,36,2022-02-20,2025-02-20,A,CLOSED
LN01325,LN2424001325,CU01796,PR012,BR006,OF0024,PERSONAL_LOAN,1726312.10,1046495.31,9.11,120,2024-07-24,2034-07-24,A,CLOSED
LN01326,LN7062001326,CU02323,PR015,BR002,OF0073,HOME_LOAN,4650133.42,2952040.04,8.02,12,2023-09-15,2024-09-15,B,CLOSED
LN01327,LN1459001327,CU02336,PR011,BR010,OF0008,PERSONAL_LOAN,3168461.78,900741.02,10.84,240,2018-06-03,2038-06-03,C,CLOSED
LN01328,LN1413001328,CU00028,PR015,BR005,OF0010,HOME_LOAN,4463894.92,2819918.10,12.35,24,2024-02-19,2026-02-19,D,DEFAULTED
LN01329,LN9526001329,CU03465,PR011,BR006,OF0048,PERSONAL_LOAN,4791341.80,2623216.79,13.52,36,2023-02-10,2026-02-10,B,DEFAULTED
LN01330,LN8258001330,CU03254,PR012,BR009,OF0058,PERSONAL_LOAN,2990176.20,1392928.37,9.67,180,2020-05-05,2035-05-05,C,CLOSED
LN01331,LN6768001331,CU02022,PR010,BR010,OF0008,PERSONAL_LOAN,987293.50,853590.49,9.70,24,2021-04-22,2023-04-22,B,DEFAULTED
LN01332,LN3970001332,CU02156,PR010,BR002,OF0079,PERSONAL_LOAN,3234279.65,334436.13,14.97,12,2022-10-22,2023-10-22,B,ACTIVE
LN01333,LN3997001333,CU02072,PR012,BR005,OF0042,PERSONAL_LOAN,2891553.64,637936.42,11.74,60,2021-02-25,2026-02-25,A,CLOSED
LN01334,LN6119001334,CU03385,PR010,BR007,OF0090,PERSONAL_LOAN,934846.34,403896.39,14.40,36,2024-07-11,2027-07-11,B,CLOSED
LN01335,LN2251001335,CU03885,PR010,BR001,OF0074,PERSONAL_LOAN,3651851.71,3384997.53,9.42,12,2022-11-24,2023-11-24,A,ACTIVE
LN01336,LN5631001336,CU04852,PR014,BR007,OF0049,HOME_LOAN,3739940.52,1088142.39,7.58,36,2021-11-25,2024-11-25,B,DEFAULTED
LN01337,LN3360001337,CU03169,PR014,BR007,OF0065,HOME_LOAN,2779900.60,671010.66,13.35,24,2019-10-25,2021-10-25,B,DEFAULTED
LN01338,LN9247001338,CU04839,PR011,BR007,OF0077,PERSONAL_LOAN,1410962.11,922301.34,8.64,24,2020-01-02,2022-01-02,B,CLOSED
LN01339,LN6453001339,CU03032,PR010,BR005,OF0010,PERSONAL_LOAN,557214.20,505011.11,9.50,36,2024-04-18,2027-04-18,A,ACTIVE
LN01340,LN7396001340,CU00994,PR013,BR008,OF0082,HOME_LOAN,3443134.90,973716.23,13.11,240,2024-03-06,2044-03-06,A,ACTIVE
LN01341,LN6132001341,CU04931,PR012,BR009,OF0067,PERSONAL_LOAN,3079799.92,317942.65,12.13,120,2023-01-19,2033-01-19,C,CLOSED
LN01342,LN1400001342,CU03082,PR014,BR002,OF0066,HOME_LOAN,2284647.10,324188.73,14.82,180,2021-03-28,2036-03-28,D,CLOSED
LN01343,LN3375001343,CU02019,PR015,BR003,OF0035,HOME_LOAN,2050763.19,1133686.50,14.17,60,2021-05-31,2026-05-31,A,ACTIVE
LN01344,LN1608001344,CU01346,PR010,BR001,OF0003,PERSONAL_LOAN,166185.38,66641.36,14.82,12,2023-10-10,2024-10-10,C,ACTIVE
LN01345,LN8726001345,CU03767,PR013,BR005,OF0042,HOME_LOAN,4826430.08,758081.23,12.08,60,2024-11-01,2029-11-01,B,DEFAULTED
LN01346,LN1260001346,CU01543,PR015,BR010,OF0021,HOME_LOAN,1917164.74,1849066.34,9.38,12,2021-08-12,2022-08-12,C,CLOSED
LN01347,LN3697001347,CU01789,PR012,BR004,OF0096,PERSONAL_LOAN,4320116.74,2792345.19,14.37,24,2018-03-10,2020-03-10,B,DEFAULTED
LN01348,LN8364001348,CU01520,PR015,BR006,OF0092,HOME_LOAN,1863518.54,817051.09,10.63,60,2023-05-25,2028-05-25,A,ACTIVE
LN01349,LN8497001349,CU00900,PR013,BR006,OF0054,HOME_LOAN,2127292.46,822697.87,11.65,240,2020-09-16,2040-09-16,A,CLOSED
LN01350,LN5443001350,CU04344,PR013,BR010,OF0033,HOME_LOAN,1121367.39,503462.47,8.58,12,2018-05-06,2019-05-06,A,ACTIVE
LN01351,LN1103001351,CU00782,PR012,BR008,OF0082,PERSONAL_LOAN,122094.16,21399.85,11.02,120,2022-02-02,2032-02-02,C,CLOSED
LN01352,LN7670001352,CU01940,PR011,BR003,OF0035,PERSONAL_LOAN,3576574.76,2720870.47,13.99,120,2018-11-05,2028-11-05,A,CLOSED
LN01353,LN3723001353,CU01273,PR012,BR008,OF0064,PERSONAL_LOAN,2608281.59,2523439.07,8.24,60,2019-11-19,2024-11-19,C,CLOSED
LN01354,LN6234001354,CU00497,PR015,BR005,OF0034,HOME_LOAN,1193607.72,422596.60,14.55,36,2021-11-06,2024-11-06,B,DEFAULTED
LN01355,LN3243001355,CU02424,PR010,BR001,OF0019,PERSONAL_LOAN,928711.46,794307.47,8.22,180,2023-07-26,2038-07-26,A,DEFAULTED
LN01356,LN3008001356,CU04320,PR011,BR008,OF0075,PERSONAL_LOAN,724989.02,266754.74,10.23,12,2023-12-22,2024-12-22,B,ACTIVE
LN01357,LN8501001357,CU02873,PR013,BR008,OF0093,HOME_LOAN,3226439.62,1557373.36,10.15,180,2018-04-05,2033-04-05,B,ACTIVE
LN01358,LN1602001358,CU00210,PR012,BR010,OF0033,PERSONAL_LOAN,4158542.11,4047436.44,13.37,12,2022-01-27,2023-01-27,B,CLOSED
LN01359,LN2920001359,CU04890,PR013,BR002,OF0013,HOME_LOAN,4159741.01,1109904.01,9.70,120,2020-10-17,2030-10-17,A,DEFAULTED
LN01360,LN7490001360,CU03952,PR010,BR010,OF0008,PERSONAL_LOAN,692276.26,623062.39,11.12,60,2018-01-19,2023-01-19,B,ACTIVE
LN01361,LN4793001361,CU02945,PR015,BR001,OF0003,HOME_LOAN,1724268.77,1329121.66,13.44,180,2023-02-13,2038-02-13,C,DEFAULTED
LN01362,LN4586001362,CU03618,PR015,BR006,OF0092,HOME_LOAN,3805911.73,1489374.29,13.66,120,2024-10-18,2034-10-18,A,ACTIVE
LN01363,LN8442001363,CU00109,PR012,BR010,OF0008,PERSONAL_LOAN,1254614.09,434688.66,9.55,180,2024-11-03,2039-11-03,B,ACTIVE
LN01364,LN5553001364,CU02339,PR010,BR010,OF0006,PERSONAL_LOAN,3591014.00,2442874.13,10.74,60,2021-03-14,2026-03-14,B,DEFAULTED
LN01365,LN6576001365,CU02949,PR010,BR004,OF0047,PERSONAL_LOAN,3675837.08,3354300.23,14.72,12,2024-01-28,2025-01-28,C,CLOSED
LN01366,LN4702001366,CU03375,PR014,BR010,OF0021,HOME_LOAN,1652586.53,1348643.64,9.77,12,2021-04-23,2022-04-23,C,DEFAULTED
LN01367,LN9188001367,CU02704,PR010,BR003,OF0037,PERSONAL_LOAN,2367306.06,2071246.12,10.12,120,2024-03-15,2034-03-15,B,CLOSED
LN01368,LN5004001368,CU03998,PR010,BR004,OF0096,PERSONAL_LOAN,1303625.14,626193.69,11.23,24,2022-06-02,2024-06-02,C,CLOSED
LN01369,LN4151001369,CU01357,PR012,BR010,OF0021,PERSONAL_LOAN,3884840.36,1279375.08,10.45,120,2019-10-27,2029-10-27,D,ACTIVE
LN01370,LN9041001370,CU02331,PR010,BR002,OF0007,PERSONAL_LOAN,4314338.32,3988712.25,11.69,240,2020-12-17,2040-12-17,B,CLOSED
LN01371,LN6617001371,CU01026,PR011,BR003,OF0069,PERSONAL_LOAN,645197.02,216957.32,10.56,180,2022-03-18,2037-03-18,B,ACTIVE
LN01372,LN5665001372,CU04282,PR012,BR006,OF0024,PERSONAL_LOAN,3141316.22,3032734.37,15.19,12,2023-05-29,2024-05-29,C,DEFAULTED
LN01373,LN2296001373,CU01686,PR014,BR001,OF0074,HOME_LOAN,166137.67,94893.76,8.94,60,2020-09-07,2025-09-07,B,DEFAULTED
LN01374,LN5380001374,CU04059,PR014,BR006,OF0024,HOME_LOAN,594488.65,273538.51,7.20,36,2023-04-08,2026-04-08,A,CLOSED
LN01375,LN9402001375,CU04248,PR015,BR005,OF0071,HOME_LOAN,206351.32,194921.37,14.57,36,2021-11-10,2024-11-10,C,ACTIVE
LN01376,LN1003001376,CU01077,PR014,BR006,OF0081,HOME_LOAN,1013135.39,823424.65,15.51,60,2020-11-24,2025-11-24,B,CLOSED
LN01377,LN3979001377,CU02036,PR012,BR008,OF0064,PERSONAL_LOAN,3355285.51,3099836.12,10.48,24,2023-07-29,2025-07-29,C,CLOSED
LN01378,LN3807001378,CU04784,PR010,BR005,OF0002,PERSONAL_LOAN,780933.58,729406.19,13.88,120,2021-08-03,2031-08-03,C,ACTIVE
LN01379,LN1903001379,CU00272,PR014,BR005,OF0034,HOME_LOAN,1002715.55,828885.57,13.91,240,2020-12-24,2040-12-24,C,DEFAULTED
LN01380,LN9508001380,CU01497,PR012,BR002,OF0026,PERSONAL_LOAN,3573682.83,1773741.54,14.81,180,2020-03-09,2035-03-09,A,ACTIVE
LN01381,LN2478001381,CU00128,PR013,BR004,OF0047,HOME_LOAN,561675.82,427006.19,12.86,12,2022-06-01,2023-06-01,C,DEFAULTED
LN01382,LN5161001382,CU01474,PR010,BR001,OF0074,PERSONAL_LOAN,4266761.88,866485.89,11.97,60,2019-08-07,2024-08-07,B,CLOSED
LN01383,LN1562001383,CU03102,PR015,BR003,OF0039,HOME_LOAN,4998391.87,2128513.75,13.37,36,2021-01-14,2024-01-14,B,CLOSED
LN01384,LN1317001384,CU00652,PR015,BR007,OF0077,HOME_LOAN,4563427.98,3981010.97,14.00,60,2021-01-21,2026-01-21,C,DEFAULTED
LN01385,LN7434001385,CU02402,PR015,BR009,OF0041,HOME_LOAN,1859525.96,1175612.61,13.20,60,2024-04-04,2029-04-04,B,ACTIVE
LN01386,LN9229001386,CU02088,PR014,BR009,OF0020,HOME_LOAN,1810083.44,1027534.40,15.31,36,2018-11-02,2021-11-02,A,CLOSED
LN01387,LN2524001387,CU00965,PR015,BR004,OF0087,HOME_LOAN,643089.06,375005.77,13.14,60,2023-07-16,2028-07-16,B,DEFAULTED
LN01388,LN1822001388,CU04747,PR010,BR010,OF0004,PERSONAL_LOAN,2121571.82,1047391.10,11.78,36,2021-06-28,2024-06-28,B,DEFAULTED
LN01389,LN8238001389,CU01091,PR012,BR009,OF0011,PERSONAL_LOAN,3450727.67,1879989.88,8.76,120,2021-08-02,2031-08-02,A,ACTIVE
LN01390,LN1185001390,CU04721,PR010,BR004,OF0098,PERSONAL_LOAN,2130092.73,480308.89,8.39,12,2020-01-07,2021-01-07,C,CLOSED
LN01391,LN9498001391,CU03207,PR010,BR010,OF0004,PERSONAL_LOAN,1368826.85,522510.04,13.95,60,2022-01-02,2027-01-02,B,ACTIVE
LN01392,LN6805001392,CU04212,PR015,BR003,OF0044,HOME_LOAN,1107470.56,972914.28,12.74,60,2020-02-28,2025-02-28,A,DEFAULTED
LN01393,LN5217001393,CU00663,PR011,BR007,OF0090,PERSONAL_LOAN,3947190.69,1895310.96,12.58,12,2021-08-24,2022-08-24,C,ACTIVE
LN01394,LN6002001394,CU02103,PR014,BR009,OF0058,HOME_LOAN,3894794.00,1509011.20,14.77,240,2021-08-22,2041-08-22,D,CLOSED
LN01395,LN5479001395,CU00811,PR010,BR008,OF0064,PERSONAL_LOAN,906032.81,622655.72,13.23,12,2023-07-09,2024-07-09,A,DEFAULTED
LN01396,LN9677001396,CU00372,PR010,BR001,OF0083,PERSONAL_LOAN,4798387.23,4127981.49,15.00,60,2023-06-23,2028-06-23,B,ACTIVE
LN01397,LN7798001397,CU00927,PR013,BR002,OF0079,HOME_LOAN,4872907.55,2509100.25,7.06,24,2020-02-12,2022-02-12,C,CLOSED
LN01398,LN1140001398,CU03920,PR011,BR003,OF0025,PERSONAL_LOAN,4989470.71,3395759.91,11.57,24,2019-01-30,2021-01-30,C,CLOSED
LN01399,LN7739001399,CU02676,PR014,BR007,OF0090,HOME_LOAN,3297593.98,1813919.12,12.03,60,2020-08-25,2025-08-25,B,DEFAULTED
LN01400,LN6169001400,CU00754,PR015,BR006,OF0092,HOME_LOAN,2045297.95,1278476.71,15.11,60,2022-09-14,2027-09-14,A,ACTIVE
LN01401,LN8577001401,CU02045,PR012,BR005,OF0002,PERSONAL_LOAN,3408021.59,1717588.38,15.93,120,2019-01-13,2029-01-13,B,CLOSED
LN01402,LN1675001402,CU00797,PR013,BR004,OF0096,HOME_LOAN,891524.55,687922.21,12.09,24,2024-02-17,2026-02-17,C,DEFAULTED
LN01403,LN4174001403,CU04338,PR015,BR009,OF0067,HOME_LOAN,3687837.72,1100710.96,12.66,60,2021-03-30,2026-03-30,B,CLOSED
LN01404,LN3841001404,CU04310,PR010,BR002,OF0086,PERSONAL_LOAN,199451.57,155137.50,10.79,120,2020-11-17,2030-11-17,C,ACTIVE
LN01405,LN8753001405,CU04452,PR010,BR003,OF0038,PERSONAL_LOAN,3601526.39,2849142.73,11.70,24,2021-04-03,2023-04-03,A,ACTIVE
LN01406,LN4663001406,CU00515,PR014,BR005,OF0029,HOME_LOAN,2449341.98,1467226.65,13.68,60,2018-06-09,2023-06-09,C,DEFAULTED
LN01407,LN9543001407,CU00868,PR013,BR007,OF0090,HOME_LOAN,380444.75,236898.47,14.45,180,2024-02-02,2039-02-02,C,CLOSED
LN01408,LN2302001408,CU01749,PR010,BR001,OF0019,PERSONAL_LOAN,591156.43,296142.59,14.34,240,2024-06-26,2044-06-26,A,CLOSED
LN01409,LN6467001409,CU03266,PR013,BR009,OF0017,HOME_LOAN,2309600.89,353870.22,9.31,180,2021-02-19,2036-02-19,B,DEFAULTED
LN01410,LN9820001410,CU01621,PR013,BR006,OF0092,HOME_LOAN,3683889.95,1030343.85,12.87,60,2020-06-08,2025-06-08,B,DEFAULTED
LN01411,LN9979001411,CU01914,PR010,BR008,OF0097,PERSONAL_LOAN,4413534.41,461422.08,12.22,60,2018-05-14,2023-05-14,A,CLOSED
LN01412,LN1775001412,CU03542,PR013,BR005,OF0100,HOME_LOAN,2330342.45,549353.61,14.20,240,2019-06-13,2039-06-13,B,CLOSED
LN01413,LN2750001413,CU00215,PR012,BR007,OF0077,PERSONAL_LOAN,1277902.46,1108940.25,8.77,12,2018-05-27,2019-05-27,C,ACTIVE
LN01414,LN7769001414,CU04503,PR010,BR009,OF0067,PERSONAL_LOAN,2882839.08,663870.16,13.08,240,2019-03-29,2039-03-29,A,ACTIVE
LN01415,LN7089001415,CU03872,PR013,BR003,OF0045,HOME_LOAN,4311992.71,3453623.82,7.54,12,2019-12-12,2020-12-12,B,ACTIVE
LN01416,LN2042001416,CU04105,PR012,BR009,OF0089,PERSONAL_LOAN,4784264.47,1739283.46,13.80,24,2024-03-14,2026-03-14,B,ACTIVE
LN01417,LN2654001417,CU00239,PR010,BR006,OF0092,PERSONAL_LOAN,3903008.98,1915973.01,8.59,240,2018-10-06,2038-10-06,B,DEFAULTED
LN01418,LN9175001418,CU01528,PR015,BR005,OF0080,HOME_LOAN,3476341.08,1971547.15,11.94,180,2023-09-07,2038-09-07,B,CLOSED
LN01419,LN5989001419,CU00354,PR011,BR002,OF0026,PERSONAL_LOAN,1659727.60,1474886.03,14.89,60,2023-04-09,2028-04-09,A,DEFAULTED
LN01420,LN8565001420,CU03609,PR015,BR010,OF0014,HOME_LOAN,1475478.88,587008.70,9.35,240,2019-11-23,2039-11-23,B,CLOSED
LN01421,LN7473001421,CU04637,PR013,BR003,OF0038,HOME_LOAN,1408429.97,964675.29,12.98,180,2020-07-08,2035-07-08,B,CLOSED
LN01422,LN5355001422,CU00713,PR012,BR009,OF0099,PERSONAL_LOAN,1983819.40,1163797.07,8.03,120,2023-06-05,2033-06-05,B,ACTIVE
LN01423,LN5692001423,CU02480,PR015,BR009,OF0070,HOME_LOAN,4964765.72,4728609.47,15.27,180,2018-01-31,2033-01-31,A,DEFAULTED
LN01424,LN7958001424,CU02150,PR013,BR010,OF0008,HOME_LOAN,4060796.61,3391183.31,12.15,120,2023-10-08,2033-10-08,B,CLOSED
LN01425,LN6279001425,CU02379,PR011,BR001,OF0074,PERSONAL_LOAN,327169.28,307868.24,10.92,12,2021-06-22,2022-06-22,C,DEFAULTED
LN01426,LN2414001426,CU02165,PR014,BR005,OF0034,HOME_LOAN,2374508.12,2171115.13,9.21,36,2023-04-22,2026-04-22,D,ACTIVE
LN01427,LN6737001427,CU02671,PR010,BR007,OF0056,PERSONAL_LOAN,4933475.93,1587424.11,13.09,180,2023-01-16,2038-01-16,C,DEFAULTED
LN01428,LN1348001428,CU03917,PR010,BR001,OF0083,PERSONAL_LOAN,1363868.64,593720.14,8.36,60,2019-07-26,2024-07-26,B,ACTIVE
LN01429,LN2549001429,CU02274,PR013,BR001,OF0003,HOME_LOAN,1428689.18,1301313.78,8.05,120,2023-06-06,2033-06-06,B,ACTIVE
LN01430,LN3150001430,CU03378,PR012,BR006,OF0050,PERSONAL_LOAN,4673533.19,2101049.56,7.09,120,2020-03-12,2030-03-12,B,CLOSED
LN01431,LN9792001431,CU02909,PR015,BR009,OF0062,HOME_LOAN,2577346.58,1591934.59,13.24,120,2024-11-03,2034-11-03,B,DEFAULTED
LN01432,LN1220001432,CU03278,PR015,BR006,OF0050,HOME_LOAN,97237.73,92069.09,7.90,24,2020-08-23,2022-08-23,C,CLOSED
LN01433,LN4557001433,CU01171,PR012,BR009,OF0076,PERSONAL_LOAN,1974725.43,373848.42,11.63,180,2019-01-09,2034-01-09,B,ACTIVE
LN01434,LN5010001434,CU01563,PR010,BR002,OF0086,PERSONAL_LOAN,4129821.85,3792081.53,11.35,240,2020-08-11,2040-08-11,B,DEFAULTED
LN01435,LN8556001435,CU01290,PR013,BR002,OF0026,HOME_LOAN,2638416.79,771782.29,13.90,180,2020-11-25,2035-11-25,C,CLOSED
LN01436,LN5217001436,CU01344,PR014,BR009,OF0041,HOME_LOAN,3321354.16,1092752.78,12.13,120,2024-02-10,2034-02-10,A,CLOSED
LN01437,LN5709001437,CU03161,PR013,BR004,OF0046,HOME_LOAN,4154438.38,509903.87,15.41,24,2023-12-06,2025-12-06,D,DEFAULTED
LN01438,LN9530001438,CU02283,PR012,BR002,OF0026,PERSONAL_LOAN,530739.13,409873.50,8.98,120,2023-05-25,2033-05-25,B,CLOSED
LN01439,LN3818001439,CU03166,PR012,BR006,OF0012,PERSONAL_LOAN,2349972.00,680700.52,14.32,12,2022-03-27,2023-03-27,B,CLOSED
LN01440,LN3759001440,CU01305,PR012,BR007,OF0065,PERSONAL_LOAN,194873.80,173936.43,15.64,36,2021-05-08,2024-05-08,C,CLOSED
LN01441,LN5156001441,CU02624,PR011,BR007,OF0077,PERSONAL_LOAN,591503.51,254068.36,9.50,36,2022-09-18,2025-09-18,C,CLOSED
LN01442,LN8718001442,CU02733,PR012,BR005,OF0071,PERSONAL_LOAN,3426431.40,2209501.20,14.12,24,2019-12-06,2021-12-06,C,ACTIVE
LN01443,LN4445001443,CU01437,PR010,BR002,OF0066,PERSONAL_LOAN,4123209.08,533363.51,10.91,240,2018-12-22,2038-12-22,B,CLOSED
LN01444,LN2758001444,CU01998,PR013,BR002,OF0026,HOME_LOAN,2599185.82,821724.04,12.11,120,2022-10-11,2032-10-11,B,ACTIVE
LN01445,LN8316001445,CU04022,PR015,BR006,OF0094,HOME_LOAN,1655986.19,724253.77,15.51,240,2022-11-20,2042-11-20,A,ACTIVE
LN01446,LN5966001446,CU00639,PR012,BR002,OF0079,PERSONAL_LOAN,655981.40,70930.05,15.45,180,2019-11-05,2034-11-05,B,CLOSED
LN01447,LN1069001447,CU04884,PR015,BR002,OF0066,HOME_LOAN,4503029.45,3700424.04,8.38,180,2023-03-03,2038-03-03,C,DEFAULTED
LN01448,LN1089001448,CU04901,PR010,BR006,OF0095,PERSONAL_LOAN,1079479.84,844380.20,15.69,12,2019-11-07,2020-11-07,A,DEFAULTED
LN01449,LN9632001449,CU01369,PR011,BR009,OF0041,PERSONAL_LOAN,4079478.67,449539.14,12.22,24,2019-08-14,2021-08-14,B,CLOSED
LN01450,LN2149001450,CU02434,PR012,BR004,OF0030,PERSONAL_LOAN,1680446.97,1048015.66,14.78,12,2022-02-14,2023-02-14,C,CLOSED
LN01451,LN7827001451,CU04505,PR015,BR007,OF0051,HOME_LOAN,136513.03,92813.47,11.68,60,2019-02-21,2024-02-21,A,DEFAULTED
LN01452,LN1519001452,CU00854,PR011,BR005,OF0055,PERSONAL_LOAN,1881531.83,1676265.74,15.09,60,2018-10-02,2023-10-02,A,ACTIVE
LN01453,LN6247001453,CU00229,PR011,BR002,OF0013,PERSONAL_LOAN,4967712.46,2257221.06,11.90,240,2024-02-05,2044-02-05,B,ACTIVE
LN01454,LN2737001454,CU04339,PR011,BR003,OF0005,PERSONAL_LOAN,1770100.92,294561.86,7.53,36,2023-03-29,2026-03-29,B,ACTIVE
LN01455,LN2547001455,CU00467,PR014,BR004,OF0046,HOME_LOAN,3456004.86,2655113.85,7.72,60,2024-08-16,2029-08-16,B,ACTIVE
LN01456,LN6772001456,CU02731,PR011,BR006,OF0050,PERSONAL_LOAN,3971595.11,3661389.63,12.84,180,2020-11-10,2035-11-10,C,ACTIVE
LN01457,LN9695001457,CU04186,PR014,BR006,OF0012,HOME_LOAN,3128150.99,2340792.22,13.54,36,2020-05-13,2023-05-13,C,CLOSED
LN01458,LN6777001458,CU03749,PR011,BR008,OF0093,PERSONAL_LOAN,1376692.15,767953.53,11.73,240,2020-04-21,2040-04-21,D,DEFAULTED
LN01459,LN4692001459,CU00747,PR013,BR002,OF0086,HOME_LOAN,2209476.06,427191.80,13.91,180,2018-10-27,2033-10-27,C,ACTIVE
LN01460,LN7024001460,CU01061,PR015,BR005,OF0080,HOME_LOAN,3210376.60,2853979.71,15.95,60,2022-01-29,2027-01-29,A,DEFAULTED
LN01461,LN5199001461,CU01009,PR014,BR009,OF0091,HOME_LOAN,3055565.53,2643327.81,9.68,240,2020-05-01,2040-05-01,D,ACTIVE
LN01462,LN8882001462,CU03418,PR011,BR001,OF0031,PERSONAL_LOAN,1693203.48,1220371.30,12.24,12,2020-08-10,2021-08-10,D,ACTIVE
LN01463,LN2775001463,CU01311,PR013,BR006,OF0048,HOME_LOAN,3495128.71,2489916.25,13.09,120,2021-04-13,2031-04-13,A,ACTIVE
LN01464,LN7068001464,CU01992,PR015,BR003,OF0053,HOME_LOAN,472643.25,52017.25,13.83,36,2018-11-14,2021-11-14,C,DEFAULTED
LN01465,LN1373001465,CU04223,PR011,BR007,OF0065,PERSONAL_LOAN,3498679.62,1519395.84,13.01,24,2018-09-10,2020-09-10,A,ACTIVE
LN01466,LN6695001466,CU00257,PR013,BR002,OF0066,HOME_LOAN,2723209.18,827379.32,13.55,120,2019-05-17,2029-05-17,C,CLOSED
LN01467,LN4949001467,CU02514,PR010,BR005,OF0029,PERSONAL_LOAN,4479984.34,3451521.33,7.71,12,2018-02-14,2019-02-14,B,ACTIVE
LN01468,LN1702001468,CU04966,PR013,BR006,OF0024,HOME_LOAN,2323142.59,2057082.16,15.10,60,2022-07-04,2027-07-04,C,ACTIVE
LN01469,LN8413001469,CU03497,PR013,BR010,OF0021,HOME_LOAN,2511193.61,1808427.39,7.95,240,2020-02-12,2040-02-12,A,DEFAULTED
LN01470,LN9606001470,CU00192,PR015,BR006,OF0095,HOME_LOAN,4640710.95,2977145.85,13.39,240,2021-12-24,2041-12-24,A,ACTIVE
LN01471,LN6673001471,CU00896,PR010,BR003,OF0038,PERSONAL_LOAN,3526732.79,3041558.19,13.30,60,2018-05-02,2023-05-02,C,DEFAULTED
LN01472,LN8274001472,CU04923,PR015,BR003,OF0032,HOME_LOAN,3633213.80,1656149.87,15.08,240,2022-08-04,2042-08-04,B,ACTIVE
LN01473,LN5615001473,CU01074,PR013,BR002,OF0007,HOME_LOAN,2082048.18,875604.74,14.00,180,2023-09-16,2038-09-16,B,ACTIVE
LN01474,LN2723001474,CU02716,PR012,BR007,OF0023,PERSONAL_LOAN,4877318.34,737528.48,7.49,36,2020-07-01,2023-07-01,B,CLOSED
LN01475,LN5714001475,CU00881,PR015,BR008,OF0082,HOME_LOAN,1568766.01,414922.35,13.01,180,2024-11-02,2039-11-02,B,ACTIVE
LN01476,LN1162001476,CU02913,PR015,BR008,OF0097,HOME_LOAN,2798054.30,803652.44,9.91,24,2020-12-27,2022-12-27,B,ACTIVE
LN01477,LN3868001477,CU03703,PR013,BR002,OF0073,HOME_LOAN,1469743.53,1194518.37,13.90,36,2023-04-18,2026-04-18,C,CLOSED
LN01478,LN7499001478,CU00020,PR012,BR007,OF0023,PERSONAL_LOAN,1798671.82,1092838.66,15.33,120,2021-10-26,2031-10-26,B,CLOSED
LN01479,LN2625001479,CU03303,PR010,BR008,OF0061,PERSONAL_LOAN,2673028.68,2156323.22,15.05,36,2022-05-23,2025-05-23,C,ACTIVE
LN01480,LN5231001480,CU00567,PR013,BR003,OF0005,HOME_LOAN,3287927.67,2034118.89,10.85,180,2019-11-02,2034-11-02,A,DEFAULTED
LN01481,LN1393001481,CU03897,PR013,BR010,OF0059,HOME_LOAN,2388343.98,354688.01,14.75,240,2024-02-29,2044-02-29,B,ACTIVE
LN01482,LN3664001482,CU00399,PR012,BR001,OF0083,PERSONAL_LOAN,4078886.33,3391908.54,9.95,120,2022-03-30,2032-03-30,C,ACTIVE
LN01483,LN5145001483,CU00560,PR011,BR005,OF0002,PERSONAL_LOAN,3148406.51,791165.57,9.73,180,2019-02-16,2034-02-16,B,DEFAULTED
LN01484,LN1637001484,CU03249,PR010,BR004,OF0047,PERSONAL_LOAN,925717.09,569869.76,8.00,240,2024-09-30,2044-09-30,B,ACTIVE
LN01485,LN9273001485,CU03524,PR012,BR006,OF0024,PERSONAL_LOAN,4486642.85,2552204.69,13.90,240,2024-11-20,2044-11-20,B,CLOSED
LN01486,LN9342001486,CU01285,PR014,BR009,OF0052,HOME_LOAN,2816265.48,1791594.17,12.08,180,2023-09-08,2038-09-08,A,DEFAULTED
LN01487,LN9284001487,CU00100,PR014,BR002,OF0026,HOME_LOAN,3675488.87,997696.62,15.40,180,2018-05-29,2033-05-29,B,DEFAULTED
LN01488,LN6940001488,CU01205,PR011,BR001,OF0003,PERSONAL_LOAN,4712226.98,3617297.62,10.04,12,2024-07-06,2025-07-06,A,CLOSED
LN01489,LN7767001489,CU03455,PR015,BR003,OF0015,HOME_LOAN,2927978.25,505641.27,11.98,36,2018-08-03,2021-08-03,B,DEFAULTED
LN01490,LN2162001490,CU03821,PR011,BR007,OF0023,PERSONAL_LOAN,4109823.17,2785169.52,12.46,12,2021-01-24,2022-01-24,B,DEFAULTED
LN01491,LN8340001491,CU00635,PR010,BR003,OF0037,PERSONAL_LOAN,1492320.82,1060398.95,9.98,120,2022-11-19,2032-11-19,B,ACTIVE
LN01492,LN3390001492,CU01589,PR012,BR005,OF0071,PERSONAL_LOAN,2903352.05,1847320.60,9.82,24,2019-10-08,2021-10-08,B,ACTIVE
LN01493,LN4680001493,CU00656,PR012,BR006,OF0095,PERSONAL_LOAN,4255625.28,3499557.45,15.25,12,2018-02-16,2019-02-16,C,ACTIVE
LN01494,LN1905001494,CU01031,PR010,BR007,OF0049,PERSONAL_LOAN,3919977.88,2956026.47,13.25,36,2021-05-28,2024-05-28,C,ACTIVE
LN01495,LN9557001495,CU00216,PR014,BR008,OF0075,HOME_LOAN,2764947.51,2702230.65,15.97,24,2018-08-02,2020-08-02,D,ACTIVE
LN01496,LN2748001496,CU00307,PR014,BR008,OF0097,HOME_LOAN,3682272.42,1427347.19,8.64,120,2023-06-26,2033-06-26,C,DEFAULTED
LN01497,LN6263001497,CU03830,PR011,BR003,OF0032,PERSONAL_LOAN,3316220.74,2489820.68,11.68,180,2023-07-16,2038-07-16,B,ACTIVE
LN01498,LN8597001498,CU02565,PR014,BR010,OF0059,HOME_LOAN,2312305.57,900176.73,11.37,60,2020-02-11,2025-02-11,A,DEFAULTED
LN01499,LN1084001499,CU02214,PR012,BR005,OF0034,PERSONAL_LOAN,2353185.23,2223264.06,10.96,12,2024-07-15,2025-07-15,C,DEFAULTED
LN01500,LN3004001500,CU03014,PR015,BR005,OF0100,HOME_LOAN,2477321.14,2107897.23,7.50,240,2019-02-22,2039-02-22,B,ACTIVE
